episode_rewards,episode_std_rewards,episode_stderr_rewards,episode_avg_len,episode_std_avg_len,dim0,dim1,offset1,offset2,magnitude,grid_size
201.57861328125,24.158863067626953,4.8317726135253904,1000.0,0.0,-1.0,-1.0,-15.0,-15.0,3.0,31
199.66204833984375,32.52756118774414,6.505512237548828,1000.0,0.0,-1.0,-0.9333333333333333,-15.0,-14.0,3.0,31
196.73904418945312,22.143556594848633,4.428711318969727,1000.0,0.0,-1.0,-0.8666666666666667,-15.0,-13.0,3.0,31
194.91372680664062,23.245407104492188,4.649081420898438,1000.0,0.0,-1.0,-0.8,-15.0,-12.0,3.0,31
187.71670532226562,22.277782440185547,4.455556488037109,1000.0,0.0,-1.0,-0.7333333333333333,-15.0,-11.0,3.0,31
177.2699737548828,9.65920639038086,1.9318412780761718,1000.0,0.0,-1.0,-0.6666666666666666,-15.0,-10.0,3.0,31
180.02015686035156,10.769779205322266,2.153955841064453,1000.0,0.0,-1.0,-0.6,-15.0,-9.0,3.0,31
183.39817810058594,12.790153503417969,2.558030700683594,1000.0,0.0,-1.0,-0.5333333333333333,-15.0,-8.0,3.0,31
180.65554809570312,11.821181297302246,2.364236259460449,1000.0,0.0,-1.0,-0.4666666666666667,-15.0,-7.0,3.0,31
182.52099609375,14.89531135559082,2.9790622711181642,1000.0,0.0,-1.0,-0.4,-15.0,-6.0,3.0,31
180.6678466796875,11.515876770019531,2.303175354003906,1000.0,0.0,-1.0,-0.3333333333333333,-15.0,-5.0,3.0,31
181.0190887451172,11.678946495056152,2.3357892990112306,1000.0,0.0,-1.0,-0.26666666666666666,-15.0,-4.0,3.0,31
186.55029296875,14.403372764587402,2.8806745529174806,1000.0,0.0,-1.0,-0.2,-15.0,-3.0,3.0,31
186.2339630126953,14.19182300567627,2.838364601135254,1000.0,0.0,-1.0,-0.13333333333333333,-15.0,-2.0,3.0,31
180.37110900878906,10.88214111328125,2.17642822265625,1000.0,0.0,-1.0,-0.06666666666666667,-15.0,-1.0,3.0,31
199.58253479003906,28.089445114135742,5.617889022827148,1000.0,0.0,-1.0,0.0,-15.0,0.0,3.0,31
202.06326293945312,24.288267135620117,4.857653427124023,1000.0,0.0,-1.0,0.06666666666666667,-15.0,1.0,3.0,31
206.9438934326172,48.51099395751953,9.702198791503907,1000.0,0.0,-1.0,0.13333333333333333,-15.0,2.0,3.0,31
201.53355407714844,38.438053131103516,7.687610626220703,1000.0,0.0,-1.0,0.2,-15.0,3.0,3.0,31
185.28988647460938,15.581480979919434,3.1162961959838866,1000.0,0.0,-1.0,0.26666666666666666,-15.0,4.0,3.0,31
206.4393310546875,35.100975036621094,7.020195007324219,1000.0,0.0,-1.0,0.3333333333333333,-15.0,5.0,3.0,31
211.9379425048828,59.93539047241211,11.987078094482422,1000.0,0.0,-1.0,0.4,-15.0,6.0,3.0,31
194.04638671875,23.73842430114746,4.7476848602294925,1000.0,0.0,-1.0,0.4666666666666667,-15.0,7.0,3.0,31
198.77174377441406,36.80462646484375,7.36092529296875,1000.0,0.0,-1.0,0.5333333333333333,-15.0,8.0,3.0,31
249.16831970214844,70.26107025146484,14.052214050292969,1000.0,0.0,-1.0,0.6,-15.0,9.0,3.0,31
316.4383850097656,62.755035400390625,12.551007080078126,1000.0,0.0,-1.0,0.6666666666666666,-15.0,10.0,3.0,31
318.9557189941406,63.26551818847656,12.653103637695313,1000.0,0.0,-1.0,0.7333333333333333,-15.0,11.0,3.0,31
274.77935791015625,80.60696411132812,16.121392822265626,1000.0,0.0,-1.0,0.8,-15.0,12.0,3.0,31
278.2692565917969,46.37053298950195,9.27410659790039,1000.0,0.0,-1.0,0.8666666666666667,-15.0,13.0,3.0,31
286.3431396484375,38.61513900756836,7.7230278015136715,1000.0,0.0,-1.0,0.9333333333333333,-15.0,14.0,3.0,31
287.1972961425781,32.96831130981445,6.593662261962891,1000.0,0.0,-1.0,1.0,-15.0,15.0,3.0,31
197.77706909179688,33.90730667114258,6.781461334228515,1000.0,0.0,-0.9333333333333333,-1.0,-14.0,-15.0,3.0,31
199.5253448486328,37.300071716308594,7.460014343261719,1000.0,0.0,-0.9333333333333333,-0.9333333333333333,-14.0,-14.0,3.0,31
201.2056427001953,29.8027400970459,5.960548019409179,1000.0,0.0,-0.9333333333333333,-0.8666666666666667,-14.0,-13.0,3.0,31
199.03773498535156,21.762353897094727,4.352470779418946,1000.0,0.0,-0.9333333333333333,-0.8,-14.0,-12.0,3.0,31
191.7059326171875,22.80942153930664,4.5618843078613285,1000.0,0.0,-0.9333333333333333,-0.7333333333333333,-14.0,-11.0,3.0,31
185.9089813232422,16.787132263183594,3.3574264526367186,1000.0,0.0,-0.9333333333333333,-0.6666666666666666,-14.0,-10.0,3.0,31
178.44754028320312,9.771259307861328,1.9542518615722657,1000.0,0.0,-0.9333333333333333,-0.6,-14.0,-9.0,3.0,31
186.29190063476562,18.143465042114258,3.6286930084228515,1000.0,0.0,-0.9333333333333333,-0.5333333333333333,-14.0,-8.0,3.0,31
181.05421447753906,10.061945915222168,2.0123891830444336,1000.0,0.0,-0.9333333333333333,-0.4666666666666667,-14.0,-7.0,3.0,31
181.73175048828125,15.483184814453125,3.096636962890625,1000.0,0.0,-0.9333333333333333,-0.4,-14.0,-6.0,3.0,31
181.23777770996094,10.025240898132324,2.0050481796264648,1000.0,0.0,-0.9333333333333333,-0.3333333333333333,-14.0,-5.0,3.0,31
182.26165771484375,13.980210304260254,2.796042060852051,1000.0,0.0,-0.9333333333333333,-0.26666666666666666,-14.0,-4.0,3.0,31
181.18992614746094,10.282370567321777,2.0564741134643554,1000.0,0.0,-0.9333333333333333,-0.2,-14.0,-3.0,3.0,31
186.00482177734375,15.447049140930176,3.089409828186035,1000.0,0.0,-0.9333333333333333,-0.13333333333333333,-14.0,-2.0,3.0,31
183.7848663330078,13.48708724975586,2.697417449951172,1000.0,0.0,-0.9333333333333333,-0.06666666666666667,-14.0,-1.0,3.0,31
212.5595703125,24.213024139404297,4.8426048278808596,1000.0,0.0,-0.9333333333333333,0.0,-14.0,0.0,3.0,31
220.01283264160156,52.57561492919922,10.515122985839843,1000.0,0.0,-0.9333333333333333,0.06666666666666667,-14.0,1.0,3.0,31
226.39320373535156,54.78468322753906,10.956936645507813,1000.0,0.0,-0.9333333333333333,0.13333333333333333,-14.0,2.0,3.0,31
183.08287048339844,17.783227920532227,3.5566455841064455,1000.0,0.0,-0.9333333333333333,0.2,-14.0,3.0,3.0,31
192.74566650390625,28.77314567565918,5.754629135131836,1000.0,0.0,-0.9333333333333333,0.26666666666666666,-14.0,4.0,3.0,31
199.48069763183594,44.15341567993164,8.830683135986328,1000.0,0.0,-0.9333333333333333,0.3333333333333333,-14.0,5.0,3.0,31
203.29208374023438,29.70313262939453,5.940626525878907,1000.0,0.0,-0.9333333333333333,0.4,-14.0,6.0,3.0,31
207.69601440429688,61.155574798583984,12.231114959716797,1000.0,0.0,-0.9333333333333333,0.4666666666666667,-14.0,7.0,3.0,31
207.55812072753906,34.58096694946289,6.9161933898925785,1000.0,0.0,-0.9333333333333333,0.5333333333333333,-14.0,8.0,3.0,31
322.7481384277344,75.74003601074219,15.148007202148438,1000.0,0.0,-0.9333333333333333,0.6,-14.0,9.0,3.0,31
293.3268737792969,80.80582427978516,16.161164855957033,1000.0,0.0,-0.9333333333333333,0.6666666666666666,-14.0,10.0,3.0,31
336.9825439453125,75.29315185546875,15.05863037109375,1000.0,0.0,-0.9333333333333333,0.7333333333333333,-14.0,11.0,3.0,31
299.10577392578125,53.6164665222168,10.72329330444336,1000.0,0.0,-0.9333333333333333,0.8,-14.0,12.0,3.0,31
285.0732421875,56.67943572998047,11.335887145996093,1000.0,0.0,-0.9333333333333333,0.8666666666666667,-14.0,13.0,3.0,31
285.5479736328125,28.983013153076172,5.796602630615235,1000.0,0.0,-0.9333333333333333,0.9333333333333333,-14.0,14.0,3.0,31
290.9505920410156,33.342159271240234,6.6684318542480465,1000.0,0.0,-0.9333333333333333,1.0,-14.0,15.0,3.0,31
190.68072509765625,31.011703491210938,6.202340698242187,1000.0,0.0,-0.8666666666666667,-1.0,-13.0,-15.0,3.0,31
187.84864807128906,27.290864944458008,5.458172988891602,1000.0,0.0,-0.8666666666666667,-0.9333333333333333,-13.0,-14.0,3.0,31
190.8674774169922,27.150712966918945,5.430142593383789,1000.0,0.0,-0.8666666666666667,-0.8666666666666667,-13.0,-13.0,3.0,31
192.11985778808594,16.00864028930664,3.2017280578613283,1000.0,0.0,-0.8666666666666667,-0.8,-13.0,-12.0,3.0,31
194.7701416015625,15.601617813110352,3.1203235626220702,1000.0,0.0,-0.8666666666666667,-0.7333333333333333,-13.0,-11.0,3.0,31
190.5708770751953,16.585412979125977,3.3170825958251955,1000.0,0.0,-0.8666666666666667,-0.6666666666666666,-13.0,-10.0,3.0,31
187.95005798339844,27.72658348083496,5.545316696166992,1000.0,0.0,-0.8666666666666667,-0.6,-13.0,-9.0,3.0,31
186.2735595703125,23.835918426513672,4.767183685302735,1000.0,0.0,-0.8666666666666667,-0.5333333333333333,-13.0,-8.0,3.0,31
188.09034729003906,16.358924865722656,3.2717849731445314,1000.0,0.0,-0.8666666666666667,-0.4666666666666667,-13.0,-7.0,3.0,31
182.03628540039062,11.063313484191895,2.212662696838379,1000.0,0.0,-0.8666666666666667,-0.4,-13.0,-6.0,3.0,31
180.90394592285156,10.877447128295898,2.1754894256591797,1000.0,0.0,-0.8666666666666667,-0.3333333333333333,-13.0,-5.0,3.0,31
179.5745086669922,10.458661079406738,2.091732215881348,1000.0,0.0,-0.8666666666666667,-0.26666666666666666,-13.0,-4.0,3.0,31
181.13450622558594,11.634034156799316,2.326806831359863,1000.0,0.0,-0.8666666666666667,-0.2,-13.0,-3.0,3.0,31
185.93687438964844,18.019004821777344,3.603800964355469,1000.0,0.0,-0.8666666666666667,-0.13333333333333333,-13.0,-2.0,3.0,31
187.69491577148438,16.635467529296875,3.327093505859375,1000.0,0.0,-0.8666666666666667,-0.06666666666666667,-13.0,-1.0,3.0,31
215.11288452148438,38.3796501159668,7.675930023193359,1000.0,0.0,-0.8666666666666667,0.0,-13.0,0.0,3.0,31
220.9721221923828,47.62211227416992,9.524422454833985,1000.0,0.0,-0.8666666666666667,0.06666666666666667,-13.0,1.0,3.0,31
231.54852294921875,78.79761505126953,15.759523010253906,1000.0,0.0,-0.8666666666666667,0.13333333333333333,-13.0,2.0,3.0,31
206.21133422851562,60.93163299560547,12.186326599121093,1000.0,0.0,-0.8666666666666667,0.2,-13.0,3.0,3.0,31
202.03550720214844,41.28208923339844,8.256417846679687,1000.0,0.0,-0.8666666666666667,0.26666666666666666,-13.0,4.0,3.0,31
198.96128845214844,35.97372817993164,7.194745635986328,1000.0,0.0,-0.8666666666666667,0.3333333333333333,-13.0,5.0,3.0,31
209.7787628173828,55.60841751098633,11.121683502197266,1000.0,0.0,-0.8666666666666667,0.4,-13.0,6.0,3.0,31
202.7899169921875,54.854251861572266,10.970850372314453,1000.0,0.0,-0.8666666666666667,0.4666666666666667,-13.0,7.0,3.0,31
218.62583923339844,60.05196762084961,12.010393524169922,1000.0,0.0,-0.8666666666666667,0.5333333333333333,-13.0,8.0,3.0,31
277.4812927246094,75.94830322265625,15.18966064453125,1000.0,0.0,-0.8666666666666667,0.6,-13.0,9.0,3.0,31
304.3476867675781,75.02603149414062,15.005206298828124,1000.0,0.0,-0.8666666666666667,0.6666666666666666,-13.0,10.0,3.0,31
315.3424377441406,93.3609619140625,18.6721923828125,1000.0,0.0,-0.8666666666666667,0.7333333333333333,-13.0,11.0,3.0,31
294.560791015625,63.56269836425781,12.712539672851562,1000.0,0.0,-0.8666666666666667,0.8,-13.0,12.0,3.0,31
286.0904541015625,48.98356246948242,9.796712493896484,1000.0,0.0,-0.8666666666666667,0.8666666666666667,-13.0,13.0,3.0,31
278.8705749511719,52.0355224609375,10.4071044921875,1000.0,0.0,-0.8666666666666667,0.9333333333333333,-13.0,14.0,3.0,31
268.036865234375,32.28896713256836,6.457793426513672,1000.0,0.0,-0.8666666666666667,1.0,-13.0,15.0,3.0,31
188.0736083984375,13.65689754486084,2.731379508972168,1000.0,0.0,-0.8,-1.0,-12.0,-15.0,3.0,31
195.0457763671875,25.485916137695312,5.0971832275390625,1000.0,0.0,-0.8,-0.9333333333333333,-12.0,-14.0,3.0,31
187.17202758789062,26.296194076538086,5.259238815307617,1000.0,0.0,-0.8,-0.8666666666666667,-12.0,-13.0,3.0,31
190.59207153320312,26.068315505981445,5.213663101196289,1000.0,0.0,-0.8,-0.8,-12.0,-12.0,3.0,31
195.2991943359375,24.621585845947266,4.924317169189453,1000.0,0.0,-0.8,-0.7333333333333333,-12.0,-11.0,3.0,31
196.32241821289062,18.328222274780273,3.6656444549560545,1000.0,0.0,-0.8,-0.6666666666666666,-12.0,-10.0,3.0,31
188.5100555419922,15.18343448638916,3.036686897277832,1000.0,0.0,-0.8,-0.6,-12.0,-9.0,3.0,31
187.21835327148438,23.30447006225586,4.6608940124511715,1000.0,0.0,-0.8,-0.5333333333333333,-12.0,-8.0,3.0,31
188.91390991210938,26.08181381225586,5.216362762451172,1000.0,0.0,-0.8,-0.4666666666666667,-12.0,-7.0,3.0,31
182.41903686523438,14.892114639282227,2.978422927856445,1000.0,0.0,-0.8,-0.4,-12.0,-6.0,3.0,31
179.63742065429688,12.117940902709961,2.423588180541992,1000.0,0.0,-0.8,-0.3333333333333333,-12.0,-5.0,3.0,31
179.53733825683594,10.166414260864258,2.0332828521728517,1000.0,0.0,-0.8,-0.26666666666666666,-12.0,-4.0,3.0,31
184.9025421142578,13.021822929382324,2.604364585876465,1000.0,0.0,-0.8,-0.2,-12.0,-3.0,3.0,31
185.30128479003906,12.54910659790039,2.509821319580078,1000.0,0.0,-0.8,-0.13333333333333333,-12.0,-2.0,3.0,31
192.24339294433594,19.523698806762695,3.904739761352539,1000.0,0.0,-0.8,-0.06666666666666667,-12.0,-1.0,3.0,31
222.17918395996094,39.334983825683594,7.866996765136719,1000.0,0.0,-0.8,0.0,-12.0,0.0,3.0,31
215.2353973388672,56.262290954589844,11.252458190917968,1000.0,0.0,-0.8,0.06666666666666667,-12.0,1.0,3.0,31
216.85336303710938,55.72539138793945,11.14507827758789,1000.0,0.0,-0.8,0.13333333333333333,-12.0,2.0,3.0,31
221.13880920410156,62.60396957397461,12.520793914794922,1000.0,0.0,-0.8,0.2,-12.0,3.0,3.0,31
187.23358154296875,12.691218376159668,2.5382436752319335,1000.0,0.0,-0.8,0.26666666666666666,-12.0,4.0,3.0,31
202.42955017089844,49.804710388183594,9.96094207763672,1000.0,0.0,-0.8,0.3333333333333333,-12.0,5.0,3.0,31
205.50767517089844,38.34602737426758,7.6692054748535154,1000.0,0.0,-0.8,0.4,-12.0,6.0,3.0,31
198.8682098388672,35.72724151611328,7.145448303222656,1000.0,0.0,-0.8,0.4666666666666667,-12.0,7.0,3.0,31
277.3866882324219,94.88379669189453,18.976759338378905,1000.0,0.0,-0.8,0.5333333333333333,-12.0,8.0,3.0,31
311.6440734863281,87.8061752319336,17.56123504638672,1000.0,0.0,-0.8,0.6,-12.0,9.0,3.0,31
297.48480224609375,73.09371185302734,14.618742370605469,1000.0,0.0,-0.8,0.6666666666666666,-12.0,10.0,3.0,31
290.5570068359375,75.10667419433594,15.021334838867187,1000.0,0.0,-0.8,0.7333333333333333,-12.0,11.0,3.0,31
269.88201904296875,75.74586486816406,15.149172973632812,1000.0,0.0,-0.8,0.8,-12.0,12.0,3.0,31
284.6660461425781,47.49867630004883,9.499735260009766,1000.0,0.0,-0.8,0.8666666666666667,-12.0,13.0,3.0,31
268.3183288574219,41.235843658447266,8.247168731689452,1000.0,0.0,-0.8,0.9333333333333333,-12.0,14.0,3.0,31
221.78292846679688,40.388450622558594,8.077690124511719,1000.0,0.0,-0.8,1.0,-12.0,15.0,3.0,31
202.62767028808594,32.52528762817383,6.505057525634766,1000.0,0.0,-0.7333333333333333,-1.0,-11.0,-15.0,3.0,31
185.3383026123047,12.017391204833984,2.403478240966797,1000.0,0.0,-0.7333333333333333,-0.9333333333333333,-11.0,-14.0,3.0,31
193.6176300048828,25.8979434967041,5.179588699340821,1000.0,0.0,-0.7333333333333333,-0.8666666666666667,-11.0,-13.0,3.0,31
181.49484252929688,15.120244979858398,3.02404899597168,1000.0,0.0,-0.7333333333333333,-0.8,-11.0,-12.0,3.0,31
186.33717346191406,14.861196517944336,2.972239303588867,1000.0,0.0,-0.7333333333333333,-0.7333333333333333,-11.0,-11.0,3.0,31
186.478515625,20.225229263305664,4.045045852661133,1000.0,0.0,-0.7333333333333333,-0.6666666666666666,-11.0,-10.0,3.0,31
188.86341857910156,13.866646766662598,2.7733293533325196,1000.0,0.0,-0.7333333333333333,-0.6,-11.0,-9.0,3.0,31
187.18275451660156,15.893505096435547,3.1787010192871095,1000.0,0.0,-0.7333333333333333,-0.5333333333333333,-11.0,-8.0,3.0,31
188.25396728515625,24.383056640625,4.876611328125,1000.0,0.0,-0.7333333333333333,-0.4666666666666667,-11.0,-7.0,3.0,31
181.68023681640625,17.701984405517578,3.540396881103516,1000.0,0.0,-0.7333333333333333,-0.4,-11.0,-6.0,3.0,31
177.79212951660156,10.100679397583008,2.0201358795166016,1000.0,0.0,-0.7333333333333333,-0.3333333333333333,-11.0,-5.0,3.0,31
182.6385955810547,11.029523849487305,2.2059047698974608,1000.0,0.0,-0.7333333333333333,-0.26666666666666666,-11.0,-4.0,3.0,31
187.7103729248047,19.097023010253906,3.8194046020507812,1000.0,0.0,-0.7333333333333333,-0.2,-11.0,-3.0,3.0,31
192.0131072998047,20.23606300354004,4.047212600708008,1000.0,0.0,-0.7333333333333333,-0.13333333333333333,-11.0,-2.0,3.0,31
199.18992614746094,19.602466583251953,3.920493316650391,1000.0,0.0,-0.7333333333333333,-0.06666666666666667,-11.0,-1.0,3.0,31
222.2549285888672,42.144386291503906,8.428877258300782,1000.0,0.0,-0.7333333333333333,0.0,-11.0,0.0,3.0,31
211.86502075195312,45.08443069458008,9.016886138916016,1000.0,0.0,-0.7333333333333333,0.06666666666666667,-11.0,1.0,3.0,31
221.32901000976562,68.54296875,13.70859375,1000.0,0.0,-0.7333333333333333,0.13333333333333333,-11.0,2.0,3.0,31
220.93490600585938,95.50103759765625,19.10020751953125,1000.0,0.0,-0.7333333333333333,0.2,-11.0,3.0,3.0,31
208.2513427734375,65.78056335449219,13.156112670898438,1000.0,0.0,-0.7333333333333333,0.26666666666666666,-11.0,4.0,3.0,31
196.5050811767578,25.560184478759766,5.112036895751953,1000.0,0.0,-0.7333333333333333,0.3333333333333333,-11.0,5.0,3.0,31
214.68743896484375,63.953495025634766,12.790699005126953,1000.0,0.0,-0.7333333333333333,0.4,-11.0,6.0,3.0,31
225.61849975585938,77.92155456542969,15.584310913085938,1000.0,0.0,-0.7333333333333333,0.4666666666666667,-11.0,7.0,3.0,31
252.1273956298828,83.5526123046875,16.7105224609375,1000.0,0.0,-0.7333333333333333,0.5333333333333333,-11.0,8.0,3.0,31
282.8215026855469,87.95833587646484,17.59166717529297,1000.0,0.0,-0.7333333333333333,0.6,-11.0,9.0,3.0,31
299.1788024902344,75.0217056274414,15.004341125488281,1000.0,0.0,-0.7333333333333333,0.6666666666666666,-11.0,10.0,3.0,31
279.0082092285156,49.403663635253906,9.88073272705078,1000.0,0.0,-0.7333333333333333,0.7333333333333333,-11.0,11.0,3.0,31
281.0394287109375,46.83936309814453,9.367872619628907,1000.0,0.0,-0.7333333333333333,0.8,-11.0,12.0,3.0,31
267.74200439453125,49.935543060302734,9.987108612060547,1000.0,0.0,-0.7333333333333333,0.8666666666666667,-11.0,13.0,3.0,31
232.69424438476562,54.00944900512695,10.801889801025391,1000.0,0.0,-0.7333333333333333,0.9333333333333333,-11.0,14.0,3.0,31
207.94630432128906,29.48729133605957,5.897458267211914,1000.0,0.0,-0.7333333333333333,1.0,-11.0,15.0,3.0,31
187.92788696289062,18.46607208251953,3.6932144165039062,1000.0,0.0,-0.6666666666666666,-1.0,-10.0,-15.0,3.0,31
186.06338500976562,14.762246131896973,2.9524492263793944,1000.0,0.0,-0.6666666666666666,-0.9333333333333333,-10.0,-14.0,3.0,31
183.81475830078125,11.061761856079102,2.2123523712158204,1000.0,0.0,-0.6666666666666666,-0.8666666666666667,-10.0,-13.0,3.0,31
185.59017944335938,14.5030517578125,2.9006103515625,1000.0,0.0,-0.6666666666666666,-0.8,-10.0,-12.0,3.0,31
183.17984008789062,14.818011283874512,2.9636022567749025,1000.0,0.0,-0.6666666666666666,-0.7333333333333333,-10.0,-11.0,3.0,31
187.87353515625,18.92647361755371,3.7852947235107424,1000.0,0.0,-0.6666666666666666,-0.6666666666666666,-10.0,-10.0,3.0,31
186.7549591064453,16.429994583129883,3.2859989166259767,1000.0,0.0,-0.6666666666666666,-0.6,-10.0,-9.0,3.0,31
196.75811767578125,22.117807388305664,4.423561477661133,1000.0,0.0,-0.6666666666666666,-0.5333333333333333,-10.0,-8.0,3.0,31
188.08216857910156,24.882810592651367,4.976562118530273,1000.0,0.0,-0.6666666666666666,-0.4666666666666667,-10.0,-7.0,3.0,31
185.68734741210938,17.22254753112793,3.444509506225586,1000.0,0.0,-0.6666666666666666,-0.4,-10.0,-6.0,3.0,31
178.6415252685547,14.879592895507812,2.9759185791015623,1000.0,0.0,-0.6666666666666666,-0.3333333333333333,-10.0,-5.0,3.0,31
185.0441436767578,22.081510543823242,4.416302108764649,1000.0,0.0,-0.6666666666666666,-0.26666666666666666,-10.0,-4.0,3.0,31
180.72251892089844,13.448737144470215,2.689747428894043,1000.0,0.0,-0.6666666666666666,-0.2,-10.0,-3.0,3.0,31
191.18902587890625,28.90924835205078,5.781849670410156,1000.0,0.0,-0.6666666666666666,-0.13333333333333333,-10.0,-2.0,3.0,31
204.50375366210938,30.97025489807129,6.194050979614258,1000.0,0.0,-0.6666666666666666,-0.06666666666666667,-10.0,-1.0,3.0,31
236.18869018554688,45.33871841430664,9.067743682861328,1000.0,0.0,-0.6666666666666666,0.0,-10.0,0.0,3.0,31
204.8192138671875,43.029396057128906,8.605879211425782,1000.0,0.0,-0.6666666666666666,0.06666666666666667,-10.0,1.0,3.0,31
194.08383178710938,29.100543975830078,5.820108795166016,1000.0,0.0,-0.6666666666666666,0.13333333333333333,-10.0,2.0,3.0,31
206.06297302246094,46.54014205932617,9.308028411865234,1000.0,0.0,-0.6666666666666666,0.2,-10.0,3.0,3.0,31
257.6532897949219,120.56732940673828,24.113465881347658,1000.0,0.0,-0.6666666666666666,0.26666666666666666,-10.0,4.0,3.0,31
221.36810302734375,83.63406372070312,16.726812744140624,1000.0,0.0,-0.6666666666666666,0.3333333333333333,-10.0,5.0,3.0,31
225.74342346191406,64.5506820678711,12.910136413574218,1000.0,0.0,-0.6666666666666666,0.4,-10.0,6.0,3.0,31
216.82078552246094,63.53257369995117,12.706514739990235,1000.0,0.0,-0.6666666666666666,0.4666666666666667,-10.0,7.0,3.0,31
259.135009765625,76.30494689941406,15.260989379882812,1000.0,0.0,-0.6666666666666666,0.5333333333333333,-10.0,8.0,3.0,31
268.1947021484375,62.94176483154297,12.588352966308594,1000.0,0.0,-0.6666666666666666,0.6,-10.0,9.0,3.0,31
299.210693359375,79.69917297363281,15.939834594726562,1000.0,0.0,-0.6666666666666666,0.6666666666666666,-10.0,10.0,3.0,31
283.2484130859375,66.91339111328125,13.38267822265625,1000.0,0.0,-0.6666666666666666,0.7333333333333333,-10.0,11.0,3.0,31
281.98260498046875,63.10487747192383,12.620975494384766,1000.0,0.0,-0.6666666666666666,0.8,-10.0,12.0,3.0,31
233.03244018554688,54.301753997802734,10.860350799560546,1000.0,0.0,-0.6666666666666666,0.8666666666666667,-10.0,13.0,3.0,31
223.78604125976562,42.77949905395508,8.555899810791015,1000.0,0.0,-0.6666666666666666,0.9333333333333333,-10.0,14.0,3.0,31
217.9880828857422,35.86283874511719,7.172567749023438,1000.0,0.0,-0.6666666666666666,1.0,-10.0,15.0,3.0,31
187.28961181640625,16.072786331176758,3.2145572662353517,1000.0,0.0,-0.6,-1.0,-9.0,-15.0,3.0,31
186.15069580078125,17.708717346191406,3.5417434692382814,1000.0,0.0,-0.6,-0.9333333333333333,-9.0,-14.0,3.0,31
182.25592041015625,10.09872817993164,2.019745635986328,1000.0,0.0,-0.6,-0.8666666666666667,-9.0,-13.0,3.0,31
185.31378173828125,20.183822631835938,4.036764526367188,1000.0,0.0,-0.6,-0.8,-9.0,-12.0,3.0,31
185.05030822753906,16.323612213134766,3.264722442626953,1000.0,0.0,-0.6,-0.7333333333333333,-9.0,-11.0,3.0,31
188.1879119873047,25.470504760742188,5.0941009521484375,1000.0,0.0,-0.6,-0.6666666666666666,-9.0,-10.0,3.0,31
189.7880401611328,21.283226013183594,4.256645202636719,1000.0,0.0,-0.6,-0.6,-9.0,-9.0,3.0,31
202.73988342285156,43.190250396728516,8.638050079345703,1000.0,0.0,-0.6,-0.5333333333333333,-9.0,-8.0,3.0,31
204.62521362304688,29.832164764404297,5.96643295288086,1000.0,0.0,-0.6,-0.4666666666666667,-9.0,-7.0,3.0,31
210.54843139648438,44.85065841674805,8.97013168334961,1000.0,0.0,-0.6,-0.4,-9.0,-6.0,3.0,31
191.91603088378906,26.876239776611328,5.375247955322266,1000.0,0.0,-0.6,-0.3333333333333333,-9.0,-5.0,3.0,31
188.2555694580078,21.80018424987793,4.360036849975586,1000.0,0.0,-0.6,-0.26666666666666666,-9.0,-4.0,3.0,31
181.27508544921875,18.613353729248047,3.7226707458496096,1000.0,0.0,-0.6,-0.2,-9.0,-3.0,3.0,31
186.1129150390625,16.787445068359375,3.357489013671875,1000.0,0.0,-0.6,-0.13333333333333333,-9.0,-2.0,3.0,31
199.2344970703125,29.007051467895508,5.801410293579101,1000.0,0.0,-0.6,-0.06666666666666667,-9.0,-1.0,3.0,31
197.7293701171875,25.411142349243164,5.082228469848633,1000.0,0.0,-0.6,0.0,-9.0,0.0,3.0,31
193.7816925048828,21.750951766967773,4.350190353393555,1000.0,0.0,-0.6,0.06666666666666667,-9.0,1.0,3.0,31
203.6808624267578,45.34780502319336,9.069561004638672,1000.0,0.0,-0.6,0.13333333333333333,-9.0,2.0,3.0,31
201.0156707763672,63.07707595825195,12.61541519165039,1000.0,0.0,-0.6,0.2,-9.0,3.0,3.0,31
225.12283325195312,81.2732162475586,16.25464324951172,1000.0,0.0,-0.6,0.26666666666666666,-9.0,4.0,3.0,31
275.252685546875,109.80506896972656,21.961013793945312,1000.0,0.0,-0.6,0.3333333333333333,-9.0,5.0,3.0,31
229.54550170898438,74.56641387939453,14.913282775878907,1000.0,0.0,-0.6,0.4,-9.0,6.0,3.0,31
234.08279418945312,62.12541961669922,12.425083923339844,1000.0,0.0,-0.6,0.4666666666666667,-9.0,7.0,3.0,31
260.7945556640625,90.69921112060547,18.139842224121093,1000.0,0.0,-0.6,0.5333333333333333,-9.0,8.0,3.0,31
299.2679443359375,69.36027526855469,13.872055053710938,1000.0,0.0,-0.6,0.6,-9.0,9.0,3.0,31
292.873291015625,66.4858169555664,13.297163391113282,1000.0,0.0,-0.6,0.6666666666666666,-9.0,10.0,3.0,31
295.9874267578125,60.078670501708984,12.015734100341797,1000.0,0.0,-0.6,0.7333333333333333,-9.0,11.0,3.0,31
261.9510498046875,48.76506423950195,9.75301284790039,1000.0,0.0,-0.6,0.8,-9.0,12.0,3.0,31
241.6619110107422,42.47178649902344,8.494357299804687,1000.0,0.0,-0.6,0.8666666666666667,-9.0,13.0,3.0,31
217.3546142578125,44.32944869995117,8.865889739990234,1000.0,0.0,-0.6,0.9333333333333333,-9.0,14.0,3.0,31
212.6064453125,39.202701568603516,7.8405403137207035,1000.0,0.0,-0.6,1.0,-9.0,15.0,3.0,31
186.7252197265625,15.212773323059082,3.0425546646118162,1000.0,0.0,-0.5333333333333333,-1.0,-8.0,-15.0,3.0,31
188.4676971435547,19.54682731628418,3.9093654632568358,1000.0,0.0,-0.5333333333333333,-0.9333333333333333,-8.0,-14.0,3.0,31
186.45298767089844,13.702080726623535,2.740416145324707,1000.0,0.0,-0.5333333333333333,-0.8666666666666667,-8.0,-13.0,3.0,31
181.94454956054688,12.239542961120605,2.4479085922241213,1000.0,0.0,-0.5333333333333333,-0.8,-8.0,-12.0,3.0,31
185.2300262451172,17.47314453125,3.49462890625,1000.0,0.0,-0.5333333333333333,-0.7333333333333333,-8.0,-11.0,3.0,31
187.9621124267578,16.386274337768555,3.2772548675537108,1000.0,0.0,-0.5333333333333333,-0.6666666666666666,-8.0,-10.0,3.0,31
188.81570434570312,16.663188934326172,3.3326377868652344,1000.0,0.0,-0.5333333333333333,-0.6,-8.0,-9.0,3.0,31
195.42710876464844,25.332195281982422,5.066439056396485,1000.0,0.0,-0.5333333333333333,-0.5333333333333333,-8.0,-8.0,3.0,31
209.6337432861328,51.26542282104492,10.253084564208985,1000.0,0.0,-0.5333333333333333,-0.4666666666666667,-8.0,-7.0,3.0,31
225.8770294189453,52.04409408569336,10.408818817138672,1000.0,0.0,-0.5333333333333333,-0.4,-8.0,-6.0,3.0,31
215.88214111328125,42.5210075378418,8.504201507568359,1000.0,0.0,-0.5333333333333333,-0.3333333333333333,-8.0,-5.0,3.0,31
184.09291076660156,15.592949867248535,3.118589973449707,1000.0,0.0,-0.5333333333333333,-0.26666666666666666,-8.0,-4.0,3.0,31
188.81024169921875,39.05366134643555,7.81073226928711,1000.0,0.0,-0.5333333333333333,-0.2,-8.0,-3.0,3.0,31
179.98800659179688,14.923584938049316,2.9847169876098634,1000.0,0.0,-0.5333333333333333,-0.13333333333333333,-8.0,-2.0,3.0,31
186.74444580078125,13.14010238647461,2.628020477294922,1000.0,0.0,-0.5333333333333333,-0.06666666666666667,-8.0,-1.0,3.0,31
191.66551208496094,18.90399742126465,3.7807994842529298,1000.0,0.0,-0.5333333333333333,0.0,-8.0,0.0,3.0,31
200.9337921142578,40.37885665893555,8.07577133178711,1000.0,0.0,-0.5333333333333333,0.06666666666666667,-8.0,1.0,3.0,31
204.72930908203125,41.1658821105957,8.23317642211914,1000.0,0.0,-0.5333333333333333,0.13333333333333333,-8.0,2.0,3.0,31
232.53582763671875,69.53366088867188,13.906732177734375,1000.0,0.0,-0.5333333333333333,0.2,-8.0,3.0,3.0,31
224.55975341796875,82.77296447753906,16.554592895507813,1000.0,0.0,-0.5333333333333333,0.26666666666666666,-8.0,4.0,3.0,31
249.11468505859375,102.14474487304688,20.428948974609376,1000.0,0.0,-0.5333333333333333,0.3333333333333333,-8.0,5.0,3.0,31
209.19956970214844,60.67518997192383,12.135037994384765,1000.0,0.0,-0.5333333333333333,0.4,-8.0,6.0,3.0,31
240.4394989013672,66.4708251953125,13.2941650390625,1000.0,0.0,-0.5333333333333333,0.4666666666666667,-8.0,7.0,3.0,31
271.7536926269531,67.57115173339844,13.514230346679687,1000.0,0.0,-0.5333333333333333,0.5333333333333333,-8.0,8.0,3.0,31
273.275146484375,71.2499008178711,14.249980163574218,1000.0,0.0,-0.5333333333333333,0.6,-8.0,9.0,3.0,31
292.608154296875,61.02070617675781,12.204141235351562,1000.0,0.0,-0.5333333333333333,0.6666666666666666,-8.0,10.0,3.0,31
261.5708923339844,47.41812515258789,9.483625030517578,1000.0,0.0,-0.5333333333333333,0.7333333333333333,-8.0,11.0,3.0,31
269.2249755859375,46.40589904785156,9.281179809570313,1000.0,0.0,-0.5333333333333333,0.8,-8.0,12.0,3.0,31
235.80580139160156,48.74224853515625,9.74844970703125,1000.0,0.0,-0.5333333333333333,0.8666666666666667,-8.0,13.0,3.0,31
228.05828857421875,44.14371109008789,8.828742218017577,1000.0,0.0,-0.5333333333333333,0.9333333333333333,-8.0,14.0,3.0,31
209.2569580078125,37.76659393310547,7.553318786621094,1000.0,0.0,-0.5333333333333333,1.0,-8.0,15.0,3.0,31
189.25314331054688,23.995586395263672,4.7991172790527346,1000.0,0.0,-0.4666666666666667,-1.0,-7.0,-15.0,3.0,31
201.75332641601562,33.28962707519531,6.657925415039062,1000.0,0.0,-0.4666666666666667,-0.9333333333333333,-7.0,-14.0,3.0,31
203.1300811767578,32.19095993041992,6.438191986083984,1000.0,0.0,-0.4666666666666667,-0.8666666666666667,-7.0,-13.0,3.0,31
195.94085693359375,23.61936378479004,4.7238727569580075,1000.0,0.0,-0.4666666666666667,-0.8,-7.0,-12.0,3.0,31
186.54043579101562,15.925863265991211,3.1851726531982423,1000.0,0.0,-0.4666666666666667,-0.7333333333333333,-7.0,-11.0,3.0,31
190.62374877929688,17.253948211669922,3.4507896423339846,1000.0,0.0,-0.4666666666666667,-0.6666666666666666,-7.0,-10.0,3.0,31
187.21206665039062,24.589397430419922,4.917879486083985,1000.0,0.0,-0.4666666666666667,-0.6,-7.0,-9.0,3.0,31
196.97740173339844,24.833332061767578,4.966666412353516,1000.0,0.0,-0.4666666666666667,-0.5333333333333333,-7.0,-8.0,3.0,31
228.10711669921875,45.72624588012695,9.145249176025391,1000.0,0.0,-0.4666666666666667,-0.4666666666666667,-7.0,-7.0,3.0,31
235.7800750732422,56.46548080444336,11.293096160888672,1000.0,0.0,-0.4666666666666667,-0.4,-7.0,-6.0,3.0,31
224.33106994628906,50.092437744140625,10.018487548828125,1000.0,0.0,-0.4666666666666667,-0.3333333333333333,-7.0,-5.0,3.0,31
185.69142150878906,15.663777351379395,3.132755470275879,1000.0,0.0,-0.4666666666666667,-0.26666666666666666,-7.0,-4.0,3.0,31
180.4264678955078,15.44717788696289,3.089435577392578,1000.0,0.0,-0.4666666666666667,-0.2,-7.0,-3.0,3.0,31
226.10214233398438,50.22929382324219,10.045858764648438,1000.0,0.0,-0.4666666666666667,-0.13333333333333333,-7.0,-2.0,3.0,31
211.50299072265625,33.323081970214844,6.664616394042969,1000.0,0.0,-0.4666666666666667,-0.06666666666666667,-7.0,-1.0,3.0,31
250.7092742919922,70.72224426269531,14.144448852539062,1000.0,0.0,-0.4666666666666667,0.0,-7.0,0.0,3.0,31
221.60516357421875,66.59208679199219,13.318417358398438,1000.0,0.0,-0.4666666666666667,0.06666666666666667,-7.0,1.0,3.0,31
242.40660095214844,90.40940856933594,18.081881713867187,1000.0,0.0,-0.4666666666666667,0.13333333333333333,-7.0,2.0,3.0,31
244.99839782714844,99.01493835449219,19.80298767089844,1000.0,0.0,-0.4666666666666667,0.2,-7.0,3.0,3.0,31
228.6575927734375,79.32332611083984,15.864665222167968,1000.0,0.0,-0.4666666666666667,0.26666666666666666,-7.0,4.0,3.0,31
214.77230834960938,62.045616149902344,12.40912322998047,1000.0,0.0,-0.4666666666666667,0.3333333333333333,-7.0,5.0,3.0,31
233.0889129638672,77.3736343383789,15.47472686767578,1000.0,0.0,-0.4666666666666667,0.4,-7.0,6.0,3.0,31
248.82644653320312,60.19866180419922,12.039732360839844,1000.0,0.0,-0.4666666666666667,0.4666666666666667,-7.0,7.0,3.0,31
252.97372436523438,60.96433639526367,12.192867279052734,1000.0,0.0,-0.4666666666666667,0.5333333333333333,-7.0,8.0,3.0,31
252.87310791015625,52.49599075317383,10.499198150634765,1000.0,0.0,-0.4666666666666667,0.6,-7.0,9.0,3.0,31
258.3943786621094,38.73270034790039,7.746540069580078,1000.0,0.0,-0.4666666666666667,0.6666666666666666,-7.0,10.0,3.0,31
254.14215087890625,42.73504638671875,8.54700927734375,1000.0,0.0,-0.4666666666666667,0.7333333333333333,-7.0,11.0,3.0,31
280.5552062988281,40.67156219482422,8.134312438964844,1000.0,0.0,-0.4666666666666667,0.8,-7.0,12.0,3.0,31
226.4745635986328,46.58642578125,9.31728515625,1000.0,0.0,-0.4666666666666667,0.8666666666666667,-7.0,13.0,3.0,31
213.6650390625,35.458614349365234,7.091722869873047,1000.0,0.0,-0.4666666666666667,0.9333333333333333,-7.0,14.0,3.0,31
200.9700164794922,27.086179733276367,5.417235946655273,1000.0,0.0,-0.4666666666666667,1.0,-7.0,15.0,3.0,31
216.16481018066406,47.74716567993164,9.549433135986328,1000.0,0.0,-0.4,-1.0,-6.0,-15.0,3.0,31
207.4222412109375,35.22966384887695,7.045932769775391,1000.0,0.0,-0.4,-0.9333333333333333,-6.0,-14.0,3.0,31
195.04617309570312,26.77062225341797,5.354124450683594,1000.0,0.0,-0.4,-0.8666666666666667,-6.0,-13.0,3.0,31
198.86459350585938,26.505281448364258,5.301056289672852,1000.0,0.0,-0.4,-0.8,-6.0,-12.0,3.0,31
193.25543212890625,22.40288543701172,4.480577087402343,1000.0,0.0,-0.4,-0.7333333333333333,-6.0,-11.0,3.0,31
198.16033935546875,32.108036041259766,6.421607208251953,1000.0,0.0,-0.4,-0.6666666666666666,-6.0,-10.0,3.0,31
197.13211059570312,24.748210906982422,4.949642181396484,1000.0,0.0,-0.4,-0.6,-6.0,-9.0,3.0,31
206.60475158691406,32.34414291381836,6.468828582763672,1000.0,0.0,-0.4,-0.5333333333333333,-6.0,-8.0,3.0,31
207.5941162109375,31.947755813598633,6.389551162719727,1000.0,0.0,-0.4,-0.4666666666666667,-6.0,-7.0,3.0,31
213.38685607910156,30.83803367614746,6.1676067352294925,1000.0,0.0,-0.4,-0.4,-6.0,-6.0,3.0,31
221.52011108398438,39.1026496887207,7.820529937744141,1000.0,0.0,-0.4,-0.3333333333333333,-6.0,-5.0,3.0,31
182.94595336914062,15.473526000976562,3.0947052001953126,1000.0,0.0,-0.4,-0.26666666666666666,-6.0,-4.0,3.0,31
182.27215576171875,14.082467079162598,2.8164934158325194,1000.0,0.0,-0.4,-0.2,-6.0,-3.0,3.0,31
187.6831817626953,21.742416381835938,4.348483276367188,1000.0,0.0,-0.4,-0.13333333333333333,-6.0,-2.0,3.0,31
258.0997009277344,78.66959381103516,15.733918762207031,1000.0,0.0,-0.4,-0.06666666666666667,-6.0,-1.0,3.0,31
263.8937683105469,113.4083480834961,22.681669616699217,1000.0,0.0,-0.4,0.0,-6.0,0.0,3.0,31
234.58937072753906,82.21762084960938,16.443524169921876,1000.0,0.0,-0.4,0.06666666666666667,-6.0,1.0,3.0,31
244.58245849609375,80.92729187011719,16.185458374023437,1000.0,0.0,-0.4,0.13333333333333333,-6.0,2.0,3.0,31
255.15829467773438,108.60896301269531,21.72179260253906,1000.0,0.0,-0.4,0.2,-6.0,3.0,3.0,31
225.67291259765625,64.9725341796875,12.9945068359375,1000.0,0.0,-0.4,0.26666666666666666,-6.0,4.0,3.0,31
235.2248992919922,99.67158508300781,19.93431701660156,1000.0,0.0,-0.4,0.3333333333333333,-6.0,5.0,3.0,31
241.45509338378906,85.58460998535156,17.116921997070314,1000.0,0.0,-0.4,0.4,-6.0,6.0,3.0,31
251.31031799316406,74.3949203491211,14.878984069824218,1000.0,0.0,-0.4,0.4666666666666667,-6.0,7.0,3.0,31
228.62136840820312,53.85961151123047,10.771922302246093,1000.0,0.0,-0.4,0.5333333333333333,-6.0,8.0,3.0,31
233.66781616210938,38.06234359741211,7.612468719482422,1000.0,0.0,-0.4,0.6,-6.0,9.0,3.0,31
237.17250061035156,44.4877815246582,8.89755630493164,1000.0,0.0,-0.4,0.6666666666666666,-6.0,10.0,3.0,31
257.25048828125,38.13609313964844,7.627218627929688,1000.0,0.0,-0.4,0.7333333333333333,-6.0,11.0,3.0,31
255.62767028808594,37.01138687133789,7.4022773742675785,1000.0,0.0,-0.4,0.8,-6.0,12.0,3.0,31
227.53509521484375,35.45125198364258,7.090250396728516,1000.0,0.0,-0.4,0.8666666666666667,-6.0,13.0,3.0,31
206.52700805664062,31.612154006958008,6.322430801391602,1000.0,0.0,-0.4,0.9333333333333333,-6.0,14.0,3.0,31
202.30206298828125,32.953582763671875,6.590716552734375,1000.0,0.0,-0.4,1.0,-6.0,15.0,3.0,31
208.5408935546875,44.1248893737793,8.82497787475586,1000.0,0.0,-0.3333333333333333,-1.0,-5.0,-15.0,3.0,31
202.01828002929688,42.18281173706055,8.43656234741211,1000.0,0.0,-0.3333333333333333,-0.9333333333333333,-5.0,-14.0,3.0,31
210.96714782714844,43.12044906616211,8.624089813232422,1000.0,0.0,-0.3333333333333333,-0.8666666666666667,-5.0,-13.0,3.0,31
222.28732299804688,43.810813903808594,8.762162780761718,1000.0,0.0,-0.3333333333333333,-0.8,-5.0,-12.0,3.0,31
204.21661376953125,32.97019577026367,6.5940391540527346,1000.0,0.0,-0.3333333333333333,-0.7333333333333333,-5.0,-11.0,3.0,31
207.8367156982422,36.99636459350586,7.399272918701172,1000.0,0.0,-0.3333333333333333,-0.6666666666666666,-5.0,-10.0,3.0,31
203.84390258789062,32.96569061279297,6.593138122558594,1000.0,0.0,-0.3333333333333333,-0.6,-5.0,-9.0,3.0,31
213.52294921875,41.88859558105469,8.377719116210937,1000.0,0.0,-0.3333333333333333,-0.5333333333333333,-5.0,-8.0,3.0,31
233.75949096679688,57.42515563964844,11.485031127929688,1000.0,0.0,-0.3333333333333333,-0.4666666666666667,-5.0,-7.0,3.0,31
223.8129119873047,41.871612548828125,8.374322509765625,1000.0,0.0,-0.3333333333333333,-0.4,-5.0,-6.0,3.0,31
239.73355102539062,60.491825103759766,12.098365020751952,1000.0,0.0,-0.3333333333333333,-0.3333333333333333,-5.0,-5.0,3.0,31
190.72918701171875,24.199975967407227,4.839995193481445,1000.0,0.0,-0.3333333333333333,-0.26666666666666666,-5.0,-4.0,3.0,31
193.0640411376953,23.551773071289062,4.710354614257812,1000.0,0.0,-0.3333333333333333,-0.2,-5.0,-3.0,3.0,31
209.26870727539062,60.53645706176758,12.107291412353515,1000.0,0.0,-0.3333333333333333,-0.13333333333333333,-5.0,-2.0,3.0,31
216.3996124267578,47.92919921875,9.58583984375,1000.0,0.0,-0.3333333333333333,-0.06666666666666667,-5.0,-1.0,3.0,31
215.6225128173828,55.979434967041016,11.195886993408203,1000.0,0.0,-0.3333333333333333,0.0,-5.0,0.0,3.0,31
306.3142395019531,131.75955200195312,26.351910400390626,1000.0,0.0,-0.3333333333333333,0.06666666666666667,-5.0,1.0,3.0,31
299.60650634765625,146.6884002685547,29.337680053710937,1000.0,0.0,-0.3333333333333333,0.13333333333333333,-5.0,2.0,3.0,31
292.01824951171875,132.72357177734375,26.54471435546875,1000.0,0.0,-0.3333333333333333,0.2,-5.0,3.0,3.0,31
232.48165893554688,85.57243347167969,17.114486694335938,1000.0,0.0,-0.3333333333333333,0.26666666666666666,-5.0,4.0,3.0,31
249.10646057128906,103.23551177978516,20.64710235595703,1000.0,0.0,-0.3333333333333333,0.3333333333333333,-5.0,5.0,3.0,31
237.71337890625,69.3252182006836,13.865043640136719,1000.0,0.0,-0.3333333333333333,0.4,-5.0,6.0,3.0,31
242.7158203125,63.743865966796875,12.748773193359375,1000.0,0.0,-0.3333333333333333,0.4666666666666667,-5.0,7.0,3.0,31
225.95115661621094,43.7680778503418,8.753615570068359,1000.0,0.0,-0.3333333333333333,0.5333333333333333,-5.0,8.0,3.0,31
215.8242645263672,33.90666198730469,6.781332397460938,1000.0,0.0,-0.3333333333333333,0.6,-5.0,9.0,3.0,31
223.79238891601562,41.4567985534668,8.29135971069336,1000.0,0.0,-0.3333333333333333,0.6666666666666666,-5.0,10.0,3.0,31
237.90850830078125,30.903305053710938,6.180661010742187,1000.0,0.0,-0.3333333333333333,0.7333333333333333,-5.0,11.0,3.0,31
218.56564331054688,30.638559341430664,6.1277118682861325,1000.0,0.0,-0.3333333333333333,0.8,-5.0,12.0,3.0,31
224.4886932373047,38.23595428466797,7.647190856933594,1000.0,0.0,-0.3333333333333333,0.8666666666666667,-5.0,13.0,3.0,31
227.85841369628906,44.65357208251953,8.930714416503907,1000.0,0.0,-0.3333333333333333,0.9333333333333333,-5.0,14.0,3.0,31
203.8740234375,41.035194396972656,8.207038879394531,1000.0,0.0,-0.3333333333333333,1.0,-5.0,15.0,3.0,31
215.4090576171875,42.656490325927734,8.531298065185547,1000.0,0.0,-0.26666666666666666,-1.0,-4.0,-15.0,3.0,31
198.98927307128906,32.49751281738281,6.499502563476563,1000.0,0.0,-0.26666666666666666,-0.9333333333333333,-4.0,-14.0,3.0,31
217.16937255859375,53.403160095214844,10.680632019042969,1000.0,0.0,-0.26666666666666666,-0.8666666666666667,-4.0,-13.0,3.0,31
231.92921447753906,60.082542419433594,12.016508483886719,1000.0,0.0,-0.26666666666666666,-0.8,-4.0,-12.0,3.0,31
240.9854736328125,75.8787841796875,15.1757568359375,1000.0,0.0,-0.26666666666666666,-0.7333333333333333,-4.0,-11.0,3.0,31
269.78155517578125,104.29796600341797,20.859593200683594,1000.0,0.0,-0.26666666666666666,-0.6666666666666666,-4.0,-10.0,3.0,31
198.67816162109375,35.02884292602539,7.005768585205078,1000.0,0.0,-0.26666666666666666,-0.6,-4.0,-9.0,3.0,31
218.8447723388672,63.04138946533203,12.608277893066406,1000.0,0.0,-0.26666666666666666,-0.5333333333333333,-4.0,-8.0,3.0,31
296.1913757324219,149.72561645507812,29.945123291015626,1000.0,0.0,-0.26666666666666666,-0.4666666666666667,-4.0,-7.0,3.0,31
343.9688415527344,120.15666961669922,24.031333923339844,1000.0,0.0,-0.26666666666666666,-0.4,-4.0,-6.0,3.0,31
300.34588623046875,103.82355499267578,20.764710998535158,1000.0,0.0,-0.26666666666666666,-0.3333333333333333,-4.0,-5.0,3.0,31
281.03082275390625,130.89715576171875,26.17943115234375,1000.0,0.0,-0.26666666666666666,-0.26666666666666666,-4.0,-4.0,3.0,31
278.9123840332031,153.41207885742188,30.682415771484376,1000.0,0.0,-0.26666666666666666,-0.2,-4.0,-3.0,3.0,31
189.97021484375,23.360347747802734,4.672069549560547,1000.0,0.0,-0.26666666666666666,-0.13333333333333333,-4.0,-2.0,3.0,31
185.8811492919922,20.57594871520996,4.115189743041992,1000.0,0.0,-0.26666666666666666,-0.06666666666666667,-4.0,-1.0,3.0,31
248.5879364013672,148.47915649414062,29.695831298828125,1000.0,0.0,-0.26666666666666666,0.0,-4.0,0.0,3.0,31
344.8278503417969,212.00460815429688,42.40092163085937,1000.0,0.0,-0.26666666666666666,0.06666666666666667,-4.0,1.0,3.0,31
264.84307861328125,124.6316909790039,24.92633819580078,1000.0,0.0,-0.26666666666666666,0.13333333333333333,-4.0,2.0,3.0,31
322.0909423828125,140.37330627441406,28.074661254882812,1000.0,0.0,-0.26666666666666666,0.2,-4.0,3.0,3.0,31
267.5797119140625,114.43995666503906,22.88799133300781,1000.0,0.0,-0.26666666666666666,0.26666666666666666,-4.0,4.0,3.0,31
238.1334228515625,97.70339965820312,19.540679931640625,1000.0,0.0,-0.26666666666666666,0.3333333333333333,-4.0,5.0,3.0,31
239.3816375732422,75.0262451171875,15.0052490234375,1000.0,0.0,-0.26666666666666666,0.4,-4.0,6.0,3.0,31
209.90567016601562,30.013282775878906,6.002656555175781,1000.0,0.0,-0.26666666666666666,0.4666666666666667,-4.0,7.0,3.0,31
219.81280517578125,54.02600860595703,10.805201721191406,1000.0,0.0,-0.26666666666666666,0.5333333333333333,-4.0,8.0,3.0,31
221.69268798828125,54.874481201171875,10.974896240234376,1000.0,0.0,-0.26666666666666666,0.6,-4.0,9.0,3.0,31
219.33656311035156,55.944114685058594,11.188822937011718,1000.0,0.0,-0.26666666666666666,0.6666666666666666,-4.0,10.0,3.0,31
225.0326385498047,51.6168098449707,10.32336196899414,1000.0,0.0,-0.26666666666666666,0.7333333333333333,-4.0,11.0,3.0,31
217.900390625,27.950191497802734,5.590038299560547,1000.0,0.0,-0.26666666666666666,0.8,-4.0,12.0,3.0,31
231.90650939941406,43.09027099609375,8.61805419921875,1000.0,0.0,-0.26666666666666666,0.8666666666666667,-4.0,13.0,3.0,31
225.1639404296875,39.58502960205078,7.917005920410157,1000.0,0.0,-0.26666666666666666,0.9333333333333333,-4.0,14.0,3.0,31
227.50186157226562,53.5837287902832,10.716745758056641,1000.0,0.0,-0.26666666666666666,1.0,-4.0,15.0,3.0,31
241.97047424316406,72.5494613647461,14.50989227294922,1000.0,0.0,-0.2,-1.0,-3.0,-15.0,3.0,31
262.0130310058594,79.22789001464844,15.845578002929688,1000.0,0.0,-0.2,-0.9333333333333333,-3.0,-14.0,3.0,31
286.7657775878906,89.83939361572266,17.96787872314453,1000.0,0.0,-0.2,-0.8666666666666667,-3.0,-13.0,3.0,31
293.3580322265625,107.30514526367188,21.461029052734375,1000.0,0.0,-0.2,-0.8,-3.0,-12.0,3.0,31
313.905517578125,123.91370391845703,24.782740783691406,1000.0,0.0,-0.2,-0.7333333333333333,-3.0,-11.0,3.0,31
327.9037780761719,156.2837677001953,31.256753540039064,1000.0,0.0,-0.2,-0.6666666666666666,-3.0,-10.0,3.0,31
248.0884246826172,120.62967681884766,24.125935363769532,1000.0,0.0,-0.2,-0.6,-3.0,-9.0,3.0,31
276.7359313964844,125.1023178100586,25.02046356201172,1000.0,0.0,-0.2,-0.5333333333333333,-3.0,-8.0,3.0,31
391.2215576171875,239.36305236816406,47.87261047363281,1000.0,0.0,-0.2,-0.4666666666666667,-3.0,-7.0,3.0,31
424.3568420410156,252.87208557128906,50.57441711425781,1000.0,0.0,-0.2,-0.4,-3.0,-6.0,3.0,31
423.86895751953125,256.5613708496094,51.31227416992188,1000.0,0.0,-0.2,-0.3333333333333333,-3.0,-5.0,3.0,31
396.1895751953125,258.2149658203125,51.6429931640625,1000.0,0.0,-0.2,-0.26666666666666666,-3.0,-4.0,3.0,31
369.4150695800781,250.80389404296875,50.16077880859375,1000.0,0.0,-0.2,-0.2,-3.0,-3.0,3.0,31
345.07305908203125,232.4553680419922,46.49107360839844,1000.0,0.0,-0.2,-0.13333333333333333,-3.0,-2.0,3.0,31
355.99957275390625,254.66494750976562,50.932989501953124,1000.0,0.0,-0.2,-0.06666666666666667,-3.0,-1.0,3.0,31
409.9124755859375,331.8355407714844,66.36710815429687,1000.0,0.0,-0.2,0.0,-3.0,0.0,3.0,31
420.7406921386719,334.6804504394531,66.93609008789062,1000.0,0.0,-0.2,0.06666666666666667,-3.0,1.0,3.0,31
341.5849609375,211.3905487060547,42.27810974121094,1000.0,0.0,-0.2,0.13333333333333333,-3.0,2.0,3.0,31
332.70074462890625,181.38998413085938,36.27799682617187,1000.0,0.0,-0.2,0.2,-3.0,3.0,3.0,31
304.5016174316406,132.85745239257812,26.571490478515624,1000.0,0.0,-0.2,0.26666666666666666,-3.0,4.0,3.0,31
200.7758026123047,34.88529586791992,6.977059173583984,1000.0,0.0,-0.2,0.3333333333333333,-3.0,5.0,3.0,31
191.01937866210938,26.75663185119629,5.351326370239258,1000.0,0.0,-0.2,0.4,-3.0,6.0,3.0,31
188.79905700683594,25.72487449645996,5.144974899291992,1000.0,0.0,-0.2,0.4666666666666667,-3.0,7.0,3.0,31
203.10765075683594,38.385955810546875,7.677191162109375,1000.0,0.0,-0.2,0.5333333333333333,-3.0,8.0,3.0,31
234.44247436523438,59.55647277832031,11.911294555664062,1000.0,0.0,-0.2,0.6,-3.0,9.0,3.0,31
237.06178283691406,66.06550598144531,13.213101196289063,1000.0,0.0,-0.2,0.6666666666666666,-3.0,10.0,3.0,31
229.6482391357422,53.44687271118164,10.689374542236328,1000.0,0.0,-0.2,0.7333333333333333,-3.0,11.0,3.0,31
227.75132751464844,46.11125946044922,9.222251892089844,1000.0,0.0,-0.2,0.8,-3.0,12.0,3.0,31
209.77279663085938,30.454593658447266,6.090918731689453,1000.0,0.0,-0.2,0.8666666666666667,-3.0,13.0,3.0,31
206.33412170410156,30.15647315979004,6.031294631958008,1000.0,0.0,-0.2,0.9333333333333333,-3.0,14.0,3.0,31
207.76560974121094,45.64377212524414,9.128754425048829,1000.0,0.0,-0.2,1.0,-3.0,15.0,3.0,31
295.6316223144531,108.79989624023438,21.759979248046875,1000.0,0.0,-0.13333333333333333,-1.0,-2.0,-15.0,3.0,31
265.6509094238281,103.32042694091797,20.664085388183594,1000.0,0.0,-0.13333333333333333,-0.9333333333333333,-2.0,-14.0,3.0,31
309.17889404296875,125.77584838867188,25.155169677734374,1000.0,0.0,-0.13333333333333333,-0.8666666666666667,-2.0,-13.0,3.0,31
309.0550231933594,127.75747680664062,25.551495361328126,1000.0,0.0,-0.13333333333333333,-0.8,-2.0,-12.0,3.0,31
311.6108703613281,133.44871520996094,26.689743041992188,1000.0,0.0,-0.13333333333333333,-0.7333333333333333,-2.0,-11.0,3.0,31
298.337646484375,143.685302734375,28.737060546875,1000.0,0.0,-0.13333333333333333,-0.6666666666666666,-2.0,-10.0,3.0,31
328.1877746582031,163.61402893066406,32.72280578613281,1000.0,0.0,-0.13333333333333333,-0.6,-2.0,-9.0,3.0,31
328.16729736328125,192.11460876464844,38.42292175292969,1000.0,0.0,-0.13333333333333333,-0.5333333333333333,-2.0,-8.0,3.0,31
419.69122314453125,255.66456604003906,51.132913208007814,1000.0,0.0,-0.13333333333333333,-0.4666666666666667,-2.0,-7.0,3.0,31
435.068359375,259.9269104003906,51.985382080078125,1000.0,0.0,-0.13333333333333333,-0.4,-2.0,-6.0,3.0,31
371.59747314453125,249.11444091796875,49.82288818359375,1000.0,0.0,-0.13333333333333333,-0.3333333333333333,-2.0,-5.0,3.0,31
357.68359375,230.24253845214844,46.04850769042969,1000.0,0.0,-0.13333333333333333,-0.26666666666666666,-2.0,-4.0,3.0,31
348.00445556640625,221.46629333496094,44.29325866699219,1000.0,0.0,-0.13333333333333333,-0.2,-2.0,-3.0,3.0,31
345.42498779296875,234.94976806640625,46.98995361328125,1000.0,0.0,-0.13333333333333333,-0.13333333333333333,-2.0,-2.0,3.0,31
372.17730712890625,313.30291748046875,62.66058349609375,1000.0,0.0,-0.13333333333333333,-0.06666666666666667,-2.0,-1.0,3.0,31
397.88409423828125,366.5474548339844,73.30949096679687,1000.0,0.0,-0.13333333333333333,0.0,-2.0,0.0,3.0,31
431.2530822753906,380.7393493652344,76.14786987304687,1000.0,0.0,-0.13333333333333333,0.06666666666666667,-2.0,1.0,3.0,31
493.00323486328125,378.645751953125,75.729150390625,1000.0,0.0,-0.13333333333333333,0.13333333333333333,-2.0,2.0,3.0,31
403.3230895996094,258.9108581542969,51.782171630859374,1000.0,0.0,-0.13333333333333333,0.2,-2.0,3.0,3.0,31
299.6335754394531,135.0729522705078,27.014590454101562,1000.0,0.0,-0.13333333333333333,0.26666666666666666,-2.0,4.0,3.0,31
187.61793518066406,26.847240447998047,5.36944808959961,1000.0,0.0,-0.13333333333333333,0.3333333333333333,-2.0,5.0,3.0,31
182.68618774414062,16.314546585083008,3.2629093170166015,1000.0,0.0,-0.13333333333333333,0.4,-2.0,6.0,3.0,31
185.17437744140625,13.062457084655762,2.612491416931152,1000.0,0.0,-0.13333333333333333,0.4666666666666667,-2.0,7.0,3.0,31
196.31915283203125,20.429540634155273,4.085908126831055,1000.0,0.0,-0.13333333333333333,0.5333333333333333,-2.0,8.0,3.0,31
223.5678253173828,61.28361129760742,12.256722259521485,1000.0,0.0,-0.13333333333333333,0.6,-2.0,9.0,3.0,31
217.66201782226562,53.15520477294922,10.631040954589844,1000.0,0.0,-0.13333333333333333,0.6666666666666666,-2.0,10.0,3.0,31
221.82015991210938,49.968849182128906,9.99376983642578,1000.0,0.0,-0.13333333333333333,0.7333333333333333,-2.0,11.0,3.0,31
220.70655822753906,38.803524017333984,7.760704803466797,1000.0,0.0,-0.13333333333333333,0.8,-2.0,12.0,3.0,31
220.98300170898438,42.77641296386719,8.555282592773438,1000.0,0.0,-0.13333333333333333,0.8666666666666667,-2.0,13.0,3.0,31
198.7116241455078,20.94634437561035,4.18926887512207,1000.0,0.0,-0.13333333333333333,0.9333333333333333,-2.0,14.0,3.0,31
203.59042358398438,29.682878494262695,5.936575698852539,1000.0,0.0,-0.13333333333333333,1.0,-2.0,15.0,3.0,31
254.86033630371094,94.43817901611328,18.887635803222658,1000.0,0.0,-0.06666666666666667,-1.0,-1.0,-15.0,3.0,31
256.47869873046875,99.52764129638672,19.905528259277343,1000.0,0.0,-0.06666666666666667,-0.9333333333333333,-1.0,-14.0,3.0,31
267.0431213378906,105.38578796386719,21.07715759277344,1000.0,0.0,-0.06666666666666667,-0.8666666666666667,-1.0,-13.0,3.0,31
306.2994079589844,126.3163833618164,25.263276672363283,1000.0,0.0,-0.06666666666666667,-0.8,-1.0,-12.0,3.0,31
304.722412109375,131.01918029785156,26.203836059570314,1000.0,0.0,-0.06666666666666667,-0.7333333333333333,-1.0,-11.0,3.0,31
320.5765075683594,147.3411865234375,29.4682373046875,1000.0,0.0,-0.06666666666666667,-0.6666666666666666,-1.0,-10.0,3.0,31
303.11639404296875,138.26812744140625,27.65362548828125,1000.0,0.0,-0.06666666666666667,-0.6,-1.0,-9.0,3.0,31
321.7789306640625,150.97637939453125,30.19527587890625,1000.0,0.0,-0.06666666666666667,-0.5333333333333333,-1.0,-8.0,3.0,31
344.1349182128906,202.20948791503906,40.441897583007815,1000.0,0.0,-0.06666666666666667,-0.4666666666666667,-1.0,-7.0,3.0,31
353.807861328125,220.19313049316406,44.03862609863281,1000.0,0.0,-0.06666666666666667,-0.4,-1.0,-6.0,3.0,31
320.69268798828125,189.5196990966797,37.90393981933594,1000.0,0.0,-0.06666666666666667,-0.3333333333333333,-1.0,-5.0,3.0,31
336.0426940917969,177.38906860351562,35.477813720703125,1000.0,0.0,-0.06666666666666667,-0.26666666666666666,-1.0,-4.0,3.0,31
322.379638671875,185.32742309570312,37.065484619140626,1000.0,0.0,-0.06666666666666667,-0.2,-1.0,-3.0,3.0,31
456.02911376953125,352.9975280761719,70.59950561523438,1000.0,0.0,-0.06666666666666667,-0.13333333333333333,-1.0,-2.0,3.0,31
432.8359680175781,384.50445556640625,76.90089111328125,1000.0,0.0,-0.06666666666666667,-0.06666666666666667,-1.0,-1.0,3.0,31
472.84844970703125,385.26226806640625,77.05245361328124,1000.0,0.0,-0.06666666666666667,0.0,-1.0,0.0,3.0,31
401.6177062988281,364.55194091796875,72.91038818359375,1000.0,0.0,-0.06666666666666667,0.06666666666666667,-1.0,1.0,3.0,31
469.29730224609375,372.8192443847656,74.56384887695313,1000.0,0.0,-0.06666666666666667,0.13333333333333333,-1.0,2.0,3.0,31
436.7181396484375,302.7867736816406,60.55735473632812,1000.0,0.0,-0.06666666666666667,0.2,-1.0,3.0,3.0,31
203.03562927246094,24.10888671875,4.82177734375,1000.0,0.0,-0.06666666666666667,0.26666666666666666,-1.0,4.0,3.0,31
190.26263427734375,30.313583374023438,6.062716674804688,1000.0,0.0,-0.06666666666666667,0.3333333333333333,-1.0,5.0,3.0,31
202.4708251953125,35.07228088378906,7.014456176757813,1000.0,0.0,-0.06666666666666667,0.4,-1.0,6.0,3.0,31
181.75473022460938,18.02466583251953,3.604933166503906,1000.0,0.0,-0.06666666666666667,0.4666666666666667,-1.0,7.0,3.0,31
193.2576904296875,29.706384658813477,5.941276931762696,1000.0,0.0,-0.06666666666666667,0.5333333333333333,-1.0,8.0,3.0,31
205.3564910888672,29.42787742614746,5.885575485229492,1000.0,0.0,-0.06666666666666667,0.6,-1.0,9.0,3.0,31
228.6513671875,50.128726959228516,10.025745391845703,1000.0,0.0,-0.06666666666666667,0.6666666666666666,-1.0,10.0,3.0,31
244.06195068359375,78.6882095336914,15.737641906738281,1000.0,0.0,-0.06666666666666667,0.7333333333333333,-1.0,11.0,3.0,31
221.08224487304688,49.71653366088867,9.943306732177735,1000.0,0.0,-0.06666666666666667,0.8,-1.0,12.0,3.0,31
209.4788818359375,44.69583511352539,8.939167022705078,1000.0,0.0,-0.06666666666666667,0.8666666666666667,-1.0,13.0,3.0,31
205.36239624023438,36.62697982788086,7.325395965576172,1000.0,0.0,-0.06666666666666667,0.9333333333333333,-1.0,14.0,3.0,31
213.029296875,37.29784393310547,7.459568786621094,1000.0,0.0,-0.06666666666666667,1.0,-1.0,15.0,3.0,31
278.2567138671875,99.562744140625,19.912548828125,1000.0,0.0,0.0,-1.0,0.0,-15.0,3.0,31
256.24560546875,102.18143463134766,20.43628692626953,1000.0,0.0,0.0,-0.9333333333333333,0.0,-14.0,3.0,31
285.4984130859375,108.09317016601562,21.618634033203126,1000.0,0.0,0.0,-0.8666666666666667,0.0,-13.0,3.0,31
282.7047119140625,99.57091522216797,19.914183044433592,1000.0,0.0,0.0,-0.8,0.0,-12.0,3.0,31
331.1151123046875,113.9564208984375,22.7912841796875,1000.0,0.0,0.0,-0.7333333333333333,0.0,-11.0,3.0,31
307.8150634765625,111.21056365966797,22.242112731933595,1000.0,0.0,0.0,-0.6666666666666666,0.0,-10.0,3.0,31
324.69952392578125,104.17205810546875,20.83441162109375,1000.0,0.0,0.0,-0.6,0.0,-9.0,3.0,31
327.8423767089844,150.5515899658203,30.110317993164063,1000.0,0.0,0.0,-0.5333333333333333,0.0,-8.0,3.0,31
343.1322021484375,192.39697265625,38.47939453125,1000.0,0.0,0.0,-0.4666666666666667,0.0,-7.0,3.0,31
362.5877990722656,203.58277893066406,40.716555786132815,1000.0,0.0,0.0,-0.4,0.0,-6.0,3.0,31
322.3574523925781,178.41355895996094,35.68271179199219,1000.0,0.0,0.0,-0.3333333333333333,0.0,-5.0,3.0,31
277.3855285644531,132.52403259277344,26.504806518554688,1000.0,0.0,0.0,-0.26666666666666666,0.0,-4.0,3.0,31
347.8533935546875,188.34231567382812,37.668463134765624,1000.0,0.0,0.0,-0.2,0.0,-3.0,3.0,31
472.1579284667969,345.7441711425781,69.14883422851562,1000.0,0.0,0.0,-0.13333333333333333,0.0,-2.0,3.0,31
463.21405029296875,390.8809509277344,78.17619018554687,1000.0,0.0,0.0,-0.06666666666666667,0.0,-1.0,3.0,31
435.8064880371094,378.6126708984375,75.7225341796875,1000.0,0.0,0.0,0.0,0.0,0.0,3.0,31
434.73077392578125,379.3584289550781,75.87168579101562,1000.0,0.0,0.0,0.06666666666666667,0.0,1.0,3.0,31
430.9809265136719,381.710205078125,76.342041015625,1000.0,0.0,0.0,0.13333333333333333,0.0,2.0,3.0,31
504.6097717285156,335.1380310058594,67.02760620117188,1000.0,0.0,0.0,0.2,0.0,3.0,3.0,31
195.24949645996094,25.392614364624023,5.078522872924805,1000.0,0.0,0.0,0.26666666666666666,0.0,4.0,3.0,31
195.57379150390625,34.945796966552734,6.989159393310547,1000.0,0.0,0.0,0.3333333333333333,0.0,5.0,3.0,31
209.24301147460938,34.476863861083984,6.895372772216797,1000.0,0.0,0.0,0.4,0.0,6.0,3.0,31
210.84251403808594,57.41672897338867,11.483345794677735,1000.0,0.0,0.0,0.4666666666666667,0.0,7.0,3.0,31
233.35768127441406,70.44197082519531,14.088394165039062,1000.0,0.0,0.0,0.5333333333333333,0.0,8.0,3.0,31
231.47508239746094,78.6992416381836,15.739848327636718,1000.0,0.0,0.0,0.6,0.0,9.0,3.0,31
250.39523315429688,84.17021179199219,16.834042358398438,1000.0,0.0,0.0,0.6666666666666666,0.0,10.0,3.0,31
231.0507354736328,60.989959716796875,12.197991943359375,1000.0,0.0,0.0,0.7333333333333333,0.0,11.0,3.0,31
219.87269592285156,53.56421661376953,10.712843322753907,1000.0,0.0,0.0,0.8,0.0,12.0,3.0,31
250.87850952148438,78.58677673339844,15.717355346679687,1000.0,0.0,0.0,0.8666666666666667,0.0,13.0,3.0,31
213.80662536621094,54.7257080078125,10.9451416015625,1000.0,0.0,0.0,0.9333333333333333,0.0,14.0,3.0,31
228.80850219726562,59.10069274902344,11.820138549804687,1000.0,0.0,0.0,1.0,0.0,15.0,3.0,31
222.67201232910156,73.93323516845703,14.786647033691406,1000.0,0.0,0.06666666666666667,-1.0,1.0,-15.0,3.0,31
218.98219299316406,61.40891647338867,12.281783294677734,1000.0,0.0,0.06666666666666667,-0.9333333333333333,1.0,-14.0,3.0,31
211.05274963378906,58.31304931640625,11.66260986328125,1000.0,0.0,0.06666666666666667,-0.8666666666666667,1.0,-13.0,3.0,31
216.41677856445312,51.584774017333984,10.316954803466796,1000.0,0.0,0.06666666666666667,-0.8,1.0,-12.0,3.0,31
222.24813842773438,62.921119689941406,12.58422393798828,1000.0,0.0,0.06666666666666667,-0.7333333333333333,1.0,-11.0,3.0,31
254.6087646484375,65.18262481689453,13.036524963378906,1000.0,0.0,0.06666666666666667,-0.6666666666666666,1.0,-10.0,3.0,31
263.2164306640625,94.0062484741211,18.801249694824218,1000.0,0.0,0.06666666666666667,-0.6,1.0,-9.0,3.0,31
299.1603088378906,96.24835968017578,19.249671936035156,1000.0,0.0,0.06666666666666667,-0.5333333333333333,1.0,-8.0,3.0,31
288.7027893066406,139.57058715820312,27.914117431640626,1000.0,0.0,0.06666666666666667,-0.4666666666666667,1.0,-7.0,3.0,31
297.4168701171875,180.39498901367188,36.07899780273438,1000.0,0.0,0.06666666666666667,-0.4,1.0,-6.0,3.0,31
277.70245361328125,153.3204803466797,30.664096069335937,1000.0,0.0,0.06666666666666667,-0.3333333333333333,1.0,-5.0,3.0,31
294.3741455078125,164.0080108642578,32.80160217285156,1000.0,0.0,0.06666666666666667,-0.26666666666666666,1.0,-4.0,3.0,31
319.61431884765625,153.8034210205078,30.760684204101562,1000.0,0.0,0.06666666666666667,-0.2,1.0,-3.0,3.0,31
455.6116943359375,324.25567626953125,64.85113525390625,1000.0,0.0,0.06666666666666667,-0.13333333333333333,1.0,-2.0,3.0,31
463.1929016113281,384.29986572265625,76.85997314453125,1000.0,0.0,0.06666666666666667,-0.06666666666666667,1.0,-1.0,3.0,31
401.9114074707031,368.9438171386719,73.78876342773438,1000.0,0.0,0.06666666666666667,0.0,1.0,0.0,3.0,31
402.5645446777344,367.9422302246094,73.58844604492188,1000.0,0.0,0.06666666666666667,0.06666666666666667,1.0,1.0,3.0,31
408.2445068359375,364.1061096191406,72.82122192382812,1000.0,0.0,0.06666666666666667,0.13333333333333333,1.0,2.0,3.0,31
337.1224670410156,210.3785400390625,42.0757080078125,1000.0,0.0,0.06666666666666667,0.2,1.0,3.0,3.0,31
193.46640014648438,19.36838150024414,3.873676300048828,1000.0,0.0,0.06666666666666667,0.26666666666666666,1.0,4.0,3.0,31
192.94552612304688,24.867109298706055,4.973421859741211,1000.0,0.0,0.06666666666666667,0.3333333333333333,1.0,5.0,3.0,31
212.26414489746094,47.335693359375,9.467138671875,1000.0,0.0,0.06666666666666667,0.4,1.0,6.0,3.0,31
207.11257934570312,29.910444259643555,5.982088851928711,1000.0,0.0,0.06666666666666667,0.4666666666666667,1.0,7.0,3.0,31
257.5636901855469,77.40373992919922,15.480747985839844,1000.0,0.0,0.06666666666666667,0.5333333333333333,1.0,8.0,3.0,31
236.4663848876953,62.859642028808594,12.571928405761719,1000.0,0.0,0.06666666666666667,0.6,1.0,9.0,3.0,31
228.5458221435547,68.94644927978516,13.789289855957032,1000.0,0.0,0.06666666666666667,0.6666666666666666,1.0,10.0,3.0,31
278.1127014160156,87.41039276123047,17.482078552246094,1000.0,0.0,0.06666666666666667,0.7333333333333333,1.0,11.0,3.0,31
257.4394226074219,63.775115966796875,12.755023193359374,1000.0,0.0,0.06666666666666667,0.8,1.0,12.0,3.0,31
212.67889404296875,56.89163589477539,11.378327178955079,1000.0,0.0,0.06666666666666667,0.8666666666666667,1.0,13.0,3.0,31
229.10618591308594,59.191410064697266,11.838282012939453,1000.0,0.0,0.06666666666666667,0.9333333333333333,1.0,14.0,3.0,31
215.0444793701172,48.50197219848633,9.700394439697266,1000.0,0.0,0.06666666666666667,1.0,1.0,15.0,3.0,31
182.84976196289062,17.26817512512207,3.453635025024414,1000.0,0.0,0.13333333333333333,-1.0,2.0,-15.0,3.0,31
186.3606414794922,25.879608154296875,5.175921630859375,1000.0,0.0,0.13333333333333333,-0.9333333333333333,2.0,-14.0,3.0,31
198.3415069580078,31.725326538085938,6.345065307617188,1000.0,0.0,0.13333333333333333,-0.8666666666666667,2.0,-13.0,3.0,31
197.39027404785156,35.605106353759766,7.121021270751953,1000.0,0.0,0.13333333333333333,-0.8,2.0,-12.0,3.0,31
216.32896423339844,56.94045639038086,11.388091278076171,1000.0,0.0,0.13333333333333333,-0.7333333333333333,2.0,-11.0,3.0,31
245.1421356201172,57.74494171142578,11.548988342285156,1000.0,0.0,0.13333333333333333,-0.6666666666666666,2.0,-10.0,3.0,31
261.4876708984375,68.57862854003906,13.715725708007813,1000.0,0.0,0.13333333333333333,-0.6,2.0,-9.0,3.0,31
223.21336364746094,64.8042984008789,12.960859680175782,1000.0,0.0,0.13333333333333333,-0.5333333333333333,2.0,-8.0,3.0,31
282.6415710449219,119.41801452636719,23.883602905273438,1000.0,0.0,0.13333333333333333,-0.4666666666666667,2.0,-7.0,3.0,31
251.48028564453125,104.83509826660156,20.967019653320314,1000.0,0.0,0.13333333333333333,-0.4,2.0,-6.0,3.0,31
259.02276611328125,130.1664581298828,26.033291625976563,1000.0,0.0,0.13333333333333333,-0.3333333333333333,2.0,-5.0,3.0,31
337.9916076660156,173.75933837890625,34.75186767578125,1000.0,0.0,0.13333333333333333,-0.26666666666666666,2.0,-4.0,3.0,31
309.9844665527344,183.55661010742188,36.71132202148438,1000.0,0.0,0.13333333333333333,-0.2,2.0,-3.0,3.0,31
402.7508239746094,289.0833435058594,57.81666870117188,1000.0,0.0,0.13333333333333333,-0.13333333333333333,2.0,-2.0,3.0,31
440.894775390625,349.065185546875,69.813037109375,1000.0,0.0,0.13333333333333333,-0.06666666666666667,2.0,-1.0,3.0,31
458.6901550292969,355.42510986328125,71.08502197265625,1000.0,0.0,0.13333333333333333,0.0,2.0,0.0,3.0,31
523.133056640625,293.4674987792969,58.69349975585938,1000.0,0.0,0.13333333333333333,0.06666666666666667,2.0,1.0,3.0,31
372.9035949707031,182.6955108642578,36.539102172851564,1000.0,0.0,0.13333333333333333,0.13333333333333333,2.0,2.0,3.0,31
241.34384155273438,71.97920227050781,14.395840454101563,1000.0,0.0,0.13333333333333333,0.2,2.0,3.0,3.0,31
224.74659729003906,50.858489990234375,10.171697998046875,1000.0,0.0,0.13333333333333333,0.26666666666666666,2.0,4.0,3.0,31
210.91830444335938,29.87032127380371,5.9740642547607425,1000.0,0.0,0.13333333333333333,0.3333333333333333,2.0,5.0,3.0,31
216.44540405273438,29.20381736755371,5.8407634735107425,1000.0,0.0,0.13333333333333333,0.4,2.0,6.0,3.0,31
258.43438720703125,65.49047088623047,13.098094177246093,1000.0,0.0,0.13333333333333333,0.4666666666666667,2.0,7.0,3.0,31
258.71270751953125,70.82614135742188,14.165228271484375,1000.0,0.0,0.13333333333333333,0.5333333333333333,2.0,8.0,3.0,31
273.19219970703125,103.05747985839844,20.611495971679688,1000.0,0.0,0.13333333333333333,0.6,2.0,9.0,3.0,31
267.9232177734375,82.10566711425781,16.42113342285156,1000.0,0.0,0.13333333333333333,0.6666666666666666,2.0,10.0,3.0,31
235.3464813232422,72.71878051757812,14.543756103515625,1000.0,0.0,0.13333333333333333,0.7333333333333333,2.0,11.0,3.0,31
257.98956298828125,90.25362396240234,18.05072479248047,1000.0,0.0,0.13333333333333333,0.8,2.0,12.0,3.0,31
250.61312866210938,85.45065307617188,17.090130615234376,1000.0,0.0,0.13333333333333333,0.8666666666666667,2.0,13.0,3.0,31
251.76962280273438,70.1695327758789,14.033906555175781,1000.0,0.0,0.13333333333333333,0.9333333333333333,2.0,14.0,3.0,31
222.3341064453125,72.85507202148438,14.571014404296875,1000.0,0.0,0.13333333333333333,1.0,2.0,15.0,3.0,31
184.15306091308594,19.416484832763672,3.8832969665527344,1000.0,0.0,0.2,-1.0,3.0,-15.0,3.0,31
177.1505889892578,8.279983520507812,1.6559967041015624,1000.0,0.0,0.2,-0.9333333333333333,3.0,-14.0,3.0,31
180.49530029296875,11.366291046142578,2.2732582092285156,1000.0,0.0,0.2,-0.8666666666666667,3.0,-13.0,3.0,31
182.24969482421875,12.794243812561035,2.558848762512207,1000.0,0.0,0.2,-0.8,3.0,-12.0,3.0,31
191.8197021484375,17.940475463867188,3.5880950927734374,1000.0,0.0,0.2,-0.7333333333333333,3.0,-11.0,3.0,31
204.64761352539062,20.706632614135742,4.141326522827148,1000.0,0.0,0.2,-0.6666666666666666,3.0,-10.0,3.0,31
201.20614624023438,17.862533569335938,3.5725067138671873,1000.0,0.0,0.2,-0.6,3.0,-9.0,3.0,31
206.7640838623047,45.23068618774414,9.046137237548828,1000.0,0.0,0.2,-0.5333333333333333,3.0,-8.0,3.0,31
242.5869140625,87.77584838867188,17.555169677734376,1000.0,0.0,0.2,-0.4666666666666667,3.0,-7.0,3.0,31
273.1123962402344,121.78890991210938,24.357781982421876,1000.0,0.0,0.2,-0.4,3.0,-6.0,3.0,31
276.4306945800781,140.5582733154297,28.111654663085936,1000.0,0.0,0.2,-0.3333333333333333,3.0,-5.0,3.0,31
344.31781005859375,155.703857421875,31.140771484375,1000.0,0.0,0.2,-0.26666666666666666,3.0,-4.0,3.0,31
294.13006591796875,150.98291015625,30.19658203125,1000.0,0.0,0.2,-0.2,3.0,-3.0,3.0,31
312.9353332519531,164.12925720214844,32.82585144042969,1000.0,0.0,0.2,-0.13333333333333333,3.0,-2.0,3.0,31
402.05828857421875,234.33143615722656,46.86628723144531,1000.0,0.0,0.2,-0.06666666666666667,3.0,-1.0,3.0,31
483.0362243652344,284.9692077636719,56.993841552734374,1000.0,0.0,0.2,0.0,3.0,0.0,3.0,31
463.0146484375,203.4351806640625,40.6870361328125,1000.0,0.0,0.2,0.06666666666666667,3.0,1.0,3.0,31
280.14837646484375,142.16390991210938,28.432781982421876,1000.0,0.0,0.2,0.13333333333333333,3.0,2.0,3.0,31
307.2248840332031,67.53617858886719,13.507235717773437,1000.0,0.0,0.2,0.2,3.0,3.0,3.0,31
270.974853515625,59.819637298583984,11.963927459716796,1000.0,0.0,0.2,0.26666666666666666,3.0,4.0,3.0,31
227.53042602539062,46.19851303100586,9.239702606201172,1000.0,0.0,0.2,0.3333333333333333,3.0,5.0,3.0,31
269.8372497558594,63.40803527832031,12.681607055664063,1000.0,0.0,0.2,0.4,3.0,6.0,3.0,31
373.9181213378906,83.43449401855469,16.68689880371094,1000.0,0.0,0.2,0.4666666666666667,3.0,7.0,3.0,31
375.2982482910156,101.93597412109375,20.38719482421875,1000.0,0.0,0.2,0.5333333333333333,3.0,8.0,3.0,31
311.7315673828125,111.85907745361328,22.371815490722657,1000.0,0.0,0.2,0.6,3.0,9.0,3.0,31
290.25054931640625,111.39447784423828,22.278895568847656,1000.0,0.0,0.2,0.6666666666666666,3.0,10.0,3.0,31
283.1546630859375,91.77976989746094,18.355953979492188,1000.0,0.0,0.2,0.7333333333333333,3.0,11.0,3.0,31
243.2807159423828,75.0935287475586,15.018705749511719,1000.0,0.0,0.2,0.8,3.0,12.0,3.0,31
266.2353210449219,81.67073822021484,16.334147644042968,1000.0,0.0,0.2,0.8666666666666667,3.0,13.0,3.0,31
241.20843505859375,69.63896179199219,13.927792358398438,1000.0,0.0,0.2,0.9333333333333333,3.0,14.0,3.0,31
239.0651397705078,54.20751953125,10.84150390625,1000.0,0.0,0.2,1.0,3.0,15.0,3.0,31
181.36082458496094,18.241153717041016,3.6482307434082033,1000.0,0.0,0.26666666666666666,-1.0,4.0,-15.0,3.0,31
185.9133758544922,18.814167022705078,3.7628334045410154,1000.0,0.0,0.26666666666666666,-0.9333333333333333,4.0,-14.0,3.0,31
185.18650817871094,15.954381942749023,3.1908763885498046,1000.0,0.0,0.26666666666666666,-0.8666666666666667,4.0,-13.0,3.0,31
189.8281707763672,21.101940155029297,4.220388031005859,1000.0,0.0,0.26666666666666666,-0.8,4.0,-12.0,3.0,31
183.3240203857422,11.787602424621582,2.3575204849243163,1000.0,0.0,0.26666666666666666,-0.7333333333333333,4.0,-11.0,3.0,31
195.33880615234375,20.341089248657227,4.068217849731445,1000.0,0.0,0.26666666666666666,-0.6666666666666666,4.0,-10.0,3.0,31
204.71498107910156,42.826904296875,8.565380859375,1000.0,0.0,0.26666666666666666,-0.6,4.0,-9.0,3.0,31
247.38890075683594,38.300506591796875,7.660101318359375,1000.0,0.0,0.26666666666666666,-0.5333333333333333,4.0,-8.0,3.0,31
264.24627685546875,38.51174545288086,7.702349090576172,1000.0,0.0,0.26666666666666666,-0.4666666666666667,4.0,-7.0,3.0,31
278.8500671386719,86.27017974853516,17.25403594970703,1000.0,0.0,0.26666666666666666,-0.4,4.0,-6.0,3.0,31
304.0600280761719,124.41742706298828,24.883485412597658,1000.0,0.0,0.26666666666666666,-0.3333333333333333,4.0,-5.0,3.0,31
340.7420959472656,119.79299926757812,23.958599853515626,1000.0,0.0,0.26666666666666666,-0.26666666666666666,4.0,-4.0,3.0,31
361.6405334472656,116.13410949707031,23.226821899414062,1000.0,0.0,0.26666666666666666,-0.2,4.0,-3.0,3.0,31
357.2760925292969,169.9666748046875,33.9933349609375,1000.0,0.0,0.26666666666666666,-0.13333333333333333,4.0,-2.0,3.0,31
326.32281494140625,90.13245391845703,18.026490783691408,1000.0,0.0,0.26666666666666666,-0.06666666666666667,4.0,-1.0,3.0,31
476.5898132324219,223.1568145751953,44.63136291503906,1000.0,0.0,0.26666666666666666,0.0,4.0,0.0,3.0,31
490.1280822753906,194.07339477539062,38.81467895507812,1000.0,0.0,0.26666666666666666,0.06666666666666667,4.0,1.0,3.0,31
519.5406494140625,186.88063049316406,37.37612609863281,1000.0,0.0,0.26666666666666666,0.13333333333333333,4.0,2.0,3.0,31
459.93328857421875,143.90130615234375,28.78026123046875,1000.0,0.0,0.26666666666666666,0.2,4.0,3.0,3.0,31
415.10809326171875,121.26978302001953,24.253956604003907,1000.0,0.0,0.26666666666666666,0.26666666666666666,4.0,4.0,3.0,31
442.3836364746094,107.50465393066406,21.500930786132812,1000.0,0.0,0.26666666666666666,0.3333333333333333,4.0,5.0,3.0,31
410.88897705078125,73.12506866455078,14.625013732910157,1000.0,0.0,0.26666666666666666,0.4,4.0,6.0,3.0,31
458.2942199707031,60.67732238769531,12.135464477539063,1000.0,0.0,0.26666666666666666,0.4666666666666667,4.0,7.0,3.0,31
386.1021423339844,104.75091552734375,20.95018310546875,1000.0,0.0,0.26666666666666666,0.5333333333333333,4.0,8.0,3.0,31
337.5130920410156,111.31417083740234,22.26283416748047,1000.0,0.0,0.26666666666666666,0.6,4.0,9.0,3.0,31
319.2173767089844,102.8272476196289,20.565449523925782,1000.0,0.0,0.26666666666666666,0.6666666666666666,4.0,10.0,3.0,31
313.6299743652344,107.20991516113281,21.441983032226563,1000.0,0.0,0.26666666666666666,0.7333333333333333,4.0,11.0,3.0,31
291.2911071777344,112.49085998535156,22.498171997070312,1000.0,0.0,0.26666666666666666,0.8,4.0,12.0,3.0,31
274.7742614746094,89.16973876953125,17.83394775390625,1000.0,0.0,0.26666666666666666,0.8666666666666667,4.0,13.0,3.0,31
269.3897705078125,89.24224853515625,17.84844970703125,1000.0,0.0,0.26666666666666666,0.9333333333333333,4.0,14.0,3.0,31
280.2514343261719,71.03669738769531,14.207339477539062,1000.0,0.0,0.26666666666666666,1.0,4.0,15.0,3.0,31
182.27774047851562,16.356348037719727,3.271269607543945,1000.0,0.0,0.3333333333333333,-1.0,5.0,-15.0,3.0,31
182.5981903076172,13.165721893310547,2.6331443786621094,1000.0,0.0,0.3333333333333333,-0.9333333333333333,5.0,-14.0,3.0,31
183.71218872070312,18.132192611694336,3.626438522338867,1000.0,0.0,0.3333333333333333,-0.8666666666666667,5.0,-13.0,3.0,31
185.5985565185547,12.250934600830078,2.450186920166016,1000.0,0.0,0.3333333333333333,-0.8,5.0,-12.0,3.0,31
206.2582550048828,41.2309455871582,8.24618911743164,1000.0,0.0,0.3333333333333333,-0.7333333333333333,5.0,-11.0,3.0,31
254.4140625,46.2206916809082,9.24413833618164,1000.0,0.0,0.3333333333333333,-0.6666666666666666,5.0,-10.0,3.0,31
259.2338562011719,47.06284713745117,9.412569427490235,1000.0,0.0,0.3333333333333333,-0.6,5.0,-9.0,3.0,31
256.25457763671875,38.538204193115234,7.707640838623047,1000.0,0.0,0.3333333333333333,-0.5333333333333333,5.0,-8.0,3.0,31
264.7754821777344,45.06025314331055,9.01205062866211,1000.0,0.0,0.3333333333333333,-0.4666666666666667,5.0,-7.0,3.0,31
264.5599365234375,72.37171936035156,14.474343872070312,1000.0,0.0,0.3333333333333333,-0.4,5.0,-6.0,3.0,31
307.6303405761719,92.64082336425781,18.528164672851563,1000.0,0.0,0.3333333333333333,-0.3333333333333333,5.0,-5.0,3.0,31
328.40057373046875,93.27410125732422,18.654820251464844,1000.0,0.0,0.3333333333333333,-0.26666666666666666,5.0,-4.0,3.0,31
328.78851318359375,108.25298309326172,21.650596618652344,1000.0,0.0,0.3333333333333333,-0.2,5.0,-3.0,3.0,31
337.95196533203125,130.72764587402344,26.145529174804686,1000.0,0.0,0.3333333333333333,-0.13333333333333333,5.0,-2.0,3.0,31
385.4501953125,189.5663604736328,37.913272094726565,1000.0,0.0,0.3333333333333333,-0.06666666666666667,5.0,-1.0,3.0,31
446.8861999511719,188.36146545410156,37.67229309082031,1000.0,0.0,0.3333333333333333,0.0,5.0,0.0,3.0,31
550.7044677734375,164.3497772216797,32.869955444335936,1000.0,0.0,0.3333333333333333,0.06666666666666667,5.0,1.0,3.0,31
545.9501953125,145.05792236328125,29.01158447265625,1000.0,0.0,0.3333333333333333,0.13333333333333333,5.0,2.0,3.0,31
525.2163696289062,75.819091796875,15.163818359375,1000.0,0.0,0.3333333333333333,0.2,5.0,3.0,3.0,31
502.0548095703125,116.7249526977539,23.344990539550782,1000.0,0.0,0.3333333333333333,0.26666666666666666,5.0,4.0,3.0,31
505.79571533203125,50.062679290771484,10.012535858154298,1000.0,0.0,0.3333333333333333,0.3333333333333333,5.0,5.0,3.0,31
487.35382080078125,77.96871185302734,15.593742370605469,1000.0,0.0,0.3333333333333333,0.4,5.0,6.0,3.0,31
398.34197998046875,123.55001068115234,24.710002136230468,1000.0,0.0,0.3333333333333333,0.4666666666666667,5.0,7.0,3.0,31
393.8419494628906,87.05659484863281,17.411318969726562,1000.0,0.0,0.3333333333333333,0.5333333333333333,5.0,8.0,3.0,31
386.1124267578125,118.7069320678711,23.74138641357422,1000.0,0.0,0.3333333333333333,0.6,5.0,9.0,3.0,31
344.7500915527344,116.8509521484375,23.3701904296875,1000.0,0.0,0.3333333333333333,0.6666666666666666,5.0,10.0,3.0,31
380.2402038574219,87.47605895996094,17.495211791992187,1000.0,0.0,0.3333333333333333,0.7333333333333333,5.0,11.0,3.0,31
341.7664794921875,108.28909301757812,21.657818603515626,1000.0,0.0,0.3333333333333333,0.8,5.0,12.0,3.0,31
319.4247131347656,77.34779357910156,15.469558715820312,1000.0,0.0,0.3333333333333333,0.8666666666666667,5.0,13.0,3.0,31
309.25567626953125,82.39530181884766,16.47906036376953,1000.0,0.0,0.3333333333333333,0.9333333333333333,5.0,14.0,3.0,31
307.22528076171875,87.39446258544922,17.478892517089843,1000.0,0.0,0.3333333333333333,1.0,5.0,15.0,3.0,31
186.7841339111328,19.382495880126953,3.8764991760253906,1000.0,0.0,0.4,-1.0,6.0,-15.0,3.0,31
187.80801391601562,20.273372650146484,4.054674530029297,1000.0,0.0,0.4,-0.9333333333333333,6.0,-14.0,3.0,31
205.02377319335938,36.781028747558594,7.356205749511719,1000.0,0.0,0.4,-0.8666666666666667,6.0,-13.0,3.0,31
218.97222900390625,38.24934005737305,7.649868011474609,1000.0,0.0,0.4,-0.8,6.0,-12.0,3.0,31
250.94065856933594,55.018741607666016,11.003748321533203,1000.0,0.0,0.4,-0.7333333333333333,6.0,-11.0,3.0,31
259.6488037109375,42.760440826416016,8.552088165283203,1000.0,0.0,0.4,-0.6666666666666666,6.0,-10.0,3.0,31
289.04119873046875,43.32851028442383,8.665702056884765,1000.0,0.0,0.4,-0.6,6.0,-9.0,3.0,31
271.3165283203125,43.3501091003418,8.67002182006836,1000.0,0.0,0.4,-0.5333333333333333,6.0,-8.0,3.0,31
273.0810241699219,38.67265319824219,7.734530639648438,1000.0,0.0,0.4,-0.4666666666666667,6.0,-7.0,3.0,31
269.8045959472656,62.549964904785156,12.509992980957032,1000.0,0.0,0.4,-0.4,6.0,-6.0,3.0,31
298.23663330078125,75.25542449951172,15.051084899902344,1000.0,0.0,0.4,-0.3333333333333333,6.0,-5.0,3.0,31
284.0791931152344,64.4712142944336,12.894242858886718,1000.0,0.0,0.4,-0.26666666666666666,6.0,-4.0,3.0,31
289.8021545410156,91.7647705078125,18.3529541015625,1000.0,0.0,0.4,-0.2,6.0,-3.0,3.0,31
273.5528564453125,51.8333854675293,10.36667709350586,1000.0,0.0,0.4,-0.13333333333333333,6.0,-2.0,3.0,31
339.1694030761719,79.60836029052734,15.921672058105468,1000.0,0.0,0.4,-0.06666666666666667,6.0,-1.0,3.0,31
423.9885559082031,165.34442138671875,33.06888427734375,1000.0,0.0,0.4,0.0,6.0,0.0,3.0,31
412.3317565917969,149.72732543945312,29.945465087890625,1000.0,0.0,0.4,0.06666666666666667,6.0,1.0,3.0,31
454.6375732421875,137.20802307128906,27.441604614257812,1000.0,0.0,0.4,0.13333333333333333,6.0,2.0,3.0,31
458.6387939453125,117.06341552734375,23.41268310546875,1000.0,0.0,0.4,0.2,6.0,3.0,3.0,31
479.1637878417969,73.89434051513672,14.778868103027344,1000.0,0.0,0.4,0.26666666666666666,6.0,4.0,3.0,31
488.21600341796875,57.40361022949219,11.480722045898437,1000.0,0.0,0.4,0.3333333333333333,6.0,5.0,3.0,31
460.41461181640625,93.23102569580078,18.646205139160156,1000.0,0.0,0.4,0.4,6.0,6.0,3.0,31
464.24725341796875,64.94761657714844,12.989523315429688,1000.0,0.0,0.4,0.4666666666666667,6.0,7.0,3.0,31
386.84686279296875,92.73336791992188,18.546673583984376,1000.0,0.0,0.4,0.5333333333333333,6.0,8.0,3.0,31
347.6646728515625,105.04928588867188,21.009857177734375,1000.0,0.0,0.4,0.6,6.0,9.0,3.0,31
400.7974548339844,68.75090789794922,13.750181579589844,1000.0,0.0,0.4,0.6666666666666666,6.0,10.0,3.0,31
410.0543212890625,55.60478210449219,11.120956420898438,1000.0,0.0,0.4,0.7333333333333333,6.0,11.0,3.0,31
373.7562255859375,63.94923400878906,12.789846801757813,1000.0,0.0,0.4,0.8,6.0,12.0,3.0,31
371.7752380371094,78.72248077392578,15.744496154785157,1000.0,0.0,0.4,0.8666666666666667,6.0,13.0,3.0,31
332.70062255859375,93.81916046142578,18.763832092285156,1000.0,0.0,0.4,0.9333333333333333,6.0,14.0,3.0,31
326.7749938964844,77.06161499023438,15.412322998046875,1000.0,0.0,0.4,1.0,6.0,15.0,3.0,31
186.9143524169922,16.442914962768555,3.288582992553711,1000.0,0.0,0.4666666666666667,-1.0,7.0,-15.0,3.0,31
208.63958740234375,41.4250602722168,8.28501205444336,1000.0,0.0,0.4666666666666667,-0.9333333333333333,7.0,-14.0,3.0,31
217.93003845214844,41.6198616027832,8.32397232055664,1000.0,0.0,0.4666666666666667,-0.8666666666666667,7.0,-13.0,3.0,31
245.24209594726562,53.96036911010742,10.792073822021484,1000.0,0.0,0.4666666666666667,-0.8,7.0,-12.0,3.0,31
270.12408447265625,56.7198486328125,11.3439697265625,1000.0,0.0,0.4666666666666667,-0.7333333333333333,7.0,-11.0,3.0,31
284.85906982421875,39.54184341430664,7.908368682861328,1000.0,0.0,0.4666666666666667,-0.6666666666666666,7.0,-10.0,3.0,31
285.7655029296875,36.237701416015625,7.247540283203125,1000.0,0.0,0.4666666666666667,-0.6,7.0,-9.0,3.0,31
288.7320556640625,44.922462463378906,8.98449249267578,1000.0,0.0,0.4666666666666667,-0.5333333333333333,7.0,-8.0,3.0,31
299.3744201660156,42.578922271728516,8.515784454345702,1000.0,0.0,0.4666666666666667,-0.4666666666666667,7.0,-7.0,3.0,31
285.9627685546875,66.26980590820312,13.253961181640625,1000.0,0.0,0.4666666666666667,-0.4,7.0,-6.0,3.0,31
273.2130126953125,67.59949493408203,13.519898986816406,1000.0,0.0,0.4666666666666667,-0.3333333333333333,7.0,-5.0,3.0,31
263.999267578125,41.63735580444336,8.327471160888672,1000.0,0.0,0.4666666666666667,-0.26666666666666666,7.0,-4.0,3.0,31
228.39810180664062,44.56991958618164,8.913983917236328,1000.0,0.0,0.4666666666666667,-0.2,7.0,-3.0,3.0,31
225.55784606933594,46.450721740722656,9.290144348144532,1000.0,0.0,0.4666666666666667,-0.13333333333333333,7.0,-2.0,3.0,31
270.1609191894531,45.617794036865234,9.123558807373048,1000.0,0.0,0.4666666666666667,-0.06666666666666667,7.0,-1.0,3.0,31
294.5572509765625,62.59812545776367,12.519625091552735,1000.0,0.0,0.4666666666666667,0.0,7.0,0.0,3.0,31
391.8662109375,109.98342895507812,21.996685791015626,1000.0,0.0,0.4666666666666667,0.06666666666666667,7.0,1.0,3.0,31
403.16949462890625,102.20882415771484,20.44176483154297,1000.0,0.0,0.4666666666666667,0.13333333333333333,7.0,2.0,3.0,31
421.8716125488281,88.77143096923828,17.754286193847655,1000.0,0.0,0.4666666666666667,0.2,7.0,3.0,3.0,31
407.9847717285156,116.90547180175781,23.38109436035156,1000.0,0.0,0.4666666666666667,0.26666666666666666,7.0,4.0,3.0,31
441.8924865722656,86.26795959472656,17.25359191894531,1000.0,0.0,0.4666666666666667,0.3333333333333333,7.0,5.0,3.0,31
466.3414001464844,36.815975189208984,7.3631950378417965,1000.0,0.0,0.4666666666666667,0.4,7.0,6.0,3.0,31
438.85308837890625,93.38610076904297,18.677220153808594,1000.0,0.0,0.4666666666666667,0.4666666666666667,7.0,7.0,3.0,31
381.16485595703125,125.7837905883789,25.156758117675782,1000.0,0.0,0.4666666666666667,0.5333333333333333,7.0,8.0,3.0,31
405.2919921875,61.70417022705078,12.340834045410157,1000.0,0.0,0.4666666666666667,0.6,7.0,9.0,3.0,31
400.7113037109375,64.17068481445312,12.834136962890625,1000.0,0.0,0.4666666666666667,0.6666666666666666,7.0,10.0,3.0,31
359.80328369140625,60.28450012207031,12.056900024414062,1000.0,0.0,0.4666666666666667,0.7333333333333333,7.0,11.0,3.0,31
372.4656677246094,70.96153259277344,14.192306518554688,1000.0,0.0,0.4666666666666667,0.8,7.0,12.0,3.0,31
366.0397644042969,81.80389404296875,16.36077880859375,1000.0,0.0,0.4666666666666667,0.8666666666666667,7.0,13.0,3.0,31
353.7314453125,80.13367462158203,16.026734924316408,1000.0,0.0,0.4666666666666667,0.9333333333333333,7.0,14.0,3.0,31
305.55908203125,90.44722747802734,18.089445495605467,1000.0,0.0,0.4666666666666667,1.0,7.0,15.0,3.0,31
214.4371337890625,35.71609878540039,7.143219757080078,1000.0,0.0,0.5333333333333333,-1.0,8.0,-15.0,3.0,31
243.58096313476562,45.20252227783203,9.040504455566406,1000.0,0.0,0.5333333333333333,-0.9333333333333333,8.0,-14.0,3.0,31
261.4044494628906,54.548973083496094,10.90979461669922,1000.0,0.0,0.5333333333333333,-0.8666666666666667,8.0,-13.0,3.0,31
293.4820556640625,51.199867248535156,10.239973449707032,1000.0,0.0,0.5333333333333333,-0.8,8.0,-12.0,3.0,31
289.8091735839844,32.931434631347656,6.586286926269532,1000.0,0.0,0.5333333333333333,-0.7333333333333333,8.0,-11.0,3.0,31
283.0716552734375,33.519012451171875,6.703802490234375,1000.0,0.0,0.5333333333333333,-0.6666666666666666,8.0,-10.0,3.0,31
276.21051025390625,30.053363800048828,6.010672760009766,1000.0,0.0,0.5333333333333333,-0.6,8.0,-9.0,3.0,31
287.1424255371094,38.6533203125,7.7306640625,1000.0,0.0,0.5333333333333333,-0.5333333333333333,8.0,-8.0,3.0,31
277.2719421386719,42.65777587890625,8.53155517578125,1000.0,0.0,0.5333333333333333,-0.4666666666666667,8.0,-7.0,3.0,31
260.9414367675781,59.62784194946289,11.925568389892579,1000.0,0.0,0.5333333333333333,-0.4,8.0,-6.0,3.0,31
236.1709747314453,42.7733039855957,8.55466079711914,1000.0,0.0,0.5333333333333333,-0.3333333333333333,8.0,-5.0,3.0,31
240.21035766601562,36.44874954223633,7.2897499084472654,1000.0,0.0,0.5333333333333333,-0.26666666666666666,8.0,-4.0,3.0,31
212.92771911621094,36.83509826660156,7.3670196533203125,1000.0,0.0,0.5333333333333333,-0.2,8.0,-3.0,3.0,31
211.35169982910156,37.8150749206543,7.563014984130859,1000.0,0.0,0.5333333333333333,-0.13333333333333333,8.0,-2.0,3.0,31
256.0815734863281,36.25003433227539,7.250006866455078,1000.0,0.0,0.5333333333333333,-0.06666666666666667,8.0,-1.0,3.0,31
229.35848999023438,43.36396789550781,8.672793579101562,1000.0,0.0,0.5333333333333333,0.0,8.0,0.0,3.0,31
302.9925842285156,63.562232971191406,12.712446594238282,1000.0,0.0,0.5333333333333333,0.06666666666666667,8.0,1.0,3.0,31
315.4180908203125,93.05879211425781,18.611758422851562,1000.0,0.0,0.5333333333333333,0.13333333333333333,8.0,2.0,3.0,31
397.7921447753906,56.899566650390625,11.379913330078125,1000.0,0.0,0.5333333333333333,0.2,8.0,3.0,3.0,31
375.4124755859375,88.83682250976562,17.767364501953125,1000.0,0.0,0.5333333333333333,0.26666666666666666,8.0,4.0,3.0,31
365.7167053222656,95.4474105834961,19.08948211669922,1000.0,0.0,0.5333333333333333,0.3333333333333333,8.0,5.0,3.0,31
440.36541748046875,56.9095458984375,11.3819091796875,1000.0,0.0,0.5333333333333333,0.4,8.0,6.0,3.0,31
440.60614013671875,77.72046661376953,15.544093322753906,1000.0,0.0,0.5333333333333333,0.4666666666666667,8.0,7.0,3.0,31
379.3197021484375,108.5652847290039,21.71305694580078,1000.0,0.0,0.5333333333333333,0.5333333333333333,8.0,8.0,3.0,31
406.2752990722656,80.66752624511719,16.133505249023436,1000.0,0.0,0.5333333333333333,0.6,8.0,9.0,3.0,31
402.8802490234375,81.52218627929688,16.304437255859376,1000.0,0.0,0.5333333333333333,0.6666666666666666,8.0,10.0,3.0,31
382.4641418457031,66.06044006347656,13.212088012695313,1000.0,0.0,0.5333333333333333,0.7333333333333333,8.0,11.0,3.0,31
397.21624755859375,55.105289459228516,11.021057891845704,1000.0,0.0,0.5333333333333333,0.8,8.0,12.0,3.0,31
374.0243225097656,53.70680618286133,10.741361236572265,1000.0,0.0,0.5333333333333333,0.8666666666666667,8.0,13.0,3.0,31
370.27215576171875,78.00732421875,15.60146484375,1000.0,0.0,0.5333333333333333,0.9333333333333333,8.0,14.0,3.0,31
357.9291687011719,61.51497268676758,12.302994537353516,1000.0,0.0,0.5333333333333333,1.0,8.0,15.0,3.0,31
258.043212890625,63.349281311035156,12.66985626220703,1000.0,0.0,0.6,-1.0,9.0,-15.0,3.0,31
283.3138122558594,59.97296905517578,11.994593811035156,1000.0,0.0,0.6,-0.9333333333333333,9.0,-14.0,3.0,31
304.0116882324219,53.034019470214844,10.606803894042969,1000.0,0.0,0.6,-0.8666666666666667,9.0,-13.0,3.0,31
283.0152587890625,38.72809600830078,7.745619201660157,1000.0,0.0,0.6,-0.8,9.0,-12.0,3.0,31
280.71075439453125,40.741058349609375,8.148211669921874,1000.0,0.0,0.6,-0.7333333333333333,9.0,-11.0,3.0,31
278.2882385253906,36.25949478149414,7.251898956298828,1000.0,0.0,0.6,-0.6666666666666666,9.0,-10.0,3.0,31
273.5054931640625,49.58368682861328,9.916737365722657,1000.0,0.0,0.6,-0.6,9.0,-9.0,3.0,31
283.3486633300781,39.01915740966797,7.803831481933594,1000.0,0.0,0.6,-0.5333333333333333,9.0,-8.0,3.0,31
237.37547302246094,37.12760925292969,7.4255218505859375,1000.0,0.0,0.6,-0.4666666666666667,9.0,-7.0,3.0,31
231.9633331298828,47.89399719238281,9.578799438476562,1000.0,0.0,0.6,-0.4,9.0,-6.0,3.0,31
217.0924835205078,37.03725051879883,7.407450103759766,1000.0,0.0,0.6,-0.3333333333333333,9.0,-5.0,3.0,31
199.45889282226562,28.81095314025879,5.762190628051758,1000.0,0.0,0.6,-0.26666666666666666,9.0,-4.0,3.0,31
218.3026580810547,37.65656280517578,7.531312561035156,1000.0,0.0,0.6,-0.2,9.0,-3.0,3.0,31
208.00180053710938,23.39830207824707,4.679660415649414,1000.0,0.0,0.6,-0.13333333333333333,9.0,-2.0,3.0,31
242.24395751953125,39.1574592590332,7.831491851806641,1000.0,0.0,0.6,-0.06666666666666667,9.0,-1.0,3.0,31
253.67562866210938,36.327980041503906,7.265596008300781,1000.0,0.0,0.6,0.0,9.0,0.0,3.0,31
272.38763427734375,60.62733459472656,12.125466918945312,1000.0,0.0,0.6,0.06666666666666667,9.0,1.0,3.0,31
294.837646484375,68.73677825927734,13.747355651855468,1000.0,0.0,0.6,0.13333333333333333,9.0,2.0,3.0,31
326.36944580078125,84.02828979492188,16.805657958984376,1000.0,0.0,0.6,0.2,9.0,3.0,3.0,31
347.573486328125,65.64839935302734,13.129679870605468,1000.0,0.0,0.6,0.26666666666666666,9.0,4.0,3.0,31
355.72344970703125,69.9455795288086,13.989115905761718,1000.0,0.0,0.6,0.3333333333333333,9.0,5.0,3.0,31
375.7708740234375,75.72383117675781,15.144766235351563,1000.0,0.0,0.6,0.4,9.0,6.0,3.0,31
384.8437194824219,78.65058898925781,15.730117797851562,1000.0,0.0,0.6,0.4666666666666667,9.0,7.0,3.0,31
384.49176025390625,103.42821502685547,20.685643005371094,1000.0,0.0,0.6,0.5333333333333333,9.0,8.0,3.0,31
324.56182861328125,102.69921112060547,20.539842224121095,1000.0,0.0,0.6,0.6,9.0,9.0,3.0,31
397.5881652832031,63.66884231567383,12.733768463134766,1000.0,0.0,0.6,0.6666666666666666,9.0,10.0,3.0,31
386.110107421875,101.98480987548828,20.396961975097657,1000.0,0.0,0.6,0.7333333333333333,9.0,11.0,3.0,31
365.1354675292969,88.39215850830078,17.678431701660156,1000.0,0.0,0.6,0.8,9.0,12.0,3.0,31
390.1495056152344,63.10007095336914,12.620014190673828,1000.0,0.0,0.6,0.8666666666666667,9.0,13.0,3.0,31
382.13165283203125,70.29866027832031,14.059732055664062,1000.0,0.0,0.6,0.9333333333333333,9.0,14.0,3.0,31
376.214599609375,71.20980072021484,14.241960144042968,1000.0,0.0,0.6,1.0,9.0,15.0,3.0,31
274.70330810546875,47.101951599121094,9.420390319824218,1000.0,0.0,0.6666666666666666,-1.0,10.0,-15.0,3.0,31
276.35382080078125,53.93411636352539,10.786823272705078,1000.0,0.0,0.6666666666666666,-0.9333333333333333,10.0,-14.0,3.0,31
295.6104736328125,36.33040237426758,7.266080474853515,1000.0,0.0,0.6666666666666666,-0.8666666666666667,10.0,-13.0,3.0,31
286.31439208984375,35.86691665649414,7.173383331298828,1000.0,0.0,0.6666666666666666,-0.8,10.0,-12.0,3.0,31
276.9333801269531,37.96403884887695,7.592807769775391,1000.0,0.0,0.6666666666666666,-0.7333333333333333,10.0,-11.0,3.0,31
272.2762756347656,27.300479888916016,5.460095977783203,1000.0,0.0,0.6666666666666666,-0.6666666666666666,10.0,-10.0,3.0,31
274.88525390625,44.30713653564453,8.861427307128906,1000.0,0.0,0.6666666666666666,-0.6,10.0,-9.0,3.0,31
233.46849060058594,35.048423767089844,7.009684753417969,1000.0,0.0,0.6666666666666666,-0.5333333333333333,10.0,-8.0,3.0,31
238.93597412109375,29.176410675048828,5.8352821350097654,1000.0,0.0,0.6666666666666666,-0.4666666666666667,10.0,-7.0,3.0,31
215.09376525878906,32.27668762207031,6.4553375244140625,1000.0,0.0,0.6666666666666666,-0.4,10.0,-6.0,3.0,31
219.3733367919922,35.917015075683594,7.183403015136719,1000.0,0.0,0.6666666666666666,-0.3333333333333333,10.0,-5.0,3.0,31
213.7915496826172,32.4946403503418,6.498928070068359,1000.0,0.0,0.6666666666666666,-0.26666666666666666,10.0,-4.0,3.0,31
216.8267822265625,38.146331787109375,7.629266357421875,1000.0,0.0,0.6666666666666666,-0.2,10.0,-3.0,3.0,31
217.76332092285156,38.152008056640625,7.630401611328125,1000.0,0.0,0.6666666666666666,-0.13333333333333333,10.0,-2.0,3.0,31
260.5829772949219,34.42877197265625,6.88575439453125,1000.0,0.0,0.6666666666666666,-0.06666666666666667,10.0,-1.0,3.0,31
256.7226867675781,31.48448944091797,6.296897888183594,1000.0,0.0,0.6666666666666666,0.0,10.0,0.0,3.0,31
247.6754913330078,39.006202697753906,7.801240539550781,1000.0,0.0,0.6666666666666666,0.06666666666666667,10.0,1.0,3.0,31
255.78118896484375,38.82952880859375,7.76590576171875,1000.0,0.0,0.6666666666666666,0.13333333333333333,10.0,2.0,3.0,31
275.0342712402344,56.85373306274414,11.370746612548828,1000.0,0.0,0.6666666666666666,0.2,10.0,3.0,3.0,31
292.6266784667969,67.53237915039062,13.506475830078125,1000.0,0.0,0.6666666666666666,0.26666666666666666,10.0,4.0,3.0,31
305.4595642089844,76.07280731201172,15.214561462402344,1000.0,0.0,0.6666666666666666,0.3333333333333333,10.0,5.0,3.0,31
324.7167053222656,74.81255340576172,14.962510681152343,1000.0,0.0,0.6666666666666666,0.4,10.0,6.0,3.0,31
316.7127990722656,94.15200805664062,18.830401611328124,1000.0,0.0,0.6666666666666666,0.4666666666666667,10.0,7.0,3.0,31
371.8498840332031,77.41597747802734,15.483195495605468,1000.0,0.0,0.6666666666666666,0.5333333333333333,10.0,8.0,3.0,31
344.59552001953125,96.24919128417969,19.249838256835936,1000.0,0.0,0.6666666666666666,0.6,10.0,9.0,3.0,31
314.7048645019531,81.74053192138672,16.348106384277344,1000.0,0.0,0.6666666666666666,0.6666666666666666,10.0,10.0,3.0,31
382.0760192871094,66.81367492675781,13.362734985351562,1000.0,0.0,0.6666666666666666,0.7333333333333333,10.0,11.0,3.0,31
372.0189208984375,88.46907806396484,17.693815612792967,1000.0,0.0,0.6666666666666666,0.8,10.0,12.0,3.0,31
345.2109069824219,73.70378875732422,14.740757751464844,1000.0,0.0,0.6666666666666666,0.8666666666666667,10.0,13.0,3.0,31
358.7196044921875,79.9872817993164,15.997456359863282,1000.0,0.0,0.6666666666666666,0.9333333333333333,10.0,14.0,3.0,31
379.26824951171875,49.78253173828125,9.95650634765625,1000.0,0.0,0.6666666666666666,1.0,10.0,15.0,3.0,31
300.310546875,54.05950927734375,10.81190185546875,1000.0,0.0,0.7333333333333333,-1.0,11.0,-15.0,3.0,31
268.5780334472656,52.641143798828125,10.528228759765625,1000.0,0.0,0.7333333333333333,-0.9333333333333333,11.0,-14.0,3.0,31
297.021240234375,41.63336181640625,8.32667236328125,1000.0,0.0,0.7333333333333333,-0.8666666666666667,11.0,-13.0,3.0,31
277.9836730957031,35.999366760253906,7.199873352050782,1000.0,0.0,0.7333333333333333,-0.8,11.0,-12.0,3.0,31
284.9297790527344,41.23743438720703,8.247486877441407,1000.0,0.0,0.7333333333333333,-0.7333333333333333,11.0,-11.0,3.0,31
266.0067138671875,33.524959564208984,6.7049919128417965,1000.0,0.0,0.7333333333333333,-0.6666666666666666,11.0,-10.0,3.0,31
234.5363311767578,27.948429107666016,5.5896858215332035,1000.0,0.0,0.7333333333333333,-0.6,11.0,-9.0,3.0,31
221.07345581054688,33.04366683959961,6.608733367919922,1000.0,0.0,0.7333333333333333,-0.5333333333333333,11.0,-8.0,3.0,31
218.63070678710938,34.630088806152344,6.926017761230469,1000.0,0.0,0.7333333333333333,-0.4666666666666667,11.0,-7.0,3.0,31
219.61814880371094,29.957300186157227,5.9914600372314455,1000.0,0.0,0.7333333333333333,-0.4,11.0,-6.0,3.0,31
208.1131591796875,21.868518829345703,4.3737037658691404,1000.0,0.0,0.7333333333333333,-0.3333333333333333,11.0,-5.0,3.0,31
212.93968200683594,32.78116226196289,6.556232452392578,1000.0,0.0,0.7333333333333333,-0.26666666666666666,11.0,-4.0,3.0,31
215.58636474609375,35.65435028076172,7.130870056152344,1000.0,0.0,0.7333333333333333,-0.2,11.0,-3.0,3.0,31
213.80003356933594,34.16153335571289,6.832306671142578,1000.0,0.0,0.7333333333333333,-0.13333333333333333,11.0,-2.0,3.0,31
256.0359191894531,32.82128143310547,6.564256286621093,1000.0,0.0,0.7333333333333333,-0.06666666666666667,11.0,-1.0,3.0,31
248.13255310058594,35.16533660888672,7.033067321777343,1000.0,0.0,0.7333333333333333,0.0,11.0,0.0,3.0,31
254.42520141601562,33.60789489746094,6.721578979492188,1000.0,0.0,0.7333333333333333,0.06666666666666667,11.0,1.0,3.0,31
242.70025634765625,44.566829681396484,8.913365936279297,1000.0,0.0,0.7333333333333333,0.13333333333333333,11.0,2.0,3.0,31
263.382568359375,57.83734130859375,11.56746826171875,1000.0,0.0,0.7333333333333333,0.2,11.0,3.0,3.0,31
290.5628967285156,75.5350341796875,15.1070068359375,1000.0,0.0,0.7333333333333333,0.26666666666666666,11.0,4.0,3.0,31
290.96966552734375,76.1516342163086,15.230326843261718,1000.0,0.0,0.7333333333333333,0.3333333333333333,11.0,5.0,3.0,31
285.3060302734375,70.72882080078125,14.14576416015625,1000.0,0.0,0.7333333333333333,0.4,11.0,6.0,3.0,31
329.4150390625,81.0893783569336,16.217875671386718,1000.0,0.0,0.7333333333333333,0.4666666666666667,11.0,7.0,3.0,31
347.49273681640625,79.90859985351562,15.981719970703125,1000.0,0.0,0.7333333333333333,0.5333333333333333,11.0,8.0,3.0,31
366.37164306640625,91.60851287841797,18.321702575683595,1000.0,0.0,0.7333333333333333,0.6,11.0,9.0,3.0,31
373.2955322265625,94.12413024902344,18.824826049804688,1000.0,0.0,0.7333333333333333,0.6666666666666666,11.0,10.0,3.0,31
337.1123352050781,97.70280456542969,19.540560913085937,1000.0,0.0,0.7333333333333333,0.7333333333333333,11.0,11.0,3.0,31
361.6619873046875,93.84029388427734,18.76805877685547,1000.0,0.0,0.7333333333333333,0.8,11.0,12.0,3.0,31
313.1514892578125,81.31646728515625,16.26329345703125,1000.0,0.0,0.7333333333333333,0.8666666666666667,11.0,13.0,3.0,31
364.2037353515625,67.79182434082031,13.558364868164062,1000.0,0.0,0.7333333333333333,0.9333333333333333,11.0,14.0,3.0,31
360.5047302246094,85.6135482788086,17.122709655761717,1000.0,0.0,0.7333333333333333,1.0,11.0,15.0,3.0,31
288.4850158691406,53.68048858642578,10.736097717285157,1000.0,0.0,0.8,-1.0,12.0,-15.0,3.0,31
290.1654968261719,45.79222106933594,9.158444213867188,1000.0,0.0,0.8,-0.9333333333333333,12.0,-14.0,3.0,31
256.3089294433594,50.089744567871094,10.01794891357422,1000.0,0.0,0.8,-0.8666666666666667,12.0,-13.0,3.0,31
260.3199462890625,35.72317886352539,7.144635772705078,1000.0,0.0,0.8,-0.8,12.0,-12.0,3.0,31
243.36521911621094,41.587833404541016,8.317566680908204,1000.0,0.0,0.8,-0.7333333333333333,12.0,-11.0,3.0,31
240.8070831298828,43.93086624145508,8.786173248291016,1000.0,0.0,0.8,-0.6666666666666666,12.0,-10.0,3.0,31
217.40025329589844,27.516796112060547,5.50335922241211,1000.0,0.0,0.8,-0.6,12.0,-9.0,3.0,31
218.97000122070312,31.543458938598633,6.308691787719726,1000.0,0.0,0.8,-0.5333333333333333,12.0,-8.0,3.0,31
212.35218811035156,26.858257293701172,5.371651458740234,1000.0,0.0,0.8,-0.4666666666666667,12.0,-7.0,3.0,31
224.46595764160156,34.579063415527344,6.915812683105469,1000.0,0.0,0.8,-0.4,12.0,-6.0,3.0,31
222.6894073486328,29.79790687561035,5.95958137512207,1000.0,0.0,0.8,-0.3333333333333333,12.0,-5.0,3.0,31
212.2862091064453,30.684066772460938,6.136813354492188,1000.0,0.0,0.8,-0.26666666666666666,12.0,-4.0,3.0,31
223.43310546875,32.724090576171875,6.544818115234375,1000.0,0.0,0.8,-0.2,12.0,-3.0,3.0,31
219.630859375,37.96006774902344,7.592013549804688,1000.0,0.0,0.8,-0.13333333333333333,12.0,-2.0,3.0,31
245.79847717285156,27.125364303588867,5.425072860717774,1000.0,0.0,0.8,-0.06666666666666667,12.0,-1.0,3.0,31
255.27023315429688,33.045719146728516,6.609143829345703,1000.0,0.0,0.8,0.0,12.0,0.0,3.0,31
259.7930908203125,23.628334045410156,4.725666809082031,1000.0,0.0,0.8,0.06666666666666667,12.0,1.0,3.0,31
242.4385528564453,43.78704071044922,8.757408142089844,1000.0,0.0,0.8,0.13333333333333333,12.0,2.0,3.0,31
227.83082580566406,38.61764907836914,7.723529815673828,1000.0,0.0,0.8,0.2,12.0,3.0,3.0,31
246.1164093017578,57.357234954833984,11.471446990966797,1000.0,0.0,0.8,0.26666666666666666,12.0,4.0,3.0,31
254.51197814941406,59.11550521850586,11.823101043701172,1000.0,0.0,0.8,0.3333333333333333,12.0,5.0,3.0,31
291.1756591796875,68.7474365234375,13.7494873046875,1000.0,0.0,0.8,0.4,12.0,6.0,3.0,31
307.6957702636719,77.25000762939453,15.450001525878907,1000.0,0.0,0.8,0.4666666666666667,12.0,7.0,3.0,31
329.265625,64.30712890625,12.86142578125,1000.0,0.0,0.8,0.5333333333333333,12.0,8.0,3.0,31
345.03533935546875,68.10247802734375,13.62049560546875,1000.0,0.0,0.8,0.6,12.0,9.0,3.0,31
332.8097229003906,99.51898193359375,19.90379638671875,1000.0,0.0,0.8,0.6666666666666666,12.0,10.0,3.0,31
340.1918029785156,106.26740264892578,21.253480529785158,1000.0,0.0,0.8,0.7333333333333333,12.0,11.0,3.0,31
366.98419189453125,94.33858489990234,18.867716979980468,1000.0,0.0,0.8,0.8,12.0,12.0,3.0,31
369.3004150390625,74.9107666015625,14.9821533203125,1000.0,0.0,0.8,0.8666666666666667,12.0,13.0,3.0,31
346.2694396972656,76.93449401855469,15.386898803710938,1000.0,0.0,0.8,0.9333333333333333,12.0,14.0,3.0,31
357.42596435546875,65.47350311279297,13.094700622558594,1000.0,0.0,0.8,1.0,12.0,15.0,3.0,31
280.3462219238281,53.268333435058594,10.653666687011718,1000.0,0.0,0.8666666666666667,-1.0,13.0,-15.0,3.0,31
258.8239440917969,52.45592498779297,10.491184997558594,1000.0,0.0,0.8666666666666667,-0.9333333333333333,13.0,-14.0,3.0,31
253.9480438232422,48.775360107421875,9.755072021484375,1000.0,0.0,0.8666666666666667,-0.8666666666666667,13.0,-13.0,3.0,31
248.79428100585938,48.76957702636719,9.753915405273437,1000.0,0.0,0.8666666666666667,-0.8,13.0,-12.0,3.0,31
249.3999786376953,50.53505325317383,10.107010650634766,1000.0,0.0,0.8666666666666667,-0.7333333333333333,13.0,-11.0,3.0,31
231.95095825195312,33.96879577636719,6.793759155273437,1000.0,0.0,0.8666666666666667,-0.6666666666666666,13.0,-10.0,3.0,31
216.83978271484375,27.940223693847656,5.588044738769531,1000.0,0.0,0.8666666666666667,-0.6,13.0,-9.0,3.0,31
207.01902770996094,29.174955368041992,5.834991073608398,1000.0,0.0,0.8666666666666667,-0.5333333333333333,13.0,-8.0,3.0,31
245.1429901123047,24.050580978393555,4.810116195678711,1000.0,0.0,0.8666666666666667,-0.4666666666666667,13.0,-7.0,3.0,31
229.37693786621094,33.98582458496094,6.7971649169921875,1000.0,0.0,0.8666666666666667,-0.4,13.0,-6.0,3.0,31
227.1717529296875,44.27523422241211,8.855046844482422,1000.0,0.0,0.8666666666666667,-0.3333333333333333,13.0,-5.0,3.0,31
214.48556518554688,28.77166748046875,5.75433349609375,1000.0,0.0,0.8666666666666667,-0.26666666666666666,13.0,-4.0,3.0,31
215.81515502929688,32.205745697021484,6.441149139404297,1000.0,0.0,0.8666666666666667,-0.2,13.0,-3.0,3.0,31
205.69619750976562,27.312482833862305,5.462496566772461,1000.0,0.0,0.8666666666666667,-0.13333333333333333,13.0,-2.0,3.0,31
250.7382354736328,29.39842987060547,5.879685974121093,1000.0,0.0,0.8666666666666667,-0.06666666666666667,13.0,-1.0,3.0,31
252.57923889160156,36.82613754272461,7.365227508544922,1000.0,0.0,0.8666666666666667,0.0,13.0,0.0,3.0,31
257.4059753417969,28.84187889099121,5.7683757781982425,1000.0,0.0,0.8666666666666667,0.06666666666666667,13.0,1.0,3.0,31
239.44210815429688,34.91226577758789,6.982453155517578,1000.0,0.0,0.8666666666666667,0.13333333333333333,13.0,2.0,3.0,31
241.20359802246094,55.22816848754883,11.045633697509766,1000.0,0.0,0.8666666666666667,0.2,13.0,3.0,3.0,31
251.7969207763672,60.890018463134766,12.178003692626953,1000.0,0.0,0.8666666666666667,0.26666666666666666,13.0,4.0,3.0,31
236.1812286376953,47.5721435546875,9.5144287109375,1000.0,0.0,0.8666666666666667,0.3333333333333333,13.0,5.0,3.0,31
255.970703125,60.593692779541016,12.118738555908203,1000.0,0.0,0.8666666666666667,0.4,13.0,6.0,3.0,31
275.2621765136719,63.874366760253906,12.774873352050781,1000.0,0.0,0.8666666666666667,0.4666666666666667,13.0,7.0,3.0,31
343.9353942871094,77.48189544677734,15.496379089355468,1000.0,0.0,0.8666666666666667,0.5333333333333333,13.0,8.0,3.0,31
337.8515930175781,50.246429443359375,10.049285888671875,1000.0,0.0,0.8666666666666667,0.6,13.0,9.0,3.0,31
363.6485595703125,85.53630828857422,17.107261657714844,1000.0,0.0,0.8666666666666667,0.6666666666666666,13.0,10.0,3.0,31
332.4668884277344,97.08061218261719,19.416122436523438,1000.0,0.0,0.8666666666666667,0.7333333333333333,13.0,11.0,3.0,31
302.2384948730469,87.45318603515625,17.49063720703125,1000.0,0.0,0.8666666666666667,0.8,13.0,12.0,3.0,31
317.0496826171875,95.06979370117188,19.013958740234376,1000.0,0.0,0.8666666666666667,0.8666666666666667,13.0,13.0,3.0,31
384.6737976074219,65.4573974609375,13.0914794921875,1000.0,0.0,0.8666666666666667,0.9333333333333333,13.0,14.0,3.0,31
319.5540466308594,75.96685791015625,15.19337158203125,1000.0,0.0,0.8666666666666667,1.0,13.0,15.0,3.0,31
253.9449462890625,43.728572845458984,8.745714569091797,1000.0,0.0,0.9333333333333333,-1.0,14.0,-15.0,3.0,31
255.01246643066406,45.56832504272461,9.113665008544922,1000.0,0.0,0.9333333333333333,-0.9333333333333333,14.0,-14.0,3.0,31
254.2698974609375,64.24956512451172,12.849913024902344,1000.0,0.0,0.9333333333333333,-0.8666666666666667,14.0,-13.0,3.0,31
251.99462890625,41.33352279663086,8.266704559326172,1000.0,0.0,0.9333333333333333,-0.8,14.0,-12.0,3.0,31
234.00607299804688,32.34709930419922,6.469419860839844,1000.0,0.0,0.9333333333333333,-0.7333333333333333,14.0,-11.0,3.0,31
237.41546630859375,41.93592834472656,8.387185668945312,1000.0,0.0,0.9333333333333333,-0.6666666666666666,14.0,-10.0,3.0,31
237.3442840576172,31.20745277404785,6.2414905548095705,1000.0,0.0,0.9333333333333333,-0.6,14.0,-9.0,3.0,31
242.23207092285156,38.58893585205078,7.717787170410157,1000.0,0.0,0.9333333333333333,-0.5333333333333333,14.0,-8.0,3.0,31
242.1099853515625,40.687740325927734,8.137548065185547,1000.0,0.0,0.9333333333333333,-0.4666666666666667,14.0,-7.0,3.0,31
231.8807373046875,33.21308898925781,6.642617797851562,1000.0,0.0,0.9333333333333333,-0.4,14.0,-6.0,3.0,31
221.17935180664062,39.330562591552734,7.866112518310547,1000.0,0.0,0.9333333333333333,-0.3333333333333333,14.0,-5.0,3.0,31
215.50538635253906,32.585941314697266,6.517188262939453,1000.0,0.0,0.9333333333333333,-0.26666666666666666,14.0,-4.0,3.0,31
215.45697021484375,29.421127319335938,5.884225463867187,1000.0,0.0,0.9333333333333333,-0.2,14.0,-3.0,3.0,31
205.7376708984375,26.199533462524414,5.239906692504883,1000.0,0.0,0.9333333333333333,-0.13333333333333333,14.0,-2.0,3.0,31
223.03555297851562,44.34864044189453,8.869728088378906,1000.0,0.0,0.9333333333333333,-0.06666666666666667,14.0,-1.0,3.0,31
245.29745483398438,25.33184814453125,5.06636962890625,1000.0,0.0,0.9333333333333333,0.0,14.0,0.0,3.0,31
238.5502166748047,34.85414505004883,6.970829010009766,1000.0,0.0,0.9333333333333333,0.06666666666666667,14.0,1.0,3.0,31
232.24771118164062,44.20866012573242,8.841732025146484,1000.0,0.0,0.9333333333333333,0.13333333333333333,14.0,2.0,3.0,31
229.4829559326172,41.270240783691406,8.254048156738282,1000.0,0.0,0.9333333333333333,0.2,14.0,3.0,3.0,31
228.8486328125,37.76890563964844,7.553781127929687,1000.0,0.0,0.9333333333333333,0.26666666666666666,14.0,4.0,3.0,31
246.2559814453125,57.538352966308594,11.507670593261718,1000.0,0.0,0.9333333333333333,0.3333333333333333,14.0,5.0,3.0,31
232.69659423828125,55.33566665649414,11.067133331298828,1000.0,0.0,0.9333333333333333,0.4,14.0,6.0,3.0,31
253.22052001953125,62.450439453125,12.490087890625,1000.0,0.0,0.9333333333333333,0.4666666666666667,14.0,7.0,3.0,31
282.1084289550781,58.44270706176758,11.688541412353516,1000.0,0.0,0.9333333333333333,0.5333333333333333,14.0,8.0,3.0,31
293.5170593261719,62.01825714111328,12.403651428222656,1000.0,0.0,0.9333333333333333,0.6,14.0,9.0,3.0,31
349.3733215332031,71.89753723144531,14.379507446289063,1000.0,0.0,0.9333333333333333,0.6666666666666666,14.0,10.0,3.0,31
322.23016357421875,83.6038589477539,16.72077178955078,1000.0,0.0,0.9333333333333333,0.7333333333333333,14.0,11.0,3.0,31
333.9093017578125,102.69113159179688,20.538226318359374,1000.0,0.0,0.9333333333333333,0.8,14.0,12.0,3.0,31
331.2957458496094,97.81161499023438,19.562322998046874,1000.0,0.0,0.9333333333333333,0.8666666666666667,14.0,13.0,3.0,31
336.6918640136719,93.70974731445312,18.741949462890624,1000.0,0.0,0.9333333333333333,0.9333333333333333,14.0,14.0,3.0,31
355.65118408203125,74.71691131591797,14.943382263183594,1000.0,0.0,0.9333333333333333,1.0,14.0,15.0,3.0,31
261.6124267578125,53.71516036987305,10.743032073974609,1000.0,0.0,1.0,-1.0,15.0,-15.0,3.0,31
278.19183349609375,51.0048713684082,10.200974273681641,1000.0,0.0,1.0,-0.9333333333333333,15.0,-14.0,3.0,31
263.6131896972656,42.156131744384766,8.431226348876953,1000.0,0.0,1.0,-0.8666666666666667,15.0,-13.0,3.0,31
252.39950561523438,38.820072174072266,7.764014434814453,1000.0,0.0,1.0,-0.8,15.0,-12.0,3.0,31
246.2632598876953,29.514684677124023,5.902936935424805,1000.0,0.0,1.0,-0.7333333333333333,15.0,-11.0,3.0,31
247.93214416503906,22.42230224609375,4.48446044921875,1000.0,0.0,1.0,-0.6666666666666666,15.0,-10.0,3.0,31
238.7073211669922,31.552553176879883,6.310510635375977,1000.0,0.0,1.0,-0.6,15.0,-9.0,3.0,31
249.16917419433594,23.59885025024414,4.719770050048828,1000.0,0.0,1.0,-0.5333333333333333,15.0,-8.0,3.0,31
235.15834045410156,34.63816452026367,6.927632904052734,1000.0,0.0,1.0,-0.4666666666666667,15.0,-7.0,3.0,31
225.39300537109375,37.1152458190918,7.4230491638183596,1000.0,0.0,1.0,-0.4,15.0,-6.0,3.0,31
215.93499755859375,28.39769744873047,5.679539489746094,1000.0,0.0,1.0,-0.3333333333333333,15.0,-5.0,3.0,31
205.9158172607422,29.491111755371094,5.898222351074219,1000.0,0.0,1.0,-0.26666666666666666,15.0,-4.0,3.0,31
216.64132690429688,36.03176498413086,7.206352996826172,1000.0,0.0,1.0,-0.2,15.0,-3.0,3.0,31
208.88880920410156,33.37315368652344,6.674630737304687,1000.0,0.0,1.0,-0.13333333333333333,15.0,-2.0,3.0,31
213.5975799560547,34.518062591552734,6.903612518310547,1000.0,0.0,1.0,-0.06666666666666667,15.0,-1.0,3.0,31
258.0115966796875,36.38903045654297,7.277806091308594,1000.0,0.0,1.0,0.0,15.0,0.0,3.0,31
248.04501342773438,31.633026123046875,6.326605224609375,1000.0,0.0,1.0,0.06666666666666667,15.0,1.0,3.0,31
245.1107177734375,41.92399978637695,8.38479995727539,1000.0,0.0,1.0,0.13333333333333333,15.0,2.0,3.0,31
230.58425903320312,37.422950744628906,7.484590148925781,1000.0,0.0,1.0,0.2,15.0,3.0,3.0,31
237.82284545898438,47.069557189941406,9.413911437988281,1000.0,0.0,1.0,0.26666666666666666,15.0,4.0,3.0,31
231.20822143554688,50.521915435791016,10.104383087158203,1000.0,0.0,1.0,0.3333333333333333,15.0,5.0,3.0,31
237.85092163085938,51.84080505371094,10.368161010742188,1000.0,0.0,1.0,0.4,15.0,6.0,3.0,31
249.50172424316406,60.81625747680664,12.163251495361328,1000.0,0.0,1.0,0.4666666666666667,15.0,7.0,3.0,31
260.4815368652344,58.95473098754883,11.790946197509765,1000.0,0.0,1.0,0.5333333333333333,15.0,8.0,3.0,31
289.9602355957031,53.786415100097656,10.757283020019532,1000.0,0.0,1.0,0.6,15.0,9.0,3.0,31
319.372802734375,37.68312454223633,7.536624908447266,1000.0,0.0,1.0,0.6666666666666666,15.0,10.0,3.0,31
340.69000244140625,70.82771301269531,14.165542602539062,1000.0,0.0,1.0,0.7333333333333333,15.0,11.0,3.0,31
326.6833190917969,87.860107421875,17.572021484375,1000.0,0.0,1.0,0.8,15.0,12.0,3.0,31
334.1934509277344,80.70423889160156,16.140847778320314,1000.0,0.0,1.0,0.8666666666666667,15.0,13.0,3.0,31
322.6990966796875,100.48060607910156,20.09612121582031,1000.0,0.0,1.0,0.9333333333333333,15.0,14.0,3.0,31
315.91326904296875,93.1268081665039,18.62536163330078,1000.0,0.0,1.0,1.0,15.0,15.0,3.0,31
