episode_rewards,episode_std_rewards,episode_stderr_rewards,episode_avg_len,episode_std_avg_len,dim0,dim1,offset1,offset2,magnitude,grid_size
196.57550048828125,44.242523193359375,8.848504638671875,1000.0,0.0,-1.0,-1.0,-15.0,-15.0,3.0,31
180.14169311523438,19.283428192138672,3.8566856384277344,1000.0,0.0,-1.0,-0.9333333333333333,-15.0,-14.0,3.0,31
196.02149963378906,47.74172592163086,9.548345184326172,1000.0,0.0,-1.0,-0.8666666666666667,-15.0,-13.0,3.0,31
185.76922607421875,24.55718231201172,4.911436462402344,1000.0,0.0,-1.0,-0.8,-15.0,-12.0,3.0,31
200.31173706054688,51.95850372314453,10.391700744628906,1000.0,0.0,-1.0,-0.7333333333333333,-15.0,-11.0,3.0,31
187.30970764160156,28.31829261779785,5.663658523559571,1000.0,0.0,-1.0,-0.6666666666666666,-15.0,-10.0,3.0,31
198.78697204589844,45.462440490722656,9.092488098144532,1000.0,0.0,-1.0,-0.6,-15.0,-9.0,3.0,31
228.89817810058594,69.43543243408203,13.887086486816406,1000.0,0.0,-1.0,-0.5333333333333333,-15.0,-8.0,3.0,31
230.3720245361328,67.7979736328125,13.5595947265625,1000.0,0.0,-1.0,-0.4666666666666667,-15.0,-7.0,3.0,31
241.81710815429688,74.84129333496094,14.968258666992188,1000.0,0.0,-1.0,-0.4,-15.0,-6.0,3.0,31
218.1045684814453,51.30071258544922,10.260142517089843,1000.0,0.0,-1.0,-0.3333333333333333,-15.0,-5.0,3.0,31
223.6062469482422,55.98658752441406,11.197317504882813,1000.0,0.0,-1.0,-0.26666666666666666,-15.0,-4.0,3.0,31
210.466796875,43.323020935058594,8.664604187011719,1000.0,0.0,-1.0,-0.2,-15.0,-3.0,3.0,31
222.1387481689453,47.9105339050293,9.582106781005859,1000.0,0.0,-1.0,-0.13333333333333333,-15.0,-2.0,3.0,31
214.02383422851562,36.87289810180664,7.374579620361328,1000.0,0.0,-1.0,-0.06666666666666667,-15.0,-1.0,3.0,31
207.73501586914062,39.18814468383789,7.837628936767578,1000.0,0.0,-1.0,0.0,-15.0,0.0,3.0,31
198.8962860107422,46.22509002685547,9.245018005371094,1000.0,0.0,-1.0,0.06666666666666667,-15.0,1.0,3.0,31
213.21759033203125,51.98411560058594,10.396823120117187,1000.0,0.0,-1.0,0.13333333333333333,-15.0,2.0,3.0,31
204.2287139892578,60.087135314941406,12.017427062988281,1000.0,0.0,-1.0,0.2,-15.0,3.0,3.0,31
186.89584350585938,18.498815536499023,3.6997631072998045,1000.0,0.0,-1.0,0.26666666666666666,-15.0,4.0,3.0,31
193.02862548828125,36.014854431152344,7.202970886230469,1000.0,0.0,-1.0,0.3333333333333333,-15.0,5.0,3.0,31
189.84326171875,27.438581466674805,5.487716293334961,1000.0,0.0,-1.0,0.4,-15.0,6.0,3.0,31
182.9584503173828,17.66108512878418,3.532217025756836,1000.0,0.0,-1.0,0.4666666666666667,-15.0,7.0,3.0,31
191.06362915039062,27.595966339111328,5.519193267822265,1000.0,0.0,-1.0,0.5333333333333333,-15.0,8.0,3.0,31
223.3673095703125,50.29764938354492,10.059529876708984,1000.0,0.0,-1.0,0.6,-15.0,9.0,3.0,31
202.04757690429688,38.39079666137695,7.67815933227539,1000.0,0.0,-1.0,0.6666666666666666,-15.0,10.0,3.0,31
222.32049560546875,56.15388488769531,11.230776977539062,1000.0,0.0,-1.0,0.7333333333333333,-15.0,11.0,3.0,31
208.4712677001953,48.12111282348633,9.624222564697266,1000.0,0.0,-1.0,0.8,-15.0,12.0,3.0,31
213.27357482910156,38.42913055419922,7.685826110839844,1000.0,0.0,-1.0,0.8666666666666667,-15.0,13.0,3.0,31
218.0799560546875,45.35270690917969,9.070541381835938,1000.0,0.0,-1.0,0.9333333333333333,-15.0,14.0,3.0,31
230.5338134765625,55.47121810913086,11.094243621826172,1000.0,0.0,-1.0,1.0,-15.0,15.0,3.0,31
185.9504852294922,21.89413070678711,4.378826141357422,1000.0,0.0,-0.9333333333333333,-1.0,-14.0,-15.0,3.0,31
197.65420532226562,43.6319694519043,8.726393890380859,1000.0,0.0,-0.9333333333333333,-0.9333333333333333,-14.0,-14.0,3.0,31
184.9317169189453,28.386333465576172,5.677266693115234,1000.0,0.0,-0.9333333333333333,-0.8666666666666667,-14.0,-13.0,3.0,31
190.77206420898438,29.462038040161133,5.892407608032227,1000.0,0.0,-0.9333333333333333,-0.8,-14.0,-12.0,3.0,31
180.59947204589844,16.332387924194336,3.266477584838867,1000.0,0.0,-0.9333333333333333,-0.7333333333333333,-14.0,-11.0,3.0,31
179.14071655273438,17.90594482421875,3.58118896484375,1000.0,0.0,-0.9333333333333333,-0.6666666666666666,-14.0,-10.0,3.0,31
192.50799560546875,34.342185974121094,6.868437194824219,1000.0,0.0,-0.9333333333333333,-0.6,-14.0,-9.0,3.0,31
225.04835510253906,59.6701774597168,11.934035491943359,1000.0,0.0,-0.9333333333333333,-0.5333333333333333,-14.0,-8.0,3.0,31
213.37205505371094,60.588623046875,12.117724609375,1000.0,0.0,-0.9333333333333333,-0.4666666666666667,-14.0,-7.0,3.0,31
227.48797607421875,63.773162841796875,12.754632568359375,1000.0,0.0,-0.9333333333333333,-0.4,-14.0,-6.0,3.0,31
234.1224822998047,60.180660247802734,12.036132049560546,1000.0,0.0,-0.9333333333333333,-0.3333333333333333,-14.0,-5.0,3.0,31
219.76925659179688,46.246707916259766,9.249341583251953,1000.0,0.0,-0.9333333333333333,-0.26666666666666666,-14.0,-4.0,3.0,31
221.23150634765625,45.276710510253906,9.055342102050782,1000.0,0.0,-0.9333333333333333,-0.2,-14.0,-3.0,3.0,31
216.5455322265625,43.481510162353516,8.696302032470703,1000.0,0.0,-0.9333333333333333,-0.13333333333333333,-14.0,-2.0,3.0,31
220.3642120361328,48.62088394165039,9.724176788330078,1000.0,0.0,-0.9333333333333333,-0.06666666666666667,-14.0,-1.0,3.0,31
209.3593292236328,40.95741271972656,8.191482543945312,1000.0,0.0,-0.9333333333333333,0.0,-14.0,0.0,3.0,31
213.0095672607422,58.15104675292969,11.630209350585938,1000.0,0.0,-0.9333333333333333,0.06666666666666667,-14.0,1.0,3.0,31
205.28245544433594,51.535850524902344,10.307170104980468,1000.0,0.0,-0.9333333333333333,0.13333333333333333,-14.0,2.0,3.0,31
197.12075805664062,45.4565544128418,9.09131088256836,1000.0,0.0,-0.9333333333333333,0.2,-14.0,3.0,3.0,31
190.41754150390625,24.473529815673828,4.894705963134766,1000.0,0.0,-0.9333333333333333,0.26666666666666666,-14.0,4.0,3.0,31
196.57037353515625,34.20222091674805,6.840444183349609,1000.0,0.0,-0.9333333333333333,0.3333333333333333,-14.0,5.0,3.0,31
182.52622985839844,12.963529586791992,2.5927059173583986,1000.0,0.0,-0.9333333333333333,0.4,-14.0,6.0,3.0,31
191.41859436035156,23.892078399658203,4.778415679931641,1000.0,0.0,-0.9333333333333333,0.4666666666666667,-14.0,7.0,3.0,31
202.98582458496094,38.68372344970703,7.736744689941406,1000.0,0.0,-0.9333333333333333,0.5333333333333333,-14.0,8.0,3.0,31
197.25619506835938,42.81881332397461,8.563762664794922,1000.0,0.0,-0.9333333333333333,0.6,-14.0,9.0,3.0,31
228.7931671142578,57.82943344116211,11.565886688232421,1000.0,0.0,-0.9333333333333333,0.6666666666666666,-14.0,10.0,3.0,31
210.87567138671875,44.90565872192383,8.981131744384765,1000.0,0.0,-0.9333333333333333,0.7333333333333333,-14.0,11.0,3.0,31
224.99423217773438,41.828712463378906,8.365742492675782,1000.0,0.0,-0.9333333333333333,0.8,-14.0,12.0,3.0,31
208.3893585205078,37.57637405395508,7.5152748107910154,1000.0,0.0,-0.9333333333333333,0.8666666666666667,-14.0,13.0,3.0,31
209.79550170898438,34.850555419921875,6.970111083984375,1000.0,0.0,-0.9333333333333333,0.9333333333333333,-14.0,14.0,3.0,31
214.5170135498047,22.24374771118164,4.448749542236328,1000.0,0.0,-0.9333333333333333,1.0,-14.0,15.0,3.0,31
180.31565856933594,18.26466178894043,3.652932357788086,1000.0,0.0,-0.8666666666666667,-1.0,-13.0,-15.0,3.0,31
184.3795928955078,19.340211868286133,3.8680423736572265,1000.0,0.0,-0.8666666666666667,-0.9333333333333333,-13.0,-14.0,3.0,31
182.4693603515625,20.48914909362793,4.097829818725586,1000.0,0.0,-0.8666666666666667,-0.8666666666666667,-13.0,-13.0,3.0,31
179.08351135253906,18.4118709564209,3.68237419128418,1000.0,0.0,-0.8666666666666667,-0.8,-13.0,-12.0,3.0,31
186.47210693359375,33.32149887084961,6.664299774169922,1000.0,0.0,-0.8666666666666667,-0.7333333333333333,-13.0,-11.0,3.0,31
191.30747985839844,37.1199951171875,7.4239990234375,1000.0,0.0,-0.8666666666666667,-0.6666666666666666,-13.0,-10.0,3.0,31
198.54713439941406,39.38200378417969,7.876400756835937,1000.0,0.0,-0.8666666666666667,-0.6,-13.0,-9.0,3.0,31
189.8897247314453,36.38450241088867,7.2769004821777346,1000.0,0.0,-0.8666666666666667,-0.5333333333333333,-13.0,-8.0,3.0,31
238.07472229003906,76.04690551757812,15.209381103515625,1000.0,0.0,-0.8666666666666667,-0.4666666666666667,-13.0,-7.0,3.0,31
235.41937255859375,67.639892578125,13.527978515625,1000.0,0.0,-0.8666666666666667,-0.4,-13.0,-6.0,3.0,31
243.65313720703125,57.33554458618164,11.467108917236327,1000.0,0.0,-0.8666666666666667,-0.3333333333333333,-13.0,-5.0,3.0,31
228.0966796875,52.26165008544922,10.452330017089844,1000.0,0.0,-0.8666666666666667,-0.26666666666666666,-13.0,-4.0,3.0,31
224.28799438476562,44.14862060546875,8.82972412109375,1000.0,0.0,-0.8666666666666667,-0.2,-13.0,-3.0,3.0,31
218.97496032714844,41.57904815673828,8.315809631347657,1000.0,0.0,-0.8666666666666667,-0.13333333333333333,-13.0,-2.0,3.0,31
223.36521911621094,45.71247100830078,9.142494201660156,1000.0,0.0,-0.8666666666666667,-0.06666666666666667,-13.0,-1.0,3.0,31
223.26864624023438,54.05455780029297,10.810911560058594,1000.0,0.0,-0.8666666666666667,0.0,-13.0,0.0,3.0,31
222.28382873535156,64.40631866455078,12.881263732910156,1000.0,0.0,-0.8666666666666667,0.06666666666666667,-13.0,1.0,3.0,31
206.09637451171875,53.19160461425781,10.638320922851562,1000.0,0.0,-0.8666666666666667,0.13333333333333333,-13.0,2.0,3.0,31
194.69418334960938,32.4598503112793,6.491970062255859,1000.0,0.0,-0.8666666666666667,0.2,-13.0,3.0,3.0,31
207.18824768066406,45.272850036621094,9.05457000732422,1000.0,0.0,-0.8666666666666667,0.26666666666666666,-13.0,4.0,3.0,31
192.2485809326172,31.324363708496094,6.264872741699219,1000.0,0.0,-0.8666666666666667,0.3333333333333333,-13.0,5.0,3.0,31
191.78968811035156,27.041767120361328,5.408353424072265,1000.0,0.0,-0.8666666666666667,0.4,-13.0,6.0,3.0,31
200.70352172851562,29.19849395751953,5.839698791503906,1000.0,0.0,-0.8666666666666667,0.4666666666666667,-13.0,7.0,3.0,31
196.69891357421875,30.06829833984375,6.01365966796875,1000.0,0.0,-0.8666666666666667,0.5333333333333333,-13.0,8.0,3.0,31
221.67527770996094,61.71763610839844,12.343527221679688,1000.0,0.0,-0.8666666666666667,0.6,-13.0,9.0,3.0,31
220.20294189453125,53.58103942871094,10.716207885742188,1000.0,0.0,-0.8666666666666667,0.6666666666666666,-13.0,10.0,3.0,31
237.30189514160156,59.88299560546875,11.97659912109375,1000.0,0.0,-0.8666666666666667,0.7333333333333333,-13.0,11.0,3.0,31
214.28012084960938,33.79305648803711,6.7586112976074215,1000.0,0.0,-0.8666666666666667,0.8,-13.0,12.0,3.0,31
204.98875427246094,30.186111450195312,6.037222290039063,1000.0,0.0,-0.8666666666666667,0.8666666666666667,-13.0,13.0,3.0,31
199.28933715820312,17.989913940429688,3.5979827880859374,1000.0,0.0,-0.8666666666666667,0.9333333333333333,-13.0,14.0,3.0,31
201.5754852294922,23.326656341552734,4.665331268310547,1000.0,0.0,-0.8666666666666667,1.0,-13.0,15.0,3.0,31
186.32086181640625,29.926136016845703,5.98522720336914,1000.0,0.0,-0.8,-1.0,-12.0,-15.0,3.0,31
183.38555908203125,16.35483169555664,3.270966339111328,1000.0,0.0,-0.8,-0.9333333333333333,-12.0,-14.0,3.0,31
180.8988037109375,19.416250228881836,3.883250045776367,1000.0,0.0,-0.8,-0.8666666666666667,-12.0,-13.0,3.0,31
192.58917236328125,28.183156967163086,5.6366313934326175,1000.0,0.0,-0.8,-0.8,-12.0,-12.0,3.0,31
186.99072265625,29.206464767456055,5.841292953491211,1000.0,0.0,-0.8,-0.7333333333333333,-12.0,-11.0,3.0,31
206.48983764648438,64.73360443115234,12.94672088623047,1000.0,0.0,-0.8,-0.6666666666666666,-12.0,-10.0,3.0,31
191.3228759765625,36.63026809692383,7.326053619384766,1000.0,0.0,-0.8,-0.6,-12.0,-9.0,3.0,31
185.01109313964844,25.013851165771484,5.002770233154297,1000.0,0.0,-0.8,-0.5333333333333333,-12.0,-8.0,3.0,31
201.7015838623047,43.02870559692383,8.605741119384765,1000.0,0.0,-0.8,-0.4666666666666667,-12.0,-7.0,3.0,31
226.5660400390625,63.342857360839844,12.668571472167969,1000.0,0.0,-0.8,-0.4,-12.0,-6.0,3.0,31
220.5807647705078,50.89426803588867,10.178853607177734,1000.0,0.0,-0.8,-0.3333333333333333,-12.0,-5.0,3.0,31
229.02862548828125,49.953163146972656,9.990632629394531,1000.0,0.0,-0.8,-0.26666666666666666,-12.0,-4.0,3.0,31
228.59320068359375,45.92698287963867,9.185396575927735,1000.0,0.0,-0.8,-0.2,-12.0,-3.0,3.0,31
217.63272094726562,46.52702713012695,9.305405426025391,1000.0,0.0,-0.8,-0.13333333333333333,-12.0,-2.0,3.0,31
238.71322631835938,57.54438400268555,11.50887680053711,1000.0,0.0,-0.8,-0.06666666666666667,-12.0,-1.0,3.0,31
226.61886596679688,55.69235610961914,11.138471221923828,1000.0,0.0,-0.8,0.0,-12.0,0.0,3.0,31
206.51353454589844,48.5808219909668,9.71616439819336,1000.0,0.0,-0.8,0.06666666666666667,-12.0,1.0,3.0,31
220.5243682861328,69.17512512207031,13.835025024414062,1000.0,0.0,-0.8,0.13333333333333333,-12.0,2.0,3.0,31
211.4156494140625,54.80942916870117,10.961885833740235,1000.0,0.0,-0.8,0.2,-12.0,3.0,3.0,31
195.77247619628906,35.59259033203125,7.11851806640625,1000.0,0.0,-0.8,0.26666666666666666,-12.0,4.0,3.0,31
212.04759216308594,59.88468933105469,11.976937866210937,1000.0,0.0,-0.8,0.3333333333333333,-12.0,5.0,3.0,31
214.29710388183594,37.75953674316406,7.551907348632812,1000.0,0.0,-0.8,0.4,-12.0,6.0,3.0,31
203.35244750976562,32.32731628417969,6.465463256835937,1000.0,0.0,-0.8,0.4666666666666667,-12.0,7.0,3.0,31
204.73779296875,39.39878845214844,7.879757690429687,1000.0,0.0,-0.8,0.5333333333333333,-12.0,8.0,3.0,31
226.2414093017578,64.17633056640625,12.83526611328125,1000.0,0.0,-0.8,0.6,-12.0,9.0,3.0,31
235.9449462890625,55.716156005859375,11.143231201171876,1000.0,0.0,-0.8,0.6666666666666666,-12.0,10.0,3.0,31
205.85281372070312,26.866090774536133,5.373218154907226,1000.0,0.0,-0.8,0.7333333333333333,-12.0,11.0,3.0,31
205.2659149169922,20.89212417602539,4.178424835205078,1000.0,0.0,-0.8,0.8,-12.0,12.0,3.0,31
191.99969482421875,16.715497970581055,3.343099594116211,1000.0,0.0,-0.8,0.8666666666666667,-12.0,13.0,3.0,31
195.9499969482422,27.597265243530273,5.519453048706055,1000.0,0.0,-0.8,0.9333333333333333,-12.0,14.0,3.0,31
195.64813232421875,25.466724395751953,5.093344879150391,1000.0,0.0,-0.8,1.0,-12.0,15.0,3.0,31
197.43197631835938,27.049800872802734,5.409960174560547,1000.0,0.0,-0.7333333333333333,-1.0,-11.0,-15.0,3.0,31
177.1317596435547,10.270499229431152,2.0540998458862303,1000.0,0.0,-0.7333333333333333,-0.9333333333333333,-11.0,-14.0,3.0,31
183.91380310058594,21.614055633544922,4.322811126708984,1000.0,0.0,-0.7333333333333333,-0.8666666666666667,-11.0,-13.0,3.0,31
178.7681884765625,15.937214851379395,3.187442970275879,1000.0,0.0,-0.7333333333333333,-0.8,-11.0,-12.0,3.0,31
198.11001586914062,38.786808013916016,7.757361602783203,1000.0,0.0,-0.7333333333333333,-0.7333333333333333,-11.0,-11.0,3.0,31
189.8285675048828,35.002288818359375,7.000457763671875,1000.0,0.0,-0.7333333333333333,-0.6666666666666666,-11.0,-10.0,3.0,31
208.87193298339844,57.4125862121582,11.48251724243164,1000.0,0.0,-0.7333333333333333,-0.6,-11.0,-9.0,3.0,31
202.6381378173828,50.98678970336914,10.197357940673829,1000.0,0.0,-0.7333333333333333,-0.5333333333333333,-11.0,-8.0,3.0,31
191.55564880371094,28.241395950317383,5.648279190063477,1000.0,0.0,-0.7333333333333333,-0.4666666666666667,-11.0,-7.0,3.0,31
227.7349395751953,60.55340576171875,12.11068115234375,1000.0,0.0,-0.7333333333333333,-0.4,-11.0,-6.0,3.0,31
209.77781677246094,47.44986343383789,9.489972686767578,1000.0,0.0,-0.7333333333333333,-0.3333333333333333,-11.0,-5.0,3.0,31
234.55587768554688,51.36055374145508,10.272110748291016,1000.0,0.0,-0.7333333333333333,-0.26666666666666666,-11.0,-4.0,3.0,31
224.21182250976562,43.27587890625,8.65517578125,1000.0,0.0,-0.7333333333333333,-0.2,-11.0,-3.0,3.0,31
230.14804077148438,51.74283218383789,10.348566436767578,1000.0,0.0,-0.7333333333333333,-0.13333333333333333,-11.0,-2.0,3.0,31
247.73687744140625,56.34117126464844,11.268234252929688,1000.0,0.0,-0.7333333333333333,-0.06666666666666667,-11.0,-1.0,3.0,31
233.92459106445312,59.08375930786133,11.816751861572266,1000.0,0.0,-0.7333333333333333,0.0,-11.0,0.0,3.0,31
207.56333923339844,58.22150802612305,11.644301605224609,1000.0,0.0,-0.7333333333333333,0.06666666666666667,-11.0,1.0,3.0,31
213.98780822753906,58.54874038696289,11.709748077392579,1000.0,0.0,-0.7333333333333333,0.13333333333333333,-11.0,2.0,3.0,31
218.66859436035156,63.47787094116211,12.695574188232422,1000.0,0.0,-0.7333333333333333,0.2,-11.0,3.0,3.0,31
200.53395080566406,38.73834991455078,7.747669982910156,1000.0,0.0,-0.7333333333333333,0.26666666666666666,-11.0,4.0,3.0,31
198.47628784179688,37.41043472290039,7.482086944580078,1000.0,0.0,-0.7333333333333333,0.3333333333333333,-11.0,5.0,3.0,31
205.48892211914062,26.463462829589844,5.292692565917969,1000.0,0.0,-0.7333333333333333,0.4,-11.0,6.0,3.0,31
217.54966735839844,50.900543212890625,10.180108642578125,1000.0,0.0,-0.7333333333333333,0.4666666666666667,-11.0,7.0,3.0,31
224.89088439941406,58.539947509765625,11.707989501953126,1000.0,0.0,-0.7333333333333333,0.5333333333333333,-11.0,8.0,3.0,31
232.50811767578125,56.82211685180664,11.364423370361328,1000.0,0.0,-0.7333333333333333,0.6,-11.0,9.0,3.0,31
215.85621643066406,35.44429016113281,7.088858032226563,1000.0,0.0,-0.7333333333333333,0.6666666666666666,-11.0,10.0,3.0,31
196.98220825195312,19.966367721557617,3.9932735443115233,1000.0,0.0,-0.7333333333333333,0.7333333333333333,-11.0,11.0,3.0,31
188.6291046142578,16.799057006835938,3.3598114013671876,1000.0,0.0,-0.7333333333333333,0.8,-11.0,12.0,3.0,31
185.4036865234375,16.294536590576172,3.2589073181152344,1000.0,0.0,-0.7333333333333333,0.8666666666666667,-11.0,13.0,3.0,31
194.7831268310547,25.947500228881836,5.189500045776367,1000.0,0.0,-0.7333333333333333,0.9333333333333333,-11.0,14.0,3.0,31
197.17391967773438,30.051023483276367,6.010204696655274,1000.0,0.0,-0.7333333333333333,1.0,-11.0,15.0,3.0,31
199.22738647460938,31.875194549560547,6.375038909912109,1000.0,0.0,-0.6666666666666666,-1.0,-10.0,-15.0,3.0,31
196.68597412109375,23.60271644592285,4.720543289184571,1000.0,0.0,-0.6666666666666666,-0.9333333333333333,-10.0,-14.0,3.0,31
190.31068420410156,16.127473831176758,3.2254947662353515,1000.0,0.0,-0.6666666666666666,-0.8666666666666667,-10.0,-13.0,3.0,31
178.1717987060547,13.368536949157715,2.673707389831543,1000.0,0.0,-0.6666666666666666,-0.8,-10.0,-12.0,3.0,31
185.99578857421875,21.416412353515625,4.283282470703125,1000.0,0.0,-0.6666666666666666,-0.7333333333333333,-10.0,-11.0,3.0,31
200.4743194580078,42.794795989990234,8.558959197998046,1000.0,0.0,-0.6666666666666666,-0.6666666666666666,-10.0,-10.0,3.0,31
191.55592346191406,36.97771072387695,7.395542144775391,1000.0,0.0,-0.6666666666666666,-0.6,-10.0,-9.0,3.0,31
202.29241943359375,48.23233413696289,9.646466827392578,1000.0,0.0,-0.6666666666666666,-0.5333333333333333,-10.0,-8.0,3.0,31
190.26394653320312,35.25014877319336,7.050029754638672,1000.0,0.0,-0.6666666666666666,-0.4666666666666667,-10.0,-7.0,3.0,31
199.5269012451172,36.0137939453125,7.2027587890625,1000.0,0.0,-0.6666666666666666,-0.4,-10.0,-6.0,3.0,31
219.59017944335938,54.99778366088867,10.999556732177734,1000.0,0.0,-0.6666666666666666,-0.3333333333333333,-10.0,-5.0,3.0,31
240.98348999023438,51.518009185791016,10.303601837158203,1000.0,0.0,-0.6666666666666666,-0.26666666666666666,-10.0,-4.0,3.0,31
214.1095733642578,43.21073913574219,8.642147827148438,1000.0,0.0,-0.6666666666666666,-0.2,-10.0,-3.0,3.0,31
231.77655029296875,44.01784133911133,8.803568267822266,1000.0,0.0,-0.6666666666666666,-0.13333333333333333,-10.0,-2.0,3.0,31
253.97410583496094,56.55014419555664,11.310028839111329,1000.0,0.0,-0.6666666666666666,-0.06666666666666667,-10.0,-1.0,3.0,31
228.140625,52.93111038208008,10.586222076416016,1000.0,0.0,-0.6666666666666666,0.0,-10.0,0.0,3.0,31
206.02610778808594,56.70317840576172,11.340635681152344,1000.0,0.0,-0.6666666666666666,0.06666666666666667,-10.0,1.0,3.0,31
210.58901977539062,50.43684005737305,10.08736801147461,1000.0,0.0,-0.6666666666666666,0.13333333333333333,-10.0,2.0,3.0,31
202.13705444335938,40.083309173583984,8.016661834716796,1000.0,0.0,-0.6666666666666666,0.2,-10.0,3.0,3.0,31
216.20423889160156,50.47397994995117,10.094795989990235,1000.0,0.0,-0.6666666666666666,0.26666666666666666,-10.0,4.0,3.0,31
204.01861572265625,36.17442321777344,7.234884643554688,1000.0,0.0,-0.6666666666666666,0.3333333333333333,-10.0,5.0,3.0,31
208.04275512695312,31.13273048400879,6.226546096801758,1000.0,0.0,-0.6666666666666666,0.4,-10.0,6.0,3.0,31
228.04281616210938,46.509944915771484,9.301988983154297,1000.0,0.0,-0.6666666666666666,0.4666666666666667,-10.0,7.0,3.0,31
238.14169311523438,62.10285186767578,12.420570373535156,1000.0,0.0,-0.6666666666666666,0.5333333333333333,-10.0,8.0,3.0,31
224.4117431640625,46.5303955078125,9.3060791015625,1000.0,0.0,-0.6666666666666666,0.6,-10.0,9.0,3.0,31
198.9674072265625,24.110788345336914,4.822157669067383,1000.0,0.0,-0.6666666666666666,0.6666666666666666,-10.0,10.0,3.0,31
188.6352996826172,21.610496520996094,4.322099304199218,1000.0,0.0,-0.6666666666666666,0.7333333333333333,-10.0,11.0,3.0,31
192.05673217773438,19.81075096130371,3.9621501922607423,1000.0,0.0,-0.6666666666666666,0.8,-10.0,12.0,3.0,31
191.7661590576172,18.9906005859375,3.7981201171875,1000.0,0.0,-0.6666666666666666,0.8666666666666667,-10.0,13.0,3.0,31
196.2188262939453,24.109994888305664,4.821998977661133,1000.0,0.0,-0.6666666666666666,0.9333333333333333,-10.0,14.0,3.0,31
197.77212524414062,28.52666664123535,5.70533332824707,1000.0,0.0,-0.6666666666666666,1.0,-10.0,15.0,3.0,31
196.90420532226562,22.865047454833984,4.573009490966797,1000.0,0.0,-0.6,-1.0,-9.0,-15.0,3.0,31
189.6884307861328,21.49736785888672,4.299473571777344,1000.0,0.0,-0.6,-0.9333333333333333,-9.0,-14.0,3.0,31
193.12974548339844,18.482542037963867,3.6965084075927734,1000.0,0.0,-0.6,-0.8666666666666667,-9.0,-13.0,3.0,31
195.88006591796875,19.1566162109375,3.8313232421875,1000.0,0.0,-0.6,-0.8,-9.0,-12.0,3.0,31
187.14227294921875,16.13414764404297,3.2268295288085938,1000.0,0.0,-0.6,-0.7333333333333333,-9.0,-11.0,3.0,31
186.95484924316406,33.440696716308594,6.688139343261719,1000.0,0.0,-0.6,-0.6666666666666666,-9.0,-10.0,3.0,31
185.13153076171875,27.029626846313477,5.405925369262695,1000.0,0.0,-0.6,-0.6,-9.0,-9.0,3.0,31
182.77777099609375,25.189952850341797,5.037990570068359,1000.0,0.0,-0.6,-0.5333333333333333,-9.0,-8.0,3.0,31
190.80767822265625,28.461017608642578,5.692203521728516,1000.0,0.0,-0.6,-0.4666666666666667,-9.0,-7.0,3.0,31
189.08543395996094,24.66896629333496,4.933793258666992,1000.0,0.0,-0.6,-0.4,-9.0,-6.0,3.0,31
189.8833770751953,27.818082809448242,5.563616561889648,1000.0,0.0,-0.6,-0.3333333333333333,-9.0,-5.0,3.0,31
228.13072204589844,45.65970230102539,9.131940460205078,1000.0,0.0,-0.6,-0.26666666666666666,-9.0,-4.0,3.0,31
204.9642791748047,33.82695007324219,6.765390014648437,1000.0,0.0,-0.6,-0.2,-9.0,-3.0,3.0,31
220.07235717773438,39.383384704589844,7.876676940917969,1000.0,0.0,-0.6,-0.13333333333333333,-9.0,-2.0,3.0,31
246.6675262451172,50.154388427734375,10.030877685546875,1000.0,0.0,-0.6,-0.06666666666666667,-9.0,-1.0,3.0,31
211.93919372558594,35.151729583740234,7.030345916748047,1000.0,0.0,-0.6,0.0,-9.0,0.0,3.0,31
210.27548217773438,46.40382385253906,9.280764770507812,1000.0,0.0,-0.6,0.06666666666666667,-9.0,1.0,3.0,31
220.42039489746094,54.37807846069336,10.875615692138672,1000.0,0.0,-0.6,0.13333333333333333,-9.0,2.0,3.0,31
215.38783264160156,39.479217529296875,7.895843505859375,1000.0,0.0,-0.6,0.2,-9.0,3.0,3.0,31
202.21347045898438,37.33803176879883,7.4676063537597654,1000.0,0.0,-0.6,0.26666666666666666,-9.0,4.0,3.0,31
199.5234375,31.942426681518555,6.388485336303711,1000.0,0.0,-0.6,0.3333333333333333,-9.0,5.0,3.0,31
202.6334991455078,31.601816177368164,6.320363235473633,1000.0,0.0,-0.6,0.4,-9.0,6.0,3.0,31
211.36572265625,32.95759582519531,6.591519165039062,1000.0,0.0,-0.6,0.4666666666666667,-9.0,7.0,3.0,31
234.57310485839844,52.9395751953125,10.5879150390625,1000.0,0.0,-0.6,0.5333333333333333,-9.0,8.0,3.0,31
228.3029327392578,41.9365348815918,8.38730697631836,1000.0,0.0,-0.6,0.6,-9.0,9.0,3.0,31
196.3143310546875,22.24134063720703,4.448268127441406,1000.0,0.0,-0.6,0.6666666666666666,-9.0,10.0,3.0,31
192.3066864013672,18.260231018066406,3.6520462036132812,1000.0,0.0,-0.6,0.7333333333333333,-9.0,11.0,3.0,31
191.5869140625,18.701793670654297,3.7403587341308593,1000.0,0.0,-0.6,0.8,-9.0,12.0,3.0,31
193.03717041015625,21.57308578491211,4.314617156982422,1000.0,0.0,-0.6,0.8666666666666667,-9.0,13.0,3.0,31
194.78858947753906,24.46683120727539,4.8933662414550785,1000.0,0.0,-0.6,0.9333333333333333,-9.0,14.0,3.0,31
205.60919189453125,31.287996292114258,6.257599258422852,1000.0,0.0,-0.6,1.0,-9.0,15.0,3.0,31
215.77301025390625,35.271907806396484,7.054381561279297,1000.0,0.0,-0.5333333333333333,-1.0,-8.0,-15.0,3.0,31
184.73486328125,11.813087463378906,2.3626174926757812,1000.0,0.0,-0.5333333333333333,-0.9333333333333333,-8.0,-14.0,3.0,31
194.7638702392578,22.017208099365234,4.403441619873047,1000.0,0.0,-0.5333333333333333,-0.8666666666666667,-8.0,-13.0,3.0,31
190.02886962890625,22.995851516723633,4.599170303344726,1000.0,0.0,-0.5333333333333333,-0.8,-8.0,-12.0,3.0,31
210.2075653076172,27.209583282470703,5.441916656494141,1000.0,0.0,-0.5333333333333333,-0.7333333333333333,-8.0,-11.0,3.0,31
209.7529296875,27.01358985900879,5.402717971801758,1000.0,0.0,-0.5333333333333333,-0.6666666666666666,-8.0,-10.0,3.0,31
216.67205810546875,32.51435089111328,6.502870178222656,1000.0,0.0,-0.5333333333333333,-0.6,-8.0,-9.0,3.0,31
181.4232635498047,13.865165710449219,2.7730331420898438,1000.0,0.0,-0.5333333333333333,-0.5333333333333333,-8.0,-8.0,3.0,31
194.73486328125,37.88640213012695,7.577280426025391,1000.0,0.0,-0.5333333333333333,-0.4666666666666667,-8.0,-7.0,3.0,31
183.81590270996094,23.38294219970703,4.676588439941407,1000.0,0.0,-0.5333333333333333,-0.4,-8.0,-6.0,3.0,31
187.96060180664062,12.673377990722656,2.5346755981445312,1000.0,0.0,-0.5333333333333333,-0.3333333333333333,-8.0,-5.0,3.0,31
197.5570831298828,34.58186340332031,6.916372680664063,1000.0,0.0,-0.5333333333333333,-0.26666666666666666,-8.0,-4.0,3.0,31
221.28829956054688,50.719295501708984,10.143859100341796,1000.0,0.0,-0.5333333333333333,-0.2,-8.0,-3.0,3.0,31
206.80654907226562,38.235836029052734,7.647167205810547,1000.0,0.0,-0.5333333333333333,-0.13333333333333333,-8.0,-2.0,3.0,31
245.76876831054688,69.12963104248047,13.825926208496094,1000.0,0.0,-0.5333333333333333,-0.06666666666666667,-8.0,-1.0,3.0,31
225.63133239746094,51.973533630371094,10.394706726074219,1000.0,0.0,-0.5333333333333333,0.0,-8.0,0.0,3.0,31
216.83309936523438,66.42332458496094,13.284664916992188,1000.0,0.0,-0.5333333333333333,0.06666666666666667,-8.0,1.0,3.0,31
217.5791778564453,51.20005798339844,10.240011596679688,1000.0,0.0,-0.5333333333333333,0.13333333333333333,-8.0,2.0,3.0,31
223.14808654785156,50.045902252197266,10.009180450439453,1000.0,0.0,-0.5333333333333333,0.2,-8.0,3.0,3.0,31
207.08865356445312,31.077547073364258,6.215509414672852,1000.0,0.0,-0.5333333333333333,0.26666666666666666,-8.0,4.0,3.0,31
200.34840393066406,31.057632446289062,6.211526489257812,1000.0,0.0,-0.5333333333333333,0.3333333333333333,-8.0,5.0,3.0,31
207.3374481201172,27.018022537231445,5.403604507446289,1000.0,0.0,-0.5333333333333333,0.4,-8.0,6.0,3.0,31
241.52978515625,43.461795806884766,8.692359161376952,1000.0,0.0,-0.5333333333333333,0.4666666666666667,-8.0,7.0,3.0,31
228.4721221923828,46.70851516723633,9.341703033447265,1000.0,0.0,-0.5333333333333333,0.5333333333333333,-8.0,8.0,3.0,31
230.7484588623047,40.85472869873047,8.170945739746093,1000.0,0.0,-0.5333333333333333,0.6,-8.0,9.0,3.0,31
204.13690185546875,32.28654479980469,6.457308959960938,1000.0,0.0,-0.5333333333333333,0.6666666666666666,-8.0,10.0,3.0,31
197.22381591796875,24.87043571472168,4.974087142944336,1000.0,0.0,-0.5333333333333333,0.7333333333333333,-8.0,11.0,3.0,31
194.94483947753906,18.603994369506836,3.720798873901367,1000.0,0.0,-0.5333333333333333,0.8,-8.0,12.0,3.0,31
194.58070373535156,20.035146713256836,4.007029342651367,1000.0,0.0,-0.5333333333333333,0.8666666666666667,-8.0,13.0,3.0,31
214.70033264160156,39.72268295288086,7.944536590576172,1000.0,0.0,-0.5333333333333333,0.9333333333333333,-8.0,14.0,3.0,31
206.056640625,39.490577697753906,7.898115539550782,1000.0,0.0,-0.5333333333333333,1.0,-8.0,15.0,3.0,31
222.99893188476562,37.75161361694336,7.550322723388672,1000.0,0.0,-0.4666666666666667,-1.0,-7.0,-15.0,3.0,31
226.42417907714844,42.700138092041016,8.540027618408203,1000.0,0.0,-0.4666666666666667,-0.9333333333333333,-7.0,-14.0,3.0,31
201.36453247070312,27.877790451049805,5.575558090209961,1000.0,0.0,-0.4666666666666667,-0.8666666666666667,-7.0,-13.0,3.0,31
190.96450805664062,18.650747299194336,3.7301494598388674,1000.0,0.0,-0.4666666666666667,-0.8,-7.0,-12.0,3.0,31
209.37069702148438,31.839448928833008,6.367889785766602,1000.0,0.0,-0.4666666666666667,-0.7333333333333333,-7.0,-11.0,3.0,31
224.49960327148438,30.567367553710938,6.113473510742187,1000.0,0.0,-0.4666666666666667,-0.6666666666666666,-7.0,-10.0,3.0,31
241.81263732910156,22.713943481445312,4.542788696289063,1000.0,0.0,-0.4666666666666667,-0.6,-7.0,-9.0,3.0,31
261.1924743652344,24.702533721923828,4.9405067443847654,1000.0,0.0,-0.4666666666666667,-0.5333333333333333,-7.0,-8.0,3.0,31
236.7550048828125,44.83026885986328,8.966053771972657,1000.0,0.0,-0.4666666666666667,-0.4666666666666667,-7.0,-7.0,3.0,31
199.77427673339844,43.78742218017578,8.757484436035156,1000.0,0.0,-0.4666666666666667,-0.4,-7.0,-6.0,3.0,31
195.92318725585938,26.64872932434082,5.329745864868164,1000.0,0.0,-0.4666666666666667,-0.3333333333333333,-7.0,-5.0,3.0,31
196.34970092773438,22.84342384338379,4.568684768676758,1000.0,0.0,-0.4666666666666667,-0.26666666666666666,-7.0,-4.0,3.0,31
221.99107360839844,41.22488021850586,8.244976043701172,1000.0,0.0,-0.4666666666666667,-0.2,-7.0,-3.0,3.0,31
203.3712921142578,31.346933364868164,6.269386672973633,1000.0,0.0,-0.4666666666666667,-0.13333333333333333,-7.0,-2.0,3.0,31
254.1063995361328,79.49445343017578,15.898890686035156,1000.0,0.0,-0.4666666666666667,-0.06666666666666667,-7.0,-1.0,3.0,31
281.9617614746094,81.54138946533203,16.308277893066407,1000.0,0.0,-0.4666666666666667,0.0,-7.0,0.0,3.0,31
236.47845458984375,102.23809814453125,20.44761962890625,1000.0,0.0,-0.4666666666666667,0.06666666666666667,-7.0,1.0,3.0,31
247.91195678710938,60.995906829833984,12.199181365966798,1000.0,0.0,-0.4666666666666667,0.13333333333333333,-7.0,2.0,3.0,31
220.41421508789062,41.29716491699219,8.259432983398437,1000.0,0.0,-0.4666666666666667,0.2,-7.0,3.0,3.0,31
203.14462280273438,31.165863037109375,6.233172607421875,1000.0,0.0,-0.4666666666666667,0.26666666666666666,-7.0,4.0,3.0,31
208.30523681640625,38.07181167602539,7.614362335205078,1000.0,0.0,-0.4666666666666667,0.3333333333333333,-7.0,5.0,3.0,31
192.77197265625,27.074539184570312,5.414907836914063,1000.0,0.0,-0.4666666666666667,0.4,-7.0,6.0,3.0,31
235.7099609375,33.442474365234375,6.688494873046875,1000.0,0.0,-0.4666666666666667,0.4666666666666667,-7.0,7.0,3.0,31
227.76686096191406,28.399497985839844,5.679899597167969,1000.0,0.0,-0.4666666666666667,0.5333333333333333,-7.0,8.0,3.0,31
216.92433166503906,44.34992599487305,8.869985198974609,1000.0,0.0,-0.4666666666666667,0.6,-7.0,9.0,3.0,31
199.2208251953125,28.06262969970703,5.612525939941406,1000.0,0.0,-0.4666666666666667,0.6666666666666666,-7.0,10.0,3.0,31
196.85414123535156,18.7934627532959,3.7586925506591795,1000.0,0.0,-0.4666666666666667,0.7333333333333333,-7.0,11.0,3.0,31
193.1789093017578,21.201202392578125,4.240240478515625,1000.0,0.0,-0.4666666666666667,0.8,-7.0,12.0,3.0,31
199.09027099609375,35.59002685546875,7.11800537109375,1000.0,0.0,-0.4666666666666667,0.8666666666666667,-7.0,13.0,3.0,31
200.67132568359375,35.409481048583984,7.081896209716797,1000.0,0.0,-0.4666666666666667,0.9333333333333333,-7.0,14.0,3.0,31
208.1621551513672,33.30366516113281,6.660733032226562,1000.0,0.0,-0.4666666666666667,1.0,-7.0,15.0,3.0,31
222.99024963378906,41.00022506713867,8.200045013427735,1000.0,0.0,-0.4,-1.0,-6.0,-15.0,3.0,31
214.4119873046875,44.8271484375,8.9654296875,1000.0,0.0,-0.4,-0.9333333333333333,-6.0,-14.0,3.0,31
227.27415466308594,42.275787353515625,8.455157470703124,1000.0,0.0,-0.4,-0.8666666666666667,-6.0,-13.0,3.0,31
203.42259216308594,30.880598068237305,6.176119613647461,1000.0,0.0,-0.4,-0.8,-6.0,-12.0,3.0,31
227.2931671142578,39.397438049316406,7.879487609863281,1000.0,0.0,-0.4,-0.7333333333333333,-6.0,-11.0,3.0,31
218.1473846435547,35.680877685546875,7.136175537109375,1000.0,0.0,-0.4,-0.6666666666666666,-6.0,-10.0,3.0,31
237.45668029785156,39.691612243652344,7.938322448730469,1000.0,0.0,-0.4,-0.6,-6.0,-9.0,3.0,31
265.2196960449219,20.114582061767578,4.022916412353515,1000.0,0.0,-0.4,-0.5333333333333333,-6.0,-8.0,3.0,31
254.68206787109375,36.571327209472656,7.314265441894531,1000.0,0.0,-0.4,-0.4666666666666667,-6.0,-7.0,3.0,31
256.1944580078125,47.5473518371582,9.509470367431641,1000.0,0.0,-0.4,-0.4,-6.0,-6.0,3.0,31
219.6177215576172,61.99889373779297,12.399778747558594,1000.0,0.0,-0.4,-0.3333333333333333,-6.0,-5.0,3.0,31
213.47821044921875,46.66257858276367,9.332515716552734,1000.0,0.0,-0.4,-0.26666666666666666,-6.0,-4.0,3.0,31
210.9158172607422,39.372379302978516,7.8744758605957035,1000.0,0.0,-0.4,-0.2,-6.0,-3.0,3.0,31
207.48129272460938,30.257556915283203,6.05151138305664,1000.0,0.0,-0.4,-0.13333333333333333,-6.0,-2.0,3.0,31
329.66082763671875,92.07808685302734,18.415617370605467,1000.0,0.0,-0.4,-0.06666666666666667,-6.0,-1.0,3.0,31
296.5024108886719,111.71733093261719,22.343466186523436,1000.0,0.0,-0.4,0.0,-6.0,0.0,3.0,31
289.53680419921875,102.15697479248047,20.431394958496092,1000.0,0.0,-0.4,0.06666666666666667,-6.0,1.0,3.0,31
280.5322570800781,84.31634521484375,16.86326904296875,1000.0,0.0,-0.4,0.13333333333333333,-6.0,2.0,3.0,31
209.0574188232422,33.765445709228516,6.753089141845703,1000.0,0.0,-0.4,0.2,-6.0,3.0,3.0,31
213.61167907714844,47.31202697753906,9.462405395507812,1000.0,0.0,-0.4,0.26666666666666666,-6.0,4.0,3.0,31
215.89222717285156,61.77347183227539,12.354694366455078,1000.0,0.0,-0.4,0.3333333333333333,-6.0,5.0,3.0,31
198.7942352294922,21.50652503967285,4.3013050079345705,1000.0,0.0,-0.4,0.4,-6.0,6.0,3.0,31
199.91094970703125,21.291345596313477,4.258269119262695,1000.0,0.0,-0.4,0.4666666666666667,-6.0,7.0,3.0,31
237.6680908203125,40.664398193359375,8.132879638671875,1000.0,0.0,-0.4,0.5333333333333333,-6.0,8.0,3.0,31
236.92259216308594,49.537235260009766,9.907447052001952,1000.0,0.0,-0.4,0.6,-6.0,9.0,3.0,31
201.13185119628906,31.306838989257812,6.2613677978515625,1000.0,0.0,-0.4,0.6666666666666666,-6.0,10.0,3.0,31
190.0669403076172,21.30704116821289,4.2614082336425785,1000.0,0.0,-0.4,0.7333333333333333,-6.0,11.0,3.0,31
189.5663299560547,23.508487701416016,4.701697540283203,1000.0,0.0,-0.4,0.8,-6.0,12.0,3.0,31
184.60414123535156,16.828243255615234,3.365648651123047,1000.0,0.0,-0.4,0.8666666666666667,-6.0,13.0,3.0,31
189.54464721679688,25.7127742767334,5.142554855346679,1000.0,0.0,-0.4,0.9333333333333333,-6.0,14.0,3.0,31
195.64117431640625,36.71125793457031,7.342251586914062,1000.0,0.0,-0.4,1.0,-6.0,15.0,3.0,31
212.02923583984375,37.03714370727539,7.407428741455078,1000.0,0.0,-0.3333333333333333,-1.0,-5.0,-15.0,3.0,31
214.0181884765625,42.32246017456055,8.464492034912109,1000.0,0.0,-0.3333333333333333,-0.9333333333333333,-5.0,-14.0,3.0,31
215.11019897460938,37.965755462646484,7.593151092529297,1000.0,0.0,-0.3333333333333333,-0.8666666666666667,-5.0,-13.0,3.0,31
223.2296905517578,31.266284942626953,6.253256988525391,1000.0,0.0,-0.3333333333333333,-0.8,-5.0,-12.0,3.0,31
230.07518005371094,39.63717269897461,7.9274345397949215,1000.0,0.0,-0.3333333333333333,-0.7333333333333333,-5.0,-11.0,3.0,31
214.9626922607422,40.510746002197266,8.102149200439452,1000.0,0.0,-0.3333333333333333,-0.6666666666666666,-5.0,-10.0,3.0,31
228.1620635986328,41.5738410949707,8.314768218994141,1000.0,0.0,-0.3333333333333333,-0.6,-5.0,-9.0,3.0,31
235.95123291015625,39.27803421020508,7.8556068420410154,1000.0,0.0,-0.3333333333333333,-0.5333333333333333,-5.0,-8.0,3.0,31
256.261474609375,27.54361915588379,5.5087238311767575,1000.0,0.0,-0.3333333333333333,-0.4666666666666667,-5.0,-7.0,3.0,31
267.4759216308594,55.530433654785156,11.106086730957031,1000.0,0.0,-0.3333333333333333,-0.4,-5.0,-6.0,3.0,31
291.99383544921875,57.39324188232422,11.478648376464843,1000.0,0.0,-0.3333333333333333,-0.3333333333333333,-5.0,-5.0,3.0,31
275.1153259277344,52.88291931152344,10.576583862304688,1000.0,0.0,-0.3333333333333333,-0.26666666666666666,-5.0,-4.0,3.0,31
220.90353393554688,41.92761993408203,8.385523986816406,1000.0,0.0,-0.3333333333333333,-0.2,-5.0,-3.0,3.0,31
252.8871307373047,59.39262008666992,11.878524017333984,1000.0,0.0,-0.3333333333333333,-0.13333333333333333,-5.0,-2.0,3.0,31
323.602294921875,87.11544036865234,17.42308807373047,1000.0,0.0,-0.3333333333333333,-0.06666666666666667,-5.0,-1.0,3.0,31
335.13153076171875,97.85298919677734,19.570597839355468,1000.0,0.0,-0.3333333333333333,0.0,-5.0,0.0,3.0,31
355.0552978515625,82.513427734375,16.502685546875,1000.0,0.0,-0.3333333333333333,0.06666666666666667,-5.0,1.0,3.0,31
317.0650939941406,73.79694366455078,14.759388732910157,1000.0,0.0,-0.3333333333333333,0.13333333333333333,-5.0,2.0,3.0,31
217.4888916015625,38.34235763549805,7.6684715270996096,1000.0,0.0,-0.3333333333333333,0.2,-5.0,3.0,3.0,31
230.42286682128906,76.37616729736328,15.275233459472656,1000.0,0.0,-0.3333333333333333,0.26666666666666666,-5.0,4.0,3.0,31
237.0532989501953,93.0367202758789,18.60734405517578,1000.0,0.0,-0.3333333333333333,0.3333333333333333,-5.0,5.0,3.0,31
201.68479919433594,29.800281524658203,5.960056304931641,1000.0,0.0,-0.3333333333333333,0.4,-5.0,6.0,3.0,31
190.2646942138672,26.422462463378906,5.284492492675781,1000.0,0.0,-0.3333333333333333,0.4666666666666667,-5.0,7.0,3.0,31
192.23452758789062,22.649030685424805,4.529806137084961,1000.0,0.0,-0.3333333333333333,0.5333333333333333,-5.0,8.0,3.0,31
194.36990356445312,26.64482307434082,5.328964614868164,1000.0,0.0,-0.3333333333333333,0.6,-5.0,9.0,3.0,31
187.80694580078125,27.68861961364746,5.5377239227294925,1000.0,0.0,-0.3333333333333333,0.6666666666666666,-5.0,10.0,3.0,31
189.08740234375,21.17470932006836,4.234941864013672,1000.0,0.0,-0.3333333333333333,0.7333333333333333,-5.0,11.0,3.0,31
184.2894744873047,20.097042083740234,4.019408416748047,1000.0,0.0,-0.3333333333333333,0.8,-5.0,12.0,3.0,31
191.81192016601562,24.719409942626953,4.943881988525391,1000.0,0.0,-0.3333333333333333,0.8666666666666667,-5.0,13.0,3.0,31
190.9345703125,19.856849670410156,3.9713699340820314,1000.0,0.0,-0.3333333333333333,0.9333333333333333,-5.0,14.0,3.0,31
204.7490692138672,40.216453552246094,8.043290710449218,1000.0,0.0,-0.3333333333333333,1.0,-5.0,15.0,3.0,31
190.7633819580078,25.472537994384766,5.0945075988769535,1000.0,0.0,-0.26666666666666666,-1.0,-4.0,-15.0,3.0,31
211.2499237060547,39.66014862060547,7.932029724121094,1000.0,0.0,-0.26666666666666666,-0.9333333333333333,-4.0,-14.0,3.0,31
194.00306701660156,23.452564239501953,4.690512847900391,1000.0,0.0,-0.26666666666666666,-0.8666666666666667,-4.0,-13.0,3.0,31
228.89479064941406,61.14697265625,12.22939453125,1000.0,0.0,-0.26666666666666666,-0.8,-4.0,-12.0,3.0,31
224.71563720703125,32.56651306152344,6.513302612304687,1000.0,0.0,-0.26666666666666666,-0.7333333333333333,-4.0,-11.0,3.0,31
217.76052856445312,34.978092193603516,6.995618438720703,1000.0,0.0,-0.26666666666666666,-0.6666666666666666,-4.0,-10.0,3.0,31
221.73382568359375,35.063785552978516,7.012757110595703,1000.0,0.0,-0.26666666666666666,-0.6,-4.0,-9.0,3.0,31
233.97305297851562,37.656471252441406,7.531294250488282,1000.0,0.0,-0.26666666666666666,-0.5333333333333333,-4.0,-8.0,3.0,31
230.5896453857422,34.101871490478516,6.820374298095703,1000.0,0.0,-0.26666666666666666,-0.4666666666666667,-4.0,-7.0,3.0,31
245.2205047607422,35.72123718261719,7.144247436523438,1000.0,0.0,-0.26666666666666666,-0.4,-4.0,-6.0,3.0,31
251.98745727539062,51.50154495239258,10.300308990478516,1000.0,0.0,-0.26666666666666666,-0.3333333333333333,-4.0,-5.0,3.0,31
266.6991882324219,86.6288070678711,17.32576141357422,1000.0,0.0,-0.26666666666666666,-0.26666666666666666,-4.0,-4.0,3.0,31
258.6381530761719,89.23542785644531,17.847085571289064,1000.0,0.0,-0.26666666666666666,-0.2,-4.0,-3.0,3.0,31
300.3158264160156,92.85733795166016,18.57146759033203,1000.0,0.0,-0.26666666666666666,-0.13333333333333333,-4.0,-2.0,3.0,31
348.241455078125,111.18334197998047,22.236668395996094,1000.0,0.0,-0.26666666666666666,-0.06666666666666667,-4.0,-1.0,3.0,31
314.1273498535156,108.0089340209961,21.601786804199218,1000.0,0.0,-0.26666666666666666,0.0,-4.0,0.0,3.0,31
244.54354858398438,70.6298599243164,14.12597198486328,1000.0,0.0,-0.26666666666666666,0.06666666666666667,-4.0,1.0,3.0,31
259.4738464355469,57.739051818847656,11.547810363769532,1000.0,0.0,-0.26666666666666666,0.13333333333333333,-4.0,2.0,3.0,31
209.0942840576172,41.73966598510742,8.347933197021485,1000.0,0.0,-0.26666666666666666,0.2,-4.0,3.0,3.0,31
192.22279357910156,21.294450759887695,4.258890151977539,1000.0,0.0,-0.26666666666666666,0.26666666666666666,-4.0,4.0,3.0,31
191.30699157714844,25.312183380126953,5.06243667602539,1000.0,0.0,-0.26666666666666666,0.3333333333333333,-4.0,5.0,3.0,31
193.1503143310547,26.4888858795166,5.29777717590332,1000.0,0.0,-0.26666666666666666,0.4,-4.0,6.0,3.0,31
189.95677185058594,18.614097595214844,3.722819519042969,1000.0,0.0,-0.26666666666666666,0.4666666666666667,-4.0,7.0,3.0,31
187.2811279296875,19.826000213623047,3.9652000427246095,1000.0,0.0,-0.26666666666666666,0.5333333333333333,-4.0,8.0,3.0,31
186.51773071289062,18.031904220581055,3.606380844116211,1000.0,0.0,-0.26666666666666666,0.6,-4.0,9.0,3.0,31
186.96128845214844,22.194047927856445,4.438809585571289,1000.0,0.0,-0.26666666666666666,0.6666666666666666,-4.0,10.0,3.0,31
183.43466186523438,18.89647102355957,3.7792942047119142,1000.0,0.0,-0.26666666666666666,0.7333333333333333,-4.0,11.0,3.0,31
185.5052947998047,18.299299240112305,3.659859848022461,1000.0,0.0,-0.26666666666666666,0.8,-4.0,12.0,3.0,31
189.96932983398438,21.897029876708984,4.379405975341797,1000.0,0.0,-0.26666666666666666,0.8666666666666667,-4.0,13.0,3.0,31
193.3817901611328,27.896854400634766,5.5793708801269535,1000.0,0.0,-0.26666666666666666,0.9333333333333333,-4.0,14.0,3.0,31
196.22048950195312,27.64505958557129,5.529011917114258,1000.0,0.0,-0.26666666666666666,1.0,-4.0,15.0,3.0,31
214.90487670898438,53.918983459472656,10.783796691894532,1000.0,0.0,-0.2,-1.0,-3.0,-15.0,3.0,31
190.87472534179688,26.229902267456055,5.245980453491211,1000.0,0.0,-0.2,-0.9333333333333333,-3.0,-14.0,3.0,31
209.95782470703125,37.82902526855469,7.565805053710937,1000.0,0.0,-0.2,-0.8666666666666667,-3.0,-13.0,3.0,31
216.25439453125,54.82543182373047,10.965086364746094,1000.0,0.0,-0.2,-0.8,-3.0,-12.0,3.0,31
204.9853973388672,27.582977294921875,5.516595458984375,1000.0,0.0,-0.2,-0.7333333333333333,-3.0,-11.0,3.0,31
198.9053955078125,13.842138290405273,2.7684276580810545,1000.0,0.0,-0.2,-0.6666666666666666,-3.0,-10.0,3.0,31
225.84292602539062,29.640207290649414,5.928041458129883,1000.0,0.0,-0.2,-0.6,-3.0,-9.0,3.0,31
224.06394958496094,35.3603401184082,7.0720680236816404,1000.0,0.0,-0.2,-0.5333333333333333,-3.0,-8.0,3.0,31
252.5921630859375,38.63120651245117,7.7262413024902346,1000.0,0.0,-0.2,-0.4666666666666667,-3.0,-7.0,3.0,31
261.5926818847656,20.599777221679688,4.119955444335938,1000.0,0.0,-0.2,-0.4,-3.0,-6.0,3.0,31
260.6480712890625,41.31280517578125,8.26256103515625,1000.0,0.0,-0.2,-0.3333333333333333,-3.0,-5.0,3.0,31
269.8666076660156,107.04791259765625,21.40958251953125,1000.0,0.0,-0.2,-0.26666666666666666,-3.0,-4.0,3.0,31
229.59669494628906,65.86107635498047,13.172215270996094,1000.0,0.0,-0.2,-0.2,-3.0,-3.0,3.0,31
358.5321350097656,168.67079162597656,33.73415832519531,1000.0,0.0,-0.2,-0.13333333333333333,-3.0,-2.0,3.0,31
437.8628234863281,182.5424041748047,36.508480834960935,1000.0,0.0,-0.2,-0.06666666666666667,-3.0,-1.0,3.0,31
421.8128662109375,224.14187622070312,44.828375244140624,1000.0,0.0,-0.2,0.0,-3.0,0.0,3.0,31
319.47674560546875,144.83233642578125,28.96646728515625,1000.0,0.0,-0.2,0.06666666666666667,-3.0,1.0,3.0,31
248.6325225830078,79.5361099243164,15.90722198486328,1000.0,0.0,-0.2,0.13333333333333333,-3.0,2.0,3.0,31
211.2203369140625,46.946720123291016,9.389344024658204,1000.0,0.0,-0.2,0.2,-3.0,3.0,3.0,31
184.63638305664062,18.98007583618164,3.796015167236328,1000.0,0.0,-0.2,0.26666666666666666,-3.0,4.0,3.0,31
189.75927734375,19.096149444580078,3.8192298889160154,1000.0,0.0,-0.2,0.3333333333333333,-3.0,5.0,3.0,31
189.12596130371094,27.885108947753906,5.577021789550781,1000.0,0.0,-0.2,0.4,-3.0,6.0,3.0,31
193.11288452148438,19.993091583251953,3.998618316650391,1000.0,0.0,-0.2,0.4666666666666667,-3.0,7.0,3.0,31
178.70681762695312,8.576656341552734,1.7153312683105468,1000.0,0.0,-0.2,0.5333333333333333,-3.0,8.0,3.0,31
183.0048828125,16.65846824645996,3.331693649291992,1000.0,0.0,-0.2,0.6,-3.0,9.0,3.0,31
184.89990234375,18.610689163208008,3.7221378326416015,1000.0,0.0,-0.2,0.6666666666666666,-3.0,10.0,3.0,31
186.55712890625,19.484678268432617,3.8969356536865236,1000.0,0.0,-0.2,0.7333333333333333,-3.0,11.0,3.0,31
187.3468017578125,16.482845306396484,3.296569061279297,1000.0,0.0,-0.2,0.8,-3.0,12.0,3.0,31
187.66717529296875,20.352754592895508,4.070550918579102,1000.0,0.0,-0.2,0.8666666666666667,-3.0,13.0,3.0,31
190.5236358642578,20.610151290893555,4.122030258178711,1000.0,0.0,-0.2,0.9333333333333333,-3.0,14.0,3.0,31
208.07305908203125,46.93073272705078,9.386146545410156,1000.0,0.0,-0.2,1.0,-3.0,15.0,3.0,31
189.76759338378906,25.89097785949707,5.178195571899414,1000.0,0.0,-0.13333333333333333,-1.0,-2.0,-15.0,3.0,31
188.4204864501953,22.055776596069336,4.411155319213867,1000.0,0.0,-0.13333333333333333,-0.9333333333333333,-2.0,-14.0,3.0,31
198.48973083496094,28.060827255249023,5.612165451049805,1000.0,0.0,-0.13333333333333333,-0.8666666666666667,-2.0,-13.0,3.0,31
209.76400756835938,42.22240447998047,8.444480895996094,1000.0,0.0,-0.13333333333333333,-0.8,-2.0,-12.0,3.0,31
202.83644104003906,29.598913192749023,5.919782638549805,1000.0,0.0,-0.13333333333333333,-0.7333333333333333,-2.0,-11.0,3.0,31
245.50082397460938,35.6707878112793,7.13415756225586,1000.0,0.0,-0.13333333333333333,-0.6666666666666666,-2.0,-10.0,3.0,31
246.88351440429688,34.12189483642578,6.824378967285156,1000.0,0.0,-0.13333333333333333,-0.6,-2.0,-9.0,3.0,31
240.46694946289062,35.19229507446289,7.038459014892578,1000.0,0.0,-0.13333333333333333,-0.5333333333333333,-2.0,-8.0,3.0,31
253.9266815185547,27.678667068481445,5.535733413696289,1000.0,0.0,-0.13333333333333333,-0.4666666666666667,-2.0,-7.0,3.0,31
250.9867706298828,42.04671096801758,8.409342193603516,1000.0,0.0,-0.13333333333333333,-0.4,-2.0,-6.0,3.0,31
262.95941162109375,51.74666213989258,10.349332427978515,1000.0,0.0,-0.13333333333333333,-0.3333333333333333,-2.0,-5.0,3.0,31
277.7296142578125,75.91746520996094,15.183493041992188,1000.0,0.0,-0.13333333333333333,-0.26666666666666666,-2.0,-4.0,3.0,31
236.193359375,87.48690795898438,17.497381591796874,1000.0,0.0,-0.13333333333333333,-0.2,-2.0,-3.0,3.0,31
351.052001953125,234.9413604736328,46.98827209472656,1000.0,0.0,-0.13333333333333333,-0.13333333333333333,-2.0,-2.0,3.0,31
617.4232177734375,375.29705810546875,75.05941162109374,1000.0,0.0,-0.13333333333333333,-0.06666666666666667,-2.0,-1.0,3.0,31
652.3162841796875,351.74383544921875,70.34876708984375,1000.0,0.0,-0.13333333333333333,0.0,-2.0,0.0,3.0,31
397.9570007324219,278.0599365234375,55.6119873046875,1000.0,0.0,-0.13333333333333333,0.06666666666666667,-2.0,1.0,3.0,31
501.65948486328125,246.11959838867188,49.22391967773437,1000.0,0.0,-0.13333333333333333,0.13333333333333333,-2.0,2.0,3.0,31
247.46217346191406,82.9223403930664,16.58446807861328,1000.0,0.0,-0.13333333333333333,0.2,-2.0,3.0,3.0,31
306.0791320800781,134.2001190185547,26.840023803710938,1000.0,0.0,-0.13333333333333333,0.26666666666666666,-2.0,4.0,3.0,31
228.13909912109375,75.0522232055664,15.010444641113281,1000.0,0.0,-0.13333333333333333,0.3333333333333333,-2.0,5.0,3.0,31
200.7252960205078,47.837520599365234,9.567504119873046,1000.0,0.0,-0.13333333333333333,0.4,-2.0,6.0,3.0,31
195.14772033691406,32.24592971801758,6.449185943603515,1000.0,0.0,-0.13333333333333333,0.4666666666666667,-2.0,7.0,3.0,31
178.11093139648438,9.494902610778809,1.8989805221557616,1000.0,0.0,-0.13333333333333333,0.5333333333333333,-2.0,8.0,3.0,31
185.30245971679688,15.42585277557373,3.085170555114746,1000.0,0.0,-0.13333333333333333,0.6,-2.0,9.0,3.0,31
193.84805297851562,29.807003021240234,5.9614006042480465,1000.0,0.0,-0.13333333333333333,0.6666666666666666,-2.0,10.0,3.0,31
184.92152404785156,18.254596710205078,3.6509193420410155,1000.0,0.0,-0.13333333333333333,0.7333333333333333,-2.0,11.0,3.0,31
187.07208251953125,17.9124813079834,3.5824962615966798,1000.0,0.0,-0.13333333333333333,0.8,-2.0,12.0,3.0,31
189.2318115234375,26.04944610595703,5.209889221191406,1000.0,0.0,-0.13333333333333333,0.8666666666666667,-2.0,13.0,3.0,31
216.35372924804688,44.261436462402344,8.852287292480469,1000.0,0.0,-0.13333333333333333,0.9333333333333333,-2.0,14.0,3.0,31
234.7979278564453,64.21305084228516,12.842610168457032,1000.0,0.0,-0.13333333333333333,1.0,-2.0,15.0,3.0,31
209.0672607421875,40.80594253540039,8.161188507080078,1000.0,0.0,-0.06666666666666667,-1.0,-1.0,-15.0,3.0,31
222.02032470703125,44.594329833984375,8.918865966796876,1000.0,0.0,-0.06666666666666667,-0.9333333333333333,-1.0,-14.0,3.0,31
255.8614044189453,47.54417037963867,9.508834075927734,1000.0,0.0,-0.06666666666666667,-0.8666666666666667,-1.0,-13.0,3.0,31
234.30307006835938,39.87313461303711,7.974626922607422,1000.0,0.0,-0.06666666666666667,-0.8,-1.0,-12.0,3.0,31
247.77810668945312,36.1512451171875,7.2302490234375,1000.0,0.0,-0.06666666666666667,-0.7333333333333333,-1.0,-11.0,3.0,31
248.93731689453125,30.60528564453125,6.12105712890625,1000.0,0.0,-0.06666666666666667,-0.6666666666666666,-1.0,-10.0,3.0,31
256.68994140625,34.330810546875,6.866162109375,1000.0,0.0,-0.06666666666666667,-0.6,-1.0,-9.0,3.0,31
256.6111755371094,37.28356170654297,7.456712341308593,1000.0,0.0,-0.06666666666666667,-0.5333333333333333,-1.0,-8.0,3.0,31
254.32652282714844,41.58665084838867,8.317330169677735,1000.0,0.0,-0.06666666666666667,-0.4666666666666667,-1.0,-7.0,3.0,31
292.5170593261719,53.84083557128906,10.768167114257812,1000.0,0.0,-0.06666666666666667,-0.4,-1.0,-6.0,3.0,31
255.6358642578125,26.582019805908203,5.31640396118164,1000.0,0.0,-0.06666666666666667,-0.3333333333333333,-1.0,-5.0,3.0,31
279.60894775390625,74.63147735595703,14.926295471191406,1000.0,0.0,-0.06666666666666667,-0.26666666666666666,-1.0,-4.0,3.0,31
279.01092529296875,139.66793823242188,27.933587646484376,1000.0,0.0,-0.06666666666666667,-0.2,-1.0,-3.0,3.0,31
465.4039001464844,331.3855895996094,66.27711791992188,1000.0,0.0,-0.06666666666666667,-0.13333333333333333,-1.0,-2.0,3.0,31
669.8802490234375,332.8454284667969,66.56908569335937,1000.0,0.0,-0.06666666666666667,-0.06666666666666667,-1.0,-1.0,3.0,31
663.500732421875,368.3419494628906,73.66838989257812,1000.0,0.0,-0.06666666666666667,0.0,-1.0,0.0,3.0,31
613.8019409179688,381.1587219238281,76.23174438476562,1000.0,0.0,-0.06666666666666667,0.06666666666666667,-1.0,1.0,3.0,31
365.9153137207031,297.6906433105469,59.53812866210937,1000.0,0.0,-0.06666666666666667,0.13333333333333333,-1.0,2.0,3.0,31
476.34063720703125,286.4423522949219,57.28847045898438,1000.0,0.0,-0.06666666666666667,0.2,-1.0,3.0,3.0,31
226.88937377929688,63.71029281616211,12.742058563232423,1000.0,0.0,-0.06666666666666667,0.26666666666666666,-1.0,4.0,3.0,31
214.1847686767578,27.418968200683594,5.483793640136719,1000.0,0.0,-0.06666666666666667,0.3333333333333333,-1.0,5.0,3.0,31
256.977783203125,79.44281005859375,15.88856201171875,1000.0,0.0,-0.06666666666666667,0.4,-1.0,6.0,3.0,31
215.5235137939453,60.99848175048828,12.199696350097657,1000.0,0.0,-0.06666666666666667,0.4666666666666667,-1.0,7.0,3.0,31
189.37713623046875,21.358457565307617,4.271691513061524,1000.0,0.0,-0.06666666666666667,0.5333333333333333,-1.0,8.0,3.0,31
191.56202697753906,23.287445068359375,4.657489013671875,1000.0,0.0,-0.06666666666666667,0.6,-1.0,9.0,3.0,31
186.5824737548828,20.120569229125977,4.0241138458251955,1000.0,0.0,-0.06666666666666667,0.6666666666666666,-1.0,10.0,3.0,31
188.08990478515625,26.468664169311523,5.293732833862305,1000.0,0.0,-0.06666666666666667,0.7333333333333333,-1.0,11.0,3.0,31
197.8734588623047,30.806100845336914,6.1612201690673825,1000.0,0.0,-0.06666666666666667,0.8,-1.0,12.0,3.0,31
240.1695098876953,55.46044158935547,11.092088317871093,1000.0,0.0,-0.06666666666666667,0.8666666666666667,-1.0,13.0,3.0,31
239.93081665039062,69.44699096679688,13.889398193359375,1000.0,0.0,-0.06666666666666667,0.9333333333333333,-1.0,14.0,3.0,31
240.09628295898438,58.10948181152344,11.621896362304687,1000.0,0.0,-0.06666666666666667,1.0,-1.0,15.0,3.0,31
202.24986267089844,35.161041259765625,7.032208251953125,1000.0,0.0,0.0,-1.0,0.0,-15.0,3.0,31
209.1061553955078,37.155296325683594,7.431059265136719,1000.0,0.0,0.0,-0.9333333333333333,0.0,-14.0,3.0,31
252.36441040039062,41.62315368652344,8.324630737304688,1000.0,0.0,0.0,-0.8666666666666667,0.0,-13.0,3.0,31
240.77471923828125,50.64487075805664,10.128974151611327,1000.0,0.0,0.0,-0.8,0.0,-12.0,3.0,31
262.2134704589844,27.4426326751709,5.48852653503418,1000.0,0.0,0.0,-0.7333333333333333,0.0,-11.0,3.0,31
276.4744873046875,40.44129180908203,8.088258361816406,1000.0,0.0,0.0,-0.6666666666666666,0.0,-10.0,3.0,31
271.6094055175781,45.77055740356445,9.15411148071289,1000.0,0.0,0.0,-0.6,0.0,-9.0,3.0,31
283.9847106933594,48.41082763671875,9.68216552734375,1000.0,0.0,0.0,-0.5333333333333333,0.0,-8.0,3.0,31
313.4100646972656,37.49231719970703,7.498463439941406,1000.0,0.0,0.0,-0.4666666666666667,0.0,-7.0,3.0,31
323.1758728027344,25.8745059967041,5.1749011993408205,1000.0,0.0,0.0,-0.4,0.0,-6.0,3.0,31
296.3104248046875,33.83375930786133,6.766751861572265,1000.0,0.0,0.0,-0.3333333333333333,0.0,-5.0,3.0,31
275.0315856933594,46.073490142822266,9.214698028564452,1000.0,0.0,0.0,-0.26666666666666666,0.0,-4.0,3.0,31
341.581787109375,60.397377014160156,12.079475402832031,1000.0,0.0,0.0,-0.2,0.0,-3.0,3.0,31
615.9995727539062,260.7734680175781,52.154693603515625,1000.0,0.0,0.0,-0.13333333333333333,0.0,-2.0,3.0,31
709.8306274414062,282.8838195800781,56.57676391601562,1000.0,0.0,0.0,-0.06666666666666667,0.0,-1.0,3.0,31
726.1651611328125,281.855712890625,56.371142578125,1000.0,0.0,0.0,0.0,0.0,0.0,3.0,31
730.034423828125,318.4670104980469,63.69340209960937,1000.0,0.0,0.0,0.06666666666666667,0.0,1.0,3.0,31
469.8564453125,385.4574279785156,77.09148559570312,1000.0,0.0,0.0,0.13333333333333333,0.0,2.0,3.0,31
228.6400604248047,78.20638275146484,15.641276550292968,1000.0,0.0,0.0,0.2,0.0,3.0,3.0,31
198.60443115234375,22.570301055908203,4.514060211181641,1000.0,0.0,0.0,0.26666666666666666,0.0,4.0,3.0,31
202.7479248046875,26.076234817504883,5.215246963500976,1000.0,0.0,0.0,0.3333333333333333,0.0,5.0,3.0,31
192.33168029785156,24.551645278930664,4.910329055786133,1000.0,0.0,0.0,0.4,0.0,6.0,3.0,31
209.22299194335938,56.30598449707031,11.261196899414063,1000.0,0.0,0.0,0.4666666666666667,0.0,7.0,3.0,31
186.8964385986328,18.58571434020996,3.717142868041992,1000.0,0.0,0.0,0.5333333333333333,0.0,8.0,3.0,31
191.8866424560547,30.878070831298828,6.1756141662597654,1000.0,0.0,0.0,0.6,0.0,9.0,3.0,31
203.80857849121094,35.08755874633789,7.0175117492675785,1000.0,0.0,0.0,0.6666666666666666,0.0,10.0,3.0,31
191.7869110107422,29.156747817993164,5.831349563598633,1000.0,0.0,0.0,0.7333333333333333,0.0,11.0,3.0,31
255.1622314453125,84.68079376220703,16.936158752441408,1000.0,0.0,0.0,0.8,0.0,12.0,3.0,31
243.73052978515625,85.5771713256836,17.11543426513672,1000.0,0.0,0.0,0.8666666666666667,0.0,13.0,3.0,31
255.78152465820312,85.4516830444336,17.09033660888672,1000.0,0.0,0.0,0.9333333333333333,0.0,14.0,3.0,31
237.81126403808594,66.14778900146484,13.22955780029297,1000.0,0.0,0.0,1.0,0.0,15.0,3.0,31
209.58282470703125,39.79979705810547,7.959959411621094,1000.0,0.0,0.06666666666666667,-1.0,1.0,-15.0,3.0,31
214.33837890625,42.92759323120117,8.585518646240235,1000.0,0.0,0.06666666666666667,-0.9333333333333333,1.0,-14.0,3.0,31
214.3590087890625,34.97006607055664,6.9940132141113285,1000.0,0.0,0.06666666666666667,-0.8666666666666667,1.0,-13.0,3.0,31
235.24928283691406,47.47751998901367,9.495503997802734,1000.0,0.0,0.06666666666666667,-0.8,1.0,-12.0,3.0,31
239.8996124267578,56.65446853637695,11.33089370727539,1000.0,0.0,0.06666666666666667,-0.7333333333333333,1.0,-11.0,3.0,31
261.529052734375,39.05945587158203,7.811891174316406,1000.0,0.0,0.06666666666666667,-0.6666666666666666,1.0,-10.0,3.0,31
290.0660400390625,34.278507232666016,6.855701446533203,1000.0,0.0,0.06666666666666667,-0.6,1.0,-9.0,3.0,31
298.82159423828125,43.971500396728516,8.794300079345703,1000.0,0.0,0.06666666666666667,-0.5333333333333333,1.0,-8.0,3.0,31
302.9815979003906,51.38883590698242,10.277767181396484,1000.0,0.0,0.06666666666666667,-0.4666666666666667,1.0,-7.0,3.0,31
346.5560607910156,24.868040084838867,4.973608016967773,1000.0,0.0,0.06666666666666667,-0.4,1.0,-6.0,3.0,31
347.0191345214844,36.049903869628906,7.209980773925781,1000.0,0.0,0.06666666666666667,-0.3333333333333333,1.0,-5.0,3.0,31
374.059326171875,61.29714584350586,12.259429168701171,1000.0,0.0,0.06666666666666667,-0.26666666666666666,1.0,-4.0,3.0,31
335.9051818847656,69.5450668334961,13.909013366699218,1000.0,0.0,0.06666666666666667,-0.2,1.0,-3.0,3.0,31
347.85137939453125,230.80615234375,46.16123046875,1000.0,0.0,0.06666666666666667,-0.13333333333333333,1.0,-2.0,3.0,31
727.4810180664062,256.0067443847656,51.201348876953126,1000.0,0.0,0.06666666666666667,-0.06666666666666667,1.0,-1.0,3.0,31
701.6403198242188,251.88653564453125,50.37730712890625,1000.0,0.0,0.06666666666666667,0.0,1.0,0.0,3.0,31
537.34765625,354.2238464355469,70.84476928710937,1000.0,0.0,0.06666666666666667,0.06666666666666667,1.0,1.0,3.0,31
414.4009094238281,338.6900634765625,67.7380126953125,1000.0,0.0,0.06666666666666667,0.13333333333333333,1.0,2.0,3.0,31
206.8004913330078,24.093523025512695,4.818704605102539,1000.0,0.0,0.06666666666666667,0.2,1.0,3.0,3.0,31
195.46734619140625,33.11030960083008,6.622061920166016,1000.0,0.0,0.06666666666666667,0.26666666666666666,1.0,4.0,3.0,31
194.78118896484375,23.781295776367188,4.756259155273438,1000.0,0.0,0.06666666666666667,0.3333333333333333,1.0,5.0,3.0,31
233.85401916503906,32.779258728027344,6.555851745605469,1000.0,0.0,0.06666666666666667,0.4,1.0,6.0,3.0,31
212.3550262451172,54.238380432128906,10.847676086425782,1000.0,0.0,0.06666666666666667,0.4666666666666667,1.0,7.0,3.0,31
188.47979736328125,19.33562660217285,3.86712532043457,1000.0,0.0,0.06666666666666667,0.5333333333333333,1.0,8.0,3.0,31
192.9702606201172,28.110164642333984,5.622032928466797,1000.0,0.0,0.06666666666666667,0.6,1.0,9.0,3.0,31
210.0530242919922,56.1179084777832,11.223581695556641,1000.0,0.0,0.06666666666666667,0.6666666666666666,1.0,10.0,3.0,31
227.73060607910156,69.94117736816406,13.988235473632812,1000.0,0.0,0.06666666666666667,0.7333333333333333,1.0,11.0,3.0,31
196.34742736816406,31.385574340820312,6.2771148681640625,1000.0,0.0,0.06666666666666667,0.8,1.0,12.0,3.0,31
208.8155059814453,47.60392379760742,9.520784759521485,1000.0,0.0,0.06666666666666667,0.8666666666666667,1.0,13.0,3.0,31
205.5949249267578,40.14501190185547,8.029002380371093,1000.0,0.0,0.06666666666666667,0.9333333333333333,1.0,14.0,3.0,31
219.16171264648438,47.41157531738281,9.482315063476562,1000.0,0.0,0.06666666666666667,1.0,1.0,15.0,3.0,31
206.59423828125,45.284481048583984,9.056896209716797,1000.0,0.0,0.13333333333333333,-1.0,2.0,-15.0,3.0,31
214.5492706298828,46.834808349609375,9.366961669921874,1000.0,0.0,0.13333333333333333,-0.9333333333333333,2.0,-14.0,3.0,31
207.89842224121094,40.66749954223633,8.133499908447266,1000.0,0.0,0.13333333333333333,-0.8666666666666667,2.0,-13.0,3.0,31
230.32846069335938,46.363277435302734,9.272655487060547,1000.0,0.0,0.13333333333333333,-0.8,2.0,-12.0,3.0,31
246.52481079101562,49.94226837158203,9.988453674316407,1000.0,0.0,0.13333333333333333,-0.7333333333333333,2.0,-11.0,3.0,31
247.5771026611328,53.624908447265625,10.724981689453125,1000.0,0.0,0.13333333333333333,-0.6666666666666666,2.0,-10.0,3.0,31
266.97125244140625,54.77118682861328,10.954237365722657,1000.0,0.0,0.13333333333333333,-0.6,2.0,-9.0,3.0,31
274.8676452636719,76.65287017822266,15.330574035644531,1000.0,0.0,0.13333333333333333,-0.5333333333333333,2.0,-8.0,3.0,31
315.1933288574219,42.90304183959961,8.580608367919922,1000.0,0.0,0.13333333333333333,-0.4666666666666667,2.0,-7.0,3.0,31
295.75091552734375,48.17489242553711,9.634978485107421,1000.0,0.0,0.13333333333333333,-0.4,2.0,-6.0,3.0,31
296.74493408203125,47.1220588684082,9.42441177368164,1000.0,0.0,0.13333333333333333,-0.3333333333333333,2.0,-5.0,3.0,31
307.41912841796875,70.15127563476562,14.030255126953126,1000.0,0.0,0.13333333333333333,-0.26666666666666666,2.0,-4.0,3.0,31
320.0503845214844,167.2186737060547,33.44373474121094,1000.0,0.0,0.13333333333333333,-0.2,2.0,-3.0,3.0,31
182.13352966308594,15.792892456054688,3.1585784912109376,1000.0,0.0,0.13333333333333333,-0.13333333333333333,2.0,-2.0,3.0,31
347.6309814453125,240.21340942382812,48.04268188476563,1000.0,0.0,0.13333333333333333,-0.06666666666666667,2.0,-1.0,3.0,31
546.8468627929688,274.39788818359375,54.87957763671875,1000.0,0.0,0.13333333333333333,0.0,2.0,0.0,3.0,31
256.2554931640625,53.856056213378906,10.771211242675781,1000.0,0.0,0.13333333333333333,0.06666666666666667,2.0,1.0,3.0,31
245.67025756835938,70.90711975097656,14.181423950195313,1000.0,0.0,0.13333333333333333,0.13333333333333333,2.0,2.0,3.0,31
227.02560424804688,29.341312408447266,5.868262481689453,1000.0,0.0,0.13333333333333333,0.2,2.0,3.0,3.0,31
197.89488220214844,44.58027267456055,8.91605453491211,1000.0,0.0,0.13333333333333333,0.26666666666666666,2.0,4.0,3.0,31
221.27679443359375,48.84696578979492,9.769393157958984,1000.0,0.0,0.13333333333333333,0.3333333333333333,2.0,5.0,3.0,31
248.7423095703125,55.273406982421875,11.054681396484375,1000.0,0.0,0.13333333333333333,0.4,2.0,6.0,3.0,31
226.96011352539062,75.2867431640625,15.0573486328125,1000.0,0.0,0.13333333333333333,0.4666666666666667,2.0,7.0,3.0,31
192.57518005371094,34.391136169433594,6.878227233886719,1000.0,0.0,0.13333333333333333,0.5333333333333333,2.0,8.0,3.0,31
186.8441619873047,21.410947799682617,4.282189559936524,1000.0,0.0,0.13333333333333333,0.6,2.0,9.0,3.0,31
213.2778778076172,60.332664489746094,12.06653289794922,1000.0,0.0,0.13333333333333333,0.6666666666666666,2.0,10.0,3.0,31
208.62393188476562,42.87659454345703,8.575318908691406,1000.0,0.0,0.13333333333333333,0.7333333333333333,2.0,11.0,3.0,31
213.32814025878906,63.437557220458984,12.687511444091797,1000.0,0.0,0.13333333333333333,0.8,2.0,12.0,3.0,31
222.23135375976562,58.633731842041016,11.726746368408204,1000.0,0.0,0.13333333333333333,0.8666666666666667,2.0,13.0,3.0,31
210.18270874023438,46.04261016845703,9.208522033691406,1000.0,0.0,0.13333333333333333,0.9333333333333333,2.0,14.0,3.0,31
216.86390686035156,63.660545349121094,12.732109069824219,1000.0,0.0,0.13333333333333333,1.0,2.0,15.0,3.0,31
206.95005798339844,45.08615493774414,9.017230987548828,1000.0,0.0,0.2,-1.0,3.0,-15.0,3.0,31
207.15985107421875,45.415645599365234,9.083129119873046,1000.0,0.0,0.2,-0.9333333333333333,3.0,-14.0,3.0,31
231.22999572753906,52.18888854980469,10.437777709960937,1000.0,0.0,0.2,-0.8666666666666667,3.0,-13.0,3.0,31
242.201171875,51.012638092041016,10.202527618408203,1000.0,0.0,0.2,-0.8,3.0,-12.0,3.0,31
241.86929321289062,55.01264190673828,11.002528381347656,1000.0,0.0,0.2,-0.7333333333333333,3.0,-11.0,3.0,31
256.5677795410156,57.25349807739258,11.450699615478516,1000.0,0.0,0.2,-0.6666666666666666,3.0,-10.0,3.0,31
272.7098693847656,61.505943298339844,12.301188659667968,1000.0,0.0,0.2,-0.6,3.0,-9.0,3.0,31
263.862548828125,57.38231658935547,11.476463317871094,1000.0,0.0,0.2,-0.5333333333333333,3.0,-8.0,3.0,31
294.612060546875,60.50714111328125,12.10142822265625,1000.0,0.0,0.2,-0.4666666666666667,3.0,-7.0,3.0,31
279.7405700683594,55.45002365112305,11.09000473022461,1000.0,0.0,0.2,-0.4,3.0,-6.0,3.0,31
348.3396911621094,70.46277618408203,14.092555236816406,1000.0,0.0,0.2,-0.3333333333333333,3.0,-5.0,3.0,31
423.61651611328125,102.34941864013672,20.469883728027344,1000.0,0.0,0.2,-0.26666666666666666,3.0,-4.0,3.0,31
211.25877380371094,62.00344467163086,12.400688934326173,1000.0,0.0,0.2,-0.2,3.0,-3.0,3.0,31
181.4585418701172,18.62702751159668,3.7254055023193358,1000.0,0.0,0.2,-0.13333333333333333,3.0,-2.0,3.0,31
288.7896423339844,156.38958740234375,31.27791748046875,1000.0,0.0,0.2,-0.06666666666666667,3.0,-1.0,3.0,31
211.01828002929688,33.69294357299805,6.73858871459961,1000.0,0.0,0.2,0.0,3.0,0.0,3.0,31
209.15072631835938,33.437225341796875,6.687445068359375,1000.0,0.0,0.2,0.06666666666666667,3.0,1.0,3.0,31
210.68435668945312,38.71772384643555,7.7435447692871096,1000.0,0.0,0.2,0.13333333333333333,3.0,2.0,3.0,31
195.31320190429688,26.438156127929688,5.287631225585938,1000.0,0.0,0.2,0.2,3.0,3.0,3.0,31
226.2875518798828,38.725196838378906,7.745039367675782,1000.0,0.0,0.2,0.26666666666666666,3.0,4.0,3.0,31
253.1466827392578,36.99623107910156,7.3992462158203125,1000.0,0.0,0.2,0.3333333333333333,3.0,5.0,3.0,31
205.34024047851562,49.798160552978516,9.959632110595702,1000.0,0.0,0.2,0.4,3.0,6.0,3.0,31
220.64859008789062,56.27762985229492,11.255525970458985,1000.0,0.0,0.2,0.4666666666666667,3.0,7.0,3.0,31
211.8103485107422,61.91912078857422,12.383824157714844,1000.0,0.0,0.2,0.5333333333333333,3.0,8.0,3.0,31
209.03675842285156,73.21150207519531,14.642300415039063,1000.0,0.0,0.2,0.6,3.0,9.0,3.0,31
219.25706481933594,78.9483413696289,15.78966827392578,1000.0,0.0,0.2,0.6666666666666666,3.0,10.0,3.0,31
217.47544860839844,65.97554016113281,13.195108032226562,1000.0,0.0,0.2,0.7333333333333333,3.0,11.0,3.0,31
223.58016967773438,79.91024780273438,15.982049560546875,1000.0,0.0,0.2,0.8,3.0,12.0,3.0,31
235.3893585205078,69.18596649169922,13.837193298339844,1000.0,0.0,0.2,0.8666666666666667,3.0,13.0,3.0,31
223.8698272705078,63.25605392456055,12.65121078491211,1000.0,0.0,0.2,0.9333333333333333,3.0,14.0,3.0,31
229.0664825439453,76.27531433105469,15.255062866210938,1000.0,0.0,0.2,1.0,3.0,15.0,3.0,31
210.47877502441406,43.67870330810547,8.735740661621094,1000.0,0.0,0.26666666666666666,-1.0,4.0,-15.0,3.0,31
212.9586944580078,45.804649353027344,9.160929870605468,1000.0,0.0,0.26666666666666666,-0.9333333333333333,4.0,-14.0,3.0,31
218.5172882080078,45.418033599853516,9.083606719970703,1000.0,0.0,0.26666666666666666,-0.8666666666666667,4.0,-13.0,3.0,31
246.04873657226562,53.95423889160156,10.790847778320312,1000.0,0.0,0.26666666666666666,-0.8,4.0,-12.0,3.0,31
250.10791015625,66.29739379882812,13.259478759765624,1000.0,0.0,0.26666666666666666,-0.7333333333333333,4.0,-11.0,3.0,31
217.97982788085938,50.1593132019043,10.03186264038086,1000.0,0.0,0.26666666666666666,-0.6666666666666666,4.0,-10.0,3.0,31
232.37722778320312,48.52169418334961,9.704338836669923,1000.0,0.0,0.26666666666666666,-0.6,4.0,-9.0,3.0,31
247.58761596679688,65.79134368896484,13.15826873779297,1000.0,0.0,0.26666666666666666,-0.5333333333333333,4.0,-8.0,3.0,31
270.3887634277344,84.62757110595703,16.925514221191406,1000.0,0.0,0.26666666666666666,-0.4666666666666667,4.0,-7.0,3.0,31
282.51666259765625,78.48140716552734,15.696281433105469,1000.0,0.0,0.26666666666666666,-0.4,4.0,-6.0,3.0,31
373.4297790527344,81.4952163696289,16.299043273925783,1000.0,0.0,0.26666666666666666,-0.3333333333333333,4.0,-5.0,3.0,31
335.17578125,44.67353820800781,8.934707641601562,1000.0,0.0,0.26666666666666666,-0.26666666666666666,4.0,-4.0,3.0,31
209.9073028564453,42.15812683105469,8.431625366210938,1000.0,0.0,0.26666666666666666,-0.2,4.0,-3.0,3.0,31
194.11383056640625,23.22972297668457,4.645944595336914,1000.0,0.0,0.26666666666666666,-0.13333333333333333,4.0,-2.0,3.0,31
227.0832061767578,65.98995208740234,13.197990417480469,1000.0,0.0,0.26666666666666666,-0.06666666666666667,4.0,-1.0,3.0,31
229.02188110351562,38.7553596496582,7.751071929931641,1000.0,0.0,0.26666666666666666,0.0,4.0,0.0,3.0,31
227.2008819580078,35.93659973144531,7.187319946289063,1000.0,0.0,0.26666666666666666,0.06666666666666667,4.0,1.0,3.0,31
192.6023406982422,24.758344650268555,4.951668930053711,1000.0,0.0,0.26666666666666666,0.13333333333333333,4.0,2.0,3.0,31
210.35653686523438,45.19792556762695,9.03958511352539,1000.0,0.0,0.26666666666666666,0.2,4.0,3.0,3.0,31
219.77215576171875,37.16804122924805,7.4336082458496096,1000.0,0.0,0.26666666666666666,0.26666666666666666,4.0,4.0,3.0,31
206.5164794921875,39.11189651489258,7.822379302978516,1000.0,0.0,0.26666666666666666,0.3333333333333333,4.0,5.0,3.0,31
208.24974060058594,42.29977798461914,8.459955596923828,1000.0,0.0,0.26666666666666666,0.4,4.0,6.0,3.0,31
206.97439575195312,38.51578140258789,7.703156280517578,1000.0,0.0,0.26666666666666666,0.4666666666666667,4.0,7.0,3.0,31
217.6831512451172,57.030067443847656,11.406013488769531,1000.0,0.0,0.26666666666666666,0.5333333333333333,4.0,8.0,3.0,31
205.0902557373047,57.303279876708984,11.460655975341798,1000.0,0.0,0.26666666666666666,0.6,4.0,9.0,3.0,31
212.3719940185547,67.2374267578125,13.4474853515625,1000.0,0.0,0.26666666666666666,0.6666666666666666,4.0,10.0,3.0,31
203.38613891601562,34.751991271972656,6.950398254394531,1000.0,0.0,0.26666666666666666,0.7333333333333333,4.0,11.0,3.0,31
225.17906188964844,77.17526245117188,15.435052490234375,1000.0,0.0,0.26666666666666666,0.8,4.0,12.0,3.0,31
202.91648864746094,35.09688949584961,7.019377899169922,1000.0,0.0,0.26666666666666666,0.8666666666666667,4.0,13.0,3.0,31
222.14691162109375,64.55970764160156,12.911941528320312,1000.0,0.0,0.26666666666666666,0.9333333333333333,4.0,14.0,3.0,31
211.03956604003906,36.40004348754883,7.280008697509766,1000.0,0.0,0.26666666666666666,1.0,4.0,15.0,3.0,31
203.18820190429688,43.59858322143555,8.719716644287109,1000.0,0.0,0.3333333333333333,-1.0,5.0,-15.0,3.0,31
211.7002716064453,43.574989318847656,8.714997863769531,1000.0,0.0,0.3333333333333333,-0.9333333333333333,5.0,-14.0,3.0,31
213.06683349609375,50.03507614135742,10.007015228271484,1000.0,0.0,0.3333333333333333,-0.8666666666666667,5.0,-13.0,3.0,31
236.10971069335938,58.00490951538086,11.600981903076171,1000.0,0.0,0.3333333333333333,-0.8,5.0,-12.0,3.0,31
232.12425231933594,60.12721633911133,12.025443267822265,1000.0,0.0,0.3333333333333333,-0.7333333333333333,5.0,-11.0,3.0,31
243.36236572265625,64.94916534423828,12.989833068847656,1000.0,0.0,0.3333333333333333,-0.6666666666666666,5.0,-10.0,3.0,31
242.32302856445312,68.86089324951172,13.772178649902344,1000.0,0.0,0.3333333333333333,-0.6,5.0,-9.0,3.0,31
252.0684356689453,76.19841766357422,15.239683532714844,1000.0,0.0,0.3333333333333333,-0.5333333333333333,5.0,-8.0,3.0,31
284.5176086425781,91.6453628540039,18.329072570800783,1000.0,0.0,0.3333333333333333,-0.4666666666666667,5.0,-7.0,3.0,31
380.88153076171875,105.05290985107422,21.010581970214844,1000.0,0.0,0.3333333333333333,-0.4,5.0,-6.0,3.0,31
368.43609619140625,76.1852035522461,15.237040710449218,1000.0,0.0,0.3333333333333333,-0.3333333333333333,5.0,-5.0,3.0,31
265.1729736328125,82.35176086425781,16.470352172851562,1000.0,0.0,0.3333333333333333,-0.26666666666666666,5.0,-4.0,3.0,31
214.7834014892578,53.60484313964844,10.720968627929688,1000.0,0.0,0.3333333333333333,-0.2,5.0,-3.0,3.0,31
189.0177001953125,20.83626365661621,4.167252731323242,1000.0,0.0,0.3333333333333333,-0.13333333333333333,5.0,-2.0,3.0,31
197.62757873535156,28.14714241027832,5.629428482055664,1000.0,0.0,0.3333333333333333,-0.06666666666666667,5.0,-1.0,3.0,31
266.94903564453125,78.28218841552734,15.65643768310547,1000.0,0.0,0.3333333333333333,0.0,5.0,0.0,3.0,31
227.72679138183594,46.81767654418945,9.363535308837891,1000.0,0.0,0.3333333333333333,0.06666666666666667,5.0,1.0,3.0,31
222.40185546875,50.47990798950195,10.09598159790039,1000.0,0.0,0.3333333333333333,0.13333333333333333,5.0,2.0,3.0,31
206.90736389160156,36.432003021240234,7.286400604248047,1000.0,0.0,0.3333333333333333,0.2,5.0,3.0,3.0,31
217.9190673828125,49.52035140991211,9.904070281982422,1000.0,0.0,0.3333333333333333,0.26666666666666666,5.0,4.0,3.0,31
213.11593627929688,42.88703536987305,8.577407073974609,1000.0,0.0,0.3333333333333333,0.3333333333333333,5.0,5.0,3.0,31
216.88992309570312,53.919822692871094,10.783964538574219,1000.0,0.0,0.3333333333333333,0.4,5.0,6.0,3.0,31
205.93624877929688,37.83260726928711,7.566521453857422,1000.0,0.0,0.3333333333333333,0.4666666666666667,5.0,7.0,3.0,31
215.28106689453125,50.22119903564453,10.044239807128907,1000.0,0.0,0.3333333333333333,0.5333333333333333,5.0,8.0,3.0,31
208.62445068359375,38.243080139160156,7.648616027832031,1000.0,0.0,0.3333333333333333,0.6,5.0,9.0,3.0,31
218.61154174804688,54.66328811645508,10.932657623291016,1000.0,0.0,0.3333333333333333,0.6666666666666666,5.0,10.0,3.0,31
220.88565063476562,70.3046875,14.0609375,1000.0,0.0,0.3333333333333333,0.7333333333333333,5.0,11.0,3.0,31
247.02001953125,95.99764251708984,19.19952850341797,1000.0,0.0,0.3333333333333333,0.8,5.0,12.0,3.0,31
234.80191040039062,84.57122802734375,16.91424560546875,1000.0,0.0,0.3333333333333333,0.8666666666666667,5.0,13.0,3.0,31
234.89556884765625,86.82490539550781,17.36498107910156,1000.0,0.0,0.3333333333333333,0.9333333333333333,5.0,14.0,3.0,31
242.4989776611328,72.64384460449219,14.528768920898438,1000.0,0.0,0.3333333333333333,1.0,5.0,15.0,3.0,31
207.5380096435547,45.92128372192383,9.184256744384765,1000.0,0.0,0.4,-1.0,6.0,-15.0,3.0,31
225.7597198486328,62.599029541015625,12.519805908203125,1000.0,0.0,0.4,-0.9333333333333333,6.0,-14.0,3.0,31
236.6416015625,61.1572380065918,12.23144760131836,1000.0,0.0,0.4,-0.8666666666666667,6.0,-13.0,3.0,31
237.30494689941406,50.91800308227539,10.183600616455077,1000.0,0.0,0.4,-0.8,6.0,-12.0,3.0,31
235.4902801513672,64.75019073486328,12.950038146972656,1000.0,0.0,0.4,-0.7333333333333333,6.0,-11.0,3.0,31
240.6855926513672,64.58460235595703,12.916920471191407,1000.0,0.0,0.4,-0.6666666666666666,6.0,-10.0,3.0,31
249.79364013671875,66.63985443115234,13.327970886230469,1000.0,0.0,0.4,-0.6,6.0,-9.0,3.0,31
341.3338928222656,129.37965393066406,25.875930786132812,1000.0,0.0,0.4,-0.5333333333333333,6.0,-8.0,3.0,31
373.3282470703125,120.37144470214844,24.07428894042969,1000.0,0.0,0.4,-0.4666666666666667,6.0,-7.0,3.0,31
350.318603515625,100.94567108154297,20.189134216308595,1000.0,0.0,0.4,-0.4,6.0,-6.0,3.0,31
290.0585632324219,120.57779693603516,24.115559387207032,1000.0,0.0,0.4,-0.3333333333333333,6.0,-5.0,3.0,31
302.824462890625,88.43414306640625,17.68682861328125,1000.0,0.0,0.4,-0.26666666666666666,6.0,-4.0,3.0,31
216.70388793945312,49.1030158996582,9.820603179931641,1000.0,0.0,0.4,-0.2,6.0,-3.0,3.0,31
202.5330810546875,30.93309211730957,6.186618423461914,1000.0,0.0,0.4,-0.13333333333333333,6.0,-2.0,3.0,31
199.96484375,26.64559555053711,5.329119110107422,1000.0,0.0,0.4,-0.06666666666666667,6.0,-1.0,3.0,31
224.0411376953125,44.86916732788086,8.973833465576172,1000.0,0.0,0.4,0.0,6.0,0.0,3.0,31
239.65451049804688,51.01750564575195,10.203501129150391,1000.0,0.0,0.4,0.06666666666666667,6.0,1.0,3.0,31
249.67221069335938,48.32139205932617,9.664278411865235,1000.0,0.0,0.4,0.13333333333333333,6.0,2.0,3.0,31
227.92633056640625,55.59526443481445,11.11905288696289,1000.0,0.0,0.4,0.2,6.0,3.0,3.0,31
222.3683624267578,48.7764778137207,9.755295562744141,1000.0,0.0,0.4,0.26666666666666666,6.0,4.0,3.0,31
205.95379638671875,37.93315505981445,7.586631011962891,1000.0,0.0,0.4,0.3333333333333333,6.0,5.0,3.0,31
195.71730041503906,24.91415023803711,4.982830047607422,1000.0,0.0,0.4,0.4,6.0,6.0,3.0,31
191.94012451171875,22.923376083374023,4.584675216674805,1000.0,0.0,0.4,0.4666666666666667,6.0,7.0,3.0,31
190.35520935058594,26.424266815185547,5.28485336303711,1000.0,0.0,0.4,0.5333333333333333,6.0,8.0,3.0,31
197.1940460205078,35.51887893676758,7.1037757873535154,1000.0,0.0,0.4,0.6,6.0,9.0,3.0,31
204.24900817871094,46.96514129638672,9.393028259277344,1000.0,0.0,0.4,0.6666666666666666,6.0,10.0,3.0,31
221.39161682128906,43.79964828491211,8.759929656982422,1000.0,0.0,0.4,0.7333333333333333,6.0,11.0,3.0,31
257.38189697265625,68.32892608642578,13.665785217285157,1000.0,0.0,0.4,0.8,6.0,12.0,3.0,31
249.02342224121094,63.926448822021484,12.785289764404297,1000.0,0.0,0.4,0.8666666666666667,6.0,13.0,3.0,31
243.4857177734375,83.87356567382812,16.774713134765626,1000.0,0.0,0.4,0.9333333333333333,6.0,14.0,3.0,31
247.74044799804688,80.23641967773438,16.047283935546876,1000.0,0.0,0.4,1.0,6.0,15.0,3.0,31
214.5239715576172,51.55524444580078,10.311048889160157,1000.0,0.0,0.4666666666666667,-1.0,7.0,-15.0,3.0,31
234.28123474121094,67.92633056640625,13.58526611328125,1000.0,0.0,0.4666666666666667,-0.9333333333333333,7.0,-14.0,3.0,31
236.24386596679688,68.0804672241211,13.61609344482422,1000.0,0.0,0.4666666666666667,-0.8666666666666667,7.0,-13.0,3.0,31
242.94085693359375,69.946044921875,13.989208984375,1000.0,0.0,0.4666666666666667,-0.8,7.0,-12.0,3.0,31
241.7416534423828,68.89456939697266,13.778913879394532,1000.0,0.0,0.4666666666666667,-0.7333333333333333,7.0,-11.0,3.0,31
254.25439453125,83.80290222167969,16.760580444335936,1000.0,0.0,0.4666666666666667,-0.6666666666666666,7.0,-10.0,3.0,31
309.483642578125,118.70938873291016,23.74187774658203,1000.0,0.0,0.4666666666666667,-0.6,7.0,-9.0,3.0,31
353.2195739746094,120.60824584960938,24.121649169921874,1000.0,0.0,0.4666666666666667,-0.5333333333333333,7.0,-8.0,3.0,31
383.36248779296875,132.74322509765625,26.54864501953125,1000.0,0.0,0.4666666666666667,-0.4666666666666667,7.0,-7.0,3.0,31
359.6657409667969,106.87541198730469,21.375082397460936,1000.0,0.0,0.4666666666666667,-0.4,7.0,-6.0,3.0,31
280.016357421875,97.06742095947266,19.413484191894533,1000.0,0.0,0.4666666666666667,-0.3333333333333333,7.0,-5.0,3.0,31
256.55780029296875,94.70344543457031,18.940689086914062,1000.0,0.0,0.4666666666666667,-0.26666666666666666,7.0,-4.0,3.0,31
225.23162841796875,72.11681365966797,14.423362731933594,1000.0,0.0,0.4666666666666667,-0.2,7.0,-3.0,3.0,31
199.19056701660156,39.28628921508789,7.857257843017578,1000.0,0.0,0.4666666666666667,-0.13333333333333333,7.0,-2.0,3.0,31
220.81527709960938,40.031463623046875,8.006292724609375,1000.0,0.0,0.4666666666666667,-0.06666666666666667,7.0,-1.0,3.0,31
242.90452575683594,36.41584014892578,7.283168029785156,1000.0,0.0,0.4666666666666667,0.0,7.0,0.0,3.0,31
248.83218383789062,56.65656661987305,11.331313323974609,1000.0,0.0,0.4666666666666667,0.06666666666666667,7.0,1.0,3.0,31
285.7801818847656,85.00377655029297,17.000755310058594,1000.0,0.0,0.4666666666666667,0.13333333333333333,7.0,2.0,3.0,31
266.31024169921875,73.29920959472656,14.659841918945313,1000.0,0.0,0.4666666666666667,0.2,7.0,3.0,3.0,31
219.70091247558594,47.19483947753906,9.438967895507812,1000.0,0.0,0.4666666666666667,0.26666666666666666,7.0,4.0,3.0,31
222.07504272460938,41.87687301635742,8.375374603271485,1000.0,0.0,0.4666666666666667,0.3333333333333333,7.0,5.0,3.0,31
201.6273956298828,36.370906829833984,7.274181365966797,1000.0,0.0,0.4666666666666667,0.4,7.0,6.0,3.0,31
198.0046844482422,21.40843963623047,4.281687927246094,1000.0,0.0,0.4666666666666667,0.4666666666666667,7.0,7.0,3.0,31
188.32611083984375,16.770774841308594,3.3541549682617187,1000.0,0.0,0.4666666666666667,0.5333333333333333,7.0,8.0,3.0,31
188.85520935058594,17.29646110534668,3.4592922210693358,1000.0,0.0,0.4666666666666667,0.6,7.0,9.0,3.0,31
191.68115234375,21.133338928222656,4.226667785644532,1000.0,0.0,0.4666666666666667,0.6666666666666666,7.0,10.0,3.0,31
195.55943298339844,24.645092010498047,4.92901840209961,1000.0,0.0,0.4666666666666667,0.7333333333333333,7.0,11.0,3.0,31
222.91830444335938,62.34941864013672,12.469883728027344,1000.0,0.0,0.4666666666666667,0.8,7.0,12.0,3.0,31
244.60691833496094,51.317012786865234,10.263402557373047,1000.0,0.0,0.4666666666666667,0.8666666666666667,7.0,13.0,3.0,31
264.2304382324219,79.41769409179688,15.883538818359375,1000.0,0.0,0.4666666666666667,0.9333333333333333,7.0,14.0,3.0,31
258.7202453613281,70.89596557617188,14.179193115234375,1000.0,0.0,0.4666666666666667,1.0,7.0,15.0,3.0,31
211.59095764160156,54.330421447753906,10.86608428955078,1000.0,0.0,0.5333333333333333,-1.0,8.0,-15.0,3.0,31
235.40411376953125,64.83386993408203,12.966773986816406,1000.0,0.0,0.5333333333333333,-0.9333333333333333,8.0,-14.0,3.0,31
248.44361877441406,75.74896240234375,15.14979248046875,1000.0,0.0,0.5333333333333333,-0.8666666666666667,8.0,-13.0,3.0,31
228.3023681640625,51.018104553222656,10.203620910644531,1000.0,0.0,0.5333333333333333,-0.8,8.0,-12.0,3.0,31
222.21026611328125,66.4021224975586,13.280424499511719,1000.0,0.0,0.5333333333333333,-0.7333333333333333,8.0,-11.0,3.0,31
305.8070068359375,108.3425521850586,21.66851043701172,1000.0,0.0,0.5333333333333333,-0.6666666666666666,8.0,-10.0,3.0,31
375.3646545410156,128.9434814453125,25.7886962890625,1000.0,0.0,0.5333333333333333,-0.6,8.0,-9.0,3.0,31
357.2657470703125,139.0178985595703,27.80357971191406,1000.0,0.0,0.5333333333333333,-0.5333333333333333,8.0,-8.0,3.0,31
342.3668212890625,126.89899444580078,25.379798889160156,1000.0,0.0,0.5333333333333333,-0.4666666666666667,8.0,-7.0,3.0,31
301.2386474609375,94.97285461425781,18.994570922851562,1000.0,0.0,0.5333333333333333,-0.4,8.0,-6.0,3.0,31
245.7216339111328,79.23942565917969,15.847885131835938,1000.0,0.0,0.5333333333333333,-0.3333333333333333,8.0,-5.0,3.0,31
244.31085205078125,100.16565704345703,20.033131408691407,1000.0,0.0,0.5333333333333333,-0.26666666666666666,8.0,-4.0,3.0,31
214.71107482910156,48.28643798828125,9.65728759765625,1000.0,0.0,0.5333333333333333,-0.2,8.0,-3.0,3.0,31
259.4815368652344,47.415958404541016,9.483191680908202,1000.0,0.0,0.5333333333333333,-0.13333333333333333,8.0,-2.0,3.0,31
254.2126007080078,50.432373046875,10.086474609375,1000.0,0.0,0.5333333333333333,-0.06666666666666667,8.0,-1.0,3.0,31
265.9566955566406,27.971162796020508,5.594232559204102,1000.0,0.0,0.5333333333333333,0.0,8.0,0.0,3.0,31
336.990234375,71.79774475097656,14.359548950195313,1000.0,0.0,0.5333333333333333,0.06666666666666667,8.0,1.0,3.0,31
345.6074523925781,77.18804931640625,15.43760986328125,1000.0,0.0,0.5333333333333333,0.13333333333333333,8.0,2.0,3.0,31
328.8191833496094,81.1207504272461,16.224150085449217,1000.0,0.0,0.5333333333333333,0.2,8.0,3.0,3.0,31
230.03509521484375,52.085296630859375,10.417059326171875,1000.0,0.0,0.5333333333333333,0.26666666666666666,8.0,4.0,3.0,31
224.45982360839844,52.65180969238281,10.530361938476563,1000.0,0.0,0.5333333333333333,0.3333333333333333,8.0,5.0,3.0,31
210.9654541015625,37.59593963623047,7.519187927246094,1000.0,0.0,0.5333333333333333,0.4,8.0,6.0,3.0,31
198.82716369628906,29.139650344848633,5.827930068969726,1000.0,0.0,0.5333333333333333,0.4666666666666667,8.0,7.0,3.0,31
185.5391845703125,15.217041015625,3.043408203125,1000.0,0.0,0.5333333333333333,0.5333333333333333,8.0,8.0,3.0,31
182.34486389160156,11.59797191619873,2.319594383239746,1000.0,0.0,0.5333333333333333,0.6,8.0,9.0,3.0,31
182.32113647460938,13.989609718322754,2.7979219436645506,1000.0,0.0,0.5333333333333333,0.6666666666666666,8.0,10.0,3.0,31
194.07635498046875,24.868383407592773,4.973676681518555,1000.0,0.0,0.5333333333333333,0.7333333333333333,8.0,11.0,3.0,31
197.0166473388672,24.527299880981445,4.905459976196289,1000.0,0.0,0.5333333333333333,0.8,8.0,12.0,3.0,31
215.5075225830078,42.462276458740234,8.492455291748048,1000.0,0.0,0.5333333333333333,0.8666666666666667,8.0,13.0,3.0,31
246.98883056640625,56.97508239746094,11.395016479492188,1000.0,0.0,0.5333333333333333,0.9333333333333333,8.0,14.0,3.0,31
295.22247314453125,62.10072326660156,12.420144653320312,1000.0,0.0,0.5333333333333333,1.0,8.0,15.0,3.0,31
220.56475830078125,68.99149322509766,13.798298645019532,1000.0,0.0,0.6,-1.0,9.0,-15.0,3.0,31
219.2303924560547,50.947471618652344,10.189494323730468,1000.0,0.0,0.6,-0.9333333333333333,9.0,-14.0,3.0,31
215.4833984375,40.04277801513672,8.008555603027343,1000.0,0.0,0.6,-0.8666666666666667,9.0,-13.0,3.0,31
245.93679809570312,77.4412612915039,15.488252258300781,1000.0,0.0,0.6,-0.8,9.0,-12.0,3.0,31
305.1736755371094,95.98562622070312,19.197125244140626,1000.0,0.0,0.6,-0.7333333333333333,9.0,-11.0,3.0,31
301.3604431152344,109.86859893798828,21.973719787597656,1000.0,0.0,0.6,-0.6666666666666666,9.0,-10.0,3.0,31
383.25665283203125,124.77623748779297,24.955247497558595,1000.0,0.0,0.6,-0.6,9.0,-9.0,3.0,31
391.3041687011719,110.52295684814453,22.104591369628906,1000.0,0.0,0.6,-0.5333333333333333,9.0,-8.0,3.0,31
275.6761474609375,107.26138305664062,21.452276611328124,1000.0,0.0,0.6,-0.4666666666666667,9.0,-7.0,3.0,31
254.48988342285156,103.2448959350586,20.64897918701172,1000.0,0.0,0.6,-0.4,9.0,-6.0,3.0,31
257.1764221191406,80.24971771240234,16.04994354248047,1000.0,0.0,0.6,-0.3333333333333333,9.0,-5.0,3.0,31
232.7386932373047,61.66880798339844,12.333761596679688,1000.0,0.0,0.6,-0.26666666666666666,9.0,-4.0,3.0,31
250.59439086914062,99.23733520507812,19.847467041015626,1000.0,0.0,0.6,-0.2,9.0,-3.0,3.0,31
259.2095031738281,49.687042236328125,9.937408447265625,1000.0,0.0,0.6,-0.13333333333333333,9.0,-2.0,3.0,31
216.9351043701172,38.35596466064453,7.671192932128906,1000.0,0.0,0.6,-0.06666666666666667,9.0,-1.0,3.0,31
303.2797546386719,61.86265563964844,12.372531127929687,1000.0,0.0,0.6,0.0,9.0,0.0,3.0,31
324.3956298828125,48.33775329589844,9.667550659179687,1000.0,0.0,0.6,0.06666666666666667,9.0,1.0,3.0,31
386.24053955078125,48.46162033081055,9.69232406616211,1000.0,0.0,0.6,0.13333333333333333,9.0,2.0,3.0,31
349.7378234863281,61.874149322509766,12.374829864501953,1000.0,0.0,0.6,0.2,9.0,3.0,3.0,31
269.1803894042969,66.9310073852539,13.386201477050781,1000.0,0.0,0.6,0.26666666666666666,9.0,4.0,3.0,31
247.41714477539062,72.70867156982422,14.541734313964843,1000.0,0.0,0.6,0.3333333333333333,9.0,5.0,3.0,31
236.5517578125,67.15065002441406,13.430130004882812,1000.0,0.0,0.6,0.4,9.0,6.0,3.0,31
187.3246612548828,20.181396484375,4.036279296875,1000.0,0.0,0.6,0.4666666666666667,9.0,7.0,3.0,31
190.33641052246094,22.789051055908203,4.557810211181641,1000.0,0.0,0.6,0.5333333333333333,9.0,8.0,3.0,31
186.40591430664062,16.068437576293945,3.213687515258789,1000.0,0.0,0.6,0.6,9.0,9.0,3.0,31
188.48394775390625,31.29277801513672,6.258555603027344,1000.0,0.0,0.6,0.6666666666666666,9.0,10.0,3.0,31
186.92453002929688,17.655532836914062,3.5311065673828126,1000.0,0.0,0.6,0.7333333333333333,9.0,11.0,3.0,31
188.4867401123047,18.591432571411133,3.7182865142822266,1000.0,0.0,0.6,0.8,9.0,12.0,3.0,31
196.7339630126953,25.49320411682129,5.098640823364258,1000.0,0.0,0.6,0.8666666666666667,9.0,13.0,3.0,31
225.0630645751953,29.021291732788086,5.804258346557617,1000.0,0.0,0.6,0.9333333333333333,9.0,14.0,3.0,31
295.69775390625,52.43626403808594,10.487252807617187,1000.0,0.0,0.6,1.0,9.0,15.0,3.0,31
200.4420166015625,37.344364166259766,7.468872833251953,1000.0,0.0,0.6666666666666666,-1.0,10.0,-15.0,3.0,31
203.3490753173828,53.68966293334961,10.737932586669922,1000.0,0.0,0.6666666666666666,-0.9333333333333333,10.0,-14.0,3.0,31
231.86181640625,85.51850891113281,17.103701782226562,1000.0,0.0,0.6666666666666666,-0.8666666666666667,10.0,-13.0,3.0,31
279.11260986328125,81.74190521240234,16.34838104248047,1000.0,0.0,0.6666666666666666,-0.8,10.0,-12.0,3.0,31
327.3815612792969,110.555908203125,22.111181640625,1000.0,0.0,0.6666666666666666,-0.7333333333333333,10.0,-11.0,3.0,31
338.77581787109375,120.96470642089844,24.19294128417969,1000.0,0.0,0.6666666666666666,-0.6666666666666666,10.0,-10.0,3.0,31
350.132568359375,122.7898941040039,24.55797882080078,1000.0,0.0,0.6666666666666666,-0.6,10.0,-9.0,3.0,31
258.3641357421875,86.66020202636719,17.33204040527344,1000.0,0.0,0.6666666666666666,-0.5333333333333333,10.0,-8.0,3.0,31
256.0601806640625,93.01763153076172,18.603526306152343,1000.0,0.0,0.6666666666666666,-0.4666666666666667,10.0,-7.0,3.0,31
256.7146911621094,79.28495788574219,15.856991577148438,1000.0,0.0,0.6666666666666666,-0.4,10.0,-6.0,3.0,31
248.7617950439453,96.74626922607422,19.349253845214843,1000.0,0.0,0.6666666666666666,-0.3333333333333333,10.0,-5.0,3.0,31
239.4649658203125,63.095035552978516,12.619007110595703,1000.0,0.0,0.6666666666666666,-0.26666666666666666,10.0,-4.0,3.0,31
251.1269073486328,46.916839599609375,9.383367919921875,1000.0,0.0,0.6666666666666666,-0.2,10.0,-3.0,3.0,31
238.28262329101562,50.73876190185547,10.147752380371093,1000.0,0.0,0.6666666666666666,-0.13333333333333333,10.0,-2.0,3.0,31
278.4124755859375,64.19889068603516,12.83977813720703,1000.0,0.0,0.6666666666666666,-0.06666666666666667,10.0,-1.0,3.0,31
268.3756103515625,67.4414291381836,13.48828582763672,1000.0,0.0,0.6666666666666666,0.0,10.0,0.0,3.0,31
332.48675537109375,70.41101837158203,14.082203674316407,1000.0,0.0,0.6666666666666666,0.06666666666666667,10.0,1.0,3.0,31
395.7901916503906,60.862274169921875,12.172454833984375,1000.0,0.0,0.6666666666666666,0.13333333333333333,10.0,2.0,3.0,31
371.62457275390625,64.54536437988281,12.909072875976562,1000.0,0.0,0.6666666666666666,0.2,10.0,3.0,3.0,31
313.0556335449219,56.747066497802734,11.349413299560547,1000.0,0.0,0.6666666666666666,0.26666666666666666,10.0,4.0,3.0,31
258.8800048828125,65.50343322753906,13.100686645507812,1000.0,0.0,0.6666666666666666,0.3333333333333333,10.0,5.0,3.0,31
270.296142578125,85.91345977783203,17.182691955566405,1000.0,0.0,0.6666666666666666,0.4,10.0,6.0,3.0,31
233.8975372314453,64.83101654052734,12.966203308105468,1000.0,0.0,0.6666666666666666,0.4666666666666667,10.0,7.0,3.0,31
237.41326904296875,66.57756042480469,13.315512084960938,1000.0,0.0,0.6666666666666666,0.5333333333333333,10.0,8.0,3.0,31
182.37355041503906,14.69740104675293,2.939480209350586,1000.0,0.0,0.6666666666666666,0.6,10.0,9.0,3.0,31
185.8643341064453,16.54196548461914,3.308393096923828,1000.0,0.0,0.6666666666666666,0.6666666666666666,10.0,10.0,3.0,31
188.5642547607422,19.120763778686523,3.8241527557373045,1000.0,0.0,0.6666666666666666,0.7333333333333333,10.0,11.0,3.0,31
187.19203186035156,17.74555015563965,3.5491100311279298,1000.0,0.0,0.6666666666666666,0.8,10.0,12.0,3.0,31
184.0082550048828,11.850481986999512,2.3700963973999025,1000.0,0.0,0.6666666666666666,0.8666666666666667,10.0,13.0,3.0,31
199.26296997070312,22.853635787963867,4.570727157592773,1000.0,0.0,0.6666666666666666,0.9333333333333333,10.0,14.0,3.0,31
233.08929443359375,50.65452575683594,10.130905151367188,1000.0,0.0,0.6666666666666666,1.0,10.0,15.0,3.0,31
198.45973205566406,30.974870681762695,6.194974136352539,1000.0,0.0,0.7333333333333333,-1.0,11.0,-15.0,3.0,31
205.0843963623047,42.65858840942383,8.531717681884766,1000.0,0.0,0.7333333333333333,-0.9333333333333333,11.0,-14.0,3.0,31
255.27037048339844,80.67061614990234,16.134123229980467,1000.0,0.0,0.7333333333333333,-0.8666666666666667,11.0,-13.0,3.0,31
340.2220764160156,111.76210021972656,22.352420043945312,1000.0,0.0,0.7333333333333333,-0.8,11.0,-12.0,3.0,31
316.9048767089844,105.77167510986328,21.154335021972656,1000.0,0.0,0.7333333333333333,-0.7333333333333333,11.0,-11.0,3.0,31
341.4166259765625,107.76638793945312,21.553277587890626,1000.0,0.0,0.7333333333333333,-0.6666666666666666,11.0,-10.0,3.0,31
275.5502014160156,101.11897277832031,20.223794555664064,1000.0,0.0,0.7333333333333333,-0.6,11.0,-9.0,3.0,31
246.49407958984375,66.75666046142578,13.351332092285157,1000.0,0.0,0.7333333333333333,-0.5333333333333333,11.0,-8.0,3.0,31
235.66162109375,65.6371078491211,13.127421569824218,1000.0,0.0,0.7333333333333333,-0.4666666666666667,11.0,-7.0,3.0,31
248.01248168945312,71.25457763671875,14.25091552734375,1000.0,0.0,0.7333333333333333,-0.4,11.0,-6.0,3.0,31
232.44378662109375,52.92977523803711,10.585955047607422,1000.0,0.0,0.7333333333333333,-0.3333333333333333,11.0,-5.0,3.0,31
234.2587127685547,42.31895065307617,8.463790130615234,1000.0,0.0,0.7333333333333333,-0.26666666666666666,11.0,-4.0,3.0,31
223.83566284179688,33.09092330932617,6.618184661865234,1000.0,0.0,0.7333333333333333,-0.2,11.0,-3.0,3.0,31
237.47048950195312,48.353668212890625,9.670733642578124,1000.0,0.0,0.7333333333333333,-0.13333333333333333,11.0,-2.0,3.0,31
274.4428405761719,71.87508392333984,14.375016784667968,1000.0,0.0,0.7333333333333333,-0.06666666666666667,11.0,-1.0,3.0,31
280.0827941894531,78.81257629394531,15.762515258789062,1000.0,0.0,0.7333333333333333,0.0,11.0,0.0,3.0,31
339.25225830078125,90.16934967041016,18.03386993408203,1000.0,0.0,0.7333333333333333,0.06666666666666667,11.0,1.0,3.0,31
386.8866271972656,45.898902893066406,9.179780578613281,1000.0,0.0,0.7333333333333333,0.13333333333333333,11.0,2.0,3.0,31
370.459228515625,77.00800323486328,15.401600646972657,1000.0,0.0,0.7333333333333333,0.2,11.0,3.0,3.0,31
345.35675048828125,79.0549545288086,15.810990905761718,1000.0,0.0,0.7333333333333333,0.26666666666666666,11.0,4.0,3.0,31
280.81268310546875,75.57673645019531,15.115347290039063,1000.0,0.0,0.7333333333333333,0.3333333333333333,11.0,5.0,3.0,31
237.3589630126953,82.04583740234375,16.40916748046875,1000.0,0.0,0.7333333333333333,0.4,11.0,6.0,3.0,31
219.95982360839844,52.969398498535156,10.593879699707031,1000.0,0.0,0.7333333333333333,0.4666666666666667,11.0,7.0,3.0,31
231.0169677734375,72.60882568359375,14.52176513671875,1000.0,0.0,0.7333333333333333,0.5333333333333333,11.0,8.0,3.0,31
224.3692169189453,60.691532135009766,12.138306427001954,1000.0,0.0,0.7333333333333333,0.6,11.0,9.0,3.0,31
185.04148864746094,11.621984481811523,2.3243968963623045,1000.0,0.0,0.7333333333333333,0.6666666666666666,11.0,10.0,3.0,31
197.48544311523438,33.073734283447266,6.614746856689453,1000.0,0.0,0.7333333333333333,0.7333333333333333,11.0,11.0,3.0,31
189.8531494140625,21.420917510986328,4.284183502197266,1000.0,0.0,0.7333333333333333,0.8,11.0,12.0,3.0,31
188.60107421875,17.831884384155273,3.566376876831055,1000.0,0.0,0.7333333333333333,0.8666666666666667,11.0,13.0,3.0,31
183.74855041503906,16.673059463500977,3.3346118927001953,1000.0,0.0,0.7333333333333333,0.9333333333333333,11.0,14.0,3.0,31
200.39662170410156,34.45426940917969,6.8908538818359375,1000.0,0.0,0.7333333333333333,1.0,11.0,15.0,3.0,31
213.30068969726562,54.540157318115234,10.908031463623047,1000.0,0.0,0.8,-1.0,12.0,-15.0,3.0,31
242.42767333984375,94.04638671875,18.80927734375,1000.0,0.0,0.8,-0.9333333333333333,12.0,-14.0,3.0,31
304.4754638671875,95.28361511230469,19.056723022460936,1000.0,0.0,0.8,-0.8666666666666667,12.0,-13.0,3.0,31
308.89202880859375,93.42688751220703,18.685377502441405,1000.0,0.0,0.8,-0.8,12.0,-12.0,3.0,31
361.0068359375,103.64004516601562,20.728009033203126,1000.0,0.0,0.8,-0.7333333333333333,12.0,-11.0,3.0,31
259.5958251953125,81.56346130371094,16.31269226074219,1000.0,0.0,0.8,-0.6666666666666666,12.0,-10.0,3.0,31
250.6951141357422,80.6236343383789,16.124726867675783,1000.0,0.0,0.8,-0.6,12.0,-9.0,3.0,31
245.71995544433594,71.98394775390625,14.39678955078125,1000.0,0.0,0.8,-0.5333333333333333,12.0,-8.0,3.0,31
252.83470153808594,77.849853515625,15.569970703125,1000.0,0.0,0.8,-0.4666666666666667,12.0,-7.0,3.0,31
255.8090057373047,54.988853454589844,10.997770690917969,1000.0,0.0,0.8,-0.4,12.0,-6.0,3.0,31
262.017333984375,67.03471374511719,13.406942749023438,1000.0,0.0,0.8,-0.3333333333333333,12.0,-5.0,3.0,31
287.5609130859375,72.94268035888672,14.588536071777344,1000.0,0.0,0.8,-0.26666666666666666,12.0,-4.0,3.0,31
239.58175659179688,60.4006462097168,12.080129241943359,1000.0,0.0,0.8,-0.2,12.0,-3.0,3.0,31
264.2059631347656,50.539466857910156,10.107893371582032,1000.0,0.0,0.8,-0.13333333333333333,12.0,-2.0,3.0,31
256.94122314453125,56.3278923034668,11.265578460693359,1000.0,0.0,0.8,-0.06666666666666667,12.0,-1.0,3.0,31
279.3743896484375,87.4458236694336,17.489164733886717,1000.0,0.0,0.8,0.0,12.0,0.0,3.0,31
340.94769287109375,76.00602722167969,15.201205444335937,1000.0,0.0,0.8,0.06666666666666667,12.0,1.0,3.0,31
363.431640625,99.49422454833984,19.898844909667968,1000.0,0.0,0.8,0.13333333333333333,12.0,2.0,3.0,31
377.9478759765625,63.502994537353516,12.700598907470702,1000.0,0.0,0.8,0.2,12.0,3.0,3.0,31
366.3319091796875,75.85330963134766,15.170661926269531,1000.0,0.0,0.8,0.26666666666666666,12.0,4.0,3.0,31
329.4384765625,81.50178527832031,16.300357055664062,1000.0,0.0,0.8,0.3333333333333333,12.0,5.0,3.0,31
265.1980895996094,84.89486694335938,16.978973388671875,1000.0,0.0,0.8,0.4,12.0,6.0,3.0,31
237.5927734375,60.53821563720703,12.107643127441406,1000.0,0.0,0.8,0.4666666666666667,12.0,7.0,3.0,31
218.67202758789062,62.34925079345703,12.469850158691406,1000.0,0.0,0.8,0.5333333333333333,12.0,8.0,3.0,31
248.26583862304688,87.97239685058594,17.594479370117188,1000.0,0.0,0.8,0.6,12.0,9.0,3.0,31
233.1510772705078,66.78720092773438,13.357440185546874,1000.0,0.0,0.8,0.6666666666666666,12.0,10.0,3.0,31
206.0410919189453,39.51277542114258,7.902555084228515,1000.0,0.0,0.8,0.7333333333333333,12.0,11.0,3.0,31
195.8319854736328,23.439706802368164,4.687941360473633,1000.0,0.0,0.8,0.8,12.0,12.0,3.0,31
188.38307189941406,23.733980178833008,4.746796035766602,1000.0,0.0,0.8,0.8666666666666667,12.0,13.0,3.0,31
190.42774963378906,21.62525749206543,4.325051498413086,1000.0,0.0,0.8,0.9333333333333333,12.0,14.0,3.0,31
200.84498596191406,32.36269760131836,6.4725395202636715,1000.0,0.0,0.8,1.0,12.0,15.0,3.0,31
229.4927215576172,67.4791488647461,13.495829772949218,1000.0,0.0,0.8666666666666667,-1.0,13.0,-15.0,3.0,31
236.06431579589844,74.11334991455078,14.822669982910156,1000.0,0.0,0.8666666666666667,-0.9333333333333333,13.0,-14.0,3.0,31
293.44219970703125,91.9853286743164,18.397065734863283,1000.0,0.0,0.8666666666666667,-0.8666666666666667,13.0,-13.0,3.0,31
307.4337158203125,90.8945541381836,18.17891082763672,1000.0,0.0,0.8666666666666667,-0.8,13.0,-12.0,3.0,31
275.0590515136719,90.55291748046875,18.11058349609375,1000.0,0.0,0.8666666666666667,-0.7333333333333333,13.0,-11.0,3.0,31
275.0432434082031,86.72978210449219,17.34595642089844,1000.0,0.0,0.8666666666666667,-0.6666666666666666,13.0,-10.0,3.0,31
239.4061279296875,65.10523986816406,13.021047973632813,1000.0,0.0,0.8666666666666667,-0.6,13.0,-9.0,3.0,31
216.8327178955078,51.21098327636719,10.242196655273437,1000.0,0.0,0.8666666666666667,-0.5333333333333333,13.0,-8.0,3.0,31
250.45388793945312,63.7357063293457,12.747141265869141,1000.0,0.0,0.8666666666666667,-0.4666666666666667,13.0,-7.0,3.0,31
250.70689392089844,53.7894401550293,10.757888031005859,1000.0,0.0,0.8666666666666667,-0.4,13.0,-6.0,3.0,31
271.531005859375,74.6900634765625,14.9380126953125,1000.0,0.0,0.8666666666666667,-0.3333333333333333,13.0,-5.0,3.0,31
264.23797607421875,59.90804672241211,11.981609344482422,1000.0,0.0,0.8666666666666667,-0.26666666666666666,13.0,-4.0,3.0,31
287.83050537109375,62.114341735839844,12.422868347167968,1000.0,0.0,0.8666666666666667,-0.2,13.0,-3.0,3.0,31
235.54835510253906,56.94835662841797,11.389671325683594,1000.0,0.0,0.8666666666666667,-0.13333333333333333,13.0,-2.0,3.0,31
259.9037780761719,61.560726165771484,12.312145233154297,1000.0,0.0,0.8666666666666667,-0.06666666666666667,13.0,-1.0,3.0,31
254.20046997070312,98.37388610839844,19.674777221679687,1000.0,0.0,0.8666666666666667,0.0,13.0,0.0,3.0,31
324.71600341796875,97.0246353149414,19.404927062988282,1000.0,0.0,0.8666666666666667,0.06666666666666667,13.0,1.0,3.0,31
336.89984130859375,105.00606536865234,21.00121307373047,1000.0,0.0,0.8666666666666667,0.13333333333333333,13.0,2.0,3.0,31
372.5731506347656,67.77729797363281,13.555459594726562,1000.0,0.0,0.8666666666666667,0.2,13.0,3.0,3.0,31
333.3677673339844,81.71206665039062,16.342413330078124,1000.0,0.0,0.8666666666666667,0.26666666666666666,13.0,4.0,3.0,31
351.3854675292969,67.86510467529297,13.573020935058594,1000.0,0.0,0.8666666666666667,0.3333333333333333,13.0,5.0,3.0,31
271.00628662109375,85.29141998291016,17.05828399658203,1000.0,0.0,0.8666666666666667,0.4,13.0,6.0,3.0,31
234.04135131835938,71.59419250488281,14.318838500976563,1000.0,0.0,0.8666666666666667,0.4666666666666667,13.0,7.0,3.0,31
234.7212371826172,81.18801879882812,16.237603759765626,1000.0,0.0,0.8666666666666667,0.5333333333333333,13.0,8.0,3.0,31
213.43972778320312,54.91450119018555,10.982900238037109,1000.0,0.0,0.8666666666666667,0.6,13.0,9.0,3.0,31
219.69822692871094,72.8858871459961,14.577177429199219,1000.0,0.0,0.8666666666666667,0.6666666666666666,13.0,10.0,3.0,31
225.12896728515625,65.3951644897461,13.079032897949219,1000.0,0.0,0.8666666666666667,0.7333333333333333,13.0,11.0,3.0,31
217.54908752441406,54.77848815917969,10.955697631835937,1000.0,0.0,0.8666666666666667,0.8,13.0,12.0,3.0,31
204.4087371826172,44.298309326171875,8.859661865234376,1000.0,0.0,0.8666666666666667,0.8666666666666667,13.0,13.0,3.0,31
199.61717224121094,26.074247360229492,5.214849472045898,1000.0,0.0,0.8666666666666667,0.9333333333333333,13.0,14.0,3.0,31
191.91558837890625,26.895246505737305,5.379049301147461,1000.0,0.0,0.8666666666666667,1.0,13.0,15.0,3.0,31
222.42823791503906,65.32447814941406,13.064895629882812,1000.0,0.0,0.9333333333333333,-1.0,14.0,-15.0,3.0,31
262.2135925292969,80.81379699707031,16.162759399414064,1000.0,0.0,0.9333333333333333,-0.9333333333333333,14.0,-14.0,3.0,31
309.6932678222656,67.56774139404297,13.513548278808594,1000.0,0.0,0.9333333333333333,-0.8666666666666667,14.0,-13.0,3.0,31
292.10491943359375,90.43295288085938,18.086590576171876,1000.0,0.0,0.9333333333333333,-0.8,14.0,-12.0,3.0,31
244.29824829101562,59.02756118774414,11.805512237548829,1000.0,0.0,0.9333333333333333,-0.7333333333333333,14.0,-11.0,3.0,31
282.9736633300781,68.78614807128906,13.757229614257813,1000.0,0.0,0.9333333333333333,-0.6666666666666666,14.0,-10.0,3.0,31
239.09312438964844,63.32991409301758,12.665982818603515,1000.0,0.0,0.9333333333333333,-0.6,14.0,-9.0,3.0,31
235.31515502929688,64.964599609375,12.992919921875,1000.0,0.0,0.9333333333333333,-0.5333333333333333,14.0,-8.0,3.0,31
234.0242919921875,45.78419876098633,9.156839752197266,1000.0,0.0,0.9333333333333333,-0.4666666666666667,14.0,-7.0,3.0,31
263.3339538574219,63.0562744140625,12.6112548828125,1000.0,0.0,0.9333333333333333,-0.4,14.0,-6.0,3.0,31
272.5829772949219,68.29926300048828,13.659852600097656,1000.0,0.0,0.9333333333333333,-0.3333333333333333,14.0,-5.0,3.0,31
254.20144653320312,79.13495635986328,15.826991271972656,1000.0,0.0,0.9333333333333333,-0.26666666666666666,14.0,-4.0,3.0,31
266.5191650390625,79.51178741455078,15.902357482910157,1000.0,0.0,0.9333333333333333,-0.2,14.0,-3.0,3.0,31
223.16400146484375,46.72960662841797,9.345921325683594,1000.0,0.0,0.9333333333333333,-0.13333333333333333,14.0,-2.0,3.0,31
243.482421875,70.59510803222656,14.119021606445312,1000.0,0.0,0.9333333333333333,-0.06666666666666667,14.0,-1.0,3.0,31
255.1360321044922,75.72920227050781,15.145840454101563,1000.0,0.0,0.9333333333333333,0.0,14.0,0.0,3.0,31
348.70330810546875,64.83792114257812,12.967584228515625,1000.0,0.0,0.9333333333333333,0.06666666666666667,14.0,1.0,3.0,31
343.9352722167969,81.06017303466797,16.212034606933592,1000.0,0.0,0.9333333333333333,0.13333333333333333,14.0,2.0,3.0,31
351.42218017578125,73.4774169921875,14.6954833984375,1000.0,0.0,0.9333333333333333,0.2,14.0,3.0,3.0,31
349.1796569824219,96.79147338867188,19.358294677734374,1000.0,0.0,0.9333333333333333,0.26666666666666666,14.0,4.0,3.0,31
355.1436462402344,74.5798568725586,14.915971374511718,1000.0,0.0,0.9333333333333333,0.3333333333333333,14.0,5.0,3.0,31
291.0567626953125,94.87179565429688,18.974359130859376,1000.0,0.0,0.9333333333333333,0.4,14.0,6.0,3.0,31
248.52000427246094,77.5098648071289,15.501972961425782,1000.0,0.0,0.9333333333333333,0.4666666666666667,14.0,7.0,3.0,31
259.2056579589844,87.4132308959961,17.482646179199218,1000.0,0.0,0.9333333333333333,0.5333333333333333,14.0,8.0,3.0,31
241.86195373535156,75.7701644897461,15.154032897949218,1000.0,0.0,0.9333333333333333,0.6,14.0,9.0,3.0,31
222.76194763183594,68.01763153076172,13.603526306152343,1000.0,0.0,0.9333333333333333,0.6666666666666666,14.0,10.0,3.0,31
220.7430419921875,63.89375686645508,12.778751373291016,1000.0,0.0,0.9333333333333333,0.7333333333333333,14.0,11.0,3.0,31
239.55804443359375,73.34574127197266,14.669148254394532,1000.0,0.0,0.9333333333333333,0.8,14.0,12.0,3.0,31
241.9453125,66.34757232666016,13.269514465332032,1000.0,0.0,0.9333333333333333,0.8666666666666667,14.0,13.0,3.0,31
232.78306579589844,69.8458251953125,13.9691650390625,1000.0,0.0,0.9333333333333333,0.9333333333333333,14.0,14.0,3.0,31
227.90213012695312,63.74125289916992,12.748250579833984,1000.0,0.0,0.9333333333333333,1.0,14.0,15.0,3.0,31
220.31756591796875,59.42549133300781,11.885098266601563,1000.0,0.0,1.0,-1.0,15.0,-15.0,3.0,31
297.05810546875,73.59580993652344,14.719161987304688,1000.0,0.0,1.0,-0.9333333333333333,15.0,-14.0,3.0,31
270.9383850097656,80.52531433105469,16.105062866210936,1000.0,0.0,1.0,-0.8666666666666667,15.0,-13.0,3.0,31
260.7879638671875,76.0528564453125,15.2105712890625,1000.0,0.0,1.0,-0.8,15.0,-12.0,3.0,31
252.6595916748047,82.24329376220703,16.448658752441407,1000.0,0.0,1.0,-0.7333333333333333,15.0,-11.0,3.0,31
226.58230590820312,54.00589370727539,10.801178741455079,1000.0,0.0,1.0,-0.6666666666666666,15.0,-10.0,3.0,31
248.58773803710938,78.49569702148438,15.699139404296876,1000.0,0.0,1.0,-0.6,15.0,-9.0,3.0,31
219.68577575683594,44.35874938964844,8.871749877929688,1000.0,0.0,1.0,-0.5333333333333333,15.0,-8.0,3.0,31
242.54083251953125,60.62955856323242,12.125911712646484,1000.0,0.0,1.0,-0.4666666666666667,15.0,-7.0,3.0,31
266.4712829589844,60.47589874267578,12.095179748535156,1000.0,0.0,1.0,-0.4,15.0,-6.0,3.0,31
282.6288757324219,69.18467712402344,13.836935424804688,1000.0,0.0,1.0,-0.3333333333333333,15.0,-5.0,3.0,31
251.9389190673828,77.82308197021484,15.564616394042968,1000.0,0.0,1.0,-0.26666666666666666,15.0,-4.0,3.0,31
225.31080627441406,63.32598876953125,12.66519775390625,1000.0,0.0,1.0,-0.2,15.0,-3.0,3.0,31
220.06492614746094,58.071380615234375,11.614276123046874,1000.0,0.0,1.0,-0.13333333333333333,15.0,-2.0,3.0,31
243.2497100830078,82.21647644042969,16.443295288085938,1000.0,0.0,1.0,-0.06666666666666667,15.0,-1.0,3.0,31
302.7049560546875,56.81513977050781,11.363027954101563,1000.0,0.0,1.0,0.0,15.0,0.0,3.0,31
341.62530517578125,72.16120147705078,14.432240295410157,1000.0,0.0,1.0,0.06666666666666667,15.0,1.0,3.0,31
346.45867919921875,78.17320251464844,15.634640502929688,1000.0,0.0,1.0,0.13333333333333333,15.0,2.0,3.0,31
359.6687927246094,74.75305938720703,14.950611877441407,1000.0,0.0,1.0,0.2,15.0,3.0,3.0,31
344.9150695800781,96.15408325195312,19.230816650390626,1000.0,0.0,1.0,0.26666666666666666,15.0,4.0,3.0,31
344.4564514160156,82.71272277832031,16.542544555664062,1000.0,0.0,1.0,0.3333333333333333,15.0,5.0,3.0,31
301.04071044921875,95.23140716552734,19.04628143310547,1000.0,0.0,1.0,0.4,15.0,6.0,3.0,31
282.3836364746094,93.41140747070312,18.682281494140625,1000.0,0.0,1.0,0.4666666666666667,15.0,7.0,3.0,31
249.11720275878906,85.66570281982422,17.133140563964844,1000.0,0.0,1.0,0.5333333333333333,15.0,8.0,3.0,31
220.64720153808594,62.8403434753418,12.568068695068359,1000.0,0.0,1.0,0.6,15.0,9.0,3.0,31
245.6460418701172,67.2131576538086,13.44263153076172,1000.0,0.0,1.0,0.6666666666666666,15.0,10.0,3.0,31
216.89105224609375,62.938106536865234,12.587621307373047,1000.0,0.0,1.0,0.7333333333333333,15.0,11.0,3.0,31
209.9647216796875,56.268253326416016,11.253650665283203,1000.0,0.0,1.0,0.8,15.0,12.0,3.0,31
212.9205322265625,57.896183013916016,11.579236602783203,1000.0,0.0,1.0,0.8666666666666667,15.0,13.0,3.0,31
232.6497039794922,66.1614990234375,13.2322998046875,1000.0,0.0,1.0,0.9333333333333333,15.0,14.0,3.0,31
219.1104278564453,55.064048767089844,11.012809753417969,1000.0,0.0,1.0,1.0,15.0,15.0,3.0,31
