episode_rewards,episode_std_rewards,episode_stderr_rewards,episode_avg_len,episode_std_avg_len,dim0,dim1,offset1,offset2,magnitude,grid_size
207.87814331054688,46.092193603515625,9.218438720703125,1000.0,0.0,-1.0,-1.0,-15.0,-15.0,3.0,31
206.89109802246094,36.6750602722168,7.335012054443359,1000.0,0.0,-1.0,-0.9333333333333333,-15.0,-14.0,3.0,31
202.17906188964844,32.866111755371094,6.573222351074219,1000.0,0.0,-1.0,-0.8666666666666667,-15.0,-13.0,3.0,31
194.7417449951172,29.776012420654297,5.95520248413086,1000.0,0.0,-1.0,-0.8,-15.0,-12.0,3.0,31
190.24234008789062,18.043458938598633,3.6086917877197267,1000.0,0.0,-1.0,-0.7333333333333333,-15.0,-11.0,3.0,31
201.04957580566406,38.14333724975586,7.6286674499511715,1000.0,0.0,-1.0,-0.6666666666666666,-15.0,-10.0,3.0,31
189.46630859375,18.746667861938477,3.7493335723876955,1000.0,0.0,-1.0,-0.6,-15.0,-9.0,3.0,31
187.19483947753906,17.516630172729492,3.5033260345458985,1000.0,0.0,-1.0,-0.5333333333333333,-15.0,-8.0,3.0,31
181.44857788085938,14.8748140335083,2.9749628067016602,1000.0,0.0,-1.0,-0.4666666666666667,-15.0,-7.0,3.0,31
178.7007598876953,14.11124324798584,2.822248649597168,1000.0,0.0,-1.0,-0.4,-15.0,-6.0,3.0,31
173.37957763671875,7.4870476722717285,1.4974095344543457,1000.0,0.0,-1.0,-0.3333333333333333,-15.0,-5.0,3.0,31
174.2774200439453,8.638859748840332,1.7277719497680664,1000.0,0.0,-1.0,-0.26666666666666666,-15.0,-4.0,3.0,31
174.9048614501953,8.064976692199707,1.6129953384399414,1000.0,0.0,-1.0,-0.2,-15.0,-3.0,3.0,31
211.67359924316406,41.396697998046875,8.279339599609376,1000.0,0.0,-1.0,-0.13333333333333333,-15.0,-2.0,3.0,31
190.01473999023438,15.910862922668457,3.1821725845336912,1000.0,0.0,-1.0,-0.06666666666666667,-15.0,-1.0,3.0,31
212.2239227294922,26.843120574951172,5.368624114990235,1000.0,0.0,-1.0,0.0,-15.0,0.0,3.0,31
207.9803924560547,23.84746551513672,4.769493103027344,1000.0,0.0,-1.0,0.06666666666666667,-15.0,1.0,3.0,31
200.2430419921875,29.935224533081055,5.987044906616211,1000.0,0.0,-1.0,0.13333333333333333,-15.0,2.0,3.0,31
204.3228302001953,24.24374771118164,4.8487495422363285,1000.0,0.0,-1.0,0.2,-15.0,3.0,3.0,31
212.17953491210938,38.40205383300781,7.680410766601563,1000.0,0.0,-1.0,0.26666666666666666,-15.0,4.0,3.0,31
216.1092987060547,41.7179069519043,8.343581390380859,1000.0,0.0,-1.0,0.3333333333333333,-15.0,5.0,3.0,31
264.339599609375,53.407005310058594,10.68140106201172,1000.0,0.0,-1.0,0.4,-15.0,6.0,3.0,31
254.8784942626953,34.79790496826172,6.959580993652343,1000.0,0.0,-1.0,0.4666666666666667,-15.0,7.0,3.0,31
250.12191772460938,25.642738342285156,5.128547668457031,1000.0,0.0,-1.0,0.5333333333333333,-15.0,8.0,3.0,31
260.72625732421875,17.54897689819336,3.509795379638672,1000.0,0.0,-1.0,0.6,-15.0,9.0,3.0,31
261.81793212890625,19.324974060058594,3.8649948120117186,1000.0,0.0,-1.0,0.6666666666666666,-15.0,10.0,3.0,31
272.25750732421875,23.373828887939453,4.674765777587891,1000.0,0.0,-1.0,0.7333333333333333,-15.0,11.0,3.0,31
270.03118896484375,28.056655883789062,5.611331176757813,1000.0,0.0,-1.0,0.8,-15.0,12.0,3.0,31
270.774658203125,29.217287063598633,5.843457412719727,1000.0,0.0,-1.0,0.8666666666666667,-15.0,13.0,3.0,31
263.8204345703125,20.08000373840332,4.016000747680664,1000.0,0.0,-1.0,0.9333333333333333,-15.0,14.0,3.0,31
237.78347778320312,18.50452995300293,3.700905990600586,1000.0,0.0,-1.0,1.0,-15.0,15.0,3.0,31
218.703125,67.69898986816406,13.539797973632812,1000.0,0.0,-0.9333333333333333,-1.0,-14.0,-15.0,3.0,31
210.2628173828125,36.921932220458984,7.384386444091797,1000.0,0.0,-0.9333333333333333,-0.9333333333333333,-14.0,-14.0,3.0,31
195.02450561523438,26.984115600585938,5.396823120117188,1000.0,0.0,-0.9333333333333333,-0.8666666666666667,-14.0,-13.0,3.0,31
204.0194549560547,37.58828353881836,7.517656707763672,1000.0,0.0,-0.9333333333333333,-0.8,-14.0,-12.0,3.0,31
194.6094512939453,21.7517147064209,4.35034294128418,1000.0,0.0,-0.9333333333333333,-0.7333333333333333,-14.0,-11.0,3.0,31
199.29409790039062,35.46641540527344,7.093283081054688,1000.0,0.0,-0.9333333333333333,-0.6666666666666666,-14.0,-10.0,3.0,31
192.42262268066406,22.783924102783203,4.556784820556641,1000.0,0.0,-0.9333333333333333,-0.6,-14.0,-9.0,3.0,31
184.60519409179688,14.847590446472168,2.9695180892944335,1000.0,0.0,-0.9333333333333333,-0.5333333333333333,-14.0,-8.0,3.0,31
181.73121643066406,16.390668869018555,3.278133773803711,1000.0,0.0,-0.9333333333333333,-0.4666666666666667,-14.0,-7.0,3.0,31
178.9098663330078,12.481804847717285,2.496360969543457,1000.0,0.0,-0.9333333333333333,-0.4,-14.0,-6.0,3.0,31
173.96917724609375,9.333229064941406,1.8666458129882812,1000.0,0.0,-0.9333333333333333,-0.3333333333333333,-14.0,-5.0,3.0,31
176.19790649414062,9.466256141662598,1.8932512283325196,1000.0,0.0,-0.9333333333333333,-0.26666666666666666,-14.0,-4.0,3.0,31
173.12017822265625,5.60932731628418,1.121865463256836,1000.0,0.0,-0.9333333333333333,-0.2,-14.0,-3.0,3.0,31
189.66119384765625,25.93800163269043,5.187600326538086,1000.0,0.0,-0.9333333333333333,-0.13333333333333333,-14.0,-2.0,3.0,31
198.0076904296875,30.722015380859375,6.144403076171875,1000.0,0.0,-0.9333333333333333,-0.06666666666666667,-14.0,-1.0,3.0,31
198.9442138671875,39.11098098754883,7.822196197509766,1000.0,0.0,-0.9333333333333333,0.0,-14.0,0.0,3.0,31
219.97589111328125,37.095947265625,7.419189453125,1000.0,0.0,-0.9333333333333333,0.06666666666666667,-14.0,1.0,3.0,31
204.4169464111328,31.112049102783203,6.22240982055664,1000.0,0.0,-0.9333333333333333,0.13333333333333333,-14.0,2.0,3.0,31
208.95831298828125,32.19377899169922,6.438755798339844,1000.0,0.0,-0.9333333333333333,0.2,-14.0,3.0,3.0,31
230.19349670410156,57.83270263671875,11.56654052734375,1000.0,0.0,-0.9333333333333333,0.26666666666666666,-14.0,4.0,3.0,31
219.14752197265625,39.5329704284668,7.906594085693359,1000.0,0.0,-0.9333333333333333,0.3333333333333333,-14.0,5.0,3.0,31
262.0699157714844,43.50051498413086,8.700102996826171,1000.0,0.0,-0.9333333333333333,0.4,-14.0,6.0,3.0,31
244.31024169921875,32.76639938354492,6.553279876708984,1000.0,0.0,-0.9333333333333333,0.4666666666666667,-14.0,7.0,3.0,31
270.3924560546875,22.15205192565918,4.430410385131836,1000.0,0.0,-0.9333333333333333,0.5333333333333333,-14.0,8.0,3.0,31
255.88685607910156,26.61801528930664,5.3236030578613285,1000.0,0.0,-0.9333333333333333,0.6,-14.0,9.0,3.0,31
276.8923034667969,26.17615509033203,5.235231018066406,1000.0,0.0,-0.9333333333333333,0.6666666666666666,-14.0,10.0,3.0,31
286.07672119140625,24.57816505432129,4.915633010864258,1000.0,0.0,-0.9333333333333333,0.7333333333333333,-14.0,11.0,3.0,31
275.37884521484375,26.28770637512207,5.257541275024414,1000.0,0.0,-0.9333333333333333,0.8,-14.0,12.0,3.0,31
264.93963623046875,23.288558959960938,4.657711791992187,1000.0,0.0,-0.9333333333333333,0.8666666666666667,-14.0,13.0,3.0,31
246.92015075683594,13.61723518371582,2.7234470367431642,1000.0,0.0,-0.9333333333333333,0.9333333333333333,-14.0,14.0,3.0,31
218.41659545898438,16.849925994873047,3.3699851989746095,1000.0,0.0,-0.9333333333333333,1.0,-14.0,15.0,3.0,31
207.55157470703125,42.95069122314453,8.590138244628907,1000.0,0.0,-0.8666666666666667,-1.0,-13.0,-15.0,3.0,31
219.12962341308594,55.6065788269043,11.12131576538086,1000.0,0.0,-0.8666666666666667,-0.9333333333333333,-13.0,-14.0,3.0,31
193.85360717773438,28.42670249938965,5.685340499877929,1000.0,0.0,-0.8666666666666667,-0.8666666666666667,-13.0,-13.0,3.0,31
202.44798278808594,36.73405838012695,7.346811676025391,1000.0,0.0,-0.8666666666666667,-0.8,-13.0,-12.0,3.0,31
206.01010131835938,33.22219467163086,6.644438934326172,1000.0,0.0,-0.8666666666666667,-0.7333333333333333,-13.0,-11.0,3.0,31
214.18136596679688,46.445919036865234,9.289183807373046,1000.0,0.0,-0.8666666666666667,-0.6666666666666666,-13.0,-10.0,3.0,31
197.1356964111328,39.778648376464844,7.955729675292969,1000.0,0.0,-0.8666666666666667,-0.6,-13.0,-9.0,3.0,31
183.9635772705078,16.686874389648438,3.3373748779296877,1000.0,0.0,-0.8666666666666667,-0.5333333333333333,-13.0,-8.0,3.0,31
186.50453186035156,15.246285438537598,3.0492570877075194,1000.0,0.0,-0.8666666666666667,-0.4666666666666667,-13.0,-7.0,3.0,31
178.1153106689453,11.03841495513916,2.207682991027832,1000.0,0.0,-0.8666666666666667,-0.4,-13.0,-6.0,3.0,31
174.03956604003906,9.139402389526367,1.8278804779052735,1000.0,0.0,-0.8666666666666667,-0.3333333333333333,-13.0,-5.0,3.0,31
172.5384521484375,5.354001998901367,1.0708003997802735,1000.0,0.0,-0.8666666666666667,-0.26666666666666666,-13.0,-4.0,3.0,31
176.46070861816406,11.186654090881348,2.2373308181762694,1000.0,0.0,-0.8666666666666667,-0.2,-13.0,-3.0,3.0,31
196.0830078125,24.899694442749023,4.979938888549805,1000.0,0.0,-0.8666666666666667,-0.13333333333333333,-13.0,-2.0,3.0,31
191.0903778076172,22.5218563079834,4.504371261596679,1000.0,0.0,-0.8666666666666667,-0.06666666666666667,-13.0,-1.0,3.0,31
200.10861206054688,39.57476806640625,7.91495361328125,1000.0,0.0,-0.8666666666666667,0.0,-13.0,0.0,3.0,31
190.63760375976562,30.725317001342773,6.145063400268555,1000.0,0.0,-0.8666666666666667,0.06666666666666667,-13.0,1.0,3.0,31
194.50662231445312,17.01185417175293,3.402370834350586,1000.0,0.0,-0.8666666666666667,0.13333333333333333,-13.0,2.0,3.0,31
211.83558654785156,26.133352279663086,5.226670455932617,1000.0,0.0,-0.8666666666666667,0.2,-13.0,3.0,3.0,31
217.7960968017578,39.7933349609375,7.9586669921875,1000.0,0.0,-0.8666666666666667,0.26666666666666666,-13.0,4.0,3.0,31
237.3292999267578,50.14657974243164,10.029315948486328,1000.0,0.0,-0.8666666666666667,0.3333333333333333,-13.0,5.0,3.0,31
243.59132385253906,35.02056121826172,7.004112243652344,1000.0,0.0,-0.8666666666666667,0.4,-13.0,6.0,3.0,31
245.47174072265625,34.25803756713867,6.8516075134277346,1000.0,0.0,-0.8666666666666667,0.4666666666666667,-13.0,7.0,3.0,31
252.17413330078125,19.679298400878906,3.9358596801757812,1000.0,0.0,-0.8666666666666667,0.5333333333333333,-13.0,8.0,3.0,31
263.537841796875,28.410917282104492,5.682183456420899,1000.0,0.0,-0.8666666666666667,0.6,-13.0,9.0,3.0,31
284.5794372558594,22.987260818481445,4.597452163696289,1000.0,0.0,-0.8666666666666667,0.6666666666666666,-13.0,10.0,3.0,31
276.4096374511719,29.316068649291992,5.863213729858399,1000.0,0.0,-0.8666666666666667,0.7333333333333333,-13.0,11.0,3.0,31
263.0224914550781,23.112415313720703,4.6224830627441404,1000.0,0.0,-0.8666666666666667,0.8,-13.0,12.0,3.0,31
251.44078063964844,15.828954696655273,3.1657909393310546,1000.0,0.0,-0.8666666666666667,0.8666666666666667,-13.0,13.0,3.0,31
223.2490234375,17.847999572753906,3.569599914550781,1000.0,0.0,-0.8666666666666667,0.9333333333333333,-13.0,14.0,3.0,31
195.93887329101562,25.343719482421875,5.068743896484375,1000.0,0.0,-0.8666666666666667,1.0,-13.0,15.0,3.0,31
198.4644317626953,32.0246467590332,6.404929351806641,1000.0,0.0,-0.8,-1.0,-12.0,-15.0,3.0,31
202.90750122070312,42.75796127319336,8.551592254638672,1000.0,0.0,-0.8,-0.9333333333333333,-12.0,-14.0,3.0,31
220.82208251953125,64.92170715332031,12.984341430664063,1000.0,0.0,-0.8,-0.8666666666666667,-12.0,-13.0,3.0,31
207.62086486816406,40.43844985961914,8.087689971923828,1000.0,0.0,-0.8,-0.8,-12.0,-12.0,3.0,31
213.0420684814453,56.78655242919922,11.357310485839843,1000.0,0.0,-0.8,-0.7333333333333333,-12.0,-11.0,3.0,31
209.0687255859375,38.62696075439453,7.725392150878906,1000.0,0.0,-0.8,-0.6666666666666666,-12.0,-10.0,3.0,31
192.3969268798828,33.0049934387207,6.6009986877441404,1000.0,0.0,-0.8,-0.6,-12.0,-9.0,3.0,31
185.6387176513672,16.07311248779297,3.2146224975585938,1000.0,0.0,-0.8,-0.5333333333333333,-12.0,-8.0,3.0,31
179.27540588378906,12.53069019317627,2.506138038635254,1000.0,0.0,-0.8,-0.4666666666666667,-12.0,-7.0,3.0,31
181.42431640625,15.745378494262695,3.1490756988525392,1000.0,0.0,-0.8,-0.4,-12.0,-6.0,3.0,31
174.3129425048828,7.830662250518799,1.5661324501037597,1000.0,0.0,-0.8,-0.3333333333333333,-12.0,-5.0,3.0,31
176.72048950195312,12.682074546813965,2.536414909362793,1000.0,0.0,-0.8,-0.26666666666666666,-12.0,-4.0,3.0,31
176.03964233398438,10.923605918884277,2.1847211837768556,1000.0,0.0,-0.8,-0.2,-12.0,-3.0,3.0,31
199.09805297851562,33.72917175292969,6.7458343505859375,1000.0,0.0,-0.8,-0.13333333333333333,-12.0,-2.0,3.0,31
220.6947021484375,55.447269439697266,11.089453887939452,1000.0,0.0,-0.8,-0.06666666666666667,-12.0,-1.0,3.0,31
198.64535522460938,22.66716766357422,4.533433532714843,1000.0,0.0,-0.8,0.0,-12.0,0.0,3.0,31
197.8213348388672,36.10594940185547,7.221189880371094,1000.0,0.0,-0.8,0.06666666666666667,-12.0,1.0,3.0,31
202.3721923828125,32.605892181396484,6.521178436279297,1000.0,0.0,-0.8,0.13333333333333333,-12.0,2.0,3.0,31
213.57017517089844,34.76847839355469,6.953695678710938,1000.0,0.0,-0.8,0.2,-12.0,3.0,3.0,31
217.59722900390625,46.27360153198242,9.254720306396484,1000.0,0.0,-0.8,0.26666666666666666,-12.0,4.0,3.0,31
233.1562957763672,46.10737228393555,9.22147445678711,1000.0,0.0,-0.8,0.3333333333333333,-12.0,5.0,3.0,31
248.30068969726562,38.71500778198242,7.743001556396484,1000.0,0.0,-0.8,0.4,-12.0,6.0,3.0,31
259.93182373046875,27.998598098754883,5.599719619750976,1000.0,0.0,-0.8,0.4666666666666667,-12.0,7.0,3.0,31
251.99920654296875,30.50474739074707,6.100949478149414,1000.0,0.0,-0.8,0.5333333333333333,-12.0,8.0,3.0,31
251.73048400878906,47.78725051879883,9.557450103759766,1000.0,0.0,-0.8,0.6,-12.0,9.0,3.0,31
266.3261413574219,43.35689926147461,8.671379852294923,1000.0,0.0,-0.8,0.6666666666666666,-12.0,10.0,3.0,31
273.1559143066406,35.62480545043945,7.124961090087891,1000.0,0.0,-0.8,0.7333333333333333,-12.0,11.0,3.0,31
262.8847351074219,27.7620849609375,5.5524169921875,1000.0,0.0,-0.8,0.8,-12.0,12.0,3.0,31
234.70587158203125,43.44881057739258,8.689762115478516,1000.0,0.0,-0.8,0.8666666666666667,-12.0,13.0,3.0,31
206.66746520996094,40.215118408203125,8.043023681640625,1000.0,0.0,-0.8,0.9333333333333333,-12.0,14.0,3.0,31
188.7988739013672,20.108356475830078,4.021671295166016,1000.0,0.0,-0.8,1.0,-12.0,15.0,3.0,31
194.50999450683594,20.79880142211914,4.159760284423828,1000.0,0.0,-0.7333333333333333,-1.0,-11.0,-15.0,3.0,31
198.46812438964844,26.31768226623535,5.26353645324707,1000.0,0.0,-0.7333333333333333,-0.9333333333333333,-11.0,-14.0,3.0,31
197.3683624267578,23.715106964111328,4.743021392822266,1000.0,0.0,-0.7333333333333333,-0.8666666666666667,-11.0,-13.0,3.0,31
194.4365234375,26.033395767211914,5.206679153442383,1000.0,0.0,-0.7333333333333333,-0.8,-11.0,-12.0,3.0,31
200.95513916015625,32.73084259033203,6.546168518066406,1000.0,0.0,-0.7333333333333333,-0.7333333333333333,-11.0,-11.0,3.0,31
199.0340576171875,32.22126388549805,6.444252777099609,1000.0,0.0,-0.7333333333333333,-0.6666666666666666,-11.0,-10.0,3.0,31
189.14035034179688,21.96896743774414,4.3937934875488285,1000.0,0.0,-0.7333333333333333,-0.6,-11.0,-9.0,3.0,31
187.35458374023438,21.908145904541016,4.381629180908203,1000.0,0.0,-0.7333333333333333,-0.5333333333333333,-11.0,-8.0,3.0,31
182.14369201660156,16.52219581604004,3.304439163208008,1000.0,0.0,-0.7333333333333333,-0.4666666666666667,-11.0,-7.0,3.0,31
180.06024169921875,19.06031036376953,3.812062072753906,1000.0,0.0,-0.7333333333333333,-0.4,-11.0,-6.0,3.0,31
179.984375,16.285425186157227,3.2570850372314455,1000.0,0.0,-0.7333333333333333,-0.3333333333333333,-11.0,-5.0,3.0,31
176.58062744140625,13.925708770751953,2.7851417541503904,1000.0,0.0,-0.7333333333333333,-0.26666666666666666,-11.0,-4.0,3.0,31
177.01100158691406,9.671029090881348,1.9342058181762696,1000.0,0.0,-0.7333333333333333,-0.2,-11.0,-3.0,3.0,31
209.37501525878906,47.423866271972656,9.484773254394531,1000.0,0.0,-0.7333333333333333,-0.13333333333333333,-11.0,-2.0,3.0,31
221.18702697753906,43.57565689086914,8.715131378173828,1000.0,0.0,-0.7333333333333333,-0.06666666666666667,-11.0,-1.0,3.0,31
207.13938903808594,33.66236114501953,6.732472229003906,1000.0,0.0,-0.7333333333333333,0.0,-11.0,0.0,3.0,31
218.74781799316406,53.054134368896484,10.610826873779297,1000.0,0.0,-0.7333333333333333,0.06666666666666667,-11.0,1.0,3.0,31
200.4847412109375,26.166664123535156,5.233332824707031,1000.0,0.0,-0.7333333333333333,0.13333333333333333,-11.0,2.0,3.0,31
207.4170379638672,43.32795333862305,8.66559066772461,1000.0,0.0,-0.7333333333333333,0.2,-11.0,3.0,3.0,31
212.54930114746094,36.24834442138672,7.249668884277344,1000.0,0.0,-0.7333333333333333,0.26666666666666666,-11.0,4.0,3.0,31
255.01040649414062,51.63064956665039,10.326129913330078,1000.0,0.0,-0.7333333333333333,0.3333333333333333,-11.0,5.0,3.0,31
257.7914123535156,51.861595153808594,10.37231903076172,1000.0,0.0,-0.7333333333333333,0.4,-11.0,6.0,3.0,31
258.5926208496094,38.08598327636719,7.617196655273437,1000.0,0.0,-0.7333333333333333,0.4666666666666667,-11.0,7.0,3.0,31
241.7615203857422,43.03761291503906,8.607522583007812,1000.0,0.0,-0.7333333333333333,0.5333333333333333,-11.0,8.0,3.0,31
234.06809997558594,47.21476364135742,9.442952728271484,1000.0,0.0,-0.7333333333333333,0.6,-11.0,9.0,3.0,31
261.7869873046875,46.58688735961914,9.317377471923828,1000.0,0.0,-0.7333333333333333,0.6666666666666666,-11.0,10.0,3.0,31
248.40687561035156,28.096149444580078,5.619229888916015,1000.0,0.0,-0.7333333333333333,0.7333333333333333,-11.0,11.0,3.0,31
217.72166442871094,43.67462921142578,8.734925842285156,1000.0,0.0,-0.7333333333333333,0.8,-11.0,12.0,3.0,31
204.27391052246094,35.456565856933594,7.091313171386719,1000.0,0.0,-0.7333333333333333,0.8666666666666667,-11.0,13.0,3.0,31
191.77398681640625,22.26841163635254,4.453682327270508,1000.0,0.0,-0.7333333333333333,0.9333333333333333,-11.0,14.0,3.0,31
193.50628662109375,23.771137237548828,4.7542274475097654,1000.0,0.0,-0.7333333333333333,1.0,-11.0,15.0,3.0,31
200.9530487060547,28.017059326171875,5.603411865234375,1000.0,0.0,-0.6666666666666666,-1.0,-10.0,-15.0,3.0,31
207.9683380126953,35.53307342529297,7.106614685058593,1000.0,0.0,-0.6666666666666666,-0.9333333333333333,-10.0,-14.0,3.0,31
204.28013610839844,30.815725326538086,6.163145065307617,1000.0,0.0,-0.6666666666666666,-0.8666666666666667,-10.0,-13.0,3.0,31
200.46778869628906,26.545238494873047,5.309047698974609,1000.0,0.0,-0.6666666666666666,-0.8,-10.0,-12.0,3.0,31
198.85406494140625,35.10744857788086,7.0214897155761715,1000.0,0.0,-0.6666666666666666,-0.7333333333333333,-10.0,-11.0,3.0,31
187.6475372314453,17.698726654052734,3.539745330810547,1000.0,0.0,-0.6666666666666666,-0.6666666666666666,-10.0,-10.0,3.0,31
191.8855438232422,26.000452041625977,5.200090408325195,1000.0,0.0,-0.6666666666666666,-0.6,-10.0,-9.0,3.0,31
188.6860809326172,24.606576919555664,4.921315383911133,1000.0,0.0,-0.6666666666666666,-0.5333333333333333,-10.0,-8.0,3.0,31
178.705078125,11.184930801391602,2.2369861602783203,1000.0,0.0,-0.6666666666666666,-0.4666666666666667,-10.0,-7.0,3.0,31
180.9151611328125,17.217206954956055,3.443441390991211,1000.0,0.0,-0.6666666666666666,-0.4,-10.0,-6.0,3.0,31
184.2370147705078,23.867084503173828,4.773416900634766,1000.0,0.0,-0.6666666666666666,-0.3333333333333333,-10.0,-5.0,3.0,31
179.7484893798828,15.069393157958984,3.0138786315917967,1000.0,0.0,-0.6666666666666666,-0.26666666666666666,-10.0,-4.0,3.0,31
191.7494659423828,34.869380950927734,6.973876190185547,1000.0,0.0,-0.6666666666666666,-0.2,-10.0,-3.0,3.0,31
224.1271514892578,50.31819152832031,10.063638305664062,1000.0,0.0,-0.6666666666666666,-0.13333333333333333,-10.0,-2.0,3.0,31
243.23912048339844,65.66754913330078,13.133509826660156,1000.0,0.0,-0.6666666666666666,-0.06666666666666667,-10.0,-1.0,3.0,31
215.04583740234375,38.244415283203125,7.648883056640625,1000.0,0.0,-0.6666666666666666,0.0,-10.0,0.0,3.0,31
200.89524841308594,35.27549743652344,7.0550994873046875,1000.0,0.0,-0.6666666666666666,0.06666666666666667,-10.0,1.0,3.0,31
196.42733764648438,26.606571197509766,5.3213142395019535,1000.0,0.0,-0.6666666666666666,0.13333333333333333,-10.0,2.0,3.0,31
208.6573486328125,43.93267822265625,8.78653564453125,1000.0,0.0,-0.6666666666666666,0.2,-10.0,3.0,3.0,31
204.48348999023438,27.810148239135742,5.562029647827148,1000.0,0.0,-0.6666666666666666,0.26666666666666666,-10.0,4.0,3.0,31
232.15444946289062,41.129207611083984,8.225841522216797,1000.0,0.0,-0.6666666666666666,0.3333333333333333,-10.0,5.0,3.0,31
263.0877990722656,52.938926696777344,10.587785339355468,1000.0,0.0,-0.6666666666666666,0.4,-10.0,6.0,3.0,31
226.0574951171875,44.140384674072266,8.828076934814453,1000.0,0.0,-0.6666666666666666,0.4666666666666667,-10.0,7.0,3.0,31
229.69549560546875,45.66310119628906,9.132620239257813,1000.0,0.0,-0.6666666666666666,0.5333333333333333,-10.0,8.0,3.0,31
223.1479034423828,45.43659591674805,9.08731918334961,1000.0,0.0,-0.6666666666666666,0.6,-10.0,9.0,3.0,31
238.25404357910156,42.7536506652832,8.550730133056641,1000.0,0.0,-0.6666666666666666,0.6666666666666666,-10.0,10.0,3.0,31
210.1680908203125,36.6297492980957,7.325949859619141,1000.0,0.0,-0.6666666666666666,0.7333333333333333,-10.0,11.0,3.0,31
197.09703063964844,27.19825553894043,5.439651107788086,1000.0,0.0,-0.6666666666666666,0.8,-10.0,12.0,3.0,31
195.28411865234375,22.772340774536133,4.554468154907227,1000.0,0.0,-0.6666666666666666,0.8666666666666667,-10.0,13.0,3.0,31
188.37167358398438,19.467920303344727,3.893584060668945,1000.0,0.0,-0.6666666666666666,0.9333333333333333,-10.0,14.0,3.0,31
183.2901611328125,12.876313209533691,2.5752626419067384,1000.0,0.0,-0.6666666666666666,1.0,-10.0,15.0,3.0,31
201.25479125976562,30.85967254638672,6.171934509277344,1000.0,0.0,-0.6,-1.0,-9.0,-15.0,3.0,31
198.16329956054688,26.373666763305664,5.274733352661133,1000.0,0.0,-0.6,-0.9333333333333333,-9.0,-14.0,3.0,31
204.93409729003906,29.692527770996094,5.938505554199219,1000.0,0.0,-0.6,-0.8666666666666667,-9.0,-13.0,3.0,31
195.82672119140625,24.039419174194336,4.807883834838867,1000.0,0.0,-0.6,-0.8,-9.0,-12.0,3.0,31
189.63558959960938,18.905981063842773,3.7811962127685548,1000.0,0.0,-0.6,-0.7333333333333333,-9.0,-11.0,3.0,31
183.84423828125,18.54755210876465,3.7095104217529298,1000.0,0.0,-0.6,-0.6666666666666666,-9.0,-10.0,3.0,31
185.1921844482422,16.710779190063477,3.3421558380126952,1000.0,0.0,-0.6,-0.6,-9.0,-9.0,3.0,31
186.98223876953125,21.78391456604004,4.356782913208008,1000.0,0.0,-0.6,-0.5333333333333333,-9.0,-8.0,3.0,31
181.6746826171875,19.611572265625,3.922314453125,1000.0,0.0,-0.6,-0.4666666666666667,-9.0,-7.0,3.0,31
185.1940460205078,26.194272994995117,5.238854598999024,1000.0,0.0,-0.6,-0.4,-9.0,-6.0,3.0,31
187.1643524169922,27.398056030273438,5.479611206054687,1000.0,0.0,-0.6,-0.3333333333333333,-9.0,-5.0,3.0,31
198.46401977539062,37.56792449951172,7.513584899902344,1000.0,0.0,-0.6,-0.26666666666666666,-9.0,-4.0,3.0,31
214.62319946289062,53.81086730957031,10.762173461914063,1000.0,0.0,-0.6,-0.2,-9.0,-3.0,3.0,31
247.9413299560547,69.3799057006836,13.87598114013672,1000.0,0.0,-0.6,-0.13333333333333333,-9.0,-2.0,3.0,31
238.47825622558594,67.12947845458984,13.425895690917969,1000.0,0.0,-0.6,-0.06666666666666667,-9.0,-1.0,3.0,31
198.05413818359375,22.12172508239746,4.424345016479492,1000.0,0.0,-0.6,0.0,-9.0,0.0,3.0,31
187.75865173339844,19.452564239501953,3.8905128479003905,1000.0,0.0,-0.6,0.06666666666666667,-9.0,1.0,3.0,31
198.9972686767578,30.334270477294922,6.066854095458984,1000.0,0.0,-0.6,0.13333333333333333,-9.0,2.0,3.0,31
200.17088317871094,30.718975067138672,6.143795013427734,1000.0,0.0,-0.6,0.2,-9.0,3.0,3.0,31
216.07315063476562,43.018829345703125,8.603765869140625,1000.0,0.0,-0.6,0.26666666666666666,-9.0,4.0,3.0,31
221.97531127929688,34.4365348815918,6.887306976318359,1000.0,0.0,-0.6,0.3333333333333333,-9.0,5.0,3.0,31
224.56121826171875,40.189334869384766,8.037866973876953,1000.0,0.0,-0.6,0.4,-9.0,6.0,3.0,31
231.69627380371094,40.66557312011719,8.133114624023438,1000.0,0.0,-0.6,0.4666666666666667,-9.0,7.0,3.0,31
215.76341247558594,44.22325897216797,8.844651794433593,1000.0,0.0,-0.6,0.5333333333333333,-9.0,8.0,3.0,31
189.53005981445312,18.279998779296875,3.655999755859375,1000.0,0.0,-0.6,0.6,-9.0,9.0,3.0,31
214.44451904296875,48.953399658203125,9.790679931640625,1000.0,0.0,-0.6,0.6666666666666666,-9.0,10.0,3.0,31
221.35824584960938,56.42960739135742,11.285921478271485,1000.0,0.0,-0.6,0.7333333333333333,-9.0,11.0,3.0,31
202.37425231933594,33.707252502441406,6.741450500488281,1000.0,0.0,-0.6,0.8,-9.0,12.0,3.0,31
184.5850067138672,14.609122276306152,2.9218244552612305,1000.0,0.0,-0.6,0.8666666666666667,-9.0,13.0,3.0,31
183.4370880126953,13.23495864868164,2.646991729736328,1000.0,0.0,-0.6,0.9333333333333333,-9.0,14.0,3.0,31
179.5811004638672,10.426186561584473,2.0852373123168944,1000.0,0.0,-0.6,1.0,-9.0,15.0,3.0,31
207.8168487548828,30.47681427001953,6.095362854003906,1000.0,0.0,-0.5333333333333333,-1.0,-8.0,-15.0,3.0,31
206.73500061035156,33.11030578613281,6.622061157226563,1000.0,0.0,-0.5333333333333333,-0.9333333333333333,-8.0,-14.0,3.0,31
202.38595581054688,34.48276138305664,6.896552276611328,1000.0,0.0,-0.5333333333333333,-0.8666666666666667,-8.0,-13.0,3.0,31
189.30792236328125,20.882169723510742,4.176433944702149,1000.0,0.0,-0.5333333333333333,-0.8,-8.0,-12.0,3.0,31
187.73826599121094,20.338165283203125,4.067633056640625,1000.0,0.0,-0.5333333333333333,-0.7333333333333333,-8.0,-11.0,3.0,31
190.8212432861328,25.122682571411133,5.024536514282227,1000.0,0.0,-0.5333333333333333,-0.6666666666666666,-8.0,-10.0,3.0,31
187.0285186767578,22.08438491821289,4.416876983642578,1000.0,0.0,-0.5333333333333333,-0.6,-8.0,-9.0,3.0,31
184.12005615234375,15.15162467956543,3.030324935913086,1000.0,0.0,-0.5333333333333333,-0.5333333333333333,-8.0,-8.0,3.0,31
182.30357360839844,14.192846298217773,2.8385692596435548,1000.0,0.0,-0.5333333333333333,-0.4666666666666667,-8.0,-7.0,3.0,31
188.87814331054688,28.183618545532227,5.6367237091064455,1000.0,0.0,-0.5333333333333333,-0.4,-8.0,-6.0,3.0,31
202.21209716796875,43.26411437988281,8.652822875976563,1000.0,0.0,-0.5333333333333333,-0.3333333333333333,-8.0,-5.0,3.0,31
199.15553283691406,35.738975524902344,7.147795104980469,1000.0,0.0,-0.5333333333333333,-0.26666666666666666,-8.0,-4.0,3.0,31
236.66432189941406,61.648136138916016,12.329627227783202,1000.0,0.0,-0.5333333333333333,-0.2,-8.0,-3.0,3.0,31
258.4911804199219,66.70854187011719,13.341708374023437,1000.0,0.0,-0.5333333333333333,-0.13333333333333333,-8.0,-2.0,3.0,31
241.78964233398438,76.91427612304688,15.382855224609376,1000.0,0.0,-0.5333333333333333,-0.06666666666666667,-8.0,-1.0,3.0,31
223.32640075683594,53.45957946777344,10.691915893554688,1000.0,0.0,-0.5333333333333333,0.0,-8.0,0.0,3.0,31
186.70484924316406,23.827165603637695,4.765433120727539,1000.0,0.0,-0.5333333333333333,0.06666666666666667,-8.0,1.0,3.0,31
187.71612548828125,23.942337036132812,4.7884674072265625,1000.0,0.0,-0.5333333333333333,0.13333333333333333,-8.0,2.0,3.0,31
187.29452514648438,15.628524780273438,3.1257049560546877,1000.0,0.0,-0.5333333333333333,0.2,-8.0,3.0,3.0,31
215.32647705078125,32.90242004394531,6.580484008789062,1000.0,0.0,-0.5333333333333333,0.26666666666666666,-8.0,4.0,3.0,31
255.44329833984375,57.25380325317383,11.450760650634766,1000.0,0.0,-0.5333333333333333,0.3333333333333333,-8.0,5.0,3.0,31
207.42311096191406,36.91342544555664,7.3826850891113285,1000.0,0.0,-0.5333333333333333,0.4,-8.0,6.0,3.0,31
188.66468811035156,23.855073928833008,4.771014785766601,1000.0,0.0,-0.5333333333333333,0.4666666666666667,-8.0,7.0,3.0,31
184.3769989013672,16.73847770690918,3.347695541381836,1000.0,0.0,-0.5333333333333333,0.5333333333333333,-8.0,8.0,3.0,31
184.3235321044922,18.717090606689453,3.7434181213378905,1000.0,0.0,-0.5333333333333333,0.6,-8.0,9.0,3.0,31
190.5302734375,31.561351776123047,6.3122703552246096,1000.0,0.0,-0.5333333333333333,0.6666666666666666,-8.0,10.0,3.0,31
213.60391235351562,51.07538986206055,10.215077972412109,1000.0,0.0,-0.5333333333333333,0.7333333333333333,-8.0,11.0,3.0,31
183.41351318359375,17.201148986816406,3.440229797363281,1000.0,0.0,-0.5333333333333333,0.8,-8.0,12.0,3.0,31
180.06138610839844,10.641159057617188,2.1282318115234373,1000.0,0.0,-0.5333333333333333,0.8666666666666667,-8.0,13.0,3.0,31
183.6524658203125,16.135852813720703,3.2271705627441407,1000.0,0.0,-0.5333333333333333,0.9333333333333333,-8.0,14.0,3.0,31
181.25033569335938,14.882975578308105,2.9765951156616213,1000.0,0.0,-0.5333333333333333,1.0,-8.0,15.0,3.0,31
205.4757080078125,31.738847732543945,6.347769546508789,1000.0,0.0,-0.4666666666666667,-1.0,-7.0,-15.0,3.0,31
203.2420654296875,33.778865814208984,6.7557731628417965,1000.0,0.0,-0.4666666666666667,-0.9333333333333333,-7.0,-14.0,3.0,31
198.86781311035156,29.497268676757812,5.899453735351562,1000.0,0.0,-0.4666666666666667,-0.8666666666666667,-7.0,-13.0,3.0,31
214.9411163330078,48.424251556396484,9.684850311279297,1000.0,0.0,-0.4666666666666667,-0.8,-7.0,-12.0,3.0,31
197.4625244140625,37.215721130371094,7.443144226074219,1000.0,0.0,-0.4666666666666667,-0.7333333333333333,-7.0,-11.0,3.0,31
191.13262939453125,33.43918228149414,6.687836456298828,1000.0,0.0,-0.4666666666666667,-0.6666666666666666,-7.0,-10.0,3.0,31
187.4166259765625,21.640825271606445,4.328165054321289,1000.0,0.0,-0.4666666666666667,-0.6,-7.0,-9.0,3.0,31
202.00360107421875,47.834144592285156,9.56682891845703,1000.0,0.0,-0.4666666666666667,-0.5333333333333333,-7.0,-8.0,3.0,31
181.29331970214844,15.281693458557129,3.0563386917114257,1000.0,0.0,-0.4666666666666667,-0.4666666666666667,-7.0,-7.0,3.0,31
191.01327514648438,32.42194747924805,6.4843894958496096,1000.0,0.0,-0.4666666666666667,-0.4,-7.0,-6.0,3.0,31
203.02362060546875,34.75563430786133,6.9511268615722654,1000.0,0.0,-0.4666666666666667,-0.3333333333333333,-7.0,-5.0,3.0,31
203.76702880859375,37.343082427978516,7.468616485595703,1000.0,0.0,-0.4666666666666667,-0.26666666666666666,-7.0,-4.0,3.0,31
229.4696044921875,57.492733001708984,11.498546600341797,1000.0,0.0,-0.4666666666666667,-0.2,-7.0,-3.0,3.0,31
256.9348449707031,75.6252212524414,15.125044250488282,1000.0,0.0,-0.4666666666666667,-0.13333333333333333,-7.0,-2.0,3.0,31
265.92608642578125,83.53717803955078,16.707435607910156,1000.0,0.0,-0.4666666666666667,-0.06666666666666667,-7.0,-1.0,3.0,31
230.97804260253906,63.12016296386719,12.624032592773437,1000.0,0.0,-0.4666666666666667,0.0,-7.0,0.0,3.0,31
194.10316467285156,27.968111038208008,5.593622207641602,1000.0,0.0,-0.4666666666666667,0.06666666666666667,-7.0,1.0,3.0,31
181.95034790039062,11.258000373840332,2.2516000747680662,1000.0,0.0,-0.4666666666666667,0.13333333333333333,-7.0,2.0,3.0,31
206.04559326171875,32.95447540283203,6.590895080566407,1000.0,0.0,-0.4666666666666667,0.2,-7.0,3.0,3.0,31
257.4002685546875,66.81781768798828,13.363563537597656,1000.0,0.0,-0.4666666666666667,0.26666666666666666,-7.0,4.0,3.0,31
215.71640014648438,49.91743087768555,9.98348617553711,1000.0,0.0,-0.4666666666666667,0.3333333333333333,-7.0,5.0,3.0,31
202.2025146484375,33.955047607421875,6.791009521484375,1000.0,0.0,-0.4666666666666667,0.4,-7.0,6.0,3.0,31
182.38206481933594,14.317004203796387,2.8634008407592773,1000.0,0.0,-0.4666666666666667,0.4666666666666667,-7.0,7.0,3.0,31
181.78781127929688,18.372133255004883,3.6744266510009767,1000.0,0.0,-0.4666666666666667,0.5333333333333333,-7.0,8.0,3.0,31
185.42013549804688,19.41098976135254,3.882197952270508,1000.0,0.0,-0.4666666666666667,0.6,-7.0,9.0,3.0,31
186.99447631835938,19.002490997314453,3.800498199462891,1000.0,0.0,-0.4666666666666667,0.6666666666666666,-7.0,10.0,3.0,31
191.28485107421875,19.750640869140625,3.950128173828125,1000.0,0.0,-0.4666666666666667,0.7333333333333333,-7.0,11.0,3.0,31
182.80328369140625,11.352344512939453,2.270468902587891,1000.0,0.0,-0.4666666666666667,0.8,-7.0,12.0,3.0,31
184.79702758789062,14.420719146728516,2.884143829345703,1000.0,0.0,-0.4666666666666667,0.8666666666666667,-7.0,13.0,3.0,31
191.35813903808594,20.940828323364258,4.188165664672852,1000.0,0.0,-0.4666666666666667,0.9333333333333333,-7.0,14.0,3.0,31
188.26918029785156,19.317991256713867,3.8635982513427733,1000.0,0.0,-0.4666666666666667,1.0,-7.0,15.0,3.0,31
213.13848876953125,38.435855865478516,7.687171173095703,1000.0,0.0,-0.4,-1.0,-6.0,-15.0,3.0,31
209.66468811035156,36.1129264831543,7.222585296630859,1000.0,0.0,-0.4,-0.9333333333333333,-6.0,-14.0,3.0,31
199.3993377685547,36.64134979248047,7.328269958496094,1000.0,0.0,-0.4,-0.8666666666666667,-6.0,-13.0,3.0,31
198.40138244628906,37.693260192871094,7.538652038574218,1000.0,0.0,-0.4,-0.8,-6.0,-12.0,3.0,31
207.65655517578125,46.40353775024414,9.280707550048827,1000.0,0.0,-0.4,-0.7333333333333333,-6.0,-11.0,3.0,31
201.7873992919922,38.07416534423828,7.614833068847656,1000.0,0.0,-0.4,-0.6666666666666666,-6.0,-10.0,3.0,31
205.39810180664062,51.057861328125,10.211572265625,1000.0,0.0,-0.4,-0.6,-6.0,-9.0,3.0,31
196.89329528808594,35.499149322509766,7.099829864501953,1000.0,0.0,-0.4,-0.5333333333333333,-6.0,-8.0,3.0,31
191.8323974609375,23.783702850341797,4.756740570068359,1000.0,0.0,-0.4,-0.4666666666666667,-6.0,-7.0,3.0,31
209.54315185546875,53.76762008666992,10.753524017333984,1000.0,0.0,-0.4,-0.4,-6.0,-6.0,3.0,31
218.9530792236328,66.38152313232422,13.276304626464844,1000.0,0.0,-0.4,-0.3333333333333333,-6.0,-5.0,3.0,31
203.3643798828125,52.108978271484375,10.421795654296876,1000.0,0.0,-0.4,-0.26666666666666666,-6.0,-4.0,3.0,31
203.3228759765625,44.44124984741211,8.888249969482422,1000.0,0.0,-0.4,-0.2,-6.0,-3.0,3.0,31
222.30760192871094,44.133522033691406,8.826704406738282,1000.0,0.0,-0.4,-0.13333333333333333,-6.0,-2.0,3.0,31
225.4241943359375,56.00257873535156,11.200515747070312,1000.0,0.0,-0.4,-0.06666666666666667,-6.0,-1.0,3.0,31
239.8060760498047,62.687767028808594,12.537553405761718,1000.0,0.0,-0.4,0.0,-6.0,0.0,3.0,31
198.22523498535156,30.600908279418945,6.120181655883789,1000.0,0.0,-0.4,0.06666666666666667,-6.0,1.0,3.0,31
197.06787109375,19.35456657409668,3.8709133148193358,1000.0,0.0,-0.4,0.13333333333333333,-6.0,2.0,3.0,31
227.3264617919922,52.921363830566406,10.584272766113282,1000.0,0.0,-0.4,0.2,-6.0,3.0,3.0,31
235.02748107910156,54.77568435668945,10.95513687133789,1000.0,0.0,-0.4,0.26666666666666666,-6.0,4.0,3.0,31
197.36927795410156,28.540550231933594,5.708110046386719,1000.0,0.0,-0.4,0.3333333333333333,-6.0,5.0,3.0,31
192.39913940429688,26.608369827270508,5.321673965454101,1000.0,0.0,-0.4,0.4,-6.0,6.0,3.0,31
184.08837890625,18.132871627807617,3.6265743255615233,1000.0,0.0,-0.4,0.4666666666666667,-6.0,7.0,3.0,31
181.2314453125,15.320113182067871,3.0640226364135743,1000.0,0.0,-0.4,0.5333333333333333,-6.0,8.0,3.0,31
186.22494506835938,23.745426177978516,4.749085235595703,1000.0,0.0,-0.4,0.6,-6.0,9.0,3.0,31
202.33642578125,37.88558578491211,7.577117156982422,1000.0,0.0,-0.4,0.6666666666666666,-6.0,10.0,3.0,31
182.9248504638672,14.355573654174805,2.871114730834961,1000.0,0.0,-0.4,0.7333333333333333,-6.0,11.0,3.0,31
180.94410705566406,13.59751033782959,2.719502067565918,1000.0,0.0,-0.4,0.8,-6.0,12.0,3.0,31
193.59088134765625,23.581661224365234,4.716332244873047,1000.0,0.0,-0.4,0.8666666666666667,-6.0,13.0,3.0,31
202.37689208984375,37.1385612487793,7.427712249755859,1000.0,0.0,-0.4,0.9333333333333333,-6.0,14.0,3.0,31
220.65652465820312,15.70449161529541,3.140898323059082,1000.0,0.0,-0.4,1.0,-6.0,15.0,3.0,31
219.7963104248047,34.81739807128906,6.963479614257812,1000.0,0.0,-0.3333333333333333,-1.0,-5.0,-15.0,3.0,31
221.89486694335938,44.62270736694336,8.924541473388672,1000.0,0.0,-0.3333333333333333,-0.9333333333333333,-5.0,-14.0,3.0,31
205.89736938476562,41.08403396606445,8.216806793212891,1000.0,0.0,-0.3333333333333333,-0.8666666666666667,-5.0,-13.0,3.0,31
203.32713317871094,45.00992202758789,9.001984405517579,1000.0,0.0,-0.3333333333333333,-0.8,-5.0,-12.0,3.0,31
205.2171630859375,44.91742706298828,8.983485412597656,1000.0,0.0,-0.3333333333333333,-0.7333333333333333,-5.0,-11.0,3.0,31
202.70339965820312,52.84209442138672,10.568418884277344,1000.0,0.0,-0.3333333333333333,-0.6666666666666666,-5.0,-10.0,3.0,31
201.68775939941406,59.5636100769043,11.91272201538086,1000.0,0.0,-0.3333333333333333,-0.6,-5.0,-9.0,3.0,31
201.31370544433594,46.97106170654297,9.394212341308593,1000.0,0.0,-0.3333333333333333,-0.5333333333333333,-5.0,-8.0,3.0,31
207.92495727539062,50.88751983642578,10.177503967285157,1000.0,0.0,-0.3333333333333333,-0.4666666666666667,-5.0,-7.0,3.0,31
212.48780822753906,33.339508056640625,6.667901611328125,1000.0,0.0,-0.3333333333333333,-0.4,-5.0,-6.0,3.0,31
245.26205444335938,72.59469604492188,14.518939208984374,1000.0,0.0,-0.3333333333333333,-0.3333333333333333,-5.0,-5.0,3.0,31
201.10513305664062,34.50542068481445,6.901084136962891,1000.0,0.0,-0.3333333333333333,-0.26666666666666666,-5.0,-4.0,3.0,31
200.65032958984375,32.52789306640625,6.50557861328125,1000.0,0.0,-0.3333333333333333,-0.2,-5.0,-3.0,3.0,31
198.38519287109375,25.18870735168457,5.037741470336914,1000.0,0.0,-0.3333333333333333,-0.13333333333333333,-5.0,-2.0,3.0,31
203.14398193359375,24.0573787689209,4.81147575378418,1000.0,0.0,-0.3333333333333333,-0.06666666666666667,-5.0,-1.0,3.0,31
237.68545532226562,55.976409912109375,11.195281982421875,1000.0,0.0,-0.3333333333333333,0.0,-5.0,0.0,3.0,31
199.9613494873047,34.5551872253418,6.911037445068359,1000.0,0.0,-0.3333333333333333,0.06666666666666667,-5.0,1.0,3.0,31
208.8604278564453,35.28644561767578,7.057289123535156,1000.0,0.0,-0.3333333333333333,0.13333333333333333,-5.0,2.0,3.0,31
233.38644409179688,52.91151809692383,10.582303619384765,1000.0,0.0,-0.3333333333333333,0.2,-5.0,3.0,3.0,31
222.9779510498047,37.985721588134766,7.597144317626953,1000.0,0.0,-0.3333333333333333,0.26666666666666666,-5.0,4.0,3.0,31
217.91738891601562,50.4578857421875,10.0915771484375,1000.0,0.0,-0.3333333333333333,0.3333333333333333,-5.0,5.0,3.0,31
196.86492919921875,30.750747680664062,6.150149536132813,1000.0,0.0,-0.3333333333333333,0.4,-5.0,6.0,3.0,31
192.7261962890625,31.311880111694336,6.262376022338867,1000.0,0.0,-0.3333333333333333,0.4666666666666667,-5.0,7.0,3.0,31
184.72113037109375,15.253005027770996,3.050601005554199,1000.0,0.0,-0.3333333333333333,0.5333333333333333,-5.0,8.0,3.0,31
199.09048461914062,25.89590072631836,5.179180145263672,1000.0,0.0,-0.3333333333333333,0.6,-5.0,9.0,3.0,31
218.36351013183594,51.90811538696289,10.381623077392579,1000.0,0.0,-0.3333333333333333,0.6666666666666666,-5.0,10.0,3.0,31
194.83909606933594,21.387317657470703,4.27746353149414,1000.0,0.0,-0.3333333333333333,0.7333333333333333,-5.0,11.0,3.0,31
218.8397979736328,34.32152557373047,6.864305114746093,1000.0,0.0,-0.3333333333333333,0.8,-5.0,12.0,3.0,31
236.4829559326172,22.670026779174805,4.534005355834961,1000.0,0.0,-0.3333333333333333,0.8666666666666667,-5.0,13.0,3.0,31
189.24160766601562,17.71282196044922,3.5425643920898438,1000.0,0.0,-0.3333333333333333,0.9333333333333333,-5.0,14.0,3.0,31
187.60777282714844,15.691166877746582,3.1382333755493166,1000.0,0.0,-0.3333333333333333,1.0,-5.0,15.0,3.0,31
194.52520751953125,35.72972106933594,7.145944213867187,1000.0,0.0,-0.26666666666666666,-1.0,-4.0,-15.0,3.0,31
219.70718383789062,48.90924835205078,9.781849670410157,1000.0,0.0,-0.26666666666666666,-0.9333333333333333,-4.0,-14.0,3.0,31
222.0899658203125,56.13068771362305,11.22613754272461,1000.0,0.0,-0.26666666666666666,-0.8666666666666667,-4.0,-13.0,3.0,31
213.7583770751953,59.333587646484375,11.866717529296874,1000.0,0.0,-0.26666666666666666,-0.8,-4.0,-12.0,3.0,31
220.4911346435547,78.5685806274414,15.713716125488281,1000.0,0.0,-0.26666666666666666,-0.7333333333333333,-4.0,-11.0,3.0,31
188.8577880859375,33.12726593017578,6.625453186035156,1000.0,0.0,-0.26666666666666666,-0.6666666666666666,-4.0,-10.0,3.0,31
214.5648193359375,76.78812408447266,15.357624816894532,1000.0,0.0,-0.26666666666666666,-0.6,-4.0,-9.0,3.0,31
208.10400390625,55.658939361572266,11.131787872314453,1000.0,0.0,-0.26666666666666666,-0.5333333333333333,-4.0,-8.0,3.0,31
234.75816345214844,100.3394775390625,20.0678955078125,1000.0,0.0,-0.26666666666666666,-0.4666666666666667,-4.0,-7.0,3.0,31
234.69020080566406,95.07718658447266,19.01543731689453,1000.0,0.0,-0.26666666666666666,-0.4,-4.0,-6.0,3.0,31
248.23696899414062,89.53237915039062,17.906475830078126,1000.0,0.0,-0.26666666666666666,-0.3333333333333333,-4.0,-5.0,3.0,31
232.60369873046875,72.34980773925781,14.469961547851563,1000.0,0.0,-0.26666666666666666,-0.26666666666666666,-4.0,-4.0,3.0,31
214.76890563964844,51.21975326538086,10.243950653076173,1000.0,0.0,-0.26666666666666666,-0.2,-4.0,-3.0,3.0,31
219.3560333251953,32.12119674682617,6.4242393493652346,1000.0,0.0,-0.26666666666666666,-0.13333333333333333,-4.0,-2.0,3.0,31
198.7567138671875,21.62641716003418,4.325283432006836,1000.0,0.0,-0.26666666666666666,-0.06666666666666667,-4.0,-1.0,3.0,31
196.3466339111328,19.753379821777344,3.9506759643554688,1000.0,0.0,-0.26666666666666666,0.0,-4.0,0.0,3.0,31
242.81207275390625,59.57294845581055,11.91458969116211,1000.0,0.0,-0.26666666666666666,0.06666666666666667,-4.0,1.0,3.0,31
324.2401123046875,116.3084487915039,23.261689758300783,1000.0,0.0,-0.26666666666666666,0.13333333333333333,-4.0,2.0,3.0,31
266.9020080566406,76.1537857055664,15.230757141113282,1000.0,0.0,-0.26666666666666666,0.2,-4.0,3.0,3.0,31
237.62220764160156,54.76129913330078,10.952259826660157,1000.0,0.0,-0.26666666666666666,0.26666666666666666,-4.0,4.0,3.0,31
230.79803466796875,54.072689056396484,10.814537811279298,1000.0,0.0,-0.26666666666666666,0.3333333333333333,-4.0,5.0,3.0,31
226.07603454589844,48.42411422729492,9.684822845458985,1000.0,0.0,-0.26666666666666666,0.4,-4.0,6.0,3.0,31
205.9458465576172,22.647401809692383,4.529480361938477,1000.0,0.0,-0.26666666666666666,0.4666666666666667,-4.0,7.0,3.0,31
204.84295654296875,20.128915786743164,4.0257831573486325,1000.0,0.0,-0.26666666666666666,0.5333333333333333,-4.0,8.0,3.0,31
204.9162139892578,43.92393112182617,8.784786224365234,1000.0,0.0,-0.26666666666666666,0.6,-4.0,9.0,3.0,31
248.25448608398438,42.104312896728516,8.420862579345703,1000.0,0.0,-0.26666666666666666,0.6666666666666666,-4.0,10.0,3.0,31
236.54031372070312,31.713388442993164,6.3426776885986325,1000.0,0.0,-0.26666666666666666,0.7333333333333333,-4.0,11.0,3.0,31
233.20135498046875,57.58049011230469,11.516098022460938,1000.0,0.0,-0.26666666666666666,0.8,-4.0,12.0,3.0,31
190.02413940429688,25.273530960083008,5.054706192016601,1000.0,0.0,-0.26666666666666666,0.8666666666666667,-4.0,13.0,3.0,31
192.10882568359375,38.24009323120117,7.648018646240234,1000.0,0.0,-0.26666666666666666,0.9333333333333333,-4.0,14.0,3.0,31
192.04737854003906,21.916175842285156,4.383235168457031,1000.0,0.0,-0.26666666666666666,1.0,-4.0,15.0,3.0,31
196.7804718017578,42.017311096191406,8.403462219238282,1000.0,0.0,-0.2,-1.0,-3.0,-15.0,3.0,31
203.9247283935547,45.440956115722656,9.08819122314453,1000.0,0.0,-0.2,-0.9333333333333333,-3.0,-14.0,3.0,31
225.64852905273438,62.35755157470703,12.471510314941407,1000.0,0.0,-0.2,-0.8666666666666667,-3.0,-13.0,3.0,31
227.75953674316406,62.426090240478516,12.485218048095703,1000.0,0.0,-0.2,-0.8,-3.0,-12.0,3.0,31
226.73146057128906,63.51885986328125,12.70377197265625,1000.0,0.0,-0.2,-0.7333333333333333,-3.0,-11.0,3.0,31
211.5858917236328,61.99503707885742,12.399007415771484,1000.0,0.0,-0.2,-0.6666666666666666,-3.0,-10.0,3.0,31
224.57022094726562,86.90324401855469,17.380648803710937,1000.0,0.0,-0.2,-0.6,-3.0,-9.0,3.0,31
228.2782440185547,87.41307830810547,17.482615661621093,1000.0,0.0,-0.2,-0.5333333333333333,-3.0,-8.0,3.0,31
219.42530822753906,94.15303802490234,18.830607604980468,1000.0,0.0,-0.2,-0.4666666666666667,-3.0,-7.0,3.0,31
298.4788818359375,158.0413360595703,31.60826721191406,1000.0,0.0,-0.2,-0.4,-3.0,-6.0,3.0,31
319.5422668457031,139.39715576171875,27.87943115234375,1000.0,0.0,-0.2,-0.3333333333333333,-3.0,-5.0,3.0,31
236.85057067871094,91.99176025390625,18.39835205078125,1000.0,0.0,-0.2,-0.26666666666666666,-3.0,-4.0,3.0,31
228.0557861328125,56.8602409362793,11.37204818725586,1000.0,0.0,-0.2,-0.2,-3.0,-3.0,3.0,31
243.9192352294922,85.412841796875,17.082568359375,1000.0,0.0,-0.2,-0.13333333333333333,-3.0,-2.0,3.0,31
271.53973388671875,55.527732849121094,11.105546569824218,1000.0,0.0,-0.2,-0.06666666666666667,-3.0,-1.0,3.0,31
296.807861328125,118.8104019165039,23.76208038330078,1000.0,0.0,-0.2,0.0,-3.0,0.0,3.0,31
389.7138671875,187.8626251220703,37.57252502441406,1000.0,0.0,-0.2,0.06666666666666667,-3.0,1.0,3.0,31
333.304443359375,114.01171875,22.80234375,1000.0,0.0,-0.2,0.13333333333333333,-3.0,2.0,3.0,31
383.7942199707031,171.20547485351562,34.241094970703124,1000.0,0.0,-0.2,0.2,-3.0,3.0,3.0,31
251.34376525878906,82.63123321533203,16.526246643066408,1000.0,0.0,-0.2,0.26666666666666666,-3.0,4.0,3.0,31
210.00527954101562,33.484588623046875,6.696917724609375,1000.0,0.0,-0.2,0.3333333333333333,-3.0,5.0,3.0,31
229.27711486816406,53.727073669433594,10.745414733886719,1000.0,0.0,-0.2,0.4,-3.0,6.0,3.0,31
252.87139892578125,52.64025115966797,10.528050231933594,1000.0,0.0,-0.2,0.4666666666666667,-3.0,7.0,3.0,31
228.88262939453125,26.877742767333984,5.375548553466797,1000.0,0.0,-0.2,0.5333333333333333,-3.0,8.0,3.0,31
269.390380859375,74.9390640258789,14.987812805175782,1000.0,0.0,-0.2,0.6,-3.0,9.0,3.0,31
226.72142028808594,60.41184616088867,12.082369232177735,1000.0,0.0,-0.2,0.6666666666666666,-3.0,10.0,3.0,31
205.95729064941406,44.32463073730469,8.864926147460938,1000.0,0.0,-0.2,0.7333333333333333,-3.0,11.0,3.0,31
193.2476806640625,26.7303524017334,5.34607048034668,1000.0,0.0,-0.2,0.8,-3.0,12.0,3.0,31
193.6844482421875,40.17827224731445,8.035654449462891,1000.0,0.0,-0.2,0.8666666666666667,-3.0,13.0,3.0,31
208.24632263183594,48.41368103027344,9.682736206054688,1000.0,0.0,-0.2,0.9333333333333333,-3.0,14.0,3.0,31
196.0421905517578,29.708520889282227,5.941704177856446,1000.0,0.0,-0.2,1.0,-3.0,15.0,3.0,31
215.9912872314453,55.1185302734375,11.0237060546875,1000.0,0.0,-0.13333333333333333,-1.0,-2.0,-15.0,3.0,31
226.7935028076172,66.48486328125,13.29697265625,1000.0,0.0,-0.13333333333333333,-0.9333333333333333,-2.0,-14.0,3.0,31
224.25209045410156,74.82245635986328,14.964491271972657,1000.0,0.0,-0.13333333333333333,-0.8666666666666667,-2.0,-13.0,3.0,31
238.54798889160156,83.46090698242188,16.692181396484376,1000.0,0.0,-0.13333333333333333,-0.8,-2.0,-12.0,3.0,31
233.07748413085938,77.49626159667969,15.499252319335938,1000.0,0.0,-0.13333333333333333,-0.7333333333333333,-2.0,-11.0,3.0,31
215.04150390625,62.92637252807617,12.585274505615235,1000.0,0.0,-0.13333333333333333,-0.6666666666666666,-2.0,-10.0,3.0,31
213.70916748046875,61.551536560058594,12.31030731201172,1000.0,0.0,-0.13333333333333333,-0.6,-2.0,-9.0,3.0,31
236.71844482421875,95.6052474975586,19.12104949951172,1000.0,0.0,-0.13333333333333333,-0.5333333333333333,-2.0,-8.0,3.0,31
261.0213317871094,141.21034240722656,28.242068481445312,1000.0,0.0,-0.13333333333333333,-0.4666666666666667,-2.0,-7.0,3.0,31
304.7947692871094,162.4488067626953,32.48976135253906,1000.0,0.0,-0.13333333333333333,-0.4,-2.0,-6.0,3.0,31
287.3711853027344,165.1417694091797,33.02835388183594,1000.0,0.0,-0.13333333333333333,-0.3333333333333333,-2.0,-5.0,3.0,31
357.4510498046875,164.0673370361328,32.81346740722656,1000.0,0.0,-0.13333333333333333,-0.26666666666666666,-2.0,-4.0,3.0,31
263.3262939453125,106.39199829101562,21.278399658203124,1000.0,0.0,-0.13333333333333333,-0.2,-2.0,-3.0,3.0,31
484.396240234375,241.2018585205078,48.24037170410156,1000.0,0.0,-0.13333333333333333,-0.13333333333333333,-2.0,-2.0,3.0,31
765.04736328125,289.05029296875,57.81005859375,1000.0,0.0,-0.13333333333333333,-0.06666666666666667,-2.0,-1.0,3.0,31
719.8269653320312,355.3116149902344,71.06232299804688,1000.0,0.0,-0.13333333333333333,0.0,-2.0,0.0,3.0,31
549.8236083984375,329.19000244140625,65.83800048828125,1000.0,0.0,-0.13333333333333333,0.06666666666666667,-2.0,1.0,3.0,31
519.44970703125,246.2081756591797,49.241635131835935,1000.0,0.0,-0.13333333333333333,0.13333333333333333,-2.0,2.0,3.0,31
469.04254150390625,194.32989501953125,38.86597900390625,1000.0,0.0,-0.13333333333333333,0.2,-2.0,3.0,3.0,31
363.0014343261719,158.026611328125,31.605322265625,1000.0,0.0,-0.13333333333333333,0.26666666666666666,-2.0,4.0,3.0,31
253.72189331054688,82.05858612060547,16.411717224121094,1000.0,0.0,-0.13333333333333333,0.3333333333333333,-2.0,5.0,3.0,31
215.24363708496094,46.005897521972656,9.201179504394531,1000.0,0.0,-0.13333333333333333,0.4,-2.0,6.0,3.0,31
228.67987060546875,58.116092681884766,11.623218536376953,1000.0,0.0,-0.13333333333333333,0.4666666666666667,-2.0,7.0,3.0,31
233.81381225585938,60.758453369140625,12.151690673828124,1000.0,0.0,-0.13333333333333333,0.5333333333333333,-2.0,8.0,3.0,31
223.14935302734375,64.30628204345703,12.861256408691407,1000.0,0.0,-0.13333333333333333,0.6,-2.0,9.0,3.0,31
224.19725036621094,64.35309600830078,12.870619201660157,1000.0,0.0,-0.13333333333333333,0.6666666666666666,-2.0,10.0,3.0,31
209.1533203125,47.123111724853516,9.424622344970704,1000.0,0.0,-0.13333333333333333,0.7333333333333333,-2.0,11.0,3.0,31
210.22119140625,45.985477447509766,9.197095489501953,1000.0,0.0,-0.13333333333333333,0.8,-2.0,12.0,3.0,31
215.02064514160156,59.918941497802734,11.983788299560548,1000.0,0.0,-0.13333333333333333,0.8666666666666667,-2.0,13.0,3.0,31
196.9791259765625,30.923267364501953,6.184653472900391,1000.0,0.0,-0.13333333333333333,0.9333333333333333,-2.0,14.0,3.0,31
208.08460998535156,47.58243942260742,9.516487884521485,1000.0,0.0,-0.13333333333333333,1.0,-2.0,15.0,3.0,31
220.5679168701172,53.78700637817383,10.757401275634766,1000.0,0.0,-0.06666666666666667,-1.0,-1.0,-15.0,3.0,31
232.6182098388672,62.771202087402344,12.554240417480468,1000.0,0.0,-0.06666666666666667,-0.9333333333333333,-1.0,-14.0,3.0,31
220.33291625976562,54.21626663208008,10.843253326416015,1000.0,0.0,-0.06666666666666667,-0.8666666666666667,-1.0,-13.0,3.0,31
236.9310302734375,87.0423355102539,17.408467102050782,1000.0,0.0,-0.06666666666666667,-0.8,-1.0,-12.0,3.0,31
240.0326385498047,90.06849670410156,18.013699340820313,1000.0,0.0,-0.06666666666666667,-0.7333333333333333,-1.0,-11.0,3.0,31
220.98472595214844,71.42840576171875,14.28568115234375,1000.0,0.0,-0.06666666666666667,-0.6666666666666666,-1.0,-10.0,3.0,31
201.07534790039062,39.910579681396484,7.982115936279297,1000.0,0.0,-0.06666666666666667,-0.6,-1.0,-9.0,3.0,31
227.97784423828125,88.95108795166016,17.79021759033203,1000.0,0.0,-0.06666666666666667,-0.5333333333333333,-1.0,-8.0,3.0,31
245.36886596679688,104.10503387451172,20.821006774902344,1000.0,0.0,-0.06666666666666667,-0.4666666666666667,-1.0,-7.0,3.0,31
289.3470764160156,159.09661865234375,31.81932373046875,1000.0,0.0,-0.06666666666666667,-0.4,-1.0,-6.0,3.0,31
286.5787658691406,119.5538101196289,23.91076202392578,1000.0,0.0,-0.06666666666666667,-0.3333333333333333,-1.0,-5.0,3.0,31
373.5140686035156,168.75802612304688,33.75160522460938,1000.0,0.0,-0.06666666666666667,-0.26666666666666666,-1.0,-4.0,3.0,31
386.4068298339844,221.08006286621094,44.21601257324219,1000.0,0.0,-0.06666666666666667,-0.2,-1.0,-3.0,3.0,31
706.9868774414062,231.7301025390625,46.3460205078125,1000.0,0.0,-0.06666666666666667,-0.13333333333333333,-1.0,-2.0,3.0,31
972.5172119140625,18.732181549072266,3.7464363098144533,1000.0,0.0,-0.06666666666666667,-0.06666666666666667,-1.0,-1.0,3.0,31
972.703369140625,14.68396282196045,2.93679256439209,1000.0,0.0,-0.06666666666666667,0.0,-1.0,0.0,3.0,31
817.2440795898438,316.6407775878906,63.328155517578125,1000.0,0.0,-0.06666666666666667,0.06666666666666667,-1.0,1.0,3.0,31
725.5616455078125,344.24700927734375,68.84940185546876,1000.0,0.0,-0.06666666666666667,0.13333333333333333,-1.0,2.0,3.0,31
526.7005615234375,282.5312805175781,56.506256103515625,1000.0,0.0,-0.06666666666666667,0.2,-1.0,3.0,3.0,31
433.3338623046875,208.69082641601562,41.738165283203124,1000.0,0.0,-0.06666666666666667,0.26666666666666666,-1.0,4.0,3.0,31
277.7568054199219,104.38117218017578,20.876234436035155,1000.0,0.0,-0.06666666666666667,0.3333333333333333,-1.0,5.0,3.0,31
210.76824951171875,32.75660705566406,6.551321411132813,1000.0,0.0,-0.06666666666666667,0.4,-1.0,6.0,3.0,31
220.28781127929688,60.750186920166016,12.150037384033203,1000.0,0.0,-0.06666666666666667,0.4666666666666667,-1.0,7.0,3.0,31
240.89852905273438,75.19696807861328,15.039393615722656,1000.0,0.0,-0.06666666666666667,0.5333333333333333,-1.0,8.0,3.0,31
281.46575927734375,115.14826202392578,23.029652404785157,1000.0,0.0,-0.06666666666666667,0.6,-1.0,9.0,3.0,31
255.07186889648438,105.71974182128906,21.143948364257813,1000.0,0.0,-0.06666666666666667,0.6666666666666666,-1.0,10.0,3.0,31
232.49888610839844,75.3970947265625,15.0794189453125,1000.0,0.0,-0.06666666666666667,0.7333333333333333,-1.0,11.0,3.0,31
230.55003356933594,94.23280334472656,18.846560668945312,1000.0,0.0,-0.06666666666666667,0.8,-1.0,12.0,3.0,31
205.51547241210938,43.30097198486328,8.660194396972656,1000.0,0.0,-0.06666666666666667,0.8666666666666667,-1.0,13.0,3.0,31
213.9495086669922,52.00309371948242,10.400618743896484,1000.0,0.0,-0.06666666666666667,0.9333333333333333,-1.0,14.0,3.0,31
200.62193298339844,46.96158981323242,9.392317962646484,1000.0,0.0,-0.06666666666666667,1.0,-1.0,15.0,3.0,31
241.62278747558594,88.83191680908203,17.766383361816406,1000.0,0.0,0.0,-1.0,0.0,-15.0,3.0,31
219.63282775878906,60.20048141479492,12.040096282958984,1000.0,0.0,0.0,-0.9333333333333333,0.0,-14.0,3.0,31
254.60275268554688,86.33602142333984,17.26720428466797,1000.0,0.0,0.0,-0.8666666666666667,0.0,-13.0,3.0,31
217.39813232421875,67.18270874023438,13.436541748046874,1000.0,0.0,0.0,-0.8,0.0,-12.0,3.0,31
211.97836303710938,53.35884094238281,10.671768188476562,1000.0,0.0,0.0,-0.7333333333333333,0.0,-11.0,3.0,31
207.23455810546875,64.08053588867188,12.816107177734375,1000.0,0.0,0.0,-0.6666666666666666,0.0,-10.0,3.0,31
196.3542938232422,60.36429214477539,12.072858428955078,1000.0,0.0,0.0,-0.6,0.0,-9.0,3.0,31
191.46441650390625,40.53496551513672,8.106993103027344,1000.0,0.0,0.0,-0.5333333333333333,0.0,-8.0,3.0,31
215.0080108642578,68.29199981689453,13.658399963378907,1000.0,0.0,0.0,-0.4666666666666667,0.0,-7.0,3.0,31
250.4566650390625,113.52378845214844,22.704757690429688,1000.0,0.0,0.0,-0.4,0.0,-6.0,3.0,31
334.32244873046875,148.33897399902344,29.66779479980469,1000.0,0.0,0.0,-0.3333333333333333,0.0,-5.0,3.0,31
389.9996032714844,191.16635131835938,38.233270263671876,1000.0,0.0,0.0,-0.26666666666666666,0.0,-4.0,3.0,31
531.5398559570312,222.8037567138672,44.560751342773436,1000.0,0.0,0.0,-0.2,0.0,-3.0,3.0,31
687.687744140625,255.333740234375,51.066748046875,1000.0,0.0,0.0,-0.13333333333333333,0.0,-2.0,3.0,31
975.9449462890625,15.149201393127441,3.029840278625488,1000.0,0.0,0.0,-0.06666666666666667,0.0,-1.0,3.0,31
945.7959594726562,161.91278076171875,32.38255615234375,1000.0,0.0,0.0,0.0,0.0,0.0,3.0,31
970.2622680664062,20.413848876953125,4.082769775390625,1000.0,0.0,0.0,0.06666666666666667,0.0,1.0,3.0,31
816.296630859375,313.94769287109375,62.78953857421875,1000.0,0.0,0.0,0.13333333333333333,0.0,2.0,3.0,31
703.3590698242188,207.24612426757812,41.449224853515624,1000.0,0.0,0.0,0.2,0.0,3.0,3.0,31
449.734619140625,179.46983337402344,35.89396667480469,1000.0,0.0,0.0,0.26666666666666666,0.0,4.0,3.0,31
296.4619445800781,115.57439422607422,23.114878845214843,1000.0,0.0,0.0,0.3333333333333333,0.0,5.0,3.0,31
261.3597412109375,85.07884216308594,17.015768432617186,1000.0,0.0,0.0,0.4,0.0,6.0,3.0,31
237.73495483398438,68.43472290039062,13.686944580078125,1000.0,0.0,0.0,0.4666666666666667,0.0,7.0,3.0,31
270.98895263671875,81.64903259277344,16.329806518554687,1000.0,0.0,0.0,0.5333333333333333,0.0,8.0,3.0,31
249.25128173828125,72.58271789550781,14.516543579101562,1000.0,0.0,0.0,0.6,0.0,9.0,3.0,31
238.35679626464844,74.18460083007812,14.836920166015625,1000.0,0.0,0.0,0.6666666666666666,0.0,10.0,3.0,31
225.1099395751953,87.10238647460938,17.420477294921874,1000.0,0.0,0.0,0.7333333333333333,0.0,11.0,3.0,31
239.97378540039062,68.31748962402344,13.663497924804688,1000.0,0.0,0.0,0.8,0.0,12.0,3.0,31
242.84414672851562,72.06668090820312,14.413336181640625,1000.0,0.0,0.0,0.8666666666666667,0.0,13.0,3.0,31
236.5252685546875,70.61080932617188,14.122161865234375,1000.0,0.0,0.0,0.9333333333333333,0.0,14.0,3.0,31
200.88751220703125,35.4117546081543,7.0823509216308596,1000.0,0.0,0.0,1.0,0.0,15.0,3.0,31
234.56251525878906,69.829345703125,13.965869140625,1000.0,0.0,0.06666666666666667,-1.0,1.0,-15.0,3.0,31
247.5782470703125,76.62373352050781,15.324746704101562,1000.0,0.0,0.06666666666666667,-0.9333333333333333,1.0,-14.0,3.0,31
235.68580627441406,69.86009216308594,13.972018432617187,1000.0,0.0,0.06666666666666667,-0.8666666666666667,1.0,-13.0,3.0,31
222.04672241210938,77.87213134765625,15.57442626953125,1000.0,0.0,0.06666666666666667,-0.8,1.0,-12.0,3.0,31
243.26815795898438,101.57743835449219,20.315487670898438,1000.0,0.0,0.06666666666666667,-0.7333333333333333,1.0,-11.0,3.0,31
240.3994903564453,95.15792846679688,19.031585693359375,1000.0,0.0,0.06666666666666667,-0.6666666666666666,1.0,-10.0,3.0,31
227.33087158203125,74.59672546386719,14.919345092773437,1000.0,0.0,0.06666666666666667,-0.6,1.0,-9.0,3.0,31
213.77398681640625,75.46853637695312,15.093707275390624,1000.0,0.0,0.06666666666666667,-0.5333333333333333,1.0,-8.0,3.0,31
212.1435089111328,57.286319732666016,11.457263946533203,1000.0,0.0,0.06666666666666667,-0.4666666666666667,1.0,-7.0,3.0,31
256.030029296875,103.11734008789062,20.623468017578126,1000.0,0.0,0.06666666666666667,-0.4,1.0,-6.0,3.0,31
304.69915771484375,142.62994384765625,28.52598876953125,1000.0,0.0,0.06666666666666667,-0.3333333333333333,1.0,-5.0,3.0,31
372.499267578125,189.71971130371094,37.94394226074219,1000.0,0.0,0.06666666666666667,-0.26666666666666666,1.0,-4.0,3.0,31
456.2188415527344,209.41238403320312,41.882476806640625,1000.0,0.0,0.06666666666666667,-0.2,1.0,-3.0,3.0,31
686.48193359375,182.346435546875,36.469287109375,1000.0,0.0,0.06666666666666667,-0.13333333333333333,1.0,-2.0,3.0,31
929.5516357421875,159.81849670410156,31.963699340820312,1000.0,0.0,0.06666666666666667,-0.06666666666666667,1.0,-1.0,3.0,31
973.2839965820312,14.922480583190918,2.9844961166381836,1000.0,0.0,0.06666666666666667,0.0,1.0,0.0,3.0,31
968.3494262695312,18.061279296875,3.612255859375,1000.0,0.0,0.06666666666666667,0.06666666666666667,1.0,1.0,3.0,31
779.7178344726562,258.6239929199219,51.724798583984374,1000.0,0.0,0.06666666666666667,0.13333333333333333,1.0,2.0,3.0,31
485.5116271972656,201.28173828125,40.25634765625,1000.0,0.0,0.06666666666666667,0.2,1.0,3.0,3.0,31
290.8550109863281,102.71381378173828,20.542762756347656,1000.0,0.0,0.06666666666666667,0.26666666666666666,1.0,4.0,3.0,31
438.4627685546875,105.70686340332031,21.141372680664062,1000.0,0.0,0.06666666666666667,0.3333333333333333,1.0,5.0,3.0,31
259.88848876953125,98.84288787841797,19.768577575683594,1000.0,0.0,0.06666666666666667,0.4,1.0,6.0,3.0,31
254.93260192871094,70.02130889892578,14.004261779785157,1000.0,0.0,0.06666666666666667,0.4666666666666667,1.0,7.0,3.0,31
260.602783203125,79.46630859375,15.89326171875,1000.0,0.0,0.06666666666666667,0.5333333333333333,1.0,8.0,3.0,31
227.50904846191406,51.497066497802734,10.299413299560547,1000.0,0.0,0.06666666666666667,0.6,1.0,9.0,3.0,31
211.84007263183594,40.56635665893555,8.113271331787109,1000.0,0.0,0.06666666666666667,0.6666666666666666,1.0,10.0,3.0,31
249.3936767578125,84.85201263427734,16.97040252685547,1000.0,0.0,0.06666666666666667,0.7333333333333333,1.0,11.0,3.0,31
229.35848999023438,72.87796783447266,14.575593566894531,1000.0,0.0,0.06666666666666667,0.8,1.0,12.0,3.0,31
209.55224609375,39.117835998535156,7.823567199707031,1000.0,0.0,0.06666666666666667,0.8666666666666667,1.0,13.0,3.0,31
210.47732543945312,37.491641998291016,7.498328399658203,1000.0,0.0,0.06666666666666667,0.9333333333333333,1.0,14.0,3.0,31
226.44400024414062,46.538536071777344,9.307707214355469,1000.0,0.0,0.06666666666666667,1.0,1.0,15.0,3.0,31
200.03155517578125,42.51219177246094,8.502438354492188,1000.0,0.0,0.13333333333333333,-1.0,2.0,-15.0,3.0,31
211.88558959960938,49.03219223022461,9.806438446044922,1000.0,0.0,0.13333333333333333,-0.9333333333333333,2.0,-14.0,3.0,31
216.05303955078125,58.80287551879883,11.760575103759766,1000.0,0.0,0.13333333333333333,-0.8666666666666667,2.0,-13.0,3.0,31
229.6566619873047,78.72738647460938,15.745477294921875,1000.0,0.0,0.13333333333333333,-0.8,2.0,-12.0,3.0,31
220.5224151611328,70.36670684814453,14.073341369628906,1000.0,0.0,0.13333333333333333,-0.7333333333333333,2.0,-11.0,3.0,31
199.76124572753906,46.283756256103516,9.256751251220702,1000.0,0.0,0.13333333333333333,-0.6666666666666666,2.0,-10.0,3.0,31
206.8843994140625,52.6856575012207,10.53713150024414,1000.0,0.0,0.13333333333333333,-0.6,2.0,-9.0,3.0,31
201.3712921142578,49.71809387207031,9.943618774414062,1000.0,0.0,0.13333333333333333,-0.5333333333333333,2.0,-8.0,3.0,31
202.65646362304688,42.111175537109375,8.422235107421875,1000.0,0.0,0.13333333333333333,-0.4666666666666667,2.0,-7.0,3.0,31
248.6105499267578,83.80460357666016,16.76092071533203,1000.0,0.0,0.13333333333333333,-0.4,2.0,-6.0,3.0,31
259.06292724609375,119.0124740600586,23.80249481201172,1000.0,0.0,0.13333333333333333,-0.3333333333333333,2.0,-5.0,3.0,31
229.19998168945312,62.43720245361328,12.487440490722657,1000.0,0.0,0.13333333333333333,-0.26666666666666666,2.0,-4.0,3.0,31
345.2542724609375,151.34461975097656,30.268923950195312,1000.0,0.0,0.13333333333333333,-0.2,2.0,-3.0,3.0,31
535.1094970703125,176.77842712402344,35.35568542480469,1000.0,0.0,0.13333333333333333,-0.13333333333333333,2.0,-2.0,3.0,31
707.4096069335938,221.10153198242188,44.220306396484375,1000.0,0.0,0.13333333333333333,-0.06666666666666667,2.0,-1.0,3.0,31
858.8828735351562,142.25820922851562,28.451641845703126,1000.0,0.0,0.13333333333333333,0.0,2.0,0.0,3.0,31
874.2242431640625,23.385427474975586,4.677085494995117,1000.0,0.0,0.13333333333333333,0.06666666666666667,2.0,1.0,3.0,31
527.1286010742188,211.88356018066406,42.376712036132815,1000.0,0.0,0.13333333333333333,0.13333333333333333,2.0,2.0,3.0,31
363.8089599609375,123.51331329345703,24.702662658691406,1000.0,0.0,0.13333333333333333,0.2,2.0,3.0,3.0,31
453.54547119140625,131.18096923828125,26.23619384765625,1000.0,0.0,0.13333333333333333,0.26666666666666666,2.0,4.0,3.0,31
597.6187744140625,122.11650848388672,24.423301696777344,1000.0,0.0,0.13333333333333333,0.3333333333333333,2.0,5.0,3.0,31
389.9320373535156,171.13168334960938,34.22633666992188,1000.0,0.0,0.13333333333333333,0.4,2.0,6.0,3.0,31
314.5274963378906,127.23883819580078,25.447767639160155,1000.0,0.0,0.13333333333333333,0.4666666666666667,2.0,7.0,3.0,31
243.1416015625,65.05419921875,13.01083984375,1000.0,0.0,0.13333333333333333,0.5333333333333333,2.0,8.0,3.0,31
266.4095764160156,63.33570098876953,12.667140197753906,1000.0,0.0,0.13333333333333333,0.6,2.0,9.0,3.0,31
255.7510223388672,75.41490173339844,15.082980346679687,1000.0,0.0,0.13333333333333333,0.6666666666666666,2.0,10.0,3.0,31
241.51580810546875,64.17825317382812,12.835650634765624,1000.0,0.0,0.13333333333333333,0.7333333333333333,2.0,11.0,3.0,31
217.54722595214844,61.28517532348633,12.257035064697266,1000.0,0.0,0.13333333333333333,0.8,2.0,12.0,3.0,31
242.10955810546875,72.55371856689453,14.510743713378906,1000.0,0.0,0.13333333333333333,0.8666666666666667,2.0,13.0,3.0,31
219.52101135253906,47.40739822387695,9.48147964477539,1000.0,0.0,0.13333333333333333,0.9333333333333333,2.0,14.0,3.0,31
215.40225219726562,37.03768539428711,7.4075370788574215,1000.0,0.0,0.13333333333333333,1.0,2.0,15.0,3.0,31
194.64544677734375,25.689613342285156,5.137922668457032,1000.0,0.0,0.2,-1.0,3.0,-15.0,3.0,31
196.40338134765625,33.27116775512695,6.65423355102539,1000.0,0.0,0.2,-0.9333333333333333,3.0,-14.0,3.0,31
213.7358856201172,56.305091857910156,11.261018371582031,1000.0,0.0,0.2,-0.8666666666666667,3.0,-13.0,3.0,31
209.58587646484375,43.32014083862305,8.66402816772461,1000.0,0.0,0.2,-0.8,3.0,-12.0,3.0,31
209.9503173828125,58.55337905883789,11.710675811767578,1000.0,0.0,0.2,-0.7333333333333333,3.0,-11.0,3.0,31
217.18484497070312,58.35984802246094,11.671969604492187,1000.0,0.0,0.2,-0.6666666666666666,3.0,-10.0,3.0,31
212.5613250732422,53.5950813293457,10.71901626586914,1000.0,0.0,0.2,-0.6,3.0,-9.0,3.0,31
214.06097412109375,74.53143310546875,14.90628662109375,1000.0,0.0,0.2,-0.5333333333333333,3.0,-8.0,3.0,31
201.97586059570312,30.84547996520996,6.169095993041992,1000.0,0.0,0.2,-0.4666666666666667,3.0,-7.0,3.0,31
250.3437042236328,67.74882507324219,13.549765014648438,1000.0,0.0,0.2,-0.4,3.0,-6.0,3.0,31
240.61529541015625,68.2858657836914,13.657173156738281,1000.0,0.0,0.2,-0.3333333333333333,3.0,-5.0,3.0,31
200.69839477539062,26.742340087890625,5.348468017578125,1000.0,0.0,0.2,-0.26666666666666666,3.0,-4.0,3.0,31
245.75653076171875,69.3203353881836,13.864067077636719,1000.0,0.0,0.2,-0.2,3.0,-3.0,3.0,31
307.8323059082031,111.08187866210938,22.216375732421874,1000.0,0.0,0.2,-0.13333333333333333,3.0,-2.0,3.0,31
293.6426696777344,100.00927734375,20.00185546875,1000.0,0.0,0.2,-0.06666666666666667,3.0,-1.0,3.0,31
497.93231201171875,254.70059204101562,50.940118408203126,1000.0,0.0,0.2,0.0,3.0,0.0,3.0,31
646.8142700195312,239.9943389892578,47.99886779785156,1000.0,0.0,0.2,0.06666666666666667,3.0,1.0,3.0,31
310.21588134765625,113.73014831542969,22.746029663085938,1000.0,0.0,0.2,0.13333333333333333,3.0,2.0,3.0,31
325.8497009277344,116.58141326904297,23.316282653808592,1000.0,0.0,0.2,0.2,3.0,3.0,3.0,31
391.3340759277344,131.6566619873047,26.331332397460937,1000.0,0.0,0.2,0.26666666666666666,3.0,4.0,3.0,31
423.15936279296875,173.05984497070312,34.611968994140625,1000.0,0.0,0.2,0.3333333333333333,3.0,5.0,3.0,31
423.4165954589844,186.901123046875,37.380224609375,1000.0,0.0,0.2,0.4,3.0,6.0,3.0,31
343.2112121582031,156.478759765625,31.295751953125,1000.0,0.0,0.2,0.4666666666666667,3.0,7.0,3.0,31
293.2504577636719,127.98342895507812,25.596685791015624,1000.0,0.0,0.2,0.5333333333333333,3.0,8.0,3.0,31
245.6382598876953,86.92632293701172,17.385264587402343,1000.0,0.0,0.2,0.6,3.0,9.0,3.0,31
208.87417602539062,50.596351623535156,10.119270324707031,1000.0,0.0,0.2,0.6666666666666666,3.0,10.0,3.0,31
245.58233642578125,64.77507019042969,12.955014038085938,1000.0,0.0,0.2,0.7333333333333333,3.0,11.0,3.0,31
265.7938232421875,77.93180847167969,15.586361694335938,1000.0,0.0,0.2,0.8,3.0,12.0,3.0,31
229.69581604003906,57.402889251708984,11.480577850341797,1000.0,0.0,0.2,0.8666666666666667,3.0,13.0,3.0,31
228.40895080566406,69.46549224853516,13.893098449707031,1000.0,0.0,0.2,0.9333333333333333,3.0,14.0,3.0,31
216.19386291503906,46.565406799316406,9.313081359863281,1000.0,0.0,0.2,1.0,3.0,15.0,3.0,31
183.7074737548828,17.76976203918457,3.5539524078369142,1000.0,0.0,0.26666666666666666,-1.0,4.0,-15.0,3.0,31
187.58486938476562,20.152986526489258,4.030597305297851,1000.0,0.0,0.26666666666666666,-0.9333333333333333,4.0,-14.0,3.0,31
197.30874633789062,40.25690841674805,8.051381683349609,1000.0,0.0,0.26666666666666666,-0.8666666666666667,4.0,-13.0,3.0,31
199.7516632080078,41.09386444091797,8.218772888183594,1000.0,0.0,0.26666666666666666,-0.8,4.0,-12.0,3.0,31
194.92050170898438,38.4427490234375,7.6885498046875,1000.0,0.0,0.26666666666666666,-0.7333333333333333,4.0,-11.0,3.0,31
216.4346923828125,64.46253967285156,12.892507934570313,1000.0,0.0,0.26666666666666666,-0.6666666666666666,4.0,-10.0,3.0,31
200.88909912109375,41.058265686035156,8.211653137207032,1000.0,0.0,0.26666666666666666,-0.6,4.0,-9.0,3.0,31
198.6200408935547,23.97536277770996,4.795072555541992,1000.0,0.0,0.26666666666666666,-0.5333333333333333,4.0,-8.0,3.0,31
210.0319366455078,42.572654724121094,8.51453094482422,1000.0,0.0,0.26666666666666666,-0.4666666666666667,4.0,-7.0,3.0,31
286.6271057128906,71.02140045166016,14.20428009033203,1000.0,0.0,0.26666666666666666,-0.4,4.0,-6.0,3.0,31
271.08154296875,71.78523254394531,14.357046508789063,1000.0,0.0,0.26666666666666666,-0.3333333333333333,4.0,-5.0,3.0,31
221.41815185546875,35.23346710205078,7.046693420410156,1000.0,0.0,0.26666666666666666,-0.26666666666666666,4.0,-4.0,3.0,31
229.86000061035156,41.87746810913086,8.375493621826172,1000.0,0.0,0.26666666666666666,-0.2,4.0,-3.0,3.0,31
248.34103393554688,65.60174560546875,13.12034912109375,1000.0,0.0,0.26666666666666666,-0.13333333333333333,4.0,-2.0,3.0,31
257.3423767089844,69.23600769042969,13.847201538085937,1000.0,0.0,0.26666666666666666,-0.06666666666666667,4.0,-1.0,3.0,31
430.2003173828125,171.5025177001953,34.30050354003906,1000.0,0.0,0.26666666666666666,0.0,4.0,0.0,3.0,31
417.0343017578125,173.8074951171875,34.7614990234375,1000.0,0.0,0.26666666666666666,0.06666666666666667,4.0,1.0,3.0,31
344.8094177246094,76.06876373291016,15.213752746582031,1000.0,0.0,0.26666666666666666,0.13333333333333333,4.0,2.0,3.0,31
400.5411376953125,103.60323333740234,20.72064666748047,1000.0,0.0,0.26666666666666666,0.2,4.0,3.0,3.0,31
350.1922607421875,158.2812957763672,31.65625915527344,1000.0,0.0,0.26666666666666666,0.26666666666666666,4.0,4.0,3.0,31
372.2284240722656,157.1741485595703,31.434829711914062,1000.0,0.0,0.26666666666666666,0.3333333333333333,4.0,5.0,3.0,31
347.4454040527344,145.02691650390625,29.00538330078125,1000.0,0.0,0.26666666666666666,0.4,4.0,6.0,3.0,31
299.67041015625,141.855224609375,28.371044921875,1000.0,0.0,0.26666666666666666,0.4666666666666667,4.0,7.0,3.0,31
297.9278564453125,131.5603790283203,26.312075805664062,1000.0,0.0,0.26666666666666666,0.5333333333333333,4.0,8.0,3.0,31
282.8477783203125,125.26537322998047,25.053074645996094,1000.0,0.0,0.26666666666666666,0.6,4.0,9.0,3.0,31
282.93389892578125,110.30323791503906,22.060647583007814,1000.0,0.0,0.26666666666666666,0.6666666666666666,4.0,10.0,3.0,31
242.61891174316406,87.61196899414062,17.522393798828126,1000.0,0.0,0.26666666666666666,0.7333333333333333,4.0,11.0,3.0,31
218.5117950439453,43.060646057128906,8.612129211425781,1000.0,0.0,0.26666666666666666,0.8,4.0,12.0,3.0,31
256.32891845703125,62.848567962646484,12.569713592529297,1000.0,0.0,0.26666666666666666,0.8666666666666667,4.0,13.0,3.0,31
245.62677001953125,40.01308822631836,8.002617645263673,1000.0,0.0,0.26666666666666666,0.9333333333333333,4.0,14.0,3.0,31
223.30322265625,39.63285446166992,7.926570892333984,1000.0,0.0,0.26666666666666666,1.0,4.0,15.0,3.0,31
187.8474578857422,23.556711196899414,4.711342239379883,1000.0,0.0,0.3333333333333333,-1.0,5.0,-15.0,3.0,31
183.9309539794922,16.191133499145508,3.2382266998291014,1000.0,0.0,0.3333333333333333,-0.9333333333333333,5.0,-14.0,3.0,31
188.61895751953125,23.265987396240234,4.653197479248047,1000.0,0.0,0.3333333333333333,-0.8666666666666667,5.0,-13.0,3.0,31
188.59422302246094,24.83570098876953,4.967140197753906,1000.0,0.0,0.3333333333333333,-0.8,5.0,-12.0,3.0,31
204.56549072265625,46.5988883972168,9.319777679443359,1000.0,0.0,0.3333333333333333,-0.7333333333333333,5.0,-11.0,3.0,31
187.01669311523438,20.443843841552734,4.088768768310547,1000.0,0.0,0.3333333333333333,-0.6666666666666666,5.0,-10.0,3.0,31
205.44247436523438,37.78483581542969,7.556967163085938,1000.0,0.0,0.3333333333333333,-0.6,5.0,-9.0,3.0,31
209.45347595214844,42.22431945800781,8.444863891601562,1000.0,0.0,0.3333333333333333,-0.5333333333333333,5.0,-8.0,3.0,31
279.88067626953125,50.838653564453125,10.167730712890625,1000.0,0.0,0.3333333333333333,-0.4666666666666667,5.0,-7.0,3.0,31
288.1187438964844,48.764705657958984,9.752941131591797,1000.0,0.0,0.3333333333333333,-0.4,5.0,-6.0,3.0,31
242.87278747558594,57.59906768798828,11.519813537597656,1000.0,0.0,0.3333333333333333,-0.3333333333333333,5.0,-5.0,3.0,31
212.3636932373047,34.099876403808594,6.819975280761719,1000.0,0.0,0.3333333333333333,-0.26666666666666666,5.0,-4.0,3.0,31
212.77142333984375,59.53955841064453,11.907911682128907,1000.0,0.0,0.3333333333333333,-0.2,5.0,-3.0,3.0,31
259.9427795410156,90.40766143798828,18.081532287597657,1000.0,0.0,0.3333333333333333,-0.13333333333333333,5.0,-2.0,3.0,31
303.18975830078125,116.8198471069336,23.36396942138672,1000.0,0.0,0.3333333333333333,-0.06666666666666667,5.0,-1.0,3.0,31
434.681884765625,121.14642333984375,24.22928466796875,1000.0,0.0,0.3333333333333333,0.0,5.0,0.0,3.0,31
468.1891784667969,91.32225036621094,18.264450073242188,1000.0,0.0,0.3333333333333333,0.06666666666666667,5.0,1.0,3.0,31
371.93011474609375,138.02871704101562,27.605743408203125,1000.0,0.0,0.3333333333333333,0.13333333333333333,5.0,2.0,3.0,31
380.68707275390625,121.50675201416016,24.301350402832032,1000.0,0.0,0.3333333333333333,0.2,5.0,3.0,3.0,31
369.8794860839844,120.47274017333984,24.09454803466797,1000.0,0.0,0.3333333333333333,0.26666666666666666,5.0,4.0,3.0,31
363.80450439453125,147.56185913085938,29.512371826171876,1000.0,0.0,0.3333333333333333,0.3333333333333333,5.0,5.0,3.0,31
319.2091369628906,141.47560119628906,28.295120239257812,1000.0,0.0,0.3333333333333333,0.4,5.0,6.0,3.0,31
259.0008544921875,121.09437561035156,24.218875122070312,1000.0,0.0,0.3333333333333333,0.4666666666666667,5.0,7.0,3.0,31
268.4391784667969,112.74877166748047,22.549754333496093,1000.0,0.0,0.3333333333333333,0.5333333333333333,5.0,8.0,3.0,31
242.71046447753906,96.18463134765625,19.23692626953125,1000.0,0.0,0.3333333333333333,0.6,5.0,9.0,3.0,31
306.322509765625,104.32067108154297,20.864134216308592,1000.0,0.0,0.3333333333333333,0.6666666666666666,5.0,10.0,3.0,31
304.20599365234375,74.61119079589844,14.922238159179688,1000.0,0.0,0.3333333333333333,0.7333333333333333,5.0,11.0,3.0,31
290.719970703125,100.32867431640625,20.06573486328125,1000.0,0.0,0.3333333333333333,0.8,5.0,12.0,3.0,31
270.9252624511719,86.39081573486328,17.278163146972656,1000.0,0.0,0.3333333333333333,0.8666666666666667,5.0,13.0,3.0,31
254.68775939941406,73.44300842285156,14.688601684570312,1000.0,0.0,0.3333333333333333,0.9333333333333333,5.0,14.0,3.0,31
241.3702392578125,57.23965072631836,11.447930145263673,1000.0,0.0,0.3333333333333333,1.0,5.0,15.0,3.0,31
190.51934814453125,24.138290405273438,4.827658081054688,1000.0,0.0,0.4,-1.0,6.0,-15.0,3.0,31
191.93084716796875,33.39950942993164,6.679901885986328,1000.0,0.0,0.4,-0.9333333333333333,6.0,-14.0,3.0,31
186.2718963623047,18.7692813873291,3.7538562774658204,1000.0,0.0,0.4,-0.8666666666666667,6.0,-13.0,3.0,31
190.68923950195312,33.524784088134766,6.704956817626953,1000.0,0.0,0.4,-0.8,6.0,-12.0,3.0,31
193.23826599121094,26.80381965637207,5.360763931274414,1000.0,0.0,0.4,-0.7333333333333333,6.0,-11.0,3.0,31
196.88095092773438,37.14695739746094,7.429391479492187,1000.0,0.0,0.4,-0.6666666666666666,6.0,-10.0,3.0,31
205.0365753173828,30.690765380859375,6.138153076171875,1000.0,0.0,0.4,-0.6,6.0,-9.0,3.0,31
263.8453369140625,46.45200729370117,9.290401458740234,1000.0,0.0,0.4,-0.5333333333333333,6.0,-8.0,3.0,31
291.2831726074219,35.83243942260742,7.1664878845214846,1000.0,0.0,0.4,-0.4666666666666667,6.0,-7.0,3.0,31
274.6622009277344,64.9798583984375,12.9959716796875,1000.0,0.0,0.4,-0.4,6.0,-6.0,3.0,31
254.38677978515625,55.506187438964844,11.101237487792968,1000.0,0.0,0.4,-0.3333333333333333,6.0,-5.0,3.0,31
236.1053924560547,54.714691162109375,10.942938232421875,1000.0,0.0,0.4,-0.26666666666666666,6.0,-4.0,3.0,31
242.39068603515625,90.90814971923828,18.181629943847657,1000.0,0.0,0.4,-0.2,6.0,-3.0,3.0,31
271.01300048828125,76.4132080078125,15.2826416015625,1000.0,0.0,0.4,-0.13333333333333333,6.0,-2.0,3.0,31
232.5343017578125,59.19581604003906,11.839163208007813,1000.0,0.0,0.4,-0.06666666666666667,6.0,-1.0,3.0,31
334.8226318359375,89.2543716430664,17.85087432861328,1000.0,0.0,0.4,0.0,6.0,0.0,3.0,31
362.5605163574219,125.31167602539062,25.062335205078124,1000.0,0.0,0.4,0.06666666666666667,6.0,1.0,3.0,31
389.132080078125,89.7343521118164,17.946870422363283,1000.0,0.0,0.4,0.13333333333333333,6.0,2.0,3.0,31
356.1632080078125,111.51712036132812,22.303424072265624,1000.0,0.0,0.4,0.2,6.0,3.0,3.0,31
397.6700134277344,106.477294921875,21.295458984375,1000.0,0.0,0.4,0.26666666666666666,6.0,4.0,3.0,31
333.5108947753906,153.62466430664062,30.724932861328124,1000.0,0.0,0.4,0.3333333333333333,6.0,5.0,3.0,31
350.3157043457031,141.22557067871094,28.245114135742188,1000.0,0.0,0.4,0.4,6.0,6.0,3.0,31
291.5186767578125,97.9482421875,19.5896484375,1000.0,0.0,0.4,0.4666666666666667,6.0,7.0,3.0,31
279.7618713378906,74.67247009277344,14.934494018554688,1000.0,0.0,0.4,0.5333333333333333,6.0,8.0,3.0,31
265.1618957519531,83.10247039794922,16.620494079589843,1000.0,0.0,0.4,0.6,6.0,9.0,3.0,31
340.02899169921875,112.73783874511719,22.547567749023436,1000.0,0.0,0.4,0.6666666666666666,6.0,10.0,3.0,31
325.3651428222656,88.17039489746094,17.634078979492188,1000.0,0.0,0.4,0.7333333333333333,6.0,11.0,3.0,31
361.44952392578125,82.2525863647461,16.45051727294922,1000.0,0.0,0.4,0.8,6.0,12.0,3.0,31
346.2384338378906,90.44833374023438,18.089666748046874,1000.0,0.0,0.4,0.8666666666666667,6.0,13.0,3.0,31
326.1767272949219,64.9572525024414,12.99145050048828,1000.0,0.0,0.4,0.9333333333333333,6.0,14.0,3.0,31
319.6374206542969,85.47518920898438,17.095037841796874,1000.0,0.0,0.4,1.0,6.0,15.0,3.0,31
187.45745849609375,19.30847930908203,3.8616958618164063,1000.0,0.0,0.4666666666666667,-1.0,7.0,-15.0,3.0,31
190.8353271484375,38.571144104003906,7.714228820800781,1000.0,0.0,0.4666666666666667,-0.9333333333333333,7.0,-14.0,3.0,31
185.65713500976562,17.29203224182129,3.458406448364258,1000.0,0.0,0.4666666666666667,-0.8666666666666667,7.0,-13.0,3.0,31
199.2236785888672,39.04161834716797,7.808323669433594,1000.0,0.0,0.4666666666666667,-0.8,7.0,-12.0,3.0,31
212.77191162109375,33.968570709228516,6.793714141845703,1000.0,0.0,0.4666666666666667,-0.7333333333333333,7.0,-11.0,3.0,31
194.94638061523438,21.456268310546875,4.291253662109375,1000.0,0.0,0.4666666666666667,-0.6666666666666666,7.0,-10.0,3.0,31
233.93995666503906,49.509151458740234,9.901830291748047,1000.0,0.0,0.4666666666666667,-0.6,7.0,-9.0,3.0,31
273.699462890625,48.099056243896484,9.619811248779296,1000.0,0.0,0.4666666666666667,-0.5333333333333333,7.0,-8.0,3.0,31
300.0111389160156,27.346147537231445,5.469229507446289,1000.0,0.0,0.4666666666666667,-0.4666666666666667,7.0,-7.0,3.0,31
263.0494384765625,55.79682159423828,11.159364318847656,1000.0,0.0,0.4666666666666667,-0.4,7.0,-6.0,3.0,31
251.12498474121094,48.77777862548828,9.755555725097656,1000.0,0.0,0.4666666666666667,-0.3333333333333333,7.0,-5.0,3.0,31
268.7102355957031,59.27222442626953,11.854444885253907,1000.0,0.0,0.4666666666666667,-0.26666666666666666,7.0,-4.0,3.0,31
244.2914581298828,51.206233978271484,10.241246795654297,1000.0,0.0,0.4666666666666667,-0.2,7.0,-3.0,3.0,31
257.19366455078125,43.89423370361328,8.778846740722656,1000.0,0.0,0.4666666666666667,-0.13333333333333333,7.0,-2.0,3.0,31
227.2597198486328,51.356712341308594,10.271342468261718,1000.0,0.0,0.4666666666666667,-0.06666666666666667,7.0,-1.0,3.0,31
289.3819580078125,96.50135803222656,19.300271606445314,1000.0,0.0,0.4666666666666667,0.0,7.0,0.0,3.0,31
343.3896789550781,127.80716705322266,25.561433410644533,1000.0,0.0,0.4666666666666667,0.06666666666666667,7.0,1.0,3.0,31
370.5302734375,103.28594207763672,20.657188415527344,1000.0,0.0,0.4666666666666667,0.13333333333333333,7.0,2.0,3.0,31
342.013916015625,112.04234313964844,22.408468627929686,1000.0,0.0,0.4666666666666667,0.2,7.0,3.0,3.0,31
375.1222229003906,115.45101928710938,23.090203857421876,1000.0,0.0,0.4666666666666667,0.26666666666666666,7.0,4.0,3.0,31
352.0331115722656,136.52540588378906,27.305081176757813,1000.0,0.0,0.4666666666666667,0.3333333333333333,7.0,5.0,3.0,31
345.1576232910156,145.61424255371094,29.122848510742188,1000.0,0.0,0.4666666666666667,0.4,7.0,6.0,3.0,31
297.46343994140625,133.70448303222656,26.74089660644531,1000.0,0.0,0.4666666666666667,0.4666666666666667,7.0,7.0,3.0,31
274.41534423828125,123.98074340820312,24.796148681640624,1000.0,0.0,0.4666666666666667,0.5333333333333333,7.0,8.0,3.0,31
361.3052978515625,68.02437591552734,13.604875183105468,1000.0,0.0,0.4666666666666667,0.6,7.0,9.0,3.0,31
338.214599609375,85.8543930053711,17.170878601074218,1000.0,0.0,0.4666666666666667,0.6666666666666666,7.0,10.0,3.0,31
330.0775451660156,103.64158630371094,20.728317260742188,1000.0,0.0,0.4666666666666667,0.7333333333333333,7.0,11.0,3.0,31
343.3035888671875,85.96865844726562,17.193731689453124,1000.0,0.0,0.4666666666666667,0.8,7.0,12.0,3.0,31
337.7732849121094,95.78034973144531,19.156069946289062,1000.0,0.0,0.4666666666666667,0.8666666666666667,7.0,13.0,3.0,31
298.3772888183594,79.38506317138672,15.877012634277344,1000.0,0.0,0.4666666666666667,0.9333333333333333,7.0,14.0,3.0,31
329.3885192871094,90.46590423583984,18.093180847167968,1000.0,0.0,0.4666666666666667,1.0,7.0,15.0,3.0,31
184.52423095703125,24.57835578918457,4.915671157836914,1000.0,0.0,0.5333333333333333,-1.0,8.0,-15.0,3.0,31
193.03573608398438,23.176868438720703,4.63537368774414,1000.0,0.0,0.5333333333333333,-0.9333333333333333,8.0,-14.0,3.0,31
209.2862548828125,19.682170867919922,3.9364341735839843,1000.0,0.0,0.5333333333333333,-0.8666666666666667,8.0,-13.0,3.0,31
192.00648498535156,20.96547508239746,4.193095016479492,1000.0,0.0,0.5333333333333333,-0.8,8.0,-12.0,3.0,31
212.45712280273438,52.126747131347656,10.42534942626953,1000.0,0.0,0.5333333333333333,-0.7333333333333333,8.0,-11.0,3.0,31
246.7494354248047,46.136295318603516,9.227259063720703,1000.0,0.0,0.5333333333333333,-0.6666666666666666,8.0,-10.0,3.0,31
280.5968017578125,58.44404983520508,11.688809967041015,1000.0,0.0,0.5333333333333333,-0.6,8.0,-9.0,3.0,31
304.9632568359375,32.26676940917969,6.4533538818359375,1000.0,0.0,0.5333333333333333,-0.5333333333333333,8.0,-8.0,3.0,31
288.9708557128906,29.518047332763672,5.9036094665527346,1000.0,0.0,0.5333333333333333,-0.4666666666666667,8.0,-7.0,3.0,31
220.40138244628906,57.39556121826172,11.479112243652343,1000.0,0.0,0.5333333333333333,-0.4,8.0,-6.0,3.0,31
206.22181701660156,37.81182098388672,7.562364196777343,1000.0,0.0,0.5333333333333333,-0.3333333333333333,8.0,-5.0,3.0,31
233.43218994140625,51.73200225830078,10.346400451660156,1000.0,0.0,0.5333333333333333,-0.26666666666666666,8.0,-4.0,3.0,31
228.66566467285156,52.17171096801758,10.434342193603516,1000.0,0.0,0.5333333333333333,-0.2,8.0,-3.0,3.0,31
209.58689880371094,31.776893615722656,6.355378723144531,1000.0,0.0,0.5333333333333333,-0.13333333333333333,8.0,-2.0,3.0,31
226.1963348388672,51.806217193603516,10.361243438720702,1000.0,0.0,0.5333333333333333,-0.06666666666666667,8.0,-1.0,3.0,31
265.1069641113281,93.99049377441406,18.798098754882812,1000.0,0.0,0.5333333333333333,0.0,8.0,0.0,3.0,31
334.8036804199219,119.32112884521484,23.864225769042967,1000.0,0.0,0.5333333333333333,0.06666666666666667,8.0,1.0,3.0,31
291.3358154296875,114.57467651367188,22.914935302734374,1000.0,0.0,0.5333333333333333,0.13333333333333333,8.0,2.0,3.0,31
315.7152099609375,104.02425384521484,20.804850769042968,1000.0,0.0,0.5333333333333333,0.2,8.0,3.0,3.0,31
318.8702087402344,110.06928253173828,22.013856506347658,1000.0,0.0,0.5333333333333333,0.26666666666666666,8.0,4.0,3.0,31
361.8327331542969,116.18395233154297,23.236790466308594,1000.0,0.0,0.5333333333333333,0.3333333333333333,8.0,5.0,3.0,31
340.1336364746094,141.64300537109375,28.32860107421875,1000.0,0.0,0.5333333333333333,0.4,8.0,6.0,3.0,31
291.5697937011719,118.07511901855469,23.615023803710937,1000.0,0.0,0.5333333333333333,0.4666666666666667,8.0,7.0,3.0,31
330.8707275390625,102.6397476196289,20.52794952392578,1000.0,0.0,0.5333333333333333,0.5333333333333333,8.0,8.0,3.0,31
341.6498107910156,86.17460632324219,17.234921264648438,1000.0,0.0,0.5333333333333333,0.6,8.0,9.0,3.0,31
364.14239501953125,79.23373413085938,15.846746826171875,1000.0,0.0,0.5333333333333333,0.6666666666666666,8.0,10.0,3.0,31
360.43670654296875,84.57547760009766,16.91509552001953,1000.0,0.0,0.5333333333333333,0.7333333333333333,8.0,11.0,3.0,31
348.4312438964844,87.54833984375,17.50966796875,1000.0,0.0,0.5333333333333333,0.8,8.0,12.0,3.0,31
352.51690673828125,93.48970794677734,18.69794158935547,1000.0,0.0,0.5333333333333333,0.8666666666666667,8.0,13.0,3.0,31
394.843017578125,69.0086441040039,13.801728820800781,1000.0,0.0,0.5333333333333333,0.9333333333333333,8.0,14.0,3.0,31
361.1707458496094,91.80767822265625,18.36153564453125,1000.0,0.0,0.5333333333333333,1.0,8.0,15.0,3.0,31
199.29881286621094,18.769914627075195,3.753982925415039,1000.0,0.0,0.6,-1.0,9.0,-15.0,3.0,31
199.2965850830078,24.601560592651367,4.920312118530274,1000.0,0.0,0.6,-0.9333333333333333,9.0,-14.0,3.0,31
203.2901611328125,39.352256774902344,7.870451354980469,1000.0,0.0,0.6,-0.8666666666666667,9.0,-13.0,3.0,31
216.9047393798828,46.41149139404297,9.282298278808593,1000.0,0.0,0.6,-0.8,9.0,-12.0,3.0,31
234.56167602539062,51.23846435546875,10.24769287109375,1000.0,0.0,0.6,-0.7333333333333333,9.0,-11.0,3.0,31
278.0926513671875,46.48309326171875,9.29661865234375,1000.0,0.0,0.6,-0.6666666666666666,9.0,-10.0,3.0,31
275.7729797363281,62.662513732910156,12.532502746582031,1000.0,0.0,0.6,-0.6,9.0,-9.0,3.0,31
310.1696472167969,39.35634994506836,7.871269989013672,1000.0,0.0,0.6,-0.5333333333333333,9.0,-8.0,3.0,31
266.9150390625,44.79583740234375,8.95916748046875,1000.0,0.0,0.6,-0.4666666666666667,9.0,-7.0,3.0,31
203.6912078857422,29.05859375,5.81171875,1000.0,0.0,0.6,-0.4,9.0,-6.0,3.0,31
219.08607482910156,39.45704650878906,7.891409301757813,1000.0,0.0,0.6,-0.3333333333333333,9.0,-5.0,3.0,31
195.89710998535156,25.237422943115234,5.047484588623047,1000.0,0.0,0.6,-0.26666666666666666,9.0,-4.0,3.0,31
208.09500122070312,37.891815185546875,7.578363037109375,1000.0,0.0,0.6,-0.2,9.0,-3.0,3.0,31
229.17611694335938,52.42177200317383,10.484354400634766,1000.0,0.0,0.6,-0.13333333333333333,9.0,-2.0,3.0,31
227.89988708496094,55.87069320678711,11.174138641357422,1000.0,0.0,0.6,-0.06666666666666667,9.0,-1.0,3.0,31
257.55242919921875,88.83753204345703,17.767506408691407,1000.0,0.0,0.6,0.0,9.0,0.0,3.0,31
266.70001220703125,84.44302368164062,16.888604736328126,1000.0,0.0,0.6,0.06666666666666667,9.0,1.0,3.0,31
271.8310852050781,106.82313537597656,21.364627075195312,1000.0,0.0,0.6,0.13333333333333333,9.0,2.0,3.0,31
260.2137451171875,87.15319061279297,17.430638122558594,1000.0,0.0,0.6,0.2,9.0,3.0,3.0,31
266.5968322753906,92.10331726074219,18.42066345214844,1000.0,0.0,0.6,0.26666666666666666,9.0,4.0,3.0,31
284.8857421875,97.64112091064453,19.528224182128906,1000.0,0.0,0.6,0.3333333333333333,9.0,5.0,3.0,31
310.85906982421875,119.6895523071289,23.93791046142578,1000.0,0.0,0.6,0.4,9.0,6.0,3.0,31
321.9891052246094,156.87295532226562,31.374591064453124,1000.0,0.0,0.6,0.4666666666666667,9.0,7.0,3.0,31
307.4034118652344,99.39657592773438,19.879315185546876,1000.0,0.0,0.6,0.5333333333333333,9.0,8.0,3.0,31
338.8290100097656,73.26609802246094,14.653219604492188,1000.0,0.0,0.6,0.6,9.0,9.0,3.0,31
351.1663818359375,83.9974594116211,16.79949188232422,1000.0,0.0,0.6,0.6666666666666666,9.0,10.0,3.0,31
391.4322204589844,83.88951873779297,16.777903747558593,1000.0,0.0,0.6,0.7333333333333333,9.0,11.0,3.0,31
376.37652587890625,84.71595764160156,16.943191528320312,1000.0,0.0,0.6,0.8,9.0,12.0,3.0,31
369.4087829589844,101.76939392089844,20.353878784179688,1000.0,0.0,0.6,0.8666666666666667,9.0,13.0,3.0,31
366.0060119628906,84.41577911376953,16.883155822753906,1000.0,0.0,0.6,0.9333333333333333,9.0,14.0,3.0,31
355.34429931640625,64.50129699707031,12.900259399414063,1000.0,0.0,0.6,1.0,9.0,15.0,3.0,31
189.27345275878906,22.992324829101562,4.5984649658203125,1000.0,0.0,0.6666666666666666,-1.0,10.0,-15.0,3.0,31
188.74942016601562,27.7386474609375,5.5477294921875,1000.0,0.0,0.6666666666666666,-0.9333333333333333,10.0,-14.0,3.0,31
228.04891967773438,34.40951156616211,6.8819023132324215,1000.0,0.0,0.6666666666666666,-0.8666666666666667,10.0,-13.0,3.0,31
267.27069091796875,47.00178909301758,9.400357818603515,1000.0,0.0,0.6666666666666666,-0.8,10.0,-12.0,3.0,31
295.4576416015625,54.05684280395508,10.811368560791015,1000.0,0.0,0.6666666666666666,-0.7333333333333333,10.0,-11.0,3.0,31
277.3087158203125,66.13079833984375,13.22615966796875,1000.0,0.0,0.6666666666666666,-0.6666666666666666,10.0,-10.0,3.0,31
292.0597229003906,57.47742462158203,11.495484924316406,1000.0,0.0,0.6666666666666666,-0.6,10.0,-9.0,3.0,31
255.57095336914062,60.800045013427734,12.160009002685547,1000.0,0.0,0.6666666666666666,-0.5333333333333333,10.0,-8.0,3.0,31
224.75941467285156,36.52397155761719,7.3047943115234375,1000.0,0.0,0.6666666666666666,-0.4666666666666667,10.0,-7.0,3.0,31
209.14927673339844,39.183353424072266,7.836670684814453,1000.0,0.0,0.6666666666666666,-0.4,10.0,-6.0,3.0,31
244.04945373535156,50.43418502807617,10.086837005615234,1000.0,0.0,0.6666666666666666,-0.3333333333333333,10.0,-5.0,3.0,31
214.41268920898438,42.56306838989258,8.512613677978516,1000.0,0.0,0.6666666666666666,-0.26666666666666666,10.0,-4.0,3.0,31
201.13461303710938,31.238950729370117,6.247790145874023,1000.0,0.0,0.6666666666666666,-0.2,10.0,-3.0,3.0,31
204.2742156982422,37.04322814941406,7.4086456298828125,1000.0,0.0,0.6666666666666666,-0.13333333333333333,10.0,-2.0,3.0,31
217.97328186035156,46.75962448120117,9.351924896240234,1000.0,0.0,0.6666666666666666,-0.06666666666666667,10.0,-1.0,3.0,31
253.1405487060547,76.41603088378906,15.283206176757812,1000.0,0.0,0.6666666666666666,0.0,10.0,0.0,3.0,31
256.983642578125,67.4490966796875,13.4898193359375,1000.0,0.0,0.6666666666666666,0.06666666666666667,10.0,1.0,3.0,31
283.4657287597656,75.4803237915039,15.09606475830078,1000.0,0.0,0.6666666666666666,0.13333333333333333,10.0,2.0,3.0,31
268.6815490722656,83.41729736328125,16.68345947265625,1000.0,0.0,0.6666666666666666,0.2,10.0,3.0,3.0,31
253.62579345703125,78.20447540283203,15.640895080566406,1000.0,0.0,0.6666666666666666,0.26666666666666666,10.0,4.0,3.0,31
300.863525390625,86.16336822509766,17.23267364501953,1000.0,0.0,0.6666666666666666,0.3333333333333333,10.0,5.0,3.0,31
267.4598388671875,96.56212615966797,19.312425231933595,1000.0,0.0,0.6666666666666666,0.4,10.0,6.0,3.0,31
316.5411376953125,134.34182739257812,26.868365478515624,1000.0,0.0,0.6666666666666666,0.4666666666666667,10.0,7.0,3.0,31
282.2825927734375,114.84700012207031,22.969400024414064,1000.0,0.0,0.6666666666666666,0.5333333333333333,10.0,8.0,3.0,31
352.9167175292969,110.36441802978516,22.07288360595703,1000.0,0.0,0.6666666666666666,0.6,10.0,9.0,3.0,31
352.66766357421875,96.44542694091797,19.289085388183594,1000.0,0.0,0.6666666666666666,0.6666666666666666,10.0,10.0,3.0,31
363.9521179199219,77.62791442871094,15.525582885742187,1000.0,0.0,0.6666666666666666,0.7333333333333333,10.0,11.0,3.0,31
387.07659912109375,91.3379135131836,18.26758270263672,1000.0,0.0,0.6666666666666666,0.8,10.0,12.0,3.0,31
382.2076416015625,89.80252838134766,17.96050567626953,1000.0,0.0,0.6666666666666666,0.8666666666666667,10.0,13.0,3.0,31
371.40447998046875,85.12303161621094,17.02460632324219,1000.0,0.0,0.6666666666666666,0.9333333333333333,10.0,14.0,3.0,31
364.42608642578125,84.112060546875,16.822412109375,1000.0,0.0,0.6666666666666666,1.0,10.0,15.0,3.0,31
216.35972595214844,42.492332458496094,8.498466491699219,1000.0,0.0,0.7333333333333333,-1.0,11.0,-15.0,3.0,31
264.7156982421875,56.00116729736328,11.200233459472656,1000.0,0.0,0.7333333333333333,-0.9333333333333333,11.0,-14.0,3.0,31
281.68035888671875,50.99488067626953,10.198976135253906,1000.0,0.0,0.7333333333333333,-0.8666666666666667,11.0,-13.0,3.0,31
293.80059814453125,47.30350875854492,9.460701751708985,1000.0,0.0,0.7333333333333333,-0.8,11.0,-12.0,3.0,31
295.2630615234375,51.734031677246094,10.34680633544922,1000.0,0.0,0.7333333333333333,-0.7333333333333333,11.0,-11.0,3.0,31
267.6734313964844,42.3588981628418,8.47177963256836,1000.0,0.0,0.7333333333333333,-0.6666666666666666,11.0,-10.0,3.0,31
257.83526611328125,54.264652252197266,10.852930450439453,1000.0,0.0,0.7333333333333333,-0.6,11.0,-9.0,3.0,31
255.53306579589844,59.953102111816406,11.990620422363282,1000.0,0.0,0.7333333333333333,-0.5333333333333333,11.0,-8.0,3.0,31
240.97613525390625,44.13905715942383,8.827811431884765,1000.0,0.0,0.7333333333333333,-0.4666666666666667,11.0,-7.0,3.0,31
217.49830627441406,47.17469024658203,9.434938049316406,1000.0,0.0,0.7333333333333333,-0.4,11.0,-6.0,3.0,31
211.25025939941406,26.732620239257812,5.346524047851562,1000.0,0.0,0.7333333333333333,-0.3333333333333333,11.0,-5.0,3.0,31
226.79664611816406,47.56532669067383,9.513065338134766,1000.0,0.0,0.7333333333333333,-0.26666666666666666,11.0,-4.0,3.0,31
211.0633544921875,31.321514129638672,6.264302825927734,1000.0,0.0,0.7333333333333333,-0.2,11.0,-3.0,3.0,31
200.7593994140625,18.15193748474121,3.6303874969482424,1000.0,0.0,0.7333333333333333,-0.13333333333333333,11.0,-2.0,3.0,31
232.21688842773438,50.820682525634766,10.164136505126953,1000.0,0.0,0.7333333333333333,-0.06666666666666667,11.0,-1.0,3.0,31
293.2159118652344,62.73939895629883,12.547879791259765,1000.0,0.0,0.7333333333333333,0.0,11.0,0.0,3.0,31
268.4946594238281,68.45720672607422,13.691441345214844,1000.0,0.0,0.7333333333333333,0.06666666666666667,11.0,1.0,3.0,31
254.19114685058594,67.24696350097656,13.449392700195313,1000.0,0.0,0.7333333333333333,0.13333333333333333,11.0,2.0,3.0,31
265.6490173339844,71.89282989501953,14.378565979003906,1000.0,0.0,0.7333333333333333,0.2,11.0,3.0,3.0,31
250.0292205810547,67.14945220947266,13.429890441894532,1000.0,0.0,0.7333333333333333,0.26666666666666666,11.0,4.0,3.0,31
249.93548583984375,71.7529067993164,14.35058135986328,1000.0,0.0,0.7333333333333333,0.3333333333333333,11.0,5.0,3.0,31
275.5696716308594,87.02776336669922,17.405552673339844,1000.0,0.0,0.7333333333333333,0.4,11.0,6.0,3.0,31
289.415283203125,117.17060852050781,23.434121704101564,1000.0,0.0,0.7333333333333333,0.4666666666666667,11.0,7.0,3.0,31
319.9798583984375,128.60540771484375,25.72108154296875,1000.0,0.0,0.7333333333333333,0.5333333333333333,11.0,8.0,3.0,31
367.0586242675781,125.84764099121094,25.169528198242187,1000.0,0.0,0.7333333333333333,0.6,11.0,9.0,3.0,31
349.6939392089844,109.78693389892578,21.957386779785157,1000.0,0.0,0.7333333333333333,0.6666666666666666,11.0,10.0,3.0,31
332.8441162109375,76.71015930175781,15.342031860351563,1000.0,0.0,0.7333333333333333,0.7333333333333333,11.0,11.0,3.0,31
352.1524963378906,93.58268737792969,18.716537475585938,1000.0,0.0,0.7333333333333333,0.8,11.0,12.0,3.0,31
358.5351257324219,77.06693267822266,15.41338653564453,1000.0,0.0,0.7333333333333333,0.8666666666666667,11.0,13.0,3.0,31
361.2071533203125,89.1437759399414,17.828755187988282,1000.0,0.0,0.7333333333333333,0.9333333333333333,11.0,14.0,3.0,31
339.95440673828125,87.71211242675781,17.542422485351562,1000.0,0.0,0.7333333333333333,1.0,11.0,15.0,3.0,31
271.9813232421875,49.1014404296875,9.8202880859375,1000.0,0.0,0.8,-1.0,12.0,-15.0,3.0,31
282.0650329589844,57.69681167602539,11.539362335205078,1000.0,0.0,0.8,-0.9333333333333333,12.0,-14.0,3.0,31
298.11358642578125,60.92784881591797,12.185569763183594,1000.0,0.0,0.8,-0.8666666666666667,12.0,-13.0,3.0,31
255.74693298339844,52.59764862060547,10.519529724121094,1000.0,0.0,0.8,-0.8,12.0,-12.0,3.0,31
268.59136962890625,67.74152374267578,13.548304748535156,1000.0,0.0,0.8,-0.7333333333333333,12.0,-11.0,3.0,31
254.73233032226562,59.275264739990234,11.855052947998047,1000.0,0.0,0.8,-0.6666666666666666,12.0,-10.0,3.0,31
253.08172607421875,47.58932876586914,9.517865753173828,1000.0,0.0,0.8,-0.6,12.0,-9.0,3.0,31
233.48402404785156,44.5735969543457,8.914719390869141,1000.0,0.0,0.8,-0.5333333333333333,12.0,-8.0,3.0,31
225.35162353515625,45.79979705810547,9.159959411621093,1000.0,0.0,0.8,-0.4666666666666667,12.0,-7.0,3.0,31
220.4576416015625,49.59542465209961,9.919084930419922,1000.0,0.0,0.8,-0.4,12.0,-6.0,3.0,31
232.9762725830078,42.62583541870117,8.525167083740234,1000.0,0.0,0.8,-0.3333333333333333,12.0,-5.0,3.0,31
222.404296875,34.183963775634766,6.836792755126953,1000.0,0.0,0.8,-0.26666666666666666,12.0,-4.0,3.0,31
219.5912628173828,35.0218505859375,7.0043701171875,1000.0,0.0,0.8,-0.2,12.0,-3.0,3.0,31
260.7291259765625,44.16542053222656,8.833084106445312,1000.0,0.0,0.8,-0.13333333333333333,12.0,-2.0,3.0,31
250.70574951171875,38.737709045410156,7.747541809082032,1000.0,0.0,0.8,-0.06666666666666667,12.0,-1.0,3.0,31
271.34368896484375,47.05818557739258,9.411637115478516,1000.0,0.0,0.8,0.0,12.0,0.0,3.0,31
293.01458740234375,65.20329284667969,13.040658569335937,1000.0,0.0,0.8,0.06666666666666667,12.0,1.0,3.0,31
274.2608642578125,58.901344299316406,11.78026885986328,1000.0,0.0,0.8,0.13333333333333333,12.0,2.0,3.0,31
276.1424865722656,56.885440826416016,11.377088165283203,1000.0,0.0,0.8,0.2,12.0,3.0,3.0,31
245.9717254638672,61.06772232055664,12.213544464111328,1000.0,0.0,0.8,0.26666666666666666,12.0,4.0,3.0,31
227.20828247070312,52.251991271972656,10.450398254394532,1000.0,0.0,0.8,0.3333333333333333,12.0,5.0,3.0,31
269.973388671875,79.67034912109375,15.93406982421875,1000.0,0.0,0.8,0.4,12.0,6.0,3.0,31
275.1922912597656,100.5478515625,20.1095703125,1000.0,0.0,0.8,0.4666666666666667,12.0,7.0,3.0,31
296.64910888671875,126.8143310546875,25.3628662109375,1000.0,0.0,0.8,0.5333333333333333,12.0,8.0,3.0,31
327.5924072265625,137.3539581298828,27.470791625976563,1000.0,0.0,0.8,0.6,12.0,9.0,3.0,31
347.6866760253906,104.28527069091797,20.857054138183592,1000.0,0.0,0.8,0.6666666666666666,12.0,10.0,3.0,31
346.516845703125,110.04252624511719,22.008505249023436,1000.0,0.0,0.8,0.7333333333333333,12.0,11.0,3.0,31
361.6163330078125,91.94036102294922,18.388072204589843,1000.0,0.0,0.8,0.8,12.0,12.0,3.0,31
376.021240234375,92.24873352050781,18.449746704101564,1000.0,0.0,0.8,0.8666666666666667,12.0,13.0,3.0,31
368.0903015136719,86.92826843261719,17.385653686523437,1000.0,0.0,0.8,0.9333333333333333,12.0,14.0,3.0,31
364.1045227050781,84.3421630859375,16.8684326171875,1000.0,0.0,0.8,1.0,12.0,15.0,3.0,31
273.373291015625,53.20127868652344,10.640255737304688,1000.0,0.0,0.8666666666666667,-1.0,13.0,-15.0,3.0,31
281.1751403808594,62.695770263671875,12.539154052734375,1000.0,0.0,0.8666666666666667,-0.9333333333333333,13.0,-14.0,3.0,31
266.89111328125,72.13866424560547,14.427732849121094,1000.0,0.0,0.8666666666666667,-0.8666666666666667,13.0,-13.0,3.0,31
254.87974548339844,46.51513671875,9.30302734375,1000.0,0.0,0.8666666666666667,-0.8,13.0,-12.0,3.0,31
266.408935546875,65.40312194824219,13.080624389648438,1000.0,0.0,0.8666666666666667,-0.7333333333333333,13.0,-11.0,3.0,31
246.4932861328125,54.09244155883789,10.818488311767577,1000.0,0.0,0.8666666666666667,-0.6666666666666666,13.0,-10.0,3.0,31
238.84930419921875,50.16704559326172,10.033409118652344,1000.0,0.0,0.8666666666666667,-0.6,13.0,-9.0,3.0,31
227.08868408203125,30.373424530029297,6.074684906005859,1000.0,0.0,0.8666666666666667,-0.5333333333333333,13.0,-8.0,3.0,31
209.27899169921875,28.795162200927734,5.759032440185547,1000.0,0.0,0.8666666666666667,-0.4666666666666667,13.0,-7.0,3.0,31
230.91571044921875,40.77347183227539,8.154694366455079,1000.0,0.0,0.8666666666666667,-0.4,13.0,-6.0,3.0,31
226.1076202392578,42.576805114746094,8.515361022949218,1000.0,0.0,0.8666666666666667,-0.3333333333333333,13.0,-5.0,3.0,31
221.7923583984375,39.540061950683594,7.908012390136719,1000.0,0.0,0.8666666666666667,-0.26666666666666666,13.0,-4.0,3.0,31
232.05691528320312,35.66254425048828,7.132508850097656,1000.0,0.0,0.8666666666666667,-0.2,13.0,-3.0,3.0,31
245.0520477294922,30.928813934326172,6.185762786865235,1000.0,0.0,0.8666666666666667,-0.13333333333333333,13.0,-2.0,3.0,31
264.47308349609375,26.224220275878906,5.244844055175781,1000.0,0.0,0.8666666666666667,-0.06666666666666667,13.0,-1.0,3.0,31
281.13116455078125,44.11351776123047,8.822703552246093,1000.0,0.0,0.8666666666666667,0.0,13.0,0.0,3.0,31
250.8306427001953,46.573814392089844,9.31476287841797,1000.0,0.0,0.8666666666666667,0.06666666666666667,13.0,1.0,3.0,31
256.5233459472656,41.0702018737793,8.214040374755859,1000.0,0.0,0.8666666666666667,0.13333333333333333,13.0,2.0,3.0,31
252.10601806640625,47.966373443603516,9.593274688720703,1000.0,0.0,0.8666666666666667,0.2,13.0,3.0,3.0,31
245.11402893066406,44.748687744140625,8.949737548828125,1000.0,0.0,0.8666666666666667,0.26666666666666666,13.0,4.0,3.0,31
256.3841857910156,54.75925827026367,10.951851654052735,1000.0,0.0,0.8666666666666667,0.3333333333333333,13.0,5.0,3.0,31
249.43331909179688,65.03844451904297,13.007688903808594,1000.0,0.0,0.8666666666666667,0.4,13.0,6.0,3.0,31
259.6761779785156,77.89606475830078,15.579212951660157,1000.0,0.0,0.8666666666666667,0.4666666666666667,13.0,7.0,3.0,31
283.139404296875,94.15813446044922,18.831626892089844,1000.0,0.0,0.8666666666666667,0.5333333333333333,13.0,8.0,3.0,31
304.1817626953125,124.16305541992188,24.832611083984375,1000.0,0.0,0.8666666666666667,0.6,13.0,9.0,3.0,31
351.56170654296875,126.81571960449219,25.363143920898438,1000.0,0.0,0.8666666666666667,0.6666666666666666,13.0,10.0,3.0,31
378.4571533203125,114.53407287597656,22.906814575195312,1000.0,0.0,0.8666666666666667,0.7333333333333333,13.0,11.0,3.0,31
333.4388732910156,77.86471557617188,15.572943115234375,1000.0,0.0,0.8666666666666667,0.8,13.0,12.0,3.0,31
346.5837097167969,81.00542449951172,16.201084899902344,1000.0,0.0,0.8666666666666667,0.8666666666666667,13.0,13.0,3.0,31
353.7682800292969,83.01241302490234,16.60248260498047,1000.0,0.0,0.8666666666666667,0.9333333333333333,13.0,14.0,3.0,31
395.6788024902344,87.12437438964844,17.42487487792969,1000.0,0.0,0.8666666666666667,1.0,13.0,15.0,3.0,31
280.0661926269531,56.46111297607422,11.292222595214843,1000.0,0.0,0.9333333333333333,-1.0,14.0,-15.0,3.0,31
273.3033447265625,68.49703216552734,13.69940643310547,1000.0,0.0,0.9333333333333333,-0.9333333333333333,14.0,-14.0,3.0,31
274.6416931152344,51.7267951965332,10.34535903930664,1000.0,0.0,0.9333333333333333,-0.8666666666666667,14.0,-13.0,3.0,31
275.4716491699219,72.90081024169922,14.580162048339844,1000.0,0.0,0.9333333333333333,-0.8,14.0,-12.0,3.0,31
274.8791809082031,68.1319808959961,13.626396179199219,1000.0,0.0,0.9333333333333333,-0.7333333333333333,14.0,-11.0,3.0,31
259.0035095214844,50.45646286010742,10.091292572021484,1000.0,0.0,0.9333333333333333,-0.6666666666666666,14.0,-10.0,3.0,31
251.79156494140625,55.86600875854492,11.173201751708984,1000.0,0.0,0.9333333333333333,-0.6,14.0,-9.0,3.0,31
244.16429138183594,60.05475997924805,12.01095199584961,1000.0,0.0,0.9333333333333333,-0.5333333333333333,14.0,-8.0,3.0,31
229.7359619140625,48.687564849853516,9.737512969970703,1000.0,0.0,0.9333333333333333,-0.4666666666666667,14.0,-7.0,3.0,31
232.9184112548828,56.09397888183594,11.218795776367188,1000.0,0.0,0.9333333333333333,-0.4,14.0,-6.0,3.0,31
220.02499389648438,34.25666427612305,6.8513328552246096,1000.0,0.0,0.9333333333333333,-0.3333333333333333,14.0,-5.0,3.0,31
236.2645263671875,41.75590133666992,8.351180267333984,1000.0,0.0,0.9333333333333333,-0.26666666666666666,14.0,-4.0,3.0,31
234.18496704101562,43.731689453125,8.746337890625,1000.0,0.0,0.9333333333333333,-0.2,14.0,-3.0,3.0,31
232.7263641357422,39.84539031982422,7.969078063964844,1000.0,0.0,0.9333333333333333,-0.13333333333333333,14.0,-2.0,3.0,31
251.8625946044922,25.23248863220215,5.04649772644043,1000.0,0.0,0.9333333333333333,-0.06666666666666667,14.0,-1.0,3.0,31
262.2641906738281,50.06147766113281,10.012295532226563,1000.0,0.0,0.9333333333333333,0.0,14.0,0.0,3.0,31
268.5527038574219,47.01910400390625,9.40382080078125,1000.0,0.0,0.9333333333333333,0.06666666666666667,14.0,1.0,3.0,31
245.79344177246094,39.92231369018555,7.984462738037109,1000.0,0.0,0.9333333333333333,0.13333333333333333,14.0,2.0,3.0,31
275.37139892578125,38.343605041503906,7.668721008300781,1000.0,0.0,0.9333333333333333,0.2,14.0,3.0,3.0,31
247.3292999267578,51.26987838745117,10.253975677490235,1000.0,0.0,0.9333333333333333,0.26666666666666666,14.0,4.0,3.0,31
220.96307373046875,44.013484954833984,8.802696990966798,1000.0,0.0,0.9333333333333333,0.3333333333333333,14.0,5.0,3.0,31
223.1963348388672,48.58885955810547,9.717771911621094,1000.0,0.0,0.9333333333333333,0.4,14.0,6.0,3.0,31
252.13336181640625,69.66694641113281,13.933389282226562,1000.0,0.0,0.9333333333333333,0.4666666666666667,14.0,7.0,3.0,31
259.716552734375,84.44657897949219,16.889315795898437,1000.0,0.0,0.9333333333333333,0.5333333333333333,14.0,8.0,3.0,31
300.2193908691406,100.5107421875,20.1021484375,1000.0,0.0,0.9333333333333333,0.6,14.0,9.0,3.0,31
280.11187744140625,104.88102722167969,20.97620544433594,1000.0,0.0,0.9333333333333333,0.6666666666666666,14.0,10.0,3.0,31
319.8467102050781,122.67047882080078,24.534095764160156,1000.0,0.0,0.9333333333333333,0.7333333333333333,14.0,11.0,3.0,31
354.6006774902344,120.85560607910156,24.171121215820314,1000.0,0.0,0.9333333333333333,0.8,14.0,12.0,3.0,31
362.9930114746094,89.78655242919922,17.957310485839844,1000.0,0.0,0.9333333333333333,0.8666666666666667,14.0,13.0,3.0,31
340.28167724609375,103.62599182128906,20.725198364257814,1000.0,0.0,0.9333333333333333,0.9333333333333333,14.0,14.0,3.0,31
371.9278869628906,54.647987365722656,10.929597473144531,1000.0,0.0,0.9333333333333333,1.0,14.0,15.0,3.0,31
276.5191955566406,61.38441848754883,12.276883697509765,1000.0,0.0,1.0,-1.0,15.0,-15.0,3.0,31
291.25848388671875,68.52814483642578,13.705628967285156,1000.0,0.0,1.0,-0.9333333333333333,15.0,-14.0,3.0,31
271.5,64.55172729492188,12.910345458984375,1000.0,0.0,1.0,-0.8666666666666667,15.0,-13.0,3.0,31
273.9656982421875,72.67598724365234,14.535197448730468,1000.0,0.0,1.0,-0.8,15.0,-12.0,3.0,31
272.7229309082031,69.08029174804688,13.816058349609374,1000.0,0.0,1.0,-0.7333333333333333,15.0,-11.0,3.0,31
271.24627685546875,58.512596130371094,11.70251922607422,1000.0,0.0,1.0,-0.6666666666666666,15.0,-10.0,3.0,31
259.8150634765625,55.289581298828125,11.057916259765625,1000.0,0.0,1.0,-0.6,15.0,-9.0,3.0,31
242.4867706298828,43.68962478637695,8.737924957275391,1000.0,0.0,1.0,-0.5333333333333333,15.0,-8.0,3.0,31
223.91326904296875,32.85163879394531,6.5703277587890625,1000.0,0.0,1.0,-0.4666666666666667,15.0,-7.0,3.0,31
225.65736389160156,45.23250198364258,9.046500396728515,1000.0,0.0,1.0,-0.4,15.0,-6.0,3.0,31
237.06634521484375,38.31288528442383,7.662577056884766,1000.0,0.0,1.0,-0.3333333333333333,15.0,-5.0,3.0,31
234.00758361816406,49.60306930541992,9.920613861083984,1000.0,0.0,1.0,-0.26666666666666666,15.0,-4.0,3.0,31
226.83392333984375,35.96748352050781,7.1934967041015625,1000.0,0.0,1.0,-0.2,15.0,-3.0,3.0,31
208.89439392089844,25.67612075805664,5.135224151611328,1000.0,0.0,1.0,-0.13333333333333333,15.0,-2.0,3.0,31
227.9002685546875,32.040565490722656,6.408113098144531,1000.0,0.0,1.0,-0.06666666666666667,15.0,-1.0,3.0,31
246.08692932128906,39.62812805175781,7.925625610351562,1000.0,0.0,1.0,0.0,15.0,0.0,3.0,31
241.23069763183594,56.42012405395508,11.284024810791015,1000.0,0.0,1.0,0.06666666666666667,15.0,1.0,3.0,31
263.6371154785156,39.492340087890625,7.898468017578125,1000.0,0.0,1.0,0.13333333333333333,15.0,2.0,3.0,31
266.2784118652344,27.905275344848633,5.581055068969727,1000.0,0.0,1.0,0.2,15.0,3.0,3.0,31
253.3070068359375,26.531953811645508,5.306390762329102,1000.0,0.0,1.0,0.26666666666666666,15.0,4.0,3.0,31
234.97523498535156,55.52628707885742,11.105257415771485,1000.0,0.0,1.0,0.3333333333333333,15.0,5.0,3.0,31
220.5790252685547,54.966670989990234,10.993334197998047,1000.0,0.0,1.0,0.4,15.0,6.0,3.0,31
231.2925262451172,58.995540618896484,11.799108123779297,1000.0,0.0,1.0,0.4666666666666667,15.0,7.0,3.0,31
240.5062713623047,68.32444763183594,13.664889526367187,1000.0,0.0,1.0,0.5333333333333333,15.0,8.0,3.0,31
263.30926513671875,77.02820587158203,15.405641174316406,1000.0,0.0,1.0,0.6,15.0,9.0,3.0,31
280.9525146484375,111.86058044433594,22.372116088867188,1000.0,0.0,1.0,0.6666666666666666,15.0,10.0,3.0,31
303.6767578125,105.23684692382812,21.047369384765624,1000.0,0.0,1.0,0.7333333333333333,15.0,11.0,3.0,31
319.7414245605469,120.89928436279297,24.179856872558595,1000.0,0.0,1.0,0.8,15.0,12.0,3.0,31
347.6885986328125,83.83628845214844,16.767257690429688,1000.0,0.0,1.0,0.8666666666666667,15.0,13.0,3.0,31
384.1074523925781,88.21051025390625,17.64210205078125,1000.0,0.0,1.0,0.9333333333333333,15.0,14.0,3.0,31
348.344482421875,86.35540771484375,17.27108154296875,1000.0,0.0,1.0,1.0,15.0,15.0,3.0,31
