episode_rewards,episode_std_rewards,episode_stderr_rewards,episode_avg_len,episode_std_avg_len,dim0,dim1,offset1,offset2,magnitude,grid_size
216.16098022460938,26.151121139526367,5.230224227905273,1000.0,0.0,-1.0,-1.0,-15.0,-15.0,3.0,31
213.92628479003906,19.911945343017578,3.9823890686035157,1000.0,0.0,-1.0,-0.9333333333333333,-15.0,-14.0,3.0,31
200.21029663085938,24.87307357788086,4.9746147155761715,1000.0,0.0,-1.0,-0.8666666666666667,-15.0,-13.0,3.0,31
196.55630493164062,14.986050605773926,2.9972101211547852,1000.0,0.0,-1.0,-0.8,-15.0,-12.0,3.0,31
198.28359985351562,24.359350204467773,4.871870040893555,1000.0,0.0,-1.0,-0.7333333333333333,-15.0,-11.0,3.0,31
194.85768127441406,19.336206436157227,3.8672412872314452,1000.0,0.0,-1.0,-0.6666666666666666,-15.0,-10.0,3.0,31
194.3332977294922,22.409053802490234,4.481810760498047,1000.0,0.0,-1.0,-0.6,-15.0,-9.0,3.0,31
197.0449981689453,31.81062126159668,6.362124252319336,1000.0,0.0,-1.0,-0.5333333333333333,-15.0,-8.0,3.0,31
188.32443237304688,24.1447696685791,4.8289539337158205,1000.0,0.0,-1.0,-0.4666666666666667,-15.0,-7.0,3.0,31
186.53091430664062,15.052164077758789,3.010432815551758,1000.0,0.0,-1.0,-0.4,-15.0,-6.0,3.0,31
194.18368530273438,15.316152572631836,3.063230514526367,1000.0,0.0,-1.0,-0.3333333333333333,-15.0,-5.0,3.0,31
204.62228393554688,20.48945426940918,4.097890853881836,1000.0,0.0,-1.0,-0.26666666666666666,-15.0,-4.0,3.0,31
195.7375030517578,23.818655014038086,4.763731002807617,1000.0,0.0,-1.0,-0.2,-15.0,-3.0,3.0,31
234.97772216796875,59.98177719116211,11.996355438232422,1000.0,0.0,-1.0,-0.13333333333333333,-15.0,-2.0,3.0,31
249.74697875976562,100.30635070800781,20.06127014160156,1000.0,0.0,-1.0,-0.06666666666666667,-15.0,-1.0,3.0,31
258.12249755859375,96.4793701171875,19.2958740234375,1000.0,0.0,-1.0,0.0,-15.0,0.0,3.0,31
238.49545288085938,73.71829986572266,14.743659973144531,1000.0,0.0,-1.0,0.06666666666666667,-15.0,1.0,3.0,31
260.7246398925781,69.65849304199219,13.931698608398438,1000.0,0.0,-1.0,0.13333333333333333,-15.0,2.0,3.0,31
252.34800720214844,58.254661560058594,11.650932312011719,1000.0,0.0,-1.0,0.2,-15.0,3.0,3.0,31
231.5947265625,60.062721252441406,12.012544250488281,1000.0,0.0,-1.0,0.26666666666666666,-15.0,4.0,3.0,31
247.73814392089844,58.12721633911133,11.625443267822266,1000.0,0.0,-1.0,0.3333333333333333,-15.0,5.0,3.0,31
254.26556396484375,40.304176330566406,8.060835266113282,1000.0,0.0,-1.0,0.4,-15.0,6.0,3.0,31
279.2951965332031,83.29830169677734,16.65966033935547,1000.0,0.0,-1.0,0.4666666666666667,-15.0,7.0,3.0,31
318.62469482421875,97.6284408569336,19.52568817138672,1000.0,0.0,-1.0,0.5333333333333333,-15.0,8.0,3.0,31
341.46221923828125,100.23976135253906,20.047952270507814,1000.0,0.0,-1.0,0.6,-15.0,9.0,3.0,31
333.17620849609375,131.76504516601562,26.353009033203126,1000.0,0.0,-1.0,0.6666666666666666,-15.0,10.0,3.0,31
308.3808898925781,107.39273071289062,21.478546142578125,1000.0,0.0,-1.0,0.7333333333333333,-15.0,11.0,3.0,31
273.3145751953125,81.50648498535156,16.301296997070313,1000.0,0.0,-1.0,0.8,-15.0,12.0,3.0,31
216.8232879638672,38.851806640625,7.770361328125,1000.0,0.0,-1.0,0.8666666666666667,-15.0,13.0,3.0,31
233.23074340820312,83.77152252197266,16.754304504394533,1000.0,0.0,-1.0,0.9333333333333333,-15.0,14.0,3.0,31
210.96316528320312,39.6126823425293,7.922536468505859,1000.0,0.0,-1.0,1.0,-15.0,15.0,3.0,31
208.83261108398438,18.751314163208008,3.7502628326416017,1000.0,0.0,-0.9333333333333333,-1.0,-14.0,-15.0,3.0,31
209.1289825439453,17.0435733795166,3.4087146759033202,1000.0,0.0,-0.9333333333333333,-0.9333333333333333,-14.0,-14.0,3.0,31
207.9354705810547,24.651500701904297,4.93030014038086,1000.0,0.0,-0.9333333333333333,-0.8666666666666667,-14.0,-13.0,3.0,31
199.26673889160156,16.16143226623535,3.2322864532470703,1000.0,0.0,-0.9333333333333333,-0.8,-14.0,-12.0,3.0,31
201.16441345214844,24.39398765563965,4.87879753112793,1000.0,0.0,-0.9333333333333333,-0.7333333333333333,-14.0,-11.0,3.0,31
193.546875,21.461811065673828,4.292362213134766,1000.0,0.0,-0.9333333333333333,-0.6666666666666666,-14.0,-10.0,3.0,31
200.25396728515625,40.41432189941406,8.082864379882812,1000.0,0.0,-0.9333333333333333,-0.6,-14.0,-9.0,3.0,31
190.1042938232422,23.6280517578125,4.7256103515625,1000.0,0.0,-0.9333333333333333,-0.5333333333333333,-14.0,-8.0,3.0,31
193.4215850830078,39.29155349731445,7.858310699462891,1000.0,0.0,-0.9333333333333333,-0.4666666666666667,-14.0,-7.0,3.0,31
189.25685119628906,19.98886489868164,3.997772979736328,1000.0,0.0,-0.9333333333333333,-0.4,-14.0,-6.0,3.0,31
184.91477966308594,18.321001052856445,3.664200210571289,1000.0,0.0,-0.9333333333333333,-0.3333333333333333,-14.0,-5.0,3.0,31
200.73114013671875,15.889200210571289,3.1778400421142576,1000.0,0.0,-0.9333333333333333,-0.26666666666666666,-14.0,-4.0,3.0,31
199.05062866210938,17.888349533081055,3.5776699066162108,1000.0,0.0,-0.9333333333333333,-0.2,-14.0,-3.0,3.0,31
219.73428344726562,65.6506118774414,13.13012237548828,1000.0,0.0,-0.9333333333333333,-0.13333333333333333,-14.0,-2.0,3.0,31
216.62477111816406,80.20379638671875,16.04075927734375,1000.0,0.0,-0.9333333333333333,-0.06666666666666667,-14.0,-1.0,3.0,31
242.03831481933594,89.00079345703125,17.80015869140625,1000.0,0.0,-0.9333333333333333,0.0,-14.0,0.0,3.0,31
229.64202880859375,68.23998260498047,13.647996520996093,1000.0,0.0,-0.9333333333333333,0.06666666666666667,-14.0,1.0,3.0,31
262.2177734375,74.50695037841797,14.901390075683594,1000.0,0.0,-0.9333333333333333,0.13333333333333333,-14.0,2.0,3.0,31
261.09393310546875,76.8174057006836,15.363481140136718,1000.0,0.0,-0.9333333333333333,0.2,-14.0,3.0,3.0,31
238.83584594726562,69.1163101196289,13.823262023925782,1000.0,0.0,-0.9333333333333333,0.26666666666666666,-14.0,4.0,3.0,31
272.2928771972656,57.891170501708984,11.578234100341797,1000.0,0.0,-0.9333333333333333,0.3333333333333333,-14.0,5.0,3.0,31
263.0726318359375,59.01552963256836,11.803105926513672,1000.0,0.0,-0.9333333333333333,0.4,-14.0,6.0,3.0,31
282.861083984375,81.2965087890625,16.2593017578125,1000.0,0.0,-0.9333333333333333,0.4666666666666667,-14.0,7.0,3.0,31
328.1964416503906,103.47663116455078,20.695326232910155,1000.0,0.0,-0.9333333333333333,0.5333333333333333,-14.0,8.0,3.0,31
403.0924987792969,100.43594360351562,20.087188720703125,1000.0,0.0,-0.9333333333333333,0.6,-14.0,9.0,3.0,31
332.1003112792969,122.18441772460938,24.436883544921876,1000.0,0.0,-0.9333333333333333,0.6666666666666666,-14.0,10.0,3.0,31
363.805419921875,132.40696716308594,26.48139343261719,1000.0,0.0,-0.9333333333333333,0.7333333333333333,-14.0,11.0,3.0,31
208.57347106933594,34.975399017333984,6.995079803466797,1000.0,0.0,-0.9333333333333333,0.8,-14.0,12.0,3.0,31
225.4284210205078,74.89738464355469,14.979476928710938,1000.0,0.0,-0.9333333333333333,0.8666666666666667,-14.0,13.0,3.0,31
227.7075958251953,73.66898345947266,14.733796691894531,1000.0,0.0,-0.9333333333333333,0.9333333333333333,-14.0,14.0,3.0,31
198.20457458496094,27.862632751464844,5.572526550292968,1000.0,0.0,-0.9333333333333333,1.0,-14.0,15.0,3.0,31
211.13575744628906,15.093402862548828,3.0186805725097656,1000.0,0.0,-0.8666666666666667,-1.0,-13.0,-15.0,3.0,31
213.7215576171875,19.4791316986084,3.8958263397216797,1000.0,0.0,-0.8666666666666667,-0.9333333333333333,-13.0,-14.0,3.0,31
212.65945434570312,15.143975257873535,3.028795051574707,1000.0,0.0,-0.8666666666666667,-0.8666666666666667,-13.0,-13.0,3.0,31
205.8428497314453,16.338735580444336,3.2677471160888674,1000.0,0.0,-0.8666666666666667,-0.8,-13.0,-12.0,3.0,31
199.46353149414062,17.902175903320312,3.5804351806640624,1000.0,0.0,-0.8666666666666667,-0.7333333333333333,-13.0,-11.0,3.0,31
200.72669982910156,22.187227249145508,4.437445449829101,1000.0,0.0,-0.8666666666666667,-0.6666666666666666,-13.0,-10.0,3.0,31
196.07205200195312,41.64323043823242,8.328646087646485,1000.0,0.0,-0.8666666666666667,-0.6,-13.0,-9.0,3.0,31
203.39942932128906,50.99696350097656,10.199392700195313,1000.0,0.0,-0.8666666666666667,-0.5333333333333333,-13.0,-8.0,3.0,31
187.7511749267578,29.99879264831543,5.999758529663086,1000.0,0.0,-0.8666666666666667,-0.4666666666666667,-13.0,-7.0,3.0,31
190.5009002685547,24.23849868774414,4.847699737548828,1000.0,0.0,-0.8666666666666667,-0.4,-13.0,-6.0,3.0,31
197.91880798339844,26.790842056274414,5.358168411254883,1000.0,0.0,-0.8666666666666667,-0.3333333333333333,-13.0,-5.0,3.0,31
190.57986450195312,19.450420379638672,3.890084075927734,1000.0,0.0,-0.8666666666666667,-0.26666666666666666,-13.0,-4.0,3.0,31
204.92984008789062,25.14366340637207,5.028732681274414,1000.0,0.0,-0.8666666666666667,-0.2,-13.0,-3.0,3.0,31
204.4883575439453,33.708431243896484,6.741686248779297,1000.0,0.0,-0.8666666666666667,-0.13333333333333333,-13.0,-2.0,3.0,31
233.7049560546875,94.93487548828125,18.98697509765625,1000.0,0.0,-0.8666666666666667,-0.06666666666666667,-13.0,-1.0,3.0,31
258.1787414550781,84.25312042236328,16.850624084472656,1000.0,0.0,-0.8666666666666667,0.0,-13.0,0.0,3.0,31
259.415771484375,80.44066619873047,16.088133239746092,1000.0,0.0,-0.8666666666666667,0.06666666666666667,-13.0,1.0,3.0,31
254.77134704589844,70.7468032836914,14.149360656738281,1000.0,0.0,-0.8666666666666667,0.13333333333333333,-13.0,2.0,3.0,31
255.94728088378906,93.3119888305664,18.66239776611328,1000.0,0.0,-0.8666666666666667,0.2,-13.0,3.0,3.0,31
251.39187622070312,52.38144302368164,10.476288604736329,1000.0,0.0,-0.8666666666666667,0.26666666666666666,-13.0,4.0,3.0,31
250.5300750732422,50.694427490234375,10.138885498046875,1000.0,0.0,-0.8666666666666667,0.3333333333333333,-13.0,5.0,3.0,31
274.8090515136719,80.6504135131836,16.13008270263672,1000.0,0.0,-0.8666666666666667,0.4,-13.0,6.0,3.0,31
281.0765380859375,84.15370178222656,16.83074035644531,1000.0,0.0,-0.8666666666666667,0.4666666666666667,-13.0,7.0,3.0,31
323.7597961425781,92.5702896118164,18.514057922363282,1000.0,0.0,-0.8666666666666667,0.5333333333333333,-13.0,8.0,3.0,31
382.6595458984375,119.27102661132812,23.854205322265624,1000.0,0.0,-0.8666666666666667,0.6,-13.0,9.0,3.0,31
367.90972900390625,131.72789001464844,26.345578002929688,1000.0,0.0,-0.8666666666666667,0.6666666666666666,-13.0,10.0,3.0,31
289.6968994140625,101.61695861816406,20.323391723632813,1000.0,0.0,-0.8666666666666667,0.7333333333333333,-13.0,11.0,3.0,31
238.69895935058594,84.85201263427734,16.97040252685547,1000.0,0.0,-0.8666666666666667,0.8,-13.0,12.0,3.0,31
236.64015197753906,91.06990814208984,18.21398162841797,1000.0,0.0,-0.8666666666666667,0.8666666666666667,-13.0,13.0,3.0,31
189.3255615234375,14.298239707946777,2.8596479415893556,1000.0,0.0,-0.8666666666666667,0.9333333333333333,-13.0,14.0,3.0,31
217.5983428955078,49.482872009277344,9.896574401855469,1000.0,0.0,-0.8666666666666667,1.0,-13.0,15.0,3.0,31
217.05177307128906,31.108531951904297,6.221706390380859,1000.0,0.0,-0.8,-1.0,-12.0,-15.0,3.0,31
218.9582061767578,15.820816040039062,3.1641632080078126,1000.0,0.0,-0.8,-0.9333333333333333,-12.0,-14.0,3.0,31
210.17649841308594,15.24667739868164,3.049335479736328,1000.0,0.0,-0.8,-0.8666666666666667,-12.0,-13.0,3.0,31
214.35621643066406,26.377429962158203,5.275485992431641,1000.0,0.0,-0.8,-0.8,-12.0,-12.0,3.0,31
199.6757354736328,17.817089080810547,3.5634178161621093,1000.0,0.0,-0.8,-0.7333333333333333,-12.0,-11.0,3.0,31
205.80189514160156,19.80777931213379,3.9615558624267577,1000.0,0.0,-0.8,-0.6666666666666666,-12.0,-10.0,3.0,31
208.35784912109375,43.76620864868164,8.753241729736327,1000.0,0.0,-0.8,-0.6,-12.0,-9.0,3.0,31
194.20773315429688,23.94379234313965,4.78875846862793,1000.0,0.0,-0.8,-0.5333333333333333,-12.0,-8.0,3.0,31
198.49090576171875,35.6375617980957,7.127512359619141,1000.0,0.0,-0.8,-0.4666666666666667,-12.0,-7.0,3.0,31
203.08123779296875,42.70124435424805,8.54024887084961,1000.0,0.0,-0.8,-0.4,-12.0,-6.0,3.0,31
193.97003173828125,16.717018127441406,3.343403625488281,1000.0,0.0,-0.8,-0.3333333333333333,-12.0,-5.0,3.0,31
207.40728759765625,32.20496368408203,6.440992736816407,1000.0,0.0,-0.8,-0.26666666666666666,-12.0,-4.0,3.0,31
215.2066650390625,58.98577880859375,11.79715576171875,1000.0,0.0,-0.8,-0.2,-12.0,-3.0,3.0,31
231.00738525390625,88.99567413330078,17.799134826660158,1000.0,0.0,-0.8,-0.13333333333333333,-12.0,-2.0,3.0,31
218.46388244628906,76.5333480834961,15.306669616699219,1000.0,0.0,-0.8,-0.06666666666666667,-12.0,-1.0,3.0,31
237.09481811523438,69.6132583618164,13.922651672363282,1000.0,0.0,-0.8,0.0,-12.0,0.0,3.0,31
220.31507873535156,64.52103424072266,12.904206848144531,1000.0,0.0,-0.8,0.06666666666666667,-12.0,1.0,3.0,31
251.91326904296875,90.05362701416016,18.01072540283203,1000.0,0.0,-0.8,0.13333333333333333,-12.0,2.0,3.0,31
260.0775451660156,73.69448852539062,14.738897705078125,1000.0,0.0,-0.8,0.2,-12.0,3.0,3.0,31
251.7334747314453,80.7255630493164,16.145112609863283,1000.0,0.0,-0.8,0.26666666666666666,-12.0,4.0,3.0,31
225.82594299316406,38.5,7.7,1000.0,0.0,-0.8,0.3333333333333333,-12.0,5.0,3.0,31
238.73892211914062,83.61849975585938,16.723699951171874,1000.0,0.0,-0.8,0.4,-12.0,6.0,3.0,31
294.31103515625,92.79888153076172,18.559776306152344,1000.0,0.0,-0.8,0.4666666666666667,-12.0,7.0,3.0,31
329.5857849121094,127.02887725830078,25.405775451660155,1000.0,0.0,-0.8,0.5333333333333333,-12.0,8.0,3.0,31
372.60272216796875,135.5789337158203,27.115786743164062,1000.0,0.0,-0.8,0.6,-12.0,9.0,3.0,31
345.41864013671875,120.47404479980469,24.094808959960936,1000.0,0.0,-0.8,0.6666666666666666,-12.0,10.0,3.0,31
251.5023193359375,83.77883911132812,16.755767822265625,1000.0,0.0,-0.8,0.7333333333333333,-12.0,11.0,3.0,31
218.2543487548828,53.01640701293945,10.603281402587891,1000.0,0.0,-0.8,0.8,-12.0,12.0,3.0,31
193.05361938476562,17.926191329956055,3.5852382659912108,1000.0,0.0,-0.8,0.8666666666666667,-12.0,13.0,3.0,31
227.49813842773438,54.580345153808594,10.916069030761719,1000.0,0.0,-0.8,0.9333333333333333,-12.0,14.0,3.0,31
200.8941192626953,39.379703521728516,7.8759407043457035,1000.0,0.0,-0.8,1.0,-12.0,15.0,3.0,31
222.71142578125,25.546104431152344,5.109220886230469,1000.0,0.0,-0.7333333333333333,-1.0,-11.0,-15.0,3.0,31
212.27806091308594,15.648674964904785,3.129734992980957,1000.0,0.0,-0.7333333333333333,-0.9333333333333333,-11.0,-14.0,3.0,31
215.15048217773438,25.132333755493164,5.026466751098633,1000.0,0.0,-0.7333333333333333,-0.8666666666666667,-11.0,-13.0,3.0,31
212.3621063232422,14.970670700073242,2.9941341400146486,1000.0,0.0,-0.7333333333333333,-0.8,-11.0,-12.0,3.0,31
212.76541137695312,29.652585983276367,5.930517196655273,1000.0,0.0,-0.7333333333333333,-0.7333333333333333,-11.0,-11.0,3.0,31
200.35589599609375,15.248838424682617,3.0497676849365236,1000.0,0.0,-0.7333333333333333,-0.6666666666666666,-11.0,-10.0,3.0,31
210.12730407714844,47.5471076965332,9.50942153930664,1000.0,0.0,-0.7333333333333333,-0.6,-11.0,-9.0,3.0,31
212.06411743164062,52.8306770324707,10.56613540649414,1000.0,0.0,-0.7333333333333333,-0.5333333333333333,-11.0,-8.0,3.0,31
190.70538330078125,15.892881393432617,3.1785762786865233,1000.0,0.0,-0.7333333333333333,-0.4666666666666667,-11.0,-7.0,3.0,31
194.0279083251953,12.86413288116455,2.5728265762329103,1000.0,0.0,-0.7333333333333333,-0.4,-11.0,-6.0,3.0,31
207.58294677734375,21.537879943847656,4.307575988769531,1000.0,0.0,-0.7333333333333333,-0.3333333333333333,-11.0,-5.0,3.0,31
205.04092407226562,36.759918212890625,7.351983642578125,1000.0,0.0,-0.7333333333333333,-0.26666666666666666,-11.0,-4.0,3.0,31
235.10968017578125,67.82001495361328,13.564002990722656,1000.0,0.0,-0.7333333333333333,-0.2,-11.0,-3.0,3.0,31
206.35443115234375,35.31990051269531,7.0639801025390625,1000.0,0.0,-0.7333333333333333,-0.13333333333333333,-11.0,-2.0,3.0,31
215.82302856445312,38.935611724853516,7.787122344970703,1000.0,0.0,-0.7333333333333333,-0.06666666666666667,-11.0,-1.0,3.0,31
234.3482666015625,56.0738525390625,11.2147705078125,1000.0,0.0,-0.7333333333333333,0.0,-11.0,0.0,3.0,31
245.38601684570312,81.16146087646484,16.23229217529297,1000.0,0.0,-0.7333333333333333,0.06666666666666667,-11.0,1.0,3.0,31
269.2606506347656,95.97039794921875,19.19407958984375,1000.0,0.0,-0.7333333333333333,0.13333333333333333,-11.0,2.0,3.0,31
261.87701416015625,61.80764389038086,12.361528778076172,1000.0,0.0,-0.7333333333333333,0.2,-11.0,3.0,3.0,31
246.57568359375,64.95382690429688,12.990765380859376,1000.0,0.0,-0.7333333333333333,0.26666666666666666,-11.0,4.0,3.0,31
236.9141387939453,32.066226959228516,6.413245391845703,1000.0,0.0,-0.7333333333333333,0.3333333333333333,-11.0,5.0,3.0,31
266.1510009765625,83.44078826904297,16.688157653808595,1000.0,0.0,-0.7333333333333333,0.4,-11.0,6.0,3.0,31
304.4521789550781,83.78799438476562,16.757598876953125,1000.0,0.0,-0.7333333333333333,0.4666666666666667,-11.0,7.0,3.0,31
321.49578857421875,120.38682556152344,24.077365112304687,1000.0,0.0,-0.7333333333333333,0.5333333333333333,-11.0,8.0,3.0,31
309.5638732910156,101.54004669189453,20.308009338378906,1000.0,0.0,-0.7333333333333333,0.6,-11.0,9.0,3.0,31
269.392333984375,99.72549438476562,19.945098876953125,1000.0,0.0,-0.7333333333333333,0.6666666666666666,-11.0,10.0,3.0,31
231.58236694335938,66.25395202636719,13.250790405273438,1000.0,0.0,-0.7333333333333333,0.7333333333333333,-11.0,11.0,3.0,31
212.4706573486328,26.80316925048828,5.360633850097656,1000.0,0.0,-0.7333333333333333,0.8,-11.0,12.0,3.0,31
254.2098388671875,58.93695068359375,11.78739013671875,1000.0,0.0,-0.7333333333333333,0.8666666666666667,-11.0,13.0,3.0,31
184.98609924316406,14.634720802307129,2.9269441604614257,1000.0,0.0,-0.7333333333333333,0.9333333333333333,-11.0,14.0,3.0,31
183.03018188476562,16.103139877319336,3.2206279754638674,1000.0,0.0,-0.7333333333333333,1.0,-11.0,15.0,3.0,31
214.42994689941406,17.727933883666992,3.5455867767333986,1000.0,0.0,-0.6666666666666666,-1.0,-10.0,-15.0,3.0,31
216.3520965576172,14.45561695098877,2.891123390197754,1000.0,0.0,-0.6666666666666666,-0.9333333333333333,-10.0,-14.0,3.0,31
205.1938018798828,17.269681930541992,3.4539363861083983,1000.0,0.0,-0.6666666666666666,-0.8666666666666667,-10.0,-13.0,3.0,31
213.87515258789062,29.46601676940918,5.893203353881836,1000.0,0.0,-0.6666666666666666,-0.8,-10.0,-12.0,3.0,31
210.2148895263672,13.882089614868164,2.776417922973633,1000.0,0.0,-0.6666666666666666,-0.7333333333333333,-10.0,-11.0,3.0,31
196.73898315429688,14.091307640075684,2.8182615280151366,1000.0,0.0,-0.6666666666666666,-0.6666666666666666,-10.0,-10.0,3.0,31
195.72084045410156,11.0003662109375,2.2000732421875,1000.0,0.0,-0.6666666666666666,-0.6,-10.0,-9.0,3.0,31
227.5023193359375,66.6023941040039,13.320478820800782,1000.0,0.0,-0.6666666666666666,-0.5333333333333333,-10.0,-8.0,3.0,31
212.2274932861328,51.053314208984375,10.210662841796875,1000.0,0.0,-0.6666666666666666,-0.4666666666666667,-10.0,-7.0,3.0,31
213.03781127929688,32.59829330444336,6.5196586608886715,1000.0,0.0,-0.6666666666666666,-0.4,-10.0,-6.0,3.0,31
211.38998413085938,32.386390686035156,6.477278137207032,1000.0,0.0,-0.6666666666666666,-0.3333333333333333,-10.0,-5.0,3.0,31
235.990234375,76.1228256225586,15.224565124511718,1000.0,0.0,-0.6666666666666666,-0.26666666666666666,-10.0,-4.0,3.0,31
250.4474639892578,100.55326080322266,20.11065216064453,1000.0,0.0,-0.6666666666666666,-0.2,-10.0,-3.0,3.0,31
229.1045684814453,71.9493408203125,14.3898681640625,1000.0,0.0,-0.6666666666666666,-0.13333333333333333,-10.0,-2.0,3.0,31
240.37452697753906,79.99480438232422,15.998960876464844,1000.0,0.0,-0.6666666666666666,-0.06666666666666667,-10.0,-1.0,3.0,31
238.7268524169922,49.65039825439453,9.930079650878906,1000.0,0.0,-0.6666666666666666,0.0,-10.0,0.0,3.0,31
237.32345581054688,69.5974349975586,13.919486999511719,1000.0,0.0,-0.6666666666666666,0.06666666666666667,-10.0,1.0,3.0,31
235.109375,60.719810485839844,12.143962097167968,1000.0,0.0,-0.6666666666666666,0.13333333333333333,-10.0,2.0,3.0,31
266.01593017578125,84.5125503540039,16.90251007080078,1000.0,0.0,-0.6666666666666666,0.2,-10.0,3.0,3.0,31
262.813232421875,68.74034881591797,13.748069763183594,1000.0,0.0,-0.6666666666666666,0.26666666666666666,-10.0,4.0,3.0,31
217.29891967773438,28.98674774169922,5.797349548339843,1000.0,0.0,-0.6666666666666666,0.3333333333333333,-10.0,5.0,3.0,31
272.240234375,97.25440979003906,19.450881958007812,1000.0,0.0,-0.6666666666666666,0.4,-10.0,6.0,3.0,31
299.02264404296875,94.72112274169922,18.944224548339843,1000.0,0.0,-0.6666666666666666,0.4666666666666667,-10.0,7.0,3.0,31
294.5846862792969,66.70357513427734,13.340715026855468,1000.0,0.0,-0.6666666666666666,0.5333333333333333,-10.0,8.0,3.0,31
256.8113098144531,54.72991943359375,10.94598388671875,1000.0,0.0,-0.6666666666666666,0.6,-10.0,9.0,3.0,31
244.30531311035156,67.33458709716797,13.466917419433594,1000.0,0.0,-0.6666666666666666,0.6666666666666666,-10.0,10.0,3.0,31
209.97625732421875,32.13752365112305,6.4275047302246096,1000.0,0.0,-0.6666666666666666,0.7333333333333333,-10.0,11.0,3.0,31
256.1089782714844,57.935340881347656,11.587068176269531,1000.0,0.0,-0.6666666666666666,0.8,-10.0,12.0,3.0,31
185.6177978515625,16.285152435302734,3.257030487060547,1000.0,0.0,-0.6666666666666666,0.8666666666666667,-10.0,13.0,3.0,31
179.92910766601562,10.319690704345703,2.0639381408691406,1000.0,0.0,-0.6666666666666666,0.9333333333333333,-10.0,14.0,3.0,31
184.80943298339844,18.6990966796875,3.7398193359375,1000.0,0.0,-0.6666666666666666,1.0,-10.0,15.0,3.0,31
219.96151733398438,31.461336135864258,6.292267227172852,1000.0,0.0,-0.6,-1.0,-9.0,-15.0,3.0,31
212.70465087890625,15.879685401916504,3.1759370803833007,1000.0,0.0,-0.6,-0.9333333333333333,-9.0,-14.0,3.0,31
210.12783813476562,19.889324188232422,3.9778648376464845,1000.0,0.0,-0.6,-0.8666666666666667,-9.0,-13.0,3.0,31
200.36309814453125,18.235107421875,3.647021484375,1000.0,0.0,-0.6,-0.8,-9.0,-12.0,3.0,31
206.03231811523438,21.67579460144043,4.335158920288086,1000.0,0.0,-0.6,-0.7333333333333333,-9.0,-11.0,3.0,31
208.76480102539062,30.17051124572754,6.034102249145508,1000.0,0.0,-0.6,-0.6666666666666666,-9.0,-10.0,3.0,31
209.21661376953125,41.6108283996582,8.32216567993164,1000.0,0.0,-0.6,-0.6,-9.0,-9.0,3.0,31
209.6496124267578,36.13618087768555,7.22723617553711,1000.0,0.0,-0.6,-0.5333333333333333,-9.0,-8.0,3.0,31
194.81005859375,15.828248977661133,3.1656497955322265,1000.0,0.0,-0.6,-0.4666666666666667,-9.0,-7.0,3.0,31
243.03607177734375,66.05497741699219,13.210995483398438,1000.0,0.0,-0.6,-0.4,-9.0,-6.0,3.0,31
259.2110595703125,81.7062759399414,16.34125518798828,1000.0,0.0,-0.6,-0.3333333333333333,-9.0,-5.0,3.0,31
247.88052368164062,98.32788848876953,19.665577697753907,1000.0,0.0,-0.6,-0.26666666666666666,-9.0,-4.0,3.0,31
250.25430297851562,92.3651123046875,18.4730224609375,1000.0,0.0,-0.6,-0.2,-9.0,-3.0,3.0,31
249.4269561767578,68.00457000732422,13.600914001464844,1000.0,0.0,-0.6,-0.13333333333333333,-9.0,-2.0,3.0,31
245.9957275390625,59.22525405883789,11.845050811767578,1000.0,0.0,-0.6,-0.06666666666666667,-9.0,-1.0,3.0,31
243.3628692626953,80.25401306152344,16.050802612304686,1000.0,0.0,-0.6,0.0,-9.0,0.0,3.0,31
231.29769897460938,60.03016662597656,12.006033325195313,1000.0,0.0,-0.6,0.06666666666666667,-9.0,1.0,3.0,31
241.55728149414062,77.48811340332031,15.497622680664062,1000.0,0.0,-0.6,0.13333333333333333,-9.0,2.0,3.0,31
271.1138916015625,92.51271057128906,18.502542114257814,1000.0,0.0,-0.6,0.2,-9.0,3.0,3.0,31
266.959228515625,84.8135986328125,16.9627197265625,1000.0,0.0,-0.6,0.26666666666666666,-9.0,4.0,3.0,31
266.2304992675781,77.39262390136719,15.478524780273437,1000.0,0.0,-0.6,0.3333333333333333,-9.0,5.0,3.0,31
327.6703186035156,81.55313873291016,16.310627746582032,1000.0,0.0,-0.6,0.4,-9.0,6.0,3.0,31
282.6387023925781,92.55557250976562,18.511114501953124,1000.0,0.0,-0.6,0.4666666666666667,-9.0,7.0,3.0,31
249.22572326660156,72.18407440185547,14.436814880371093,1000.0,0.0,-0.6,0.5333333333333333,-9.0,8.0,3.0,31
225.71803283691406,42.40697479248047,8.481394958496093,1000.0,0.0,-0.6,0.6,-9.0,9.0,3.0,31
208.27108764648438,30.0866641998291,6.01733283996582,1000.0,0.0,-0.6,0.6666666666666666,-9.0,10.0,3.0,31
245.7021484375,55.769371032714844,11.15387420654297,1000.0,0.0,-0.6,0.7333333333333333,-9.0,11.0,3.0,31
184.2637176513672,16.988569259643555,3.397713851928711,1000.0,0.0,-0.6,0.8,-9.0,12.0,3.0,31
183.78326416015625,14.652217864990234,2.9304435729980467,1000.0,0.0,-0.6,0.8666666666666667,-9.0,13.0,3.0,31
189.26800537109375,22.020780563354492,4.404156112670899,1000.0,0.0,-0.6,0.9333333333333333,-9.0,14.0,3.0,31
190.2815399169922,17.086891174316406,3.417378234863281,1000.0,0.0,-0.6,1.0,-9.0,15.0,3.0,31
226.07827758789062,35.516578674316406,7.103315734863282,1000.0,0.0,-0.5333333333333333,-1.0,-8.0,-15.0,3.0,31
221.21102905273438,41.78779983520508,8.357559967041016,1000.0,0.0,-0.5333333333333333,-0.9333333333333333,-8.0,-14.0,3.0,31
208.8829345703125,16.412105560302734,3.282421112060547,1000.0,0.0,-0.5333333333333333,-0.8666666666666667,-8.0,-13.0,3.0,31
202.0087432861328,14.147229194641113,2.8294458389282227,1000.0,0.0,-0.5333333333333333,-0.8,-8.0,-12.0,3.0,31
211.13702392578125,35.03864288330078,7.007728576660156,1000.0,0.0,-0.5333333333333333,-0.7333333333333333,-8.0,-11.0,3.0,31
205.40110778808594,23.73587989807129,4.747175979614258,1000.0,0.0,-0.5333333333333333,-0.6666666666666666,-8.0,-10.0,3.0,31
197.72979736328125,15.862303733825684,3.172460746765137,1000.0,0.0,-0.5333333333333333,-0.6,-8.0,-9.0,3.0,31
220.2727508544922,56.93953323364258,11.387906646728515,1000.0,0.0,-0.5333333333333333,-0.5333333333333333,-8.0,-8.0,3.0,31
203.5033416748047,46.08163070678711,9.216326141357422,1000.0,0.0,-0.5333333333333333,-0.4666666666666667,-8.0,-7.0,3.0,31
223.47100830078125,49.35122299194336,9.870244598388672,1000.0,0.0,-0.5333333333333333,-0.4,-8.0,-6.0,3.0,31
252.75759887695312,71.45670318603516,14.291340637207032,1000.0,0.0,-0.5333333333333333,-0.3333333333333333,-8.0,-5.0,3.0,31
251.2086181640625,87.19649505615234,17.439299011230467,1000.0,0.0,-0.5333333333333333,-0.26666666666666666,-8.0,-4.0,3.0,31
256.48211669921875,94.10523986816406,18.821047973632812,1000.0,0.0,-0.5333333333333333,-0.2,-8.0,-3.0,3.0,31
237.37232971191406,78.44896697998047,15.689793395996094,1000.0,0.0,-0.5333333333333333,-0.13333333333333333,-8.0,-2.0,3.0,31
209.0127716064453,46.06386184692383,9.212772369384766,1000.0,0.0,-0.5333333333333333,-0.06666666666666667,-8.0,-1.0,3.0,31
246.50103759765625,72.70524597167969,14.541049194335937,1000.0,0.0,-0.5333333333333333,0.0,-8.0,0.0,3.0,31
268.6161193847656,104.94557189941406,20.989114379882814,1000.0,0.0,-0.5333333333333333,0.06666666666666667,-8.0,1.0,3.0,31
270.2169189453125,103.84567260742188,20.769134521484375,1000.0,0.0,-0.5333333333333333,0.13333333333333333,-8.0,2.0,3.0,31
328.34442138671875,129.49520874023438,25.899041748046876,1000.0,0.0,-0.5333333333333333,0.2,-8.0,3.0,3.0,31
251.93861389160156,56.68730926513672,11.337461853027344,1000.0,0.0,-0.5333333333333333,0.26666666666666666,-8.0,4.0,3.0,31
280.0121765136719,62.728816986083984,12.545763397216797,1000.0,0.0,-0.5333333333333333,0.3333333333333333,-8.0,5.0,3.0,31
259.0009765625,74.32486724853516,14.864973449707032,1000.0,0.0,-0.5333333333333333,0.4,-8.0,6.0,3.0,31
261.7489013671875,62.26308059692383,12.452616119384766,1000.0,0.0,-0.5333333333333333,0.4666666666666667,-8.0,7.0,3.0,31
270.0101318359375,88.76390838623047,17.752781677246094,1000.0,0.0,-0.5333333333333333,0.5333333333333333,-8.0,8.0,3.0,31
185.8487091064453,15.578493118286133,3.1156986236572264,1000.0,0.0,-0.5333333333333333,0.6,-8.0,9.0,3.0,31
195.5260009765625,19.944231033325195,3.988846206665039,1000.0,0.0,-0.5333333333333333,0.6666666666666666,-8.0,10.0,3.0,31
182.31947326660156,17.044389724731445,3.408877944946289,1000.0,0.0,-0.5333333333333333,0.7333333333333333,-8.0,11.0,3.0,31
185.23304748535156,17.687786102294922,3.5375572204589845,1000.0,0.0,-0.5333333333333333,0.8,-8.0,12.0,3.0,31
187.5786895751953,24.843700408935547,4.968740081787109,1000.0,0.0,-0.5333333333333333,0.8666666666666667,-8.0,13.0,3.0,31
184.13833618164062,16.853076934814453,3.3706153869628905,1000.0,0.0,-0.5333333333333333,0.9333333333333333,-8.0,14.0,3.0,31
188.4677276611328,23.09648895263672,4.619297790527344,1000.0,0.0,-0.5333333333333333,1.0,-8.0,15.0,3.0,31
212.82696533203125,28.979938507080078,5.795987701416015,1000.0,0.0,-0.4666666666666667,-1.0,-7.0,-15.0,3.0,31
230.60552978515625,31.11443519592285,6.22288703918457,1000.0,0.0,-0.4666666666666667,-0.9333333333333333,-7.0,-14.0,3.0,31
217.00048828125,26.97057342529297,5.394114685058594,1000.0,0.0,-0.4666666666666667,-0.8666666666666667,-7.0,-13.0,3.0,31
209.6851806640625,24.877756118774414,4.9755512237548825,1000.0,0.0,-0.4666666666666667,-0.8,-7.0,-12.0,3.0,31
209.5073699951172,18.75031280517578,3.7500625610351563,1000.0,0.0,-0.4666666666666667,-0.7333333333333333,-7.0,-11.0,3.0,31
206.95054626464844,28.148235321044922,5.629647064208984,1000.0,0.0,-0.4666666666666667,-0.6666666666666666,-7.0,-10.0,3.0,31
198.5311737060547,14.774560928344727,2.9549121856689453,1000.0,0.0,-0.4666666666666667,-0.6,-7.0,-9.0,3.0,31
202.67514038085938,14.736137390136719,2.9472274780273438,1000.0,0.0,-0.4666666666666667,-0.5333333333333333,-7.0,-8.0,3.0,31
198.68165588378906,18.558773040771484,3.7117546081542967,1000.0,0.0,-0.4666666666666667,-0.4666666666666667,-7.0,-7.0,3.0,31
225.15060424804688,37.669246673583984,7.5338493347167965,1000.0,0.0,-0.4666666666666667,-0.4,-7.0,-6.0,3.0,31
230.45849609375,52.768882751464844,10.55377655029297,1000.0,0.0,-0.4666666666666667,-0.3333333333333333,-7.0,-5.0,3.0,31
228.8373260498047,73.03265380859375,14.60653076171875,1000.0,0.0,-0.4666666666666667,-0.26666666666666666,-7.0,-4.0,3.0,31
238.27618408203125,72.43351745605469,14.486703491210937,1000.0,0.0,-0.4666666666666667,-0.2,-7.0,-3.0,3.0,31
222.8721160888672,71.42720794677734,14.285441589355468,1000.0,0.0,-0.4666666666666667,-0.13333333333333333,-7.0,-2.0,3.0,31
231.41375732421875,88.77397155761719,17.754794311523437,1000.0,0.0,-0.4666666666666667,-0.06666666666666667,-7.0,-1.0,3.0,31
254.02212524414062,98.83367156982422,19.766734313964843,1000.0,0.0,-0.4666666666666667,0.0,-7.0,0.0,3.0,31
225.77316284179688,76.7833480834961,15.356669616699218,1000.0,0.0,-0.4666666666666667,0.06666666666666667,-7.0,1.0,3.0,31
283.7708740234375,131.61251831054688,26.322503662109376,1000.0,0.0,-0.4666666666666667,0.13333333333333333,-7.0,2.0,3.0,31
315.1611328125,132.04452514648438,26.408905029296875,1000.0,0.0,-0.4666666666666667,0.2,-7.0,3.0,3.0,31
242.4324951171875,48.62993621826172,9.725987243652344,1000.0,0.0,-0.4666666666666667,0.26666666666666666,-7.0,4.0,3.0,31
261.86602783203125,56.26020050048828,11.252040100097656,1000.0,0.0,-0.4666666666666667,0.3333333333333333,-7.0,5.0,3.0,31
253.1198272705078,55.239707946777344,11.047941589355469,1000.0,0.0,-0.4666666666666667,0.4,-7.0,6.0,3.0,31
266.0163879394531,70.79411315917969,14.158822631835937,1000.0,0.0,-0.4666666666666667,0.4666666666666667,-7.0,7.0,3.0,31
222.5494384765625,39.710105895996094,7.942021179199219,1000.0,0.0,-0.4666666666666667,0.5333333333333333,-7.0,8.0,3.0,31
238.41404724121094,58.020294189453125,11.604058837890625,1000.0,0.0,-0.4666666666666667,0.6,-7.0,9.0,3.0,31
191.0215301513672,22.204330444335938,4.440866088867187,1000.0,0.0,-0.4666666666666667,0.6666666666666666,-7.0,10.0,3.0,31
187.71751403808594,15.842061996459961,3.1684123992919924,1000.0,0.0,-0.4666666666666667,0.7333333333333333,-7.0,11.0,3.0,31
196.5459747314453,33.732887268066406,6.746577453613281,1000.0,0.0,-0.4666666666666667,0.8,-7.0,12.0,3.0,31
188.53720092773438,15.999695777893066,3.199939155578613,1000.0,0.0,-0.4666666666666667,0.8666666666666667,-7.0,13.0,3.0,31
189.7301025390625,19.778669357299805,3.955733871459961,1000.0,0.0,-0.4666666666666667,0.9333333333333333,-7.0,14.0,3.0,31
186.04295349121094,21.089609146118164,4.2179218292236325,1000.0,0.0,-0.4666666666666667,1.0,-7.0,15.0,3.0,31
239.86915588378906,38.333255767822266,7.6666511535644535,1000.0,0.0,-0.4,-1.0,-6.0,-15.0,3.0,31
228.86163330078125,38.52999496459961,7.7059989929199215,1000.0,0.0,-0.4,-0.9333333333333333,-6.0,-14.0,3.0,31
230.22418212890625,38.735897064208984,7.747179412841797,1000.0,0.0,-0.4,-0.8666666666666667,-6.0,-13.0,3.0,31
209.02638244628906,26.7396297454834,5.3479259490966795,1000.0,0.0,-0.4,-0.8,-6.0,-12.0,3.0,31
205.8983612060547,22.387157440185547,4.4774314880371096,1000.0,0.0,-0.4,-0.7333333333333333,-6.0,-11.0,3.0,31
199.45242309570312,20.735809326171875,4.147161865234375,1000.0,0.0,-0.4,-0.6666666666666666,-6.0,-10.0,3.0,31
199.3887939453125,14.703664779663086,2.940732955932617,1000.0,0.0,-0.4,-0.6,-6.0,-9.0,3.0,31
198.6033172607422,21.20569610595703,4.241139221191406,1000.0,0.0,-0.4,-0.5333333333333333,-6.0,-8.0,3.0,31
202.90638732910156,28.591537475585938,5.7183074951171875,1000.0,0.0,-0.4,-0.4666666666666667,-6.0,-7.0,3.0,31
213.80108642578125,41.85737991333008,8.371475982666016,1000.0,0.0,-0.4,-0.4,-6.0,-6.0,3.0,31
198.58285522460938,20.449176788330078,4.089835357666016,1000.0,0.0,-0.4,-0.3333333333333333,-6.0,-5.0,3.0,31
218.7456512451172,29.97323989868164,5.994647979736328,1000.0,0.0,-0.4,-0.26666666666666666,-6.0,-4.0,3.0,31
223.54849243164062,58.07365036010742,11.614730072021484,1000.0,0.0,-0.4,-0.2,-6.0,-3.0,3.0,31
217.1662139892578,66.94947814941406,13.389895629882812,1000.0,0.0,-0.4,-0.13333333333333333,-6.0,-2.0,3.0,31
251.27659606933594,111.36251068115234,22.272502136230468,1000.0,0.0,-0.4,-0.06666666666666667,-6.0,-1.0,3.0,31
250.20233154296875,84.64281463623047,16.928562927246094,1000.0,0.0,-0.4,0.0,-6.0,0.0,3.0,31
283.743408203125,130.52618408203125,26.10523681640625,1000.0,0.0,-0.4,0.06666666666666667,-6.0,1.0,3.0,31
292.9732971191406,123.05135345458984,24.610270690917968,1000.0,0.0,-0.4,0.13333333333333333,-6.0,2.0,3.0,31
242.81314086914062,81.39923858642578,16.279847717285158,1000.0,0.0,-0.4,0.2,-6.0,3.0,3.0,31
239.35951232910156,53.432472229003906,10.686494445800781,1000.0,0.0,-0.4,0.26666666666666666,-6.0,4.0,3.0,31
292.1034851074219,90.27629089355469,18.055258178710936,1000.0,0.0,-0.4,0.3333333333333333,-6.0,5.0,3.0,31
226.24349975585938,48.70981216430664,9.741962432861328,1000.0,0.0,-0.4,0.4,-6.0,6.0,3.0,31
243.3042755126953,63.029571533203125,12.605914306640624,1000.0,0.0,-0.4,0.4666666666666667,-6.0,7.0,3.0,31
227.19064331054688,63.65764617919922,12.731529235839844,1000.0,0.0,-0.4,0.5333333333333333,-6.0,8.0,3.0,31
223.09439086914062,32.93944549560547,6.587889099121094,1000.0,0.0,-0.4,0.6,-6.0,9.0,3.0,31
193.5004425048828,32.39387893676758,6.4787757873535154,1000.0,0.0,-0.4,0.6666666666666666,-6.0,10.0,3.0,31
192.390625,27.36307716369629,5.472615432739258,1000.0,0.0,-0.4,0.7333333333333333,-6.0,11.0,3.0,31
188.87767028808594,23.461606979370117,4.692321395874023,1000.0,0.0,-0.4,0.8,-6.0,12.0,3.0,31
205.70230102539062,38.893924713134766,7.778784942626953,1000.0,0.0,-0.4,0.8666666666666667,-6.0,13.0,3.0,31
189.95672607421875,31.786636352539062,6.357327270507812,1000.0,0.0,-0.4,0.9333333333333333,-6.0,14.0,3.0,31
205.58872985839844,47.050140380859375,9.410028076171875,1000.0,0.0,-0.4,1.0,-6.0,15.0,3.0,31
236.63128662109375,48.169681549072266,9.633936309814453,1000.0,0.0,-0.3333333333333333,-1.0,-5.0,-15.0,3.0,31
228.9740447998047,44.01172637939453,8.802345275878906,1000.0,0.0,-0.3333333333333333,-0.9333333333333333,-5.0,-14.0,3.0,31
227.77622985839844,31.023893356323242,6.204778671264648,1000.0,0.0,-0.3333333333333333,-0.8666666666666667,-5.0,-13.0,3.0,31
224.57569885253906,28.02098846435547,5.604197692871094,1000.0,0.0,-0.3333333333333333,-0.8,-5.0,-12.0,3.0,31
206.44793701171875,25.85110855102539,5.1702217102050785,1000.0,0.0,-0.3333333333333333,-0.7333333333333333,-5.0,-11.0,3.0,31
197.66497802734375,21.995058059692383,4.399011611938477,1000.0,0.0,-0.3333333333333333,-0.6666666666666666,-5.0,-10.0,3.0,31
197.40745544433594,17.29749298095703,3.4594985961914064,1000.0,0.0,-0.3333333333333333,-0.6,-5.0,-9.0,3.0,31
195.5678253173828,19.242420196533203,3.8484840393066406,1000.0,0.0,-0.3333333333333333,-0.5333333333333333,-5.0,-8.0,3.0,31
185.7707977294922,28.71190071105957,5.742380142211914,1000.0,0.0,-0.3333333333333333,-0.4666666666666667,-5.0,-7.0,3.0,31
193.71737670898438,19.423786163330078,3.884757232666016,1000.0,0.0,-0.3333333333333333,-0.4,-5.0,-6.0,3.0,31
190.04441833496094,18.51570701599121,3.7031414031982424,1000.0,0.0,-0.3333333333333333,-0.3333333333333333,-5.0,-5.0,3.0,31
245.14639282226562,46.77872848510742,9.355745697021485,1000.0,0.0,-0.3333333333333333,-0.26666666666666666,-5.0,-4.0,3.0,31
260.17169189453125,50.307647705078125,10.061529541015625,1000.0,0.0,-0.3333333333333333,-0.2,-5.0,-3.0,3.0,31
261.6817626953125,84.05565643310547,16.811131286621094,1000.0,0.0,-0.3333333333333333,-0.13333333333333333,-5.0,-2.0,3.0,31
302.1850891113281,155.34219360351562,31.068438720703124,1000.0,0.0,-0.3333333333333333,-0.06666666666666667,-5.0,-1.0,3.0,31
254.79995727539062,109.61273956298828,21.922547912597658,1000.0,0.0,-0.3333333333333333,0.0,-5.0,0.0,3.0,31
318.13275146484375,124.67787170410156,24.935574340820313,1000.0,0.0,-0.3333333333333333,0.06666666666666667,-5.0,1.0,3.0,31
237.49380493164062,77.04584503173828,15.409169006347657,1000.0,0.0,-0.3333333333333333,0.13333333333333333,-5.0,2.0,3.0,31
229.0694122314453,30.254642486572266,6.0509284973144535,1000.0,0.0,-0.3333333333333333,0.2,-5.0,3.0,3.0,31
244.25494384765625,44.62137222290039,8.924274444580078,1000.0,0.0,-0.3333333333333333,0.26666666666666666,-5.0,4.0,3.0,31
265.3984375,97.01962280273438,19.403924560546876,1000.0,0.0,-0.3333333333333333,0.3333333333333333,-5.0,5.0,3.0,31
245.33328247070312,76.91390991210938,15.382781982421875,1000.0,0.0,-0.3333333333333333,0.4,-5.0,6.0,3.0,31
247.03822326660156,65.72189331054688,13.144378662109375,1000.0,0.0,-0.3333333333333333,0.4666666666666667,-5.0,7.0,3.0,31
246.34861755371094,81.65766906738281,16.33153381347656,1000.0,0.0,-0.3333333333333333,0.5333333333333333,-5.0,8.0,3.0,31
260.0311279296875,83.67303466796875,16.73460693359375,1000.0,0.0,-0.3333333333333333,0.6,-5.0,9.0,3.0,31
214.09837341308594,57.20853805541992,11.441707611083984,1000.0,0.0,-0.3333333333333333,0.6666666666666666,-5.0,10.0,3.0,31
222.43206787109375,73.03993225097656,14.607986450195312,1000.0,0.0,-0.3333333333333333,0.7333333333333333,-5.0,11.0,3.0,31
233.89532470703125,75.02478790283203,15.004957580566407,1000.0,0.0,-0.3333333333333333,0.8,-5.0,12.0,3.0,31
227.9040985107422,82.38945007324219,16.477890014648438,1000.0,0.0,-0.3333333333333333,0.8666666666666667,-5.0,13.0,3.0,31
256.496826171875,96.97209167480469,19.39441833496094,1000.0,0.0,-0.3333333333333333,0.9333333333333333,-5.0,14.0,3.0,31
251.77027893066406,106.27206420898438,21.254412841796874,1000.0,0.0,-0.3333333333333333,1.0,-5.0,15.0,3.0,31
273.9595031738281,62.279502868652344,12.455900573730469,1000.0,0.0,-0.26666666666666666,-1.0,-4.0,-15.0,3.0,31
236.45639038085938,52.82902908325195,10.565805816650391,1000.0,0.0,-0.26666666666666666,-0.9333333333333333,-4.0,-14.0,3.0,31
241.3412628173828,52.705169677734375,10.541033935546874,1000.0,0.0,-0.26666666666666666,-0.8666666666666667,-4.0,-13.0,3.0,31
240.82862854003906,49.878273010253906,9.975654602050781,1000.0,0.0,-0.26666666666666666,-0.8,-4.0,-12.0,3.0,31
226.94215393066406,42.82331085205078,8.564662170410156,1000.0,0.0,-0.26666666666666666,-0.7333333333333333,-4.0,-11.0,3.0,31
231.16188049316406,41.73615646362305,8.34723129272461,1000.0,0.0,-0.26666666666666666,-0.6666666666666666,-4.0,-10.0,3.0,31
208.9086456298828,35.072933197021484,7.014586639404297,1000.0,0.0,-0.26666666666666666,-0.6,-4.0,-9.0,3.0,31
200.35687255859375,26.615474700927734,5.3230949401855465,1000.0,0.0,-0.26666666666666666,-0.5333333333333333,-4.0,-8.0,3.0,31
219.50999450683594,62.76846694946289,12.553693389892578,1000.0,0.0,-0.26666666666666666,-0.4666666666666667,-4.0,-7.0,3.0,31
205.34214782714844,31.686981201171875,6.337396240234375,1000.0,0.0,-0.26666666666666666,-0.4,-4.0,-6.0,3.0,31
196.05526733398438,24.14852523803711,4.829705047607422,1000.0,0.0,-0.26666666666666666,-0.3333333333333333,-4.0,-5.0,3.0,31
196.05062866210938,21.31556510925293,4.263113021850586,1000.0,0.0,-0.26666666666666666,-0.26666666666666666,-4.0,-4.0,3.0,31
231.66029357910156,63.26641082763672,12.653282165527344,1000.0,0.0,-0.26666666666666666,-0.2,-4.0,-3.0,3.0,31
312.5263977050781,70.12922668457031,14.025845336914063,1000.0,0.0,-0.26666666666666666,-0.13333333333333333,-4.0,-2.0,3.0,31
337.1626892089844,76.18797302246094,15.237594604492188,1000.0,0.0,-0.26666666666666666,-0.06666666666666667,-4.0,-1.0,3.0,31
363.7547302246094,132.56072998046875,26.51214599609375,1000.0,0.0,-0.26666666666666666,0.0,-4.0,0.0,3.0,31
229.7357940673828,73.7664794921875,14.7532958984375,1000.0,0.0,-0.26666666666666666,0.06666666666666667,-4.0,1.0,3.0,31
342.5753479003906,116.18144226074219,23.236288452148436,1000.0,0.0,-0.26666666666666666,0.13333333333333333,-4.0,2.0,3.0,31
238.75250244140625,54.82097244262695,10.96419448852539,1000.0,0.0,-0.26666666666666666,0.2,-4.0,3.0,3.0,31
246.92935180664062,74.31610870361328,14.863221740722656,1000.0,0.0,-0.26666666666666666,0.26666666666666666,-4.0,4.0,3.0,31
244.69847106933594,49.189483642578125,9.837896728515625,1000.0,0.0,-0.26666666666666666,0.3333333333333333,-4.0,5.0,3.0,31
248.73529052734375,86.83343505859375,17.36668701171875,1000.0,0.0,-0.26666666666666666,0.4,-4.0,6.0,3.0,31
330.5457763671875,110.35446166992188,22.070892333984375,1000.0,0.0,-0.26666666666666666,0.4666666666666667,-4.0,7.0,3.0,31
313.7641296386719,115.138916015625,23.027783203125,1000.0,0.0,-0.26666666666666666,0.5333333333333333,-4.0,8.0,3.0,31
332.0950927734375,132.89816284179688,26.579632568359376,1000.0,0.0,-0.26666666666666666,0.6,-4.0,9.0,3.0,31
276.51416015625,103.70747375488281,20.741494750976564,1000.0,0.0,-0.26666666666666666,0.6666666666666666,-4.0,10.0,3.0,31
261.6875,99.1057357788086,19.821147155761718,1000.0,0.0,-0.26666666666666666,0.7333333333333333,-4.0,11.0,3.0,31
268.17498779296875,103.65605163574219,20.73121032714844,1000.0,0.0,-0.26666666666666666,0.8,-4.0,12.0,3.0,31
256.86834716796875,94.6602554321289,18.93205108642578,1000.0,0.0,-0.26666666666666666,0.8666666666666667,-4.0,13.0,3.0,31
257.5486145019531,92.92674255371094,18.585348510742186,1000.0,0.0,-0.26666666666666666,0.9333333333333333,-4.0,14.0,3.0,31
269.6753845214844,111.2086181640625,22.2417236328125,1000.0,0.0,-0.26666666666666666,1.0,-4.0,15.0,3.0,31
232.39242553710938,37.16779327392578,7.433558654785156,1000.0,0.0,-0.2,-1.0,-3.0,-15.0,3.0,31
217.26376342773438,39.36376953125,7.87275390625,1000.0,0.0,-0.2,-0.9333333333333333,-3.0,-14.0,3.0,31
253.7022247314453,45.412349700927734,9.082469940185547,1000.0,0.0,-0.2,-0.8666666666666667,-3.0,-13.0,3.0,31
221.92263793945312,40.19796371459961,8.039592742919922,1000.0,0.0,-0.2,-0.8,-3.0,-12.0,3.0,31
223.8509979248047,49.18667984008789,9.837335968017578,1000.0,0.0,-0.2,-0.7333333333333333,-3.0,-11.0,3.0,31
224.41705322265625,50.5098991394043,10.101979827880859,1000.0,0.0,-0.2,-0.6666666666666666,-3.0,-10.0,3.0,31
237.51144409179688,51.53432846069336,10.306865692138672,1000.0,0.0,-0.2,-0.6,-3.0,-9.0,3.0,31
221.9966278076172,36.241455078125,7.248291015625,1000.0,0.0,-0.2,-0.5333333333333333,-3.0,-8.0,3.0,31
205.07931518554688,42.924922943115234,8.584984588623048,1000.0,0.0,-0.2,-0.4666666666666667,-3.0,-7.0,3.0,31
218.0900421142578,73.36097717285156,14.672195434570312,1000.0,0.0,-0.2,-0.4,-3.0,-6.0,3.0,31
274.2121887207031,87.94986724853516,17.58997344970703,1000.0,0.0,-0.2,-0.3333333333333333,-3.0,-5.0,3.0,31
244.49343872070312,50.36918258666992,10.073836517333984,1000.0,0.0,-0.2,-0.26666666666666666,-3.0,-4.0,3.0,31
233.6623992919922,53.32956314086914,10.665912628173828,1000.0,0.0,-0.2,-0.2,-3.0,-3.0,3.0,31
295.7210388183594,108.52668762207031,21.705337524414062,1000.0,0.0,-0.2,-0.13333333333333333,-3.0,-2.0,3.0,31
630.3555297851562,55.89358139038086,11.178716278076172,1000.0,0.0,-0.2,-0.06666666666666667,-3.0,-1.0,3.0,31
518.93212890625,168.78985595703125,33.75797119140625,1000.0,0.0,-0.2,0.0,-3.0,0.0,3.0,31
382.6759338378906,174.4152069091797,34.88304138183594,1000.0,0.0,-0.2,0.06666666666666667,-3.0,1.0,3.0,31
351.7054748535156,157.3263702392578,31.465274047851562,1000.0,0.0,-0.2,0.13333333333333333,-3.0,2.0,3.0,31
344.3768005371094,95.74605560302734,19.149211120605468,1000.0,0.0,-0.2,0.2,-3.0,3.0,3.0,31
342.0919494628906,83.6690902709961,16.73381805419922,1000.0,0.0,-0.2,0.26666666666666666,-3.0,4.0,3.0,31
374.85467529296875,103.10348510742188,20.620697021484375,1000.0,0.0,-0.2,0.3333333333333333,-3.0,5.0,3.0,31
366.2704772949219,113.45950317382812,22.691900634765624,1000.0,0.0,-0.2,0.4,-3.0,6.0,3.0,31
398.9691467285156,110.01844787597656,22.003689575195313,1000.0,0.0,-0.2,0.4666666666666667,-3.0,7.0,3.0,31
274.8545227050781,113.2804183959961,22.65608367919922,1000.0,0.0,-0.2,0.5333333333333333,-3.0,8.0,3.0,31
338.26544189453125,145.7663116455078,29.153262329101562,1000.0,0.0,-0.2,0.6,-3.0,9.0,3.0,31
267.17535400390625,103.88411712646484,20.776823425292967,1000.0,0.0,-0.2,0.6666666666666666,-3.0,10.0,3.0,31
276.4302673339844,111.32023620605469,22.26404724121094,1000.0,0.0,-0.2,0.7333333333333333,-3.0,11.0,3.0,31
285.1119384765625,109.72771453857422,21.945542907714845,1000.0,0.0,-0.2,0.8,-3.0,12.0,3.0,31
285.72442626953125,102.64974975585938,20.529949951171876,1000.0,0.0,-0.2,0.8666666666666667,-3.0,13.0,3.0,31
259.7692565917969,97.61308288574219,19.522616577148437,1000.0,0.0,-0.2,0.9333333333333333,-3.0,14.0,3.0,31
274.9614562988281,110.25463104248047,22.050926208496094,1000.0,0.0,-0.2,1.0,-3.0,15.0,3.0,31
247.08160400390625,50.48605728149414,10.097211456298828,1000.0,0.0,-0.13333333333333333,-1.0,-2.0,-15.0,3.0,31
224.5094757080078,45.2313346862793,9.04626693725586,1000.0,0.0,-0.13333333333333333,-0.9333333333333333,-2.0,-14.0,3.0,31
224.4582061767578,32.706756591796875,6.541351318359375,1000.0,0.0,-0.13333333333333333,-0.8666666666666667,-2.0,-13.0,3.0,31
219.1563720703125,35.27423095703125,7.05484619140625,1000.0,0.0,-0.13333333333333333,-0.8,-2.0,-12.0,3.0,31
230.54576110839844,40.66108703613281,8.132217407226562,1000.0,0.0,-0.13333333333333333,-0.7333333333333333,-2.0,-11.0,3.0,31
215.0123291015625,31.89080810546875,6.37816162109375,1000.0,0.0,-0.13333333333333333,-0.6666666666666666,-2.0,-10.0,3.0,31
223.24346923828125,44.2808837890625,8.8561767578125,1000.0,0.0,-0.13333333333333333,-0.6,-2.0,-9.0,3.0,31
213.20355224609375,33.20805358886719,6.641610717773437,1000.0,0.0,-0.13333333333333333,-0.5333333333333333,-2.0,-8.0,3.0,31
229.5638885498047,34.906532287597656,6.981306457519532,1000.0,0.0,-0.13333333333333333,-0.4666666666666667,-2.0,-7.0,3.0,31
223.31752014160156,58.9025764465332,11.78051528930664,1000.0,0.0,-0.13333333333333333,-0.4,-2.0,-6.0,3.0,31
230.05166625976562,84.34212493896484,16.86842498779297,1000.0,0.0,-0.13333333333333333,-0.3333333333333333,-2.0,-5.0,3.0,31
242.01824951171875,52.3408317565918,10.46816635131836,1000.0,0.0,-0.13333333333333333,-0.26666666666666666,-2.0,-4.0,3.0,31
223.6988525390625,75.62486267089844,15.124972534179687,1000.0,0.0,-0.13333333333333333,-0.2,-2.0,-3.0,3.0,31
278.498046875,100.8147201538086,20.162944030761718,1000.0,0.0,-0.13333333333333333,-0.13333333333333333,-2.0,-2.0,3.0,31
557.581298828125,207.28700256347656,41.457400512695315,1000.0,0.0,-0.13333333333333333,-0.06666666666666667,-2.0,-1.0,3.0,31
905.2307739257812,68.46678161621094,13.693356323242188,1000.0,0.0,-0.13333333333333333,0.0,-2.0,0.0,3.0,31
756.2990112304688,157.66888427734375,31.53377685546875,1000.0,0.0,-0.13333333333333333,0.06666666666666667,-2.0,1.0,3.0,31
265.4097595214844,100.0520248413086,20.010404968261717,1000.0,0.0,-0.13333333333333333,0.13333333333333333,-2.0,2.0,3.0,31
242.98748779296875,74.90557861328125,14.98111572265625,1000.0,0.0,-0.13333333333333333,0.2,-2.0,3.0,3.0,31
365.656494140625,157.26522827148438,31.453045654296876,1000.0,0.0,-0.13333333333333333,0.26666666666666666,-2.0,4.0,3.0,31
430.7288818359375,133.38336181640625,26.67667236328125,1000.0,0.0,-0.13333333333333333,0.3333333333333333,-2.0,5.0,3.0,31
313.9468994140625,120.24624633789062,24.049249267578126,1000.0,0.0,-0.13333333333333333,0.4,-2.0,6.0,3.0,31
309.1688537597656,111.709716796875,22.341943359375,1000.0,0.0,-0.13333333333333333,0.4666666666666667,-2.0,7.0,3.0,31
302.687255859375,146.62913513183594,29.325827026367186,1000.0,0.0,-0.13333333333333333,0.5333333333333333,-2.0,8.0,3.0,31
255.4564971923828,111.3704605102539,22.27409210205078,1000.0,0.0,-0.13333333333333333,0.6,-2.0,9.0,3.0,31
256.463134765625,110.02420043945312,22.004840087890624,1000.0,0.0,-0.13333333333333333,0.6666666666666666,-2.0,10.0,3.0,31
218.57693481445312,73.28702545166016,14.65740509033203,1000.0,0.0,-0.13333333333333333,0.7333333333333333,-2.0,11.0,3.0,31
251.0265655517578,100.68048858642578,20.136097717285157,1000.0,0.0,-0.13333333333333333,0.8,-2.0,12.0,3.0,31
259.7466125488281,101.98878479003906,20.39775695800781,1000.0,0.0,-0.13333333333333333,0.8666666666666667,-2.0,13.0,3.0,31
275.10333251953125,93.58141326904297,18.716282653808594,1000.0,0.0,-0.13333333333333333,0.9333333333333333,-2.0,14.0,3.0,31
291.4851379394531,96.98988342285156,19.397976684570313,1000.0,0.0,-0.13333333333333333,1.0,-2.0,15.0,3.0,31
201.8583221435547,37.22771072387695,7.4455421447753904,1000.0,0.0,-0.06666666666666667,-1.0,-1.0,-15.0,3.0,31
220.71702575683594,51.12870407104492,10.225740814208985,1000.0,0.0,-0.06666666666666667,-0.9333333333333333,-1.0,-14.0,3.0,31
232.03855895996094,45.716190338134766,9.143238067626953,1000.0,0.0,-0.06666666666666667,-0.8666666666666667,-1.0,-13.0,3.0,31
210.53695678710938,31.21967315673828,6.243934631347656,1000.0,0.0,-0.06666666666666667,-0.8,-1.0,-12.0,3.0,31
205.7802276611328,20.11488914489746,4.022977828979492,1000.0,0.0,-0.06666666666666667,-0.7333333333333333,-1.0,-11.0,3.0,31
217.99359130859375,32.658302307128906,6.531660461425782,1000.0,0.0,-0.06666666666666667,-0.6666666666666666,-1.0,-10.0,3.0,31
215.3856201171875,31.26641845703125,6.25328369140625,1000.0,0.0,-0.06666666666666667,-0.6,-1.0,-9.0,3.0,31
202.19781494140625,21.770553588867188,4.3541107177734375,1000.0,0.0,-0.06666666666666667,-0.5333333333333333,-1.0,-8.0,3.0,31
197.92352294921875,24.357460021972656,4.871492004394531,1000.0,0.0,-0.06666666666666667,-0.4666666666666667,-1.0,-7.0,3.0,31
196.38827514648438,25.96845245361328,5.193690490722656,1000.0,0.0,-0.06666666666666667,-0.4,-1.0,-6.0,3.0,31
200.78277587890625,21.74884605407715,4.349769210815429,1000.0,0.0,-0.06666666666666667,-0.3333333333333333,-1.0,-5.0,3.0,31
190.2573699951172,17.308197021484375,3.461639404296875,1000.0,0.0,-0.06666666666666667,-0.26666666666666666,-1.0,-4.0,3.0,31
223.63558959960938,55.284423828125,11.056884765625,1000.0,0.0,-0.06666666666666667,-0.2,-1.0,-3.0,3.0,31
552.84228515625,213.59640502929688,42.71928100585937,1000.0,0.0,-0.06666666666666667,-0.13333333333333333,-1.0,-2.0,3.0,31
963.3074340820312,18.564455032348633,3.7128910064697265,1000.0,0.0,-0.06666666666666667,-0.06666666666666667,-1.0,-1.0,3.0,31
968.9802856445312,23.403675079345703,4.680735015869141,1000.0,0.0,-0.06666666666666667,0.0,-1.0,0.0,3.0,31
942.9258422851562,24.121990203857422,4.824398040771484,1000.0,0.0,-0.06666666666666667,0.06666666666666667,-1.0,1.0,3.0,31
658.4935302734375,179.916015625,35.983203125,1000.0,0.0,-0.06666666666666667,0.13333333333333333,-1.0,2.0,3.0,31
361.1287841796875,175.8287353515625,35.1657470703125,1000.0,0.0,-0.06666666666666667,0.2,-1.0,3.0,3.0,31
311.3306579589844,140.50570678710938,28.101141357421874,1000.0,0.0,-0.06666666666666667,0.26666666666666666,-1.0,4.0,3.0,31
374.1961975097656,81.0443344116211,16.20886688232422,1000.0,0.0,-0.06666666666666667,0.3333333333333333,-1.0,5.0,3.0,31
242.01173400878906,86.14283752441406,17.22856750488281,1000.0,0.0,-0.06666666666666667,0.4,-1.0,6.0,3.0,31
249.64590454101562,117.74102020263672,23.548204040527345,1000.0,0.0,-0.06666666666666667,0.4666666666666667,-1.0,7.0,3.0,31
262.5804443359375,120.56388854980469,24.112777709960938,1000.0,0.0,-0.06666666666666667,0.5333333333333333,-1.0,8.0,3.0,31
282.3572692871094,131.60301208496094,26.320602416992188,1000.0,0.0,-0.06666666666666667,0.6,-1.0,9.0,3.0,31
253.95193481445312,119.94338989257812,23.988677978515625,1000.0,0.0,-0.06666666666666667,0.6666666666666666,-1.0,10.0,3.0,31
267.8127746582031,121.32537841796875,24.26507568359375,1000.0,0.0,-0.06666666666666667,0.7333333333333333,-1.0,11.0,3.0,31
272.9227294921875,102.0718002319336,20.41436004638672,1000.0,0.0,-0.06666666666666667,0.8,-1.0,12.0,3.0,31
289.43707275390625,93.9680404663086,18.793608093261717,1000.0,0.0,-0.06666666666666667,0.8666666666666667,-1.0,13.0,3.0,31
261.7088623046875,92.36360931396484,18.47272186279297,1000.0,0.0,-0.06666666666666667,0.9333333333333333,-1.0,14.0,3.0,31
286.01544189453125,93.86245727539062,18.772491455078125,1000.0,0.0,-0.06666666666666667,1.0,-1.0,15.0,3.0,31
248.84959411621094,57.543113708496094,11.508622741699218,1000.0,0.0,0.0,-1.0,0.0,-15.0,3.0,31
237.72299194335938,55.84138870239258,11.168277740478516,1000.0,0.0,0.0,-0.9333333333333333,0.0,-14.0,3.0,31
258.23785400390625,61.824485778808594,12.364897155761719,1000.0,0.0,0.0,-0.8666666666666667,0.0,-13.0,3.0,31
193.3600616455078,19.99416732788086,3.9988334655761717,1000.0,0.0,0.0,-0.8,0.0,-12.0,3.0,31
192.30523681640625,22.160184860229492,4.432036972045898,1000.0,0.0,0.0,-0.7333333333333333,0.0,-11.0,3.0,31
195.1754913330078,22.53440284729004,4.506880569458008,1000.0,0.0,0.0,-0.6666666666666666,0.0,-10.0,3.0,31
192.96044921875,16.125194549560547,3.2250389099121093,1000.0,0.0,0.0,-0.6,0.0,-9.0,3.0,31
202.45620727539062,20.159440994262695,4.031888198852539,1000.0,0.0,0.0,-0.5333333333333333,0.0,-8.0,3.0,31
186.03297424316406,16.05622100830078,3.2112442016601563,1000.0,0.0,0.0,-0.4666666666666667,0.0,-7.0,3.0,31
186.66558837890625,13.462794303894043,2.6925588607788087,1000.0,0.0,0.0,-0.4,0.0,-6.0,3.0,31
201.4788818359375,45.650455474853516,9.130091094970703,1000.0,0.0,0.0,-0.3333333333333333,0.0,-5.0,3.0,31
234.07078552246094,71.42172241210938,14.284344482421876,1000.0,0.0,0.0,-0.26666666666666666,0.0,-4.0,3.0,31
255.92970275878906,84.5733871459961,16.91467742919922,1000.0,0.0,0.0,-0.2,0.0,-3.0,3.0,31
452.0746154785156,260.38726806640625,52.07745361328125,1000.0,0.0,0.0,-0.13333333333333333,0.0,-2.0,3.0,31
939.2965698242188,158.03965759277344,31.607931518554686,1000.0,0.0,0.0,-0.06666666666666667,0.0,-1.0,3.0,31
980.0176391601562,11.052080154418945,2.2104160308837892,1000.0,0.0,0.0,0.0,0.0,0.0,3.0,31
970.209716796875,18.30965232849121,3.661930465698242,1000.0,0.0,0.0,0.06666666666666667,0.0,1.0,3.0,31
501.2882080078125,213.1623992919922,42.63247985839844,1000.0,0.0,0.0,0.13333333333333333,0.0,2.0,3.0,31
316.90545654296875,153.967529296875,30.793505859375,1000.0,0.0,0.0,0.2,0.0,3.0,3.0,31
276.868896484375,103.25890350341797,20.651780700683595,1000.0,0.0,0.0,0.26666666666666666,0.0,4.0,3.0,31
230.4169921875,63.7972297668457,12.759445953369141,1000.0,0.0,0.0,0.3333333333333333,0.0,5.0,3.0,31
218.0777587890625,62.85036849975586,12.570073699951172,1000.0,0.0,0.0,0.4,0.0,6.0,3.0,31
199.98593139648438,42.14372253417969,8.428744506835937,1000.0,0.0,0.0,0.4666666666666667,0.0,7.0,3.0,31
241.51235961914062,85.83265686035156,17.166531372070313,1000.0,0.0,0.0,0.5333333333333333,0.0,8.0,3.0,31
230.15403747558594,74.2365951538086,14.847319030761719,1000.0,0.0,0.0,0.6,0.0,9.0,3.0,31
289.1425476074219,133.61814880371094,26.723629760742188,1000.0,0.0,0.0,0.6666666666666666,0.0,10.0,3.0,31
275.9240417480469,100.90693664550781,20.18138732910156,1000.0,0.0,0.0,0.7333333333333333,0.0,11.0,3.0,31
264.5410461425781,96.50733947753906,19.301467895507812,1000.0,0.0,0.0,0.8,0.0,12.0,3.0,31
277.5697326660156,97.43451690673828,19.486903381347656,1000.0,0.0,0.0,0.8666666666666667,0.0,13.0,3.0,31
278.5453186035156,93.39258575439453,18.678517150878907,1000.0,0.0,0.0,0.9333333333333333,0.0,14.0,3.0,31
294.5886535644531,95.38261413574219,19.076522827148438,1000.0,0.0,0.0,1.0,0.0,15.0,3.0,31
249.81427001953125,51.36918258666992,10.273836517333985,1000.0,0.0,0.06666666666666667,-1.0,1.0,-15.0,3.0,31
250.3633270263672,54.12425231933594,10.824850463867188,1000.0,0.0,0.06666666666666667,-0.9333333333333333,1.0,-14.0,3.0,31
247.28915405273438,54.90074157714844,10.980148315429688,1000.0,0.0,0.06666666666666667,-0.8666666666666667,1.0,-13.0,3.0,31
248.3821258544922,64.7487564086914,12.949751281738282,1000.0,0.0,0.06666666666666667,-0.8,1.0,-12.0,3.0,31
229.2615966796875,60.48164749145508,12.096329498291016,1000.0,0.0,0.06666666666666667,-0.7333333333333333,1.0,-11.0,3.0,31
199.51414489746094,32.610107421875,6.522021484375,1000.0,0.0,0.06666666666666667,-0.6666666666666666,1.0,-10.0,3.0,31
218.40037536621094,36.210079193115234,7.242015838623047,1000.0,0.0,0.06666666666666667,-0.6,1.0,-9.0,3.0,31
222.2460479736328,41.54718017578125,8.30943603515625,1000.0,0.0,0.06666666666666667,-0.5333333333333333,1.0,-8.0,3.0,31
207.24212646484375,51.92345428466797,10.384690856933593,1000.0,0.0,0.06666666666666667,-0.4666666666666667,1.0,-7.0,3.0,31
218.94117736816406,56.93113327026367,11.386226654052734,1000.0,0.0,0.06666666666666667,-0.4,1.0,-6.0,3.0,31
301.9538879394531,131.255126953125,26.251025390625,1000.0,0.0,0.06666666666666667,-0.3333333333333333,1.0,-5.0,3.0,31
236.7898406982422,60.060848236083984,12.012169647216798,1000.0,0.0,0.06666666666666667,-0.26666666666666666,1.0,-4.0,3.0,31
205.95945739746094,67.8947525024414,13.578950500488281,1000.0,0.0,0.06666666666666667,-0.2,1.0,-3.0,3.0,31
253.7939453125,90.04886627197266,18.00977325439453,1000.0,0.0,0.06666666666666667,-0.13333333333333333,1.0,-2.0,3.0,31
699.1384887695312,269.9379577636719,53.98759155273437,1000.0,0.0,0.06666666666666667,-0.06666666666666667,1.0,-1.0,3.0,31
971.2796020507812,12.143489837646484,2.428697967529297,1000.0,0.0,0.06666666666666667,0.0,1.0,0.0,3.0,31
944.94140625,22.670970916748047,4.5341941833496096,1000.0,0.0,0.06666666666666667,0.06666666666666667,1.0,1.0,3.0,31
304.6484680175781,135.86338806152344,27.17267761230469,1000.0,0.0,0.06666666666666667,0.13333333333333333,1.0,2.0,3.0,31
247.61378479003906,44.627010345458984,8.925402069091797,1000.0,0.0,0.06666666666666667,0.2,1.0,3.0,3.0,31
238.3223114013672,43.83600616455078,8.767201232910157,1000.0,0.0,0.06666666666666667,0.26666666666666666,1.0,4.0,3.0,31
218.6461944580078,37.50590515136719,7.501181030273438,1000.0,0.0,0.06666666666666667,0.3333333333333333,1.0,5.0,3.0,31
220.19931030273438,37.08397674560547,7.416795349121093,1000.0,0.0,0.06666666666666667,0.4,1.0,6.0,3.0,31
200.65951538085938,33.123470306396484,6.624694061279297,1000.0,0.0,0.06666666666666667,0.4666666666666667,1.0,7.0,3.0,31
209.79490661621094,42.007965087890625,8.401593017578126,1000.0,0.0,0.06666666666666667,0.5333333333333333,1.0,8.0,3.0,31
218.67076110839844,52.719993591308594,10.543998718261719,1000.0,0.0,0.06666666666666667,0.6,1.0,9.0,3.0,31
231.16453552246094,78.08258819580078,15.616517639160156,1000.0,0.0,0.06666666666666667,0.6666666666666666,1.0,10.0,3.0,31
273.5018310546875,86.307373046875,17.261474609375,1000.0,0.0,0.06666666666666667,0.7333333333333333,1.0,11.0,3.0,31
257.3826599121094,94.29289245605469,18.858578491210938,1000.0,0.0,0.06666666666666667,0.8,1.0,12.0,3.0,31
281.564453125,94.9946517944336,18.998930358886717,1000.0,0.0,0.06666666666666667,0.8666666666666667,1.0,13.0,3.0,31
309.0854797363281,99.74940490722656,19.94988098144531,1000.0,0.0,0.06666666666666667,0.9333333333333333,1.0,14.0,3.0,31
273.24176025390625,106.80833435058594,21.361666870117187,1000.0,0.0,0.06666666666666667,1.0,1.0,15.0,3.0,31
252.7808074951172,56.774662017822266,11.354932403564453,1000.0,0.0,0.13333333333333333,-1.0,2.0,-15.0,3.0,31
246.67425537109375,58.48189163208008,11.696378326416015,1000.0,0.0,0.13333333333333333,-0.9333333333333333,2.0,-14.0,3.0,31
240.92654418945312,63.979129791259766,12.795825958251953,1000.0,0.0,0.13333333333333333,-0.8666666666666667,2.0,-13.0,3.0,31
245.5359344482422,65.55762481689453,13.111524963378907,1000.0,0.0,0.13333333333333333,-0.8,2.0,-12.0,3.0,31
228.76881408691406,59.27055740356445,11.854111480712891,1000.0,0.0,0.13333333333333333,-0.7333333333333333,2.0,-11.0,3.0,31
252.90310668945312,43.79081344604492,8.758162689208984,1000.0,0.0,0.13333333333333333,-0.6666666666666666,2.0,-10.0,3.0,31
231.4003448486328,36.345252990722656,7.269050598144531,1000.0,0.0,0.13333333333333333,-0.6,2.0,-9.0,3.0,31
202.60565185546875,27.49420166015625,5.49884033203125,1000.0,0.0,0.13333333333333333,-0.5333333333333333,2.0,-8.0,3.0,31
197.98504638671875,22.63182258605957,4.526364517211914,1000.0,0.0,0.13333333333333333,-0.4666666666666667,2.0,-7.0,3.0,31
184.5463104248047,13.56982707977295,2.71396541595459,1000.0,0.0,0.13333333333333333,-0.4,2.0,-6.0,3.0,31
192.84596252441406,31.947662353515625,6.389532470703125,1000.0,0.0,0.13333333333333333,-0.3333333333333333,2.0,-5.0,3.0,31
194.05091857910156,57.821144104003906,11.564228820800782,1000.0,0.0,0.13333333333333333,-0.26666666666666666,2.0,-4.0,3.0,31
194.71890258789062,46.85017776489258,9.370035552978516,1000.0,0.0,0.13333333333333333,-0.2,2.0,-3.0,3.0,31
222.5633544921875,86.00145721435547,17.200291442871094,1000.0,0.0,0.13333333333333333,-0.13333333333333333,2.0,-2.0,3.0,31
287.1653137207031,140.4813995361328,28.096279907226563,1000.0,0.0,0.13333333333333333,-0.06666666666666667,2.0,-1.0,3.0,31
567.1065673828125,252.11265563964844,50.42253112792969,1000.0,0.0,0.13333333333333333,0.0,2.0,0.0,3.0,31
762.3231201171875,166.2434844970703,33.248696899414064,1000.0,0.0,0.13333333333333333,0.06666666666666667,2.0,1.0,3.0,31
347.46875,140.3324737548828,28.066494750976563,1000.0,0.0,0.13333333333333333,0.13333333333333333,2.0,2.0,3.0,31
239.783203125,54.01961898803711,10.803923797607421,1000.0,0.0,0.13333333333333333,0.2,2.0,3.0,3.0,31
257.2467041015625,58.99986267089844,11.799972534179688,1000.0,0.0,0.13333333333333333,0.26666666666666666,2.0,4.0,3.0,31
209.36758422851562,28.534191131591797,5.706838226318359,1000.0,0.0,0.13333333333333333,0.3333333333333333,2.0,5.0,3.0,31
202.80929565429688,36.21656799316406,7.243313598632812,1000.0,0.0,0.13333333333333333,0.4,2.0,6.0,3.0,31
202.59283447265625,26.022869110107422,5.2045738220214846,1000.0,0.0,0.13333333333333333,0.4666666666666667,2.0,7.0,3.0,31
234.7176971435547,67.22157287597656,13.444314575195312,1000.0,0.0,0.13333333333333333,0.5333333333333333,2.0,8.0,3.0,31
243.6079559326172,68.48534393310547,13.697068786621093,1000.0,0.0,0.13333333333333333,0.6,2.0,9.0,3.0,31
241.8754425048828,74.34326171875,14.86865234375,1000.0,0.0,0.13333333333333333,0.6666666666666666,2.0,10.0,3.0,31
252.6778564453125,99.87452697753906,19.97490539550781,1000.0,0.0,0.13333333333333333,0.7333333333333333,2.0,11.0,3.0,31
257.7237854003906,76.643310546875,15.328662109375,1000.0,0.0,0.13333333333333333,0.8,2.0,12.0,3.0,31
258.8227844238281,89.5882797241211,17.91765594482422,1000.0,0.0,0.13333333333333333,0.8666666666666667,2.0,13.0,3.0,31
278.20074462890625,89.86024475097656,17.972048950195312,1000.0,0.0,0.13333333333333333,0.9333333333333333,2.0,14.0,3.0,31
315.1409912109375,93.63411712646484,18.72682342529297,1000.0,0.0,0.13333333333333333,1.0,2.0,15.0,3.0,31
246.75650024414062,65.15552520751953,13.031105041503906,1000.0,0.0,0.2,-1.0,3.0,-15.0,3.0,31
260.2227478027344,68.42539978027344,13.685079956054688,1000.0,0.0,0.2,-0.9333333333333333,3.0,-14.0,3.0,31
252.32374572753906,61.82666015625,12.36533203125,1000.0,0.0,0.2,-0.8666666666666667,3.0,-13.0,3.0,31
238.27987670898438,65.64208984375,13.12841796875,1000.0,0.0,0.2,-0.8,3.0,-12.0,3.0,31
238.79624938964844,58.89342498779297,11.778684997558594,1000.0,0.0,0.2,-0.7333333333333333,3.0,-11.0,3.0,31
199.06080627441406,35.560909271240234,7.112181854248047,1000.0,0.0,0.2,-0.6666666666666666,3.0,-10.0,3.0,31
199.6943359375,31.949914932250977,6.389982986450195,1000.0,0.0,0.2,-0.6,3.0,-9.0,3.0,31
185.84202575683594,17.51384162902832,3.502768325805664,1000.0,0.0,0.2,-0.5333333333333333,3.0,-8.0,3.0,31
213.99826049804688,30.067216873168945,6.013443374633789,1000.0,0.0,0.2,-0.4666666666666667,3.0,-7.0,3.0,31
216.0880889892578,46.72385787963867,9.344771575927734,1000.0,0.0,0.2,-0.4,3.0,-6.0,3.0,31
193.6565399169922,24.28089714050293,4.856179428100586,1000.0,0.0,0.2,-0.3333333333333333,3.0,-5.0,3.0,31
184.9271240234375,17.666316986083984,3.533263397216797,1000.0,0.0,0.2,-0.26666666666666666,3.0,-4.0,3.0,31
186.78485107421875,20.675582885742188,4.1351165771484375,1000.0,0.0,0.2,-0.2,3.0,-3.0,3.0,31
226.47462463378906,34.6912727355957,6.938254547119141,1000.0,0.0,0.2,-0.13333333333333333,3.0,-2.0,3.0,31
210.84324645996094,44.2437744140625,8.8487548828125,1000.0,0.0,0.2,-0.06666666666666667,3.0,-1.0,3.0,31
253.52801513671875,98.67852783203125,19.73570556640625,1000.0,0.0,0.2,0.0,3.0,0.0,3.0,31
355.5181579589844,190.77516174316406,38.155032348632815,1000.0,0.0,0.2,0.06666666666666667,3.0,1.0,3.0,31
324.2183532714844,95.40884399414062,19.081768798828126,1000.0,0.0,0.2,0.13333333333333333,3.0,2.0,3.0,31
263.5539855957031,67.62169647216797,13.524339294433593,1000.0,0.0,0.2,0.2,3.0,3.0,3.0,31
224.96896362304688,39.04832458496094,7.809664916992188,1000.0,0.0,0.2,0.26666666666666666,3.0,4.0,3.0,31
236.60597229003906,65.25122833251953,13.050245666503907,1000.0,0.0,0.2,0.3333333333333333,3.0,5.0,3.0,31
244.89520263671875,68.48819732666016,13.697639465332031,1000.0,0.0,0.2,0.4,3.0,6.0,3.0,31
210.00357055664062,45.72249984741211,9.144499969482421,1000.0,0.0,0.2,0.4666666666666667,3.0,7.0,3.0,31
220.37432861328125,51.935543060302734,10.387108612060548,1000.0,0.0,0.2,0.5333333333333333,3.0,8.0,3.0,31
226.91336059570312,46.4960823059082,9.29921646118164,1000.0,0.0,0.2,0.6,3.0,9.0,3.0,31
228.6934051513672,45.57795715332031,9.115591430664063,1000.0,0.0,0.2,0.6666666666666666,3.0,10.0,3.0,31
227.38272094726562,50.60886001586914,10.121772003173827,1000.0,0.0,0.2,0.7333333333333333,3.0,11.0,3.0,31
214.07437133789062,46.96816635131836,9.393633270263672,1000.0,0.0,0.2,0.8,3.0,12.0,3.0,31
204.3672637939453,44.210227966308594,8.84204559326172,1000.0,0.0,0.2,0.8666666666666667,3.0,13.0,3.0,31
213.91189575195312,52.940330505371094,10.588066101074219,1000.0,0.0,0.2,0.9333333333333333,3.0,14.0,3.0,31
304.2509460449219,86.6363754272461,17.32727508544922,1000.0,0.0,0.2,1.0,3.0,15.0,3.0,31
228.54624938964844,51.61582565307617,10.323165130615234,1000.0,0.0,0.26666666666666666,-1.0,4.0,-15.0,3.0,31
227.01092529296875,51.143245697021484,10.228649139404297,1000.0,0.0,0.26666666666666666,-0.9333333333333333,4.0,-14.0,3.0,31
230.74708557128906,52.2939567565918,10.458791351318359,1000.0,0.0,0.26666666666666666,-0.8666666666666667,4.0,-13.0,3.0,31
238.5526580810547,60.697166442871094,12.139433288574219,1000.0,0.0,0.26666666666666666,-0.8,4.0,-12.0,3.0,31
216.95037841796875,48.012908935546875,9.602581787109376,1000.0,0.0,0.26666666666666666,-0.7333333333333333,4.0,-11.0,3.0,31
208.17112731933594,46.645545959472656,9.329109191894531,1000.0,0.0,0.26666666666666666,-0.6666666666666666,4.0,-10.0,3.0,31
213.54653930664062,44.46506118774414,8.893012237548827,1000.0,0.0,0.26666666666666666,-0.6,4.0,-9.0,3.0,31
195.77952575683594,19.84624671936035,3.9692493438720704,1000.0,0.0,0.26666666666666666,-0.5333333333333333,4.0,-8.0,3.0,31
194.9210205078125,23.863309860229492,4.772661972045898,1000.0,0.0,0.26666666666666666,-0.4666666666666667,4.0,-7.0,3.0,31
182.91456604003906,13.171658515930176,2.634331703186035,1000.0,0.0,0.26666666666666666,-0.4,4.0,-6.0,3.0,31
179.81251525878906,12.091501235961914,2.418300247192383,1000.0,0.0,0.26666666666666666,-0.3333333333333333,4.0,-5.0,3.0,31
182.42822265625,16.643251419067383,3.3286502838134764,1000.0,0.0,0.26666666666666666,-0.26666666666666666,4.0,-4.0,3.0,31
189.6790008544922,22.91358757019043,4.582717514038086,1000.0,0.0,0.26666666666666666,-0.2,4.0,-3.0,3.0,31
210.39605712890625,40.15977478027344,8.031954956054687,1000.0,0.0,0.26666666666666666,-0.13333333333333333,4.0,-2.0,3.0,31
217.17921447753906,42.20677947998047,8.441355895996093,1000.0,0.0,0.26666666666666666,-0.06666666666666667,4.0,-1.0,3.0,31
212.3396453857422,44.17959976196289,8.835919952392578,1000.0,0.0,0.26666666666666666,0.0,4.0,0.0,3.0,31
257.76593017578125,86.48406982421875,17.29681396484375,1000.0,0.0,0.26666666666666666,0.06666666666666667,4.0,1.0,3.0,31
386.3211669921875,166.7730255126953,33.35460510253906,1000.0,0.0,0.26666666666666666,0.13333333333333333,4.0,2.0,3.0,31
302.56524658203125,150.2988739013672,30.059774780273436,1000.0,0.0,0.26666666666666666,0.2,4.0,3.0,3.0,31
221.7855224609375,63.65635681152344,12.731271362304687,1000.0,0.0,0.26666666666666666,0.26666666666666666,4.0,4.0,3.0,31
228.87686157226562,57.07836151123047,11.415672302246094,1000.0,0.0,0.26666666666666666,0.3333333333333333,4.0,5.0,3.0,31
256.8684387207031,97.68083953857422,19.536167907714844,1000.0,0.0,0.26666666666666666,0.4,4.0,6.0,3.0,31
289.18408203125,98.9346694946289,19.78693389892578,1000.0,0.0,0.26666666666666666,0.4666666666666667,4.0,7.0,3.0,31
270.8136291503906,70.77130126953125,14.15426025390625,1000.0,0.0,0.26666666666666666,0.5333333333333333,4.0,8.0,3.0,31
221.38987731933594,32.27791213989258,6.4555824279785154,1000.0,0.0,0.26666666666666666,0.6,4.0,9.0,3.0,31
224.23037719726562,46.1490478515625,9.2298095703125,1000.0,0.0,0.26666666666666666,0.6666666666666666,4.0,10.0,3.0,31
205.88441467285156,47.904510498046875,9.580902099609375,1000.0,0.0,0.26666666666666666,0.7333333333333333,4.0,11.0,3.0,31
211.63217163085938,42.677894592285156,8.53557891845703,1000.0,0.0,0.26666666666666666,0.8,4.0,12.0,3.0,31
216.7000732421875,50.220367431640625,10.044073486328125,1000.0,0.0,0.26666666666666666,0.8666666666666667,4.0,13.0,3.0,31
209.94732666015625,60.07904052734375,12.01580810546875,1000.0,0.0,0.26666666666666666,0.9333333333333333,4.0,14.0,3.0,31
250.02406311035156,79.22567749023438,15.845135498046876,1000.0,0.0,0.26666666666666666,1.0,4.0,15.0,3.0,31
226.4119110107422,55.03401565551758,11.006803131103515,1000.0,0.0,0.3333333333333333,-1.0,5.0,-15.0,3.0,31
222.36190795898438,51.593597412109375,10.318719482421875,1000.0,0.0,0.3333333333333333,-0.9333333333333333,5.0,-14.0,3.0,31
204.43136596679688,43.105979919433594,8.621195983886718,1000.0,0.0,0.3333333333333333,-0.8666666666666667,5.0,-13.0,3.0,31
219.56488037109375,53.737327575683594,10.747465515136719,1000.0,0.0,0.3333333333333333,-0.8,5.0,-12.0,3.0,31
210.9489288330078,43.36358642578125,8.67271728515625,1000.0,0.0,0.3333333333333333,-0.7333333333333333,5.0,-11.0,3.0,31
221.5830078125,58.67607498168945,11.735214996337891,1000.0,0.0,0.3333333333333333,-0.6666666666666666,5.0,-10.0,3.0,31
221.3878936767578,48.20109939575195,9.64021987915039,1000.0,0.0,0.3333333333333333,-0.6,5.0,-9.0,3.0,31
205.39947509765625,36.01331329345703,7.202662658691406,1000.0,0.0,0.3333333333333333,-0.5333333333333333,5.0,-8.0,3.0,31
182.08070373535156,13.400166511535645,2.680033302307129,1000.0,0.0,0.3333333333333333,-0.4666666666666667,5.0,-7.0,3.0,31
176.53318786621094,10.288633346557617,2.0577266693115233,1000.0,0.0,0.3333333333333333,-0.4,5.0,-6.0,3.0,31
177.4610595703125,11.042925834655762,2.2085851669311523,1000.0,0.0,0.3333333333333333,-0.3333333333333333,5.0,-5.0,3.0,31
191.2742919921875,24.954261779785156,4.990852355957031,1000.0,0.0,0.3333333333333333,-0.26666666666666666,5.0,-4.0,3.0,31
191.11700439453125,24.79347038269043,4.958694076538086,1000.0,0.0,0.3333333333333333,-0.2,5.0,-3.0,3.0,31
201.1645050048828,44.2794303894043,8.855886077880859,1000.0,0.0,0.3333333333333333,-0.13333333333333333,5.0,-2.0,3.0,31
204.4130859375,52.654640197753906,10.530928039550782,1000.0,0.0,0.3333333333333333,-0.06666666666666667,5.0,-1.0,3.0,31
204.69558715820312,41.969547271728516,8.393909454345703,1000.0,0.0,0.3333333333333333,0.0,5.0,0.0,3.0,31
208.6515655517578,31.64276695251465,6.32855339050293,1000.0,0.0,0.3333333333333333,0.06666666666666667,5.0,1.0,3.0,31
359.2222900390625,119.46231842041016,23.89246368408203,1000.0,0.0,0.3333333333333333,0.13333333333333333,5.0,2.0,3.0,31
348.902099609375,144.16717529296875,28.83343505859375,1000.0,0.0,0.3333333333333333,0.2,5.0,3.0,3.0,31
299.0507507324219,121.23701477050781,24.247402954101563,1000.0,0.0,0.3333333333333333,0.26666666666666666,5.0,4.0,3.0,31
288.0600891113281,113.53327941894531,22.70665588378906,1000.0,0.0,0.3333333333333333,0.3333333333333333,5.0,5.0,3.0,31
288.0342102050781,92.72998046875,18.54599609375,1000.0,0.0,0.3333333333333333,0.4,5.0,6.0,3.0,31
317.94256591796875,87.72188568115234,17.54437713623047,1000.0,0.0,0.3333333333333333,0.4666666666666667,5.0,7.0,3.0,31
295.03240966796875,80.43628692626953,16.087257385253906,1000.0,0.0,0.3333333333333333,0.5333333333333333,5.0,8.0,3.0,31
231.3004150390625,68.23006439208984,13.646012878417968,1000.0,0.0,0.3333333333333333,0.6,5.0,9.0,3.0,31
225.54632568359375,71.82437896728516,14.364875793457031,1000.0,0.0,0.3333333333333333,0.6666666666666666,5.0,10.0,3.0,31
213.20474243164062,62.23746109008789,12.447492218017578,1000.0,0.0,0.3333333333333333,0.7333333333333333,5.0,11.0,3.0,31
214.56495666503906,47.24649429321289,9.449298858642578,1000.0,0.0,0.3333333333333333,0.8,5.0,12.0,3.0,31
208.99708557128906,42.14679718017578,8.429359436035156,1000.0,0.0,0.3333333333333333,0.8666666666666667,5.0,13.0,3.0,31
207.52191162109375,39.5135498046875,7.9027099609375,1000.0,0.0,0.3333333333333333,0.9333333333333333,5.0,14.0,3.0,31
227.60284423828125,61.23554611206055,12.24710922241211,1000.0,0.0,0.3333333333333333,1.0,5.0,15.0,3.0,31
227.1544952392578,59.14026641845703,11.828053283691407,1000.0,0.0,0.4,-1.0,6.0,-15.0,3.0,31
216.40773010253906,50.241615295410156,10.048323059082032,1000.0,0.0,0.4,-0.9333333333333333,6.0,-14.0,3.0,31
211.6229705810547,41.986976623535156,8.39739532470703,1000.0,0.0,0.4,-0.8666666666666667,6.0,-13.0,3.0,31
206.4224395751953,44.43232345581055,8.886464691162109,1000.0,0.0,0.4,-0.8,6.0,-12.0,3.0,31
203.9596710205078,38.4061279296875,7.6812255859375,1000.0,0.0,0.4,-0.7333333333333333,6.0,-11.0,3.0,31
227.05703735351562,58.07674789428711,11.615349578857423,1000.0,0.0,0.4,-0.6666666666666666,6.0,-10.0,3.0,31
215.09042358398438,61.67399597167969,12.334799194335938,1000.0,0.0,0.4,-0.6,6.0,-9.0,3.0,31
187.18992614746094,27.95332145690918,5.590664291381836,1000.0,0.0,0.4,-0.5333333333333333,6.0,-8.0,3.0,31
180.49810791015625,14.624504089355469,2.9249008178710936,1000.0,0.0,0.4,-0.4666666666666667,6.0,-7.0,3.0,31
192.81639099121094,30.383621215820312,6.076724243164063,1000.0,0.0,0.4,-0.4,6.0,-6.0,3.0,31
199.5070343017578,31.602079391479492,6.320415878295899,1000.0,0.0,0.4,-0.3333333333333333,6.0,-5.0,3.0,31
206.7429656982422,34.31964111328125,6.86392822265625,1000.0,0.0,0.4,-0.26666666666666666,6.0,-4.0,3.0,31
207.30601501464844,32.94320297241211,6.588640594482422,1000.0,0.0,0.4,-0.2,6.0,-3.0,3.0,31
207.48220825195312,43.574771881103516,8.714954376220703,1000.0,0.0,0.4,-0.13333333333333333,6.0,-2.0,3.0,31
200.77081298828125,37.52335739135742,7.504671478271485,1000.0,0.0,0.4,-0.06666666666666667,6.0,-1.0,3.0,31
219.22181701660156,59.176368713378906,11.835273742675781,1000.0,0.0,0.4,0.0,6.0,0.0,3.0,31
201.02755737304688,26.19451332092285,5.23890266418457,1000.0,0.0,0.4,0.06666666666666667,6.0,1.0,3.0,31
215.53367614746094,38.19040298461914,7.638080596923828,1000.0,0.0,0.4,0.13333333333333333,6.0,2.0,3.0,31
293.1982421875,96.79605102539062,19.359210205078124,1000.0,0.0,0.4,0.2,6.0,3.0,3.0,31
290.76141357421875,117.63864135742188,23.527728271484374,1000.0,0.0,0.4,0.26666666666666666,6.0,4.0,3.0,31
316.5272216796875,92.77928161621094,18.55585632324219,1000.0,0.0,0.4,0.3333333333333333,6.0,5.0,3.0,31
356.01812744140625,82.39987182617188,16.479974365234376,1000.0,0.0,0.4,0.4,6.0,6.0,3.0,31
345.82574462890625,75.88465881347656,15.176931762695313,1000.0,0.0,0.4,0.4666666666666667,6.0,7.0,3.0,31
295.41265869140625,92.67211151123047,18.534422302246092,1000.0,0.0,0.4,0.5333333333333333,6.0,8.0,3.0,31
278.0233154296875,102.78462219238281,20.556924438476564,1000.0,0.0,0.4,0.6,6.0,9.0,3.0,31
214.75460815429688,62.87759780883789,12.575519561767578,1000.0,0.0,0.4,0.6666666666666666,6.0,10.0,3.0,31
225.9226531982422,61.472198486328125,12.294439697265625,1000.0,0.0,0.4,0.7333333333333333,6.0,11.0,3.0,31
234.13934326171875,78.30815887451172,15.661631774902343,1000.0,0.0,0.4,0.8,6.0,12.0,3.0,31
244.65225219726562,74.12895202636719,14.825790405273438,1000.0,0.0,0.4,0.8666666666666667,6.0,13.0,3.0,31
211.5217742919922,42.12492752075195,8.42498550415039,1000.0,0.0,0.4,0.9333333333333333,6.0,14.0,3.0,31
231.0364227294922,56.893226623535156,11.378645324707032,1000.0,0.0,0.4,1.0,6.0,15.0,3.0,31
258.0638732910156,28.595489501953125,5.719097900390625,1000.0,0.0,0.4666666666666667,-1.0,7.0,-15.0,3.0,31
216.51528930664062,39.571617126464844,7.914323425292968,1000.0,0.0,0.4666666666666667,-0.9333333333333333,7.0,-14.0,3.0,31
216.3635711669922,49.248435974121094,9.849687194824218,1000.0,0.0,0.4666666666666667,-0.8666666666666667,7.0,-13.0,3.0,31
206.97186279296875,42.7591438293457,8.551828765869141,1000.0,0.0,0.4666666666666667,-0.8,7.0,-12.0,3.0,31
210.38983154296875,43.88159942626953,8.776319885253907,1000.0,0.0,0.4666666666666667,-0.7333333333333333,7.0,-11.0,3.0,31
223.8222198486328,68.56450653076172,13.712901306152343,1000.0,0.0,0.4666666666666667,-0.6666666666666666,7.0,-10.0,3.0,31
188.61190795898438,23.928543090820312,4.785708618164063,1000.0,0.0,0.4666666666666667,-0.6,7.0,-9.0,3.0,31
180.24838256835938,13.562783241271973,2.7125566482543944,1000.0,0.0,0.4666666666666667,-0.5333333333333333,7.0,-8.0,3.0,31
190.8553924560547,26.582660675048828,5.316532135009766,1000.0,0.0,0.4666666666666667,-0.4666666666666667,7.0,-7.0,3.0,31
185.16680908203125,18.558887481689453,3.7117774963378904,1000.0,0.0,0.4666666666666667,-0.4,7.0,-6.0,3.0,31
188.89781188964844,20.785804748535156,4.157160949707031,1000.0,0.0,0.4666666666666667,-0.3333333333333333,7.0,-5.0,3.0,31
182.0267333984375,12.63492202758789,2.5269844055175783,1000.0,0.0,0.4666666666666667,-0.26666666666666666,7.0,-4.0,3.0,31
187.9140625,17.91908836364746,3.5838176727294924,1000.0,0.0,0.4666666666666667,-0.2,7.0,-3.0,3.0,31
179.9588623046875,13.908679962158203,2.7817359924316407,1000.0,0.0,0.4666666666666667,-0.13333333333333333,7.0,-2.0,3.0,31
191.28573608398438,21.8203067779541,4.36406135559082,1000.0,0.0,0.4666666666666667,-0.06666666666666667,7.0,-1.0,3.0,31
208.4048309326172,47.77660369873047,9.555320739746094,1000.0,0.0,0.4666666666666667,0.0,7.0,0.0,3.0,31
210.6820831298828,36.84465408325195,7.368930816650391,1000.0,0.0,0.4666666666666667,0.06666666666666667,7.0,1.0,3.0,31
202.2326202392578,34.93693542480469,6.987387084960938,1000.0,0.0,0.4666666666666667,0.13333333333333333,7.0,2.0,3.0,31
233.26129150390625,67.69503784179688,13.539007568359375,1000.0,0.0,0.4666666666666667,0.2,7.0,3.0,3.0,31
234.8876190185547,49.99941635131836,9.999883270263672,1000.0,0.0,0.4666666666666667,0.26666666666666666,7.0,4.0,3.0,31
338.1626281738281,83.81654357910156,16.763308715820312,1000.0,0.0,0.4666666666666667,0.3333333333333333,7.0,5.0,3.0,31
401.40155029296875,48.50075912475586,9.700151824951172,1000.0,0.0,0.4666666666666667,0.4,7.0,6.0,3.0,31
303.1555480957031,81.67620849609375,16.33524169921875,1000.0,0.0,0.4666666666666667,0.4666666666666667,7.0,7.0,3.0,31
295.1954040527344,99.57262420654297,19.914524841308594,1000.0,0.0,0.4666666666666667,0.5333333333333333,7.0,8.0,3.0,31
290.82470703125,102.98725891113281,20.597451782226564,1000.0,0.0,0.4666666666666667,0.6,7.0,9.0,3.0,31
266.391845703125,96.22918701171875,19.24583740234375,1000.0,0.0,0.4666666666666667,0.6666666666666666,7.0,10.0,3.0,31
273.1116638183594,111.97020721435547,22.394041442871092,1000.0,0.0,0.4666666666666667,0.7333333333333333,7.0,11.0,3.0,31
257.55096435546875,103.30987548828125,20.66197509765625,1000.0,0.0,0.4666666666666667,0.8,7.0,12.0,3.0,31
243.6701202392578,95.57872772216797,19.115745544433594,1000.0,0.0,0.4666666666666667,0.8666666666666667,7.0,13.0,3.0,31
234.51361083984375,92.63207244873047,18.526414489746095,1000.0,0.0,0.4666666666666667,0.9333333333333333,7.0,14.0,3.0,31
234.76499938964844,60.957969665527344,12.19159393310547,1000.0,0.0,0.4666666666666667,1.0,7.0,15.0,3.0,31
248.6725616455078,24.38433074951172,4.876866149902344,1000.0,0.0,0.5333333333333333,-1.0,8.0,-15.0,3.0,31
234.08941650390625,43.95472717285156,8.790945434570313,1000.0,0.0,0.5333333333333333,-0.9333333333333333,8.0,-14.0,3.0,31
222.50302124023438,60.20897674560547,12.041795349121093,1000.0,0.0,0.5333333333333333,-0.8666666666666667,8.0,-13.0,3.0,31
226.71070861816406,63.94566345214844,12.789132690429687,1000.0,0.0,0.5333333333333333,-0.8,8.0,-12.0,3.0,31
204.90390014648438,54.431575775146484,10.886315155029298,1000.0,0.0,0.5333333333333333,-0.7333333333333333,8.0,-11.0,3.0,31
199.74099731445312,44.20836639404297,8.841673278808594,1000.0,0.0,0.5333333333333333,-0.6666666666666666,8.0,-10.0,3.0,31
194.44058227539062,36.726341247558594,7.345268249511719,1000.0,0.0,0.5333333333333333,-0.6,8.0,-9.0,3.0,31
193.34451293945312,28.16966438293457,5.633932876586914,1000.0,0.0,0.5333333333333333,-0.5333333333333333,8.0,-8.0,3.0,31
184.45816040039062,14.645957946777344,2.9291915893554688,1000.0,0.0,0.5333333333333333,-0.4666666666666667,8.0,-7.0,3.0,31
182.5621337890625,13.197132110595703,2.639426422119141,1000.0,0.0,0.5333333333333333,-0.4,8.0,-6.0,3.0,31
181.7890167236328,11.740124702453613,2.3480249404907227,1000.0,0.0,0.5333333333333333,-0.3333333333333333,8.0,-5.0,3.0,31
180.43447875976562,11.43396282196045,2.2867925643920897,1000.0,0.0,0.5333333333333333,-0.26666666666666666,8.0,-4.0,3.0,31
179.7314910888672,9.285512924194336,1.8571025848388671,1000.0,0.0,0.5333333333333333,-0.2,8.0,-3.0,3.0,31
176.4335174560547,7.012410640716553,1.4024821281433106,1000.0,0.0,0.5333333333333333,-0.13333333333333333,8.0,-2.0,3.0,31
185.34519958496094,14.823233604431152,2.9646467208862304,1000.0,0.0,0.5333333333333333,-0.06666666666666667,8.0,-1.0,3.0,31
196.56178283691406,23.450014114379883,4.690002822875977,1000.0,0.0,0.5333333333333333,0.0,8.0,0.0,3.0,31
202.09011840820312,37.70465850830078,7.540931701660156,1000.0,0.0,0.5333333333333333,0.06666666666666667,8.0,1.0,3.0,31
205.1103515625,38.64536666870117,7.729073333740234,1000.0,0.0,0.5333333333333333,0.13333333333333333,8.0,2.0,3.0,31
210.3049774169922,57.52008056640625,11.50401611328125,1000.0,0.0,0.5333333333333333,0.2,8.0,3.0,3.0,31
222.90554809570312,57.83733367919922,11.567466735839844,1000.0,0.0,0.5333333333333333,0.26666666666666666,8.0,4.0,3.0,31
276.0840759277344,66.0842056274414,13.216841125488282,1000.0,0.0,0.5333333333333333,0.3333333333333333,8.0,5.0,3.0,31
347.0604553222656,47.31644821166992,9.463289642333985,1000.0,0.0,0.5333333333333333,0.4,8.0,6.0,3.0,31
317.0409240722656,72.79876708984375,14.55975341796875,1000.0,0.0,0.5333333333333333,0.4666666666666667,8.0,7.0,3.0,31
320.3779602050781,94.20804595947266,18.84160919189453,1000.0,0.0,0.5333333333333333,0.5333333333333333,8.0,8.0,3.0,31
304.1756591796875,104.52010345458984,20.904020690917967,1000.0,0.0,0.5333333333333333,0.6,8.0,9.0,3.0,31
292.4488220214844,115.55807495117188,23.111614990234376,1000.0,0.0,0.5333333333333333,0.6666666666666666,8.0,10.0,3.0,31
245.1630859375,108.68303680419922,21.736607360839844,1000.0,0.0,0.5333333333333333,0.7333333333333333,8.0,11.0,3.0,31
237.83139038085938,68.1595687866211,13.631913757324218,1000.0,0.0,0.5333333333333333,0.8,8.0,12.0,3.0,31
236.7423858642578,83.30193328857422,16.660386657714845,1000.0,0.0,0.5333333333333333,0.8666666666666667,8.0,13.0,3.0,31
273.3278503417969,100.2006607055664,20.040132141113283,1000.0,0.0,0.5333333333333333,0.9333333333333333,8.0,14.0,3.0,31
285.3345642089844,82.8047866821289,16.56095733642578,1000.0,0.0,0.5333333333333333,1.0,8.0,15.0,3.0,31
234.15240478515625,41.00487518310547,8.200975036621093,1000.0,0.0,0.6,-1.0,9.0,-15.0,3.0,31
233.82252502441406,71.45439147949219,14.290878295898438,1000.0,0.0,0.6,-0.9333333333333333,9.0,-14.0,3.0,31
228.49188232421875,65.60320281982422,13.120640563964844,1000.0,0.0,0.6,-0.8666666666666667,9.0,-13.0,3.0,31
218.47315979003906,64.62590026855469,12.925180053710937,1000.0,0.0,0.6,-0.8,9.0,-12.0,3.0,31
210.33644104003906,60.01645278930664,12.003290557861328,1000.0,0.0,0.6,-0.7333333333333333,9.0,-11.0,3.0,31
198.3406982421875,46.05891418457031,9.211782836914063,1000.0,0.0,0.6,-0.6666666666666666,9.0,-10.0,3.0,31
203.8433074951172,44.39950942993164,8.879901885986328,1000.0,0.0,0.6,-0.6,9.0,-9.0,3.0,31
188.55064392089844,21.69068717956543,4.338137435913086,1000.0,0.0,0.6,-0.5333333333333333,9.0,-8.0,3.0,31
177.5244598388672,11.2942476272583,2.25884952545166,1000.0,0.0,0.6,-0.4666666666666667,9.0,-7.0,3.0,31
178.77569580078125,11.765589714050293,2.3531179428100586,1000.0,0.0,0.6,-0.4,9.0,-6.0,3.0,31
179.73779296875,8.807385444641113,1.7614770889282227,1000.0,0.0,0.6,-0.3333333333333333,9.0,-5.0,3.0,31
190.5902862548828,21.23579216003418,4.247158432006836,1000.0,0.0,0.6,-0.26666666666666666,9.0,-4.0,3.0,31
185.57203674316406,13.859450340270996,2.771890068054199,1000.0,0.0,0.6,-0.2,9.0,-3.0,3.0,31
186.72056579589844,16.285076141357422,3.2570152282714844,1000.0,0.0,0.6,-0.13333333333333333,9.0,-2.0,3.0,31
189.7265625,19.535058975219727,3.907011795043945,1000.0,0.0,0.6,-0.06666666666666667,9.0,-1.0,3.0,31
184.41322326660156,14.701484680175781,2.940296936035156,1000.0,0.0,0.6,0.0,9.0,0.0,3.0,31
190.9329833984375,22.513437271118164,4.502687454223633,1000.0,0.0,0.6,0.06666666666666667,9.0,1.0,3.0,31
196.02525329589844,39.07762145996094,7.815524291992188,1000.0,0.0,0.6,0.13333333333333333,9.0,2.0,3.0,31
192.99964904785156,26.141305923461914,5.228261184692383,1000.0,0.0,0.6,0.2,9.0,3.0,3.0,31
204.27732849121094,36.52888107299805,7.305776214599609,1000.0,0.0,0.6,0.26666666666666666,9.0,4.0,3.0,31
251.2313995361328,74.56930541992188,14.913861083984376,1000.0,0.0,0.6,0.3333333333333333,9.0,5.0,3.0,31
252.0146942138672,85.94418334960938,17.188836669921876,1000.0,0.0,0.6,0.4,9.0,6.0,3.0,31
323.7972412109375,68.77281951904297,13.754563903808593,1000.0,0.0,0.6,0.4666666666666667,9.0,7.0,3.0,31
326.3901062011719,69.24205780029297,13.848411560058594,1000.0,0.0,0.6,0.5333333333333333,9.0,8.0,3.0,31
364.8265686035156,58.65072250366211,11.730144500732422,1000.0,0.0,0.6,0.6,9.0,9.0,3.0,31
310.9147644042969,94.98552703857422,18.997105407714844,1000.0,0.0,0.6,0.6666666666666666,9.0,10.0,3.0,31
266.169677734375,87.1756362915039,17.43512725830078,1000.0,0.0,0.6,0.7333333333333333,9.0,11.0,3.0,31
235.7003173828125,66.73213958740234,13.346427917480469,1000.0,0.0,0.6,0.8,9.0,12.0,3.0,31
240.7380828857422,79.88693237304688,15.977386474609375,1000.0,0.0,0.6,0.8666666666666667,9.0,13.0,3.0,31
275.8949890136719,102.76602935791016,20.55320587158203,1000.0,0.0,0.6,0.9333333333333333,9.0,14.0,3.0,31
293.927490234375,75.84825134277344,15.169650268554687,1000.0,0.0,0.6,1.0,9.0,15.0,3.0,31
220.77976989746094,64.82011413574219,12.964022827148437,1000.0,0.0,0.6666666666666666,-1.0,10.0,-15.0,3.0,31
223.10421752929688,68.56458282470703,13.712916564941406,1000.0,0.0,0.6666666666666666,-0.9333333333333333,10.0,-14.0,3.0,31
222.2562255859375,72.88269805908203,14.576539611816406,1000.0,0.0,0.6666666666666666,-0.8666666666666667,10.0,-13.0,3.0,31
210.67303466796875,61.732906341552734,12.346581268310548,1000.0,0.0,0.6666666666666666,-0.8,10.0,-12.0,3.0,31
205.0927276611328,47.059471130371094,9.411894226074219,1000.0,0.0,0.6666666666666666,-0.7333333333333333,10.0,-11.0,3.0,31
210.69944763183594,55.21979522705078,11.043959045410157,1000.0,0.0,0.6666666666666666,-0.6666666666666666,10.0,-10.0,3.0,31
200.65924072265625,32.623390197753906,6.524678039550781,1000.0,0.0,0.6666666666666666,-0.6,10.0,-9.0,3.0,31
180.30050659179688,12.527425765991211,2.5054851531982423,1000.0,0.0,0.6666666666666666,-0.5333333333333333,10.0,-8.0,3.0,31
177.67984008789062,11.941462516784668,2.3882925033569338,1000.0,0.0,0.6666666666666666,-0.4666666666666667,10.0,-7.0,3.0,31
186.4299774169922,15.3712739944458,3.07425479888916,1000.0,0.0,0.6666666666666666,-0.4,10.0,-6.0,3.0,31
184.2400360107422,14.483592987060547,2.8967185974121095,1000.0,0.0,0.6666666666666666,-0.3333333333333333,10.0,-5.0,3.0,31
193.8793487548828,22.340587615966797,4.468117523193359,1000.0,0.0,0.6666666666666666,-0.26666666666666666,10.0,-4.0,3.0,31
192.47056579589844,20.209835052490234,4.0419670104980465,1000.0,0.0,0.6666666666666666,-0.2,10.0,-3.0,3.0,31
183.1934051513672,14.152419090270996,2.830483818054199,1000.0,0.0,0.6666666666666666,-0.13333333333333333,10.0,-2.0,3.0,31
194.7240447998047,22.004531860351562,4.400906372070312,1000.0,0.0,0.6666666666666666,-0.06666666666666667,10.0,-1.0,3.0,31
180.19461059570312,8.69184684753418,1.7383693695068358,1000.0,0.0,0.6666666666666666,0.0,10.0,0.0,3.0,31
180.53823852539062,13.268670082092285,2.653734016418457,1000.0,0.0,0.6666666666666666,0.06666666666666667,10.0,1.0,3.0,31
188.39495849609375,27.776996612548828,5.555399322509766,1000.0,0.0,0.6666666666666666,0.13333333333333333,10.0,2.0,3.0,31
193.2382354736328,31.635908126831055,6.327181625366211,1000.0,0.0,0.6666666666666666,0.2,10.0,3.0,3.0,31
192.45094299316406,31.26369285583496,6.252738571166992,1000.0,0.0,0.6666666666666666,0.26666666666666666,10.0,4.0,3.0,31
207.60617065429688,34.69731521606445,6.939463043212891,1000.0,0.0,0.6666666666666666,0.3333333333333333,10.0,5.0,3.0,31
232.9031219482422,65.48246002197266,13.09649200439453,1000.0,0.0,0.6666666666666666,0.4,10.0,6.0,3.0,31
268.019775390625,92.11734771728516,18.42346954345703,1000.0,0.0,0.6666666666666666,0.4666666666666667,10.0,7.0,3.0,31
249.7152099609375,76.2767562866211,15.255351257324218,1000.0,0.0,0.6666666666666666,0.5333333333333333,10.0,8.0,3.0,31
312.0779113769531,66.25956726074219,13.251913452148438,1000.0,0.0,0.6666666666666666,0.6,10.0,9.0,3.0,31
336.8821105957031,53.61406326293945,10.72281265258789,1000.0,0.0,0.6666666666666666,0.6666666666666666,10.0,10.0,3.0,31
328.3072509765625,106.38926696777344,21.277853393554686,1000.0,0.0,0.6666666666666666,0.7333333333333333,10.0,11.0,3.0,31
285.6049499511719,86.55159759521484,17.31031951904297,1000.0,0.0,0.6666666666666666,0.8,10.0,12.0,3.0,31
301.2444152832031,108.33534240722656,21.667068481445312,1000.0,0.0,0.6666666666666666,0.8666666666666667,10.0,13.0,3.0,31
278.6861572265625,105.37602233886719,21.07520446777344,1000.0,0.0,0.6666666666666666,0.9333333333333333,10.0,14.0,3.0,31
268.4039611816406,80.55298614501953,16.110597229003908,1000.0,0.0,0.6666666666666666,1.0,10.0,15.0,3.0,31
210.9628143310547,52.550994873046875,10.510198974609375,1000.0,0.0,0.7333333333333333,-1.0,11.0,-15.0,3.0,31
217.0508575439453,64.63055419921875,12.92611083984375,1000.0,0.0,0.7333333333333333,-0.9333333333333333,11.0,-14.0,3.0,31
232.60816955566406,78.58518981933594,15.717037963867188,1000.0,0.0,0.7333333333333333,-0.8666666666666667,11.0,-13.0,3.0,31
218.9111785888672,71.0576171875,14.2115234375,1000.0,0.0,0.7333333333333333,-0.8,11.0,-12.0,3.0,31
221.86265563964844,61.604248046875,12.320849609375,1000.0,0.0,0.7333333333333333,-0.7333333333333333,11.0,-11.0,3.0,31
216.78831481933594,48.307273864746094,9.661454772949218,1000.0,0.0,0.7333333333333333,-0.6666666666666666,11.0,-10.0,3.0,31
184.56126403808594,14.633857727050781,2.926771545410156,1000.0,0.0,0.7333333333333333,-0.6,11.0,-9.0,3.0,31
184.3484344482422,15.479253768920898,3.0958507537841795,1000.0,0.0,0.7333333333333333,-0.5333333333333333,11.0,-8.0,3.0,31
186.9536590576172,16.021656036376953,3.2043312072753904,1000.0,0.0,0.7333333333333333,-0.4666666666666667,11.0,-7.0,3.0,31
187.16970825195312,16.7357234954834,3.3471446990966798,1000.0,0.0,0.7333333333333333,-0.4,11.0,-6.0,3.0,31
192.6536102294922,21.84063148498535,4.368126296997071,1000.0,0.0,0.7333333333333333,-0.3333333333333333,11.0,-5.0,3.0,31
203.1104278564453,30.039705276489258,6.007941055297851,1000.0,0.0,0.7333333333333333,-0.26666666666666666,11.0,-4.0,3.0,31
179.81304931640625,11.370621681213379,2.274124336242676,1000.0,0.0,0.7333333333333333,-0.2,11.0,-3.0,3.0,31
209.1494903564453,46.87845230102539,9.375690460205078,1000.0,0.0,0.7333333333333333,-0.13333333333333333,11.0,-2.0,3.0,31
184.10462951660156,20.805644989013672,4.161128997802734,1000.0,0.0,0.7333333333333333,-0.06666666666666667,11.0,-1.0,3.0,31
182.55538940429688,17.039709091186523,3.4079418182373047,1000.0,0.0,0.7333333333333333,0.0,11.0,0.0,3.0,31
184.88134765625,24.897218704223633,4.979443740844727,1000.0,0.0,0.7333333333333333,0.06666666666666667,11.0,1.0,3.0,31
182.85643005371094,19.759037017822266,3.951807403564453,1000.0,0.0,0.7333333333333333,0.13333333333333333,11.0,2.0,3.0,31
184.79261779785156,35.277095794677734,7.055419158935547,1000.0,0.0,0.7333333333333333,0.2,11.0,3.0,3.0,31
193.29946899414062,35.137428283691406,7.027485656738281,1000.0,0.0,0.7333333333333333,0.26666666666666666,11.0,4.0,3.0,31
237.8623504638672,51.87989044189453,10.375978088378906,1000.0,0.0,0.7333333333333333,0.3333333333333333,11.0,5.0,3.0,31
214.81248474121094,54.34072494506836,10.868144989013672,1000.0,0.0,0.7333333333333333,0.4,11.0,6.0,3.0,31
245.67576599121094,70.89923095703125,14.17984619140625,1000.0,0.0,0.7333333333333333,0.4666666666666667,11.0,7.0,3.0,31
245.8341827392578,82.56095123291016,16.51219024658203,1000.0,0.0,0.7333333333333333,0.5333333333333333,11.0,8.0,3.0,31
269.9415283203125,81.36115264892578,16.272230529785155,1000.0,0.0,0.7333333333333333,0.6,11.0,9.0,3.0,31
266.1568603515625,80.04540252685547,16.009080505371095,1000.0,0.0,0.7333333333333333,0.6666666666666666,11.0,10.0,3.0,31
273.5902404785156,57.95674514770508,11.591349029541016,1000.0,0.0,0.7333333333333333,0.7333333333333333,11.0,11.0,3.0,31
274.98065185546875,65.11983489990234,13.023966979980468,1000.0,0.0,0.7333333333333333,0.8,11.0,12.0,3.0,31
282.9154052734375,85.7835693359375,17.1567138671875,1000.0,0.0,0.7333333333333333,0.8666666666666667,11.0,13.0,3.0,31
287.0260009765625,84.66195678710938,16.932391357421874,1000.0,0.0,0.7333333333333333,0.9333333333333333,11.0,14.0,3.0,31
257.4954833984375,68.68505859375,13.73701171875,1000.0,0.0,0.7333333333333333,1.0,11.0,15.0,3.0,31
215.6525421142578,70.2523193359375,14.0504638671875,1000.0,0.0,0.8,-1.0,12.0,-15.0,3.0,31
205.47720336914062,48.904624938964844,9.780924987792968,1000.0,0.0,0.8,-0.9333333333333333,12.0,-14.0,3.0,31
216.98435974121094,60.39488220214844,12.078976440429688,1000.0,0.0,0.8,-0.8666666666666667,12.0,-13.0,3.0,31
231.95530700683594,66.06805419921875,13.21361083984375,1000.0,0.0,0.8,-0.8,12.0,-12.0,3.0,31
212.20851135253906,50.54154586791992,10.108309173583985,1000.0,0.0,0.8,-0.7333333333333333,12.0,-11.0,3.0,31
188.02244567871094,18.979604721069336,3.7959209442138673,1000.0,0.0,0.8,-0.6666666666666666,12.0,-10.0,3.0,31
187.4429168701172,19.72478485107422,3.944956970214844,1000.0,0.0,0.8,-0.6,12.0,-9.0,3.0,31
184.9047393798828,15.051162719726562,3.0102325439453126,1000.0,0.0,0.8,-0.5333333333333333,12.0,-8.0,3.0,31
186.7311553955078,16.1411190032959,3.2282238006591797,1000.0,0.0,0.8,-0.4666666666666667,12.0,-7.0,3.0,31
194.34458923339844,21.817785263061523,4.363557052612305,1000.0,0.0,0.8,-0.4,12.0,-6.0,3.0,31
189.1404266357422,17.19835662841797,3.4396713256835936,1000.0,0.0,0.8,-0.3333333333333333,12.0,-5.0,3.0,31
192.89927673339844,25.69980239868164,5.139960479736328,1000.0,0.0,0.8,-0.26666666666666666,12.0,-4.0,3.0,31
190.94052124023438,21.51694107055664,4.303388214111328,1000.0,0.0,0.8,-0.2,12.0,-3.0,3.0,31
201.3003692626953,35.517940521240234,7.103588104248047,1000.0,0.0,0.8,-0.13333333333333333,12.0,-2.0,3.0,31
190.99058532714844,25.42498016357422,5.084996032714844,1000.0,0.0,0.8,-0.06666666666666667,12.0,-1.0,3.0,31
182.7638702392578,18.410337448120117,3.6820674896240235,1000.0,0.0,0.8,0.0,12.0,0.0,3.0,31
184.76695251464844,27.138883590698242,5.427776718139649,1000.0,0.0,0.8,0.06666666666666667,12.0,1.0,3.0,31
183.8373565673828,19.04557991027832,3.809115982055664,1000.0,0.0,0.8,0.13333333333333333,12.0,2.0,3.0,31
182.59645080566406,15.463451385498047,3.092690277099609,1000.0,0.0,0.8,0.2,12.0,3.0,3.0,31
183.54403686523438,16.05436897277832,3.2108737945556642,1000.0,0.0,0.8,0.26666666666666666,12.0,4.0,3.0,31
193.3011474609375,28.931779861450195,5.786355972290039,1000.0,0.0,0.8,0.3333333333333333,12.0,5.0,3.0,31
231.30921936035156,60.53501510620117,12.107003021240235,1000.0,0.0,0.8,0.4,12.0,6.0,3.0,31
221.46624755859375,52.718692779541016,10.543738555908202,1000.0,0.0,0.8,0.4666666666666667,12.0,7.0,3.0,31
247.80056762695312,82.8209457397461,16.564189147949218,1000.0,0.0,0.8,0.5333333333333333,12.0,8.0,3.0,31
255.349609375,78.0548324584961,15.61096649169922,1000.0,0.0,0.8,0.6,12.0,9.0,3.0,31
253.06715393066406,72.6372299194336,14.527445983886718,1000.0,0.0,0.8,0.6666666666666666,12.0,10.0,3.0,31
244.52134704589844,65.34882354736328,13.069764709472656,1000.0,0.0,0.8,0.7333333333333333,12.0,11.0,3.0,31
240.47824096679688,70.5770034790039,14.115400695800782,1000.0,0.0,0.8,0.8,12.0,12.0,3.0,31
270.2972412109375,71.7163314819336,14.34326629638672,1000.0,0.0,0.8,0.8666666666666667,12.0,13.0,3.0,31
308.2651672363281,84.98184967041016,16.996369934082033,1000.0,0.0,0.8,0.9333333333333333,12.0,14.0,3.0,31
273.7884521484375,74.60662841796875,14.92132568359375,1000.0,0.0,0.8,1.0,12.0,15.0,3.0,31
219.15811157226562,70.35581970214844,14.071163940429688,1000.0,0.0,0.8666666666666667,-1.0,13.0,-15.0,3.0,31
214.5149383544922,66.02861022949219,13.205722045898437,1000.0,0.0,0.8666666666666667,-0.9333333333333333,13.0,-14.0,3.0,31
216.58712768554688,59.26858901977539,11.853717803955078,1000.0,0.0,0.8666666666666667,-0.8666666666666667,13.0,-13.0,3.0,31
214.35958862304688,56.10409164428711,11.220818328857423,1000.0,0.0,0.8666666666666667,-0.8,13.0,-12.0,3.0,31
196.6752471923828,26.8048038482666,5.36096076965332,1000.0,0.0,0.8666666666666667,-0.7333333333333333,13.0,-11.0,3.0,31
192.12620544433594,22.819217681884766,4.563843536376953,1000.0,0.0,0.8666666666666667,-0.6666666666666666,13.0,-10.0,3.0,31
187.91371154785156,18.788606643676758,3.7577213287353515,1000.0,0.0,0.8666666666666667,-0.6,13.0,-9.0,3.0,31
192.1171112060547,22.919952392578125,4.583990478515625,1000.0,0.0,0.8666666666666667,-0.5333333333333333,13.0,-8.0,3.0,31
195.43853759765625,24.423355102539062,4.884671020507812,1000.0,0.0,0.8666666666666667,-0.4666666666666667,13.0,-7.0,3.0,31
186.53939819335938,16.681453704833984,3.336290740966797,1000.0,0.0,0.8666666666666667,-0.4,13.0,-6.0,3.0,31
202.34933471679688,25.959320068359375,5.191864013671875,1000.0,0.0,0.8666666666666667,-0.3333333333333333,13.0,-5.0,3.0,31
191.32022094726562,21.9507999420166,4.390159988403321,1000.0,0.0,0.8666666666666667,-0.26666666666666666,13.0,-4.0,3.0,31
215.21652221679688,48.246856689453125,9.649371337890624,1000.0,0.0,0.8666666666666667,-0.2,13.0,-3.0,3.0,31
189.16085815429688,24.18414306640625,4.83682861328125,1000.0,0.0,0.8666666666666667,-0.13333333333333333,13.0,-2.0,3.0,31
183.50816345214844,19.377649307250977,3.8755298614501954,1000.0,0.0,0.8666666666666667,-0.06666666666666667,13.0,-1.0,3.0,31
178.2313232421875,14.913734436035156,2.982746887207031,1000.0,0.0,0.8666666666666667,0.0,13.0,0.0,3.0,31
184.48846435546875,28.200946807861328,5.640189361572266,1000.0,0.0,0.8666666666666667,0.06666666666666667,13.0,1.0,3.0,31
182.98338317871094,17.99250030517578,3.598500061035156,1000.0,0.0,0.8666666666666667,0.13333333333333333,13.0,2.0,3.0,31
184.5116424560547,13.480929374694824,2.6961858749389647,1000.0,0.0,0.8666666666666667,0.2,13.0,3.0,3.0,31
179.3260955810547,19.325803756713867,3.8651607513427733,1000.0,0.0,0.8666666666666667,0.26666666666666666,13.0,4.0,3.0,31
186.17083740234375,23.58298683166504,4.716597366333008,1000.0,0.0,0.8666666666666667,0.3333333333333333,13.0,5.0,3.0,31
219.6383056640625,46.531558990478516,9.306311798095702,1000.0,0.0,0.8666666666666667,0.4,13.0,6.0,3.0,31
210.27154541015625,36.5637321472168,7.31274642944336,1000.0,0.0,0.8666666666666667,0.4666666666666667,13.0,7.0,3.0,31
222.86190795898438,50.75151824951172,10.150303649902344,1000.0,0.0,0.8666666666666667,0.5333333333333333,13.0,8.0,3.0,31
242.26947021484375,65.80684661865234,13.161369323730469,1000.0,0.0,0.8666666666666667,0.6,13.0,9.0,3.0,31
267.1562194824219,87.879150390625,17.575830078125,1000.0,0.0,0.8666666666666667,0.6666666666666666,13.0,10.0,3.0,31
238.9013214111328,75.7280502319336,15.145610046386718,1000.0,0.0,0.8666666666666667,0.7333333333333333,13.0,11.0,3.0,31
228.9132843017578,81.84390258789062,16.368780517578124,1000.0,0.0,0.8666666666666667,0.8,13.0,12.0,3.0,31
223.7574005126953,49.92179489135742,9.984358978271484,1000.0,0.0,0.8666666666666667,0.8666666666666667,13.0,13.0,3.0,31
265.52069091796875,78.09256744384766,15.618513488769532,1000.0,0.0,0.8666666666666667,0.9333333333333333,13.0,14.0,3.0,31
266.78369140625,60.41279220581055,12.08255844116211,1000.0,0.0,0.8666666666666667,1.0,13.0,15.0,3.0,31
219.53257751464844,63.75411605834961,12.750823211669921,1000.0,0.0,0.9333333333333333,-1.0,14.0,-15.0,3.0,31
232.46759033203125,71.73139953613281,14.346279907226563,1000.0,0.0,0.9333333333333333,-0.9333333333333333,14.0,-14.0,3.0,31
215.08563232421875,60.202247619628906,12.040449523925782,1000.0,0.0,0.9333333333333333,-0.8666666666666667,14.0,-13.0,3.0,31
206.9093780517578,39.81699752807617,7.963399505615234,1000.0,0.0,0.9333333333333333,-0.8,14.0,-12.0,3.0,31
196.01416015625,32.2991828918457,6.45983657836914,1000.0,0.0,0.9333333333333333,-0.7333333333333333,14.0,-11.0,3.0,31
191.01683044433594,22.05276870727539,4.410553741455078,1000.0,0.0,0.9333333333333333,-0.6666666666666666,14.0,-10.0,3.0,31
190.45094299316406,19.778894424438477,3.955778884887695,1000.0,0.0,0.9333333333333333,-0.6,14.0,-9.0,3.0,31
192.67837524414062,25.176698684692383,5.035339736938477,1000.0,0.0,0.9333333333333333,-0.5333333333333333,14.0,-8.0,3.0,31
186.7257080078125,17.16254997253418,3.432509994506836,1000.0,0.0,0.9333333333333333,-0.4666666666666667,14.0,-7.0,3.0,31
186.29905700683594,16.858821868896484,3.371764373779297,1000.0,0.0,0.9333333333333333,-0.4,14.0,-6.0,3.0,31
186.85182189941406,16.780845642089844,3.3561691284179687,1000.0,0.0,0.9333333333333333,-0.3333333333333333,14.0,-5.0,3.0,31
210.7657470703125,44.784706115722656,8.956941223144531,1000.0,0.0,0.9333333333333333,-0.26666666666666666,14.0,-4.0,3.0,31
202.88311767578125,28.98668098449707,5.797336196899414,1000.0,0.0,0.9333333333333333,-0.2,14.0,-3.0,3.0,31
186.98609924316406,28.562227249145508,5.712445449829102,1000.0,0.0,0.9333333333333333,-0.13333333333333333,14.0,-2.0,3.0,31
182.2359619140625,17.96407699584961,3.592815399169922,1000.0,0.0,0.9333333333333333,-0.06666666666666667,14.0,-1.0,3.0,31
177.44700622558594,9.452919006347656,1.8905838012695313,1000.0,0.0,0.9333333333333333,0.0,14.0,0.0,3.0,31
186.46865844726562,33.28681945800781,6.6573638916015625,1000.0,0.0,0.9333333333333333,0.06666666666666667,14.0,1.0,3.0,31
181.34213256835938,15.298625946044922,3.0597251892089843,1000.0,0.0,0.9333333333333333,0.13333333333333333,14.0,2.0,3.0,31
181.11688232421875,13.398580551147461,2.679716110229492,1000.0,0.0,0.9333333333333333,0.2,14.0,3.0,3.0,31
181.3931121826172,19.239139556884766,3.847827911376953,1000.0,0.0,0.9333333333333333,0.26666666666666666,14.0,4.0,3.0,31
193.61688232421875,35.83301544189453,7.166603088378906,1000.0,0.0,0.9333333333333333,0.3333333333333333,14.0,5.0,3.0,31
182.3017578125,18.233884811401367,3.6467769622802733,1000.0,0.0,0.9333333333333333,0.4,14.0,6.0,3.0,31
242.49795532226562,52.28160858154297,10.456321716308594,1000.0,0.0,0.9333333333333333,0.4666666666666667,14.0,7.0,3.0,31
224.17913818359375,39.5811882019043,7.916237640380859,1000.0,0.0,0.9333333333333333,0.5333333333333333,14.0,8.0,3.0,31
258.1084899902344,71.68952941894531,14.337905883789062,1000.0,0.0,0.9333333333333333,0.6,14.0,9.0,3.0,31
230.42538452148438,52.60690689086914,10.521381378173828,1000.0,0.0,0.9333333333333333,0.6666666666666666,14.0,10.0,3.0,31
229.2989501953125,73.63107299804688,14.726214599609374,1000.0,0.0,0.9333333333333333,0.7333333333333333,14.0,11.0,3.0,31
235.13365173339844,75.77515411376953,15.155030822753906,1000.0,0.0,0.9333333333333333,0.8,14.0,12.0,3.0,31
244.9499969482422,75.66799926757812,15.133599853515625,1000.0,0.0,0.9333333333333333,0.8666666666666667,14.0,13.0,3.0,31
265.7166748046875,74.47557830810547,14.895115661621094,1000.0,0.0,0.9333333333333333,0.9333333333333333,14.0,14.0,3.0,31
273.5108947753906,96.60493469238281,19.320986938476562,1000.0,0.0,0.9333333333333333,1.0,14.0,15.0,3.0,31
219.12596130371094,58.39002227783203,11.678004455566406,1000.0,0.0,1.0,-1.0,15.0,-15.0,3.0,31
229.52749633789062,61.084720611572266,12.216944122314453,1000.0,0.0,1.0,-0.9333333333333333,15.0,-14.0,3.0,31
205.17221069335938,43.07324981689453,8.614649963378906,1000.0,0.0,1.0,-0.8666666666666667,15.0,-13.0,3.0,31
209.7159423828125,44.50767517089844,8.901535034179688,1000.0,0.0,1.0,-0.8,15.0,-12.0,3.0,31
191.86158752441406,25.612194061279297,5.12243881225586,1000.0,0.0,1.0,-0.7333333333333333,15.0,-11.0,3.0,31
189.01953125,19.193918228149414,3.8387836456298827,1000.0,0.0,1.0,-0.6666666666666666,15.0,-10.0,3.0,31
195.52801513671875,25.166484832763672,5.033296966552735,1000.0,0.0,1.0,-0.6,15.0,-9.0,3.0,31
186.23715209960938,15.730019569396973,3.1460039138793947,1000.0,0.0,1.0,-0.5333333333333333,15.0,-8.0,3.0,31
185.33905029296875,18.975317001342773,3.7950634002685546,1000.0,0.0,1.0,-0.4666666666666667,15.0,-7.0,3.0,31
181.8807830810547,9.606100082397461,1.9212200164794921,1000.0,0.0,1.0,-0.4,15.0,-6.0,3.0,31
186.09506225585938,20.404848098754883,4.080969619750976,1000.0,0.0,1.0,-0.3333333333333333,15.0,-5.0,3.0,31
210.15615844726562,47.348262786865234,9.469652557373047,1000.0,0.0,1.0,-0.26666666666666666,15.0,-4.0,3.0,31
186.4041748046875,18.974807739257812,3.7949615478515626,1000.0,0.0,1.0,-0.2,15.0,-3.0,3.0,31
181.05892944335938,16.131010055541992,3.2262020111083984,1000.0,0.0,1.0,-0.13333333333333333,15.0,-2.0,3.0,31
187.80833435058594,24.185205459594727,4.8370410919189455,1000.0,0.0,1.0,-0.06666666666666667,15.0,-1.0,3.0,31
179.25320434570312,12.060627937316895,2.412125587463379,1000.0,0.0,1.0,0.0,15.0,0.0,3.0,31
182.17703247070312,22.30782699584961,4.461565399169922,1000.0,0.0,1.0,0.06666666666666667,15.0,1.0,3.0,31
183.94589233398438,15.739707946777344,3.1479415893554688,1000.0,0.0,1.0,0.13333333333333333,15.0,2.0,3.0,31
184.1107635498047,19.971939086914062,3.9943878173828127,1000.0,0.0,1.0,0.2,15.0,3.0,3.0,31
180.2108154296875,16.820764541625977,3.3641529083251953,1000.0,0.0,1.0,0.26666666666666666,15.0,4.0,3.0,31
181.9248809814453,27.383867263793945,5.476773452758789,1000.0,0.0,1.0,0.3333333333333333,15.0,5.0,3.0,31
186.48484802246094,30.50580596923828,6.101161193847656,1000.0,0.0,1.0,0.4,15.0,6.0,3.0,31
196.50802612304688,26.375761032104492,5.275152206420898,1000.0,0.0,1.0,0.4666666666666667,15.0,7.0,3.0,31
240.83779907226562,53.887210845947266,10.777442169189452,1000.0,0.0,1.0,0.5333333333333333,15.0,8.0,3.0,31
237.7548370361328,59.68008041381836,11.936016082763672,1000.0,0.0,1.0,0.6,15.0,9.0,3.0,31
248.59437561035156,56.087127685546875,11.217425537109374,1000.0,0.0,1.0,0.6666666666666666,15.0,10.0,3.0,31
231.1324462890625,61.60575866699219,12.321151733398438,1000.0,0.0,1.0,0.7333333333333333,15.0,11.0,3.0,31
234.17259216308594,73.23535919189453,14.647071838378906,1000.0,0.0,1.0,0.8,15.0,12.0,3.0,31
230.69705200195312,71.04088592529297,14.208177185058593,1000.0,0.0,1.0,0.8666666666666667,15.0,13.0,3.0,31
243.0956573486328,76.46559143066406,15.293118286132813,1000.0,0.0,1.0,0.9333333333333333,15.0,14.0,3.0,31
226.37355041503906,47.85588836669922,9.571177673339843,1000.0,0.0,1.0,1.0,15.0,15.0,3.0,31
