episode_rewards,episode_std_rewards,episode_stderr_rewards,episode_avg_len,episode_std_avg_len,dim0,dim1,offset1,offset2,magnitude,grid_size
210.99142456054688,43.05095291137695,8.61019058227539,1000.0,0.0,-1.0,-1.0,-15.0,-15.0,3.0,31
226.5693359375,60.137481689453125,12.027496337890625,1000.0,0.0,-1.0,-0.9333333333333333,-15.0,-14.0,3.0,31
234.6352996826172,67.02037048339844,13.404074096679688,1000.0,0.0,-1.0,-0.8666666666666667,-15.0,-13.0,3.0,31
231.5321044921875,58.144569396972656,11.628913879394531,1000.0,0.0,-1.0,-0.8,-15.0,-12.0,3.0,31
236.38018798828125,54.24823760986328,10.849647521972656,1000.0,0.0,-1.0,-0.7333333333333333,-15.0,-11.0,3.0,31
249.98779296875,52.25922393798828,10.451844787597656,1000.0,0.0,-1.0,-0.6666666666666666,-15.0,-10.0,3.0,31
216.72103881835938,55.85140609741211,11.170281219482423,1000.0,0.0,-1.0,-0.6,-15.0,-9.0,3.0,31
199.24046325683594,26.313064575195312,5.262612915039062,1000.0,0.0,-1.0,-0.5333333333333333,-15.0,-8.0,3.0,31
184.63938903808594,15.325552940368652,3.0651105880737304,1000.0,0.0,-1.0,-0.4666666666666667,-15.0,-7.0,3.0,31
184.74659729003906,14.90902328491211,2.9818046569824217,1000.0,0.0,-1.0,-0.4,-15.0,-6.0,3.0,31
179.06333923339844,13.684965133666992,2.7369930267333986,1000.0,0.0,-1.0,-0.3333333333333333,-15.0,-5.0,3.0,31
179.45953369140625,13.824600219726562,2.7649200439453123,1000.0,0.0,-1.0,-0.26666666666666666,-15.0,-4.0,3.0,31
184.5030517578125,14.246553421020508,2.8493106842041014,1000.0,0.0,-1.0,-0.2,-15.0,-3.0,3.0,31
192.41957092285156,26.3109073638916,5.2621814727783205,1000.0,0.0,-1.0,-0.13333333333333333,-15.0,-2.0,3.0,31
196.10479736328125,34.4783821105957,6.8956764221191404,1000.0,0.0,-1.0,-0.06666666666666667,-15.0,-1.0,3.0,31
194.9268341064453,36.46425247192383,7.292850494384766,1000.0,0.0,-1.0,0.0,-15.0,0.0,3.0,31
250.7453155517578,39.339847564697266,7.867969512939453,1000.0,0.0,-1.0,0.06666666666666667,-15.0,1.0,3.0,31
284.8235778808594,37.95931625366211,7.5918632507324215,1000.0,0.0,-1.0,0.13333333333333333,-15.0,2.0,3.0,31
290.0698547363281,45.14881896972656,9.029763793945312,1000.0,0.0,-1.0,0.2,-15.0,3.0,3.0,31
303.335205078125,45.73632049560547,9.147264099121093,1000.0,0.0,-1.0,0.26666666666666666,-15.0,4.0,3.0,31
299.0316467285156,60.19046401977539,12.038092803955077,1000.0,0.0,-1.0,0.3333333333333333,-15.0,5.0,3.0,31
354.53277587890625,71.46390533447266,14.29278106689453,1000.0,0.0,-1.0,0.4,-15.0,6.0,3.0,31
340.86846923828125,83.30931091308594,16.661862182617188,1000.0,0.0,-1.0,0.4666666666666667,-15.0,7.0,3.0,31
371.8999328613281,66.58759307861328,13.317518615722657,1000.0,0.0,-1.0,0.5333333333333333,-15.0,8.0,3.0,31
354.1510925292969,50.717864990234375,10.143572998046874,1000.0,0.0,-1.0,0.6,-15.0,9.0,3.0,31
341.4534912109375,46.43217468261719,9.286434936523438,1000.0,0.0,-1.0,0.6666666666666666,-15.0,10.0,3.0,31
321.2547912597656,31.13715934753418,6.227431869506836,1000.0,0.0,-1.0,0.7333333333333333,-15.0,11.0,3.0,31
290.9283447265625,28.43596839904785,5.68719367980957,1000.0,0.0,-1.0,0.8,-15.0,12.0,3.0,31
248.4432830810547,48.8065299987793,9.761305999755859,1000.0,0.0,-1.0,0.8666666666666667,-15.0,13.0,3.0,31
236.26560974121094,53.07413864135742,10.614827728271484,1000.0,0.0,-1.0,0.9333333333333333,-15.0,14.0,3.0,31
232.12384033203125,45.87226104736328,9.174452209472657,1000.0,0.0,-1.0,1.0,-15.0,15.0,3.0,31
221.04078674316406,53.93071746826172,10.786143493652343,1000.0,0.0,-0.9333333333333333,-1.0,-14.0,-15.0,3.0,31
213.0974578857422,48.156307220458984,9.631261444091797,1000.0,0.0,-0.9333333333333333,-0.9333333333333333,-14.0,-14.0,3.0,31
223.1602020263672,63.89765930175781,12.779531860351563,1000.0,0.0,-0.9333333333333333,-0.8666666666666667,-14.0,-13.0,3.0,31
228.43048095703125,60.52707290649414,12.105414581298827,1000.0,0.0,-0.9333333333333333,-0.8,-14.0,-12.0,3.0,31
234.6873016357422,52.39763641357422,10.479527282714844,1000.0,0.0,-0.9333333333333333,-0.7333333333333333,-14.0,-11.0,3.0,31
230.2598114013672,58.4969482421875,11.6993896484375,1000.0,0.0,-0.9333333333333333,-0.6666666666666666,-14.0,-10.0,3.0,31
218.81381225585938,52.069114685058594,10.41382293701172,1000.0,0.0,-0.9333333333333333,-0.6,-14.0,-9.0,3.0,31
212.12164306640625,50.74527359008789,10.149054718017577,1000.0,0.0,-0.9333333333333333,-0.5333333333333333,-14.0,-8.0,3.0,31
204.32925415039062,34.5106086730957,6.902121734619141,1000.0,0.0,-0.9333333333333333,-0.4666666666666667,-14.0,-7.0,3.0,31
183.87255859375,19.67224884033203,3.9344497680664063,1000.0,0.0,-0.9333333333333333,-0.4,-14.0,-6.0,3.0,31
196.4052276611328,38.760128021240234,7.752025604248047,1000.0,0.0,-0.9333333333333333,-0.3333333333333333,-14.0,-5.0,3.0,31
183.15882873535156,16.259037017822266,3.2518074035644533,1000.0,0.0,-0.9333333333333333,-0.26666666666666666,-14.0,-4.0,3.0,31
184.71670532226562,16.95155143737793,3.390310287475586,1000.0,0.0,-0.9333333333333333,-0.2,-14.0,-3.0,3.0,31
185.5878448486328,18.229026794433594,3.6458053588867188,1000.0,0.0,-0.9333333333333333,-0.13333333333333333,-14.0,-2.0,3.0,31
192.31045532226562,20.74655532836914,4.149311065673828,1000.0,0.0,-0.9333333333333333,-0.06666666666666667,-14.0,-1.0,3.0,31
206.9436492919922,34.7440071105957,6.948801422119141,1000.0,0.0,-0.9333333333333333,0.0,-14.0,0.0,3.0,31
253.42449951171875,45.26652526855469,9.053305053710938,1000.0,0.0,-0.9333333333333333,0.06666666666666667,-14.0,1.0,3.0,31
292.9493713378906,50.82048416137695,10.16409683227539,1000.0,0.0,-0.9333333333333333,0.13333333333333333,-14.0,2.0,3.0,31
320.0924377441406,77.45032501220703,15.490065002441407,1000.0,0.0,-0.9333333333333333,0.2,-14.0,3.0,3.0,31
302.0212707519531,36.62267303466797,7.324534606933594,1000.0,0.0,-0.9333333333333333,0.26666666666666666,-14.0,4.0,3.0,31
331.27679443359375,56.05695343017578,11.211390686035156,1000.0,0.0,-0.9333333333333333,0.3333333333333333,-14.0,5.0,3.0,31
337.89678955078125,76.71833801269531,15.343667602539062,1000.0,0.0,-0.9333333333333333,0.4,-14.0,6.0,3.0,31
329.3471984863281,77.42759704589844,15.485519409179688,1000.0,0.0,-0.9333333333333333,0.4666666666666667,-14.0,7.0,3.0,31
351.9888916015625,72.4458999633789,14.489179992675782,1000.0,0.0,-0.9333333333333333,0.5333333333333333,-14.0,8.0,3.0,31
364.34600830078125,34.881168365478516,6.976233673095703,1000.0,0.0,-0.9333333333333333,0.6,-14.0,9.0,3.0,31
345.238037109375,36.3460693359375,7.2692138671875,1000.0,0.0,-0.9333333333333333,0.6666666666666666,-14.0,10.0,3.0,31
306.8936767578125,45.849342346191406,9.169868469238281,1000.0,0.0,-0.9333333333333333,0.7333333333333333,-14.0,11.0,3.0,31
263.5101318359375,46.92149353027344,9.384298706054688,1000.0,0.0,-0.9333333333333333,0.8,-14.0,12.0,3.0,31
221.04421997070312,48.831539154052734,9.766307830810547,1000.0,0.0,-0.9333333333333333,0.8666666666666667,-14.0,13.0,3.0,31
229.69808959960938,47.0224494934082,9.404489898681641,1000.0,0.0,-0.9333333333333333,0.9333333333333333,-14.0,14.0,3.0,31
234.0023956298828,43.153018951416016,8.630603790283203,1000.0,0.0,-0.9333333333333333,1.0,-14.0,15.0,3.0,31
244.4506072998047,65.89187622070312,13.178375244140625,1000.0,0.0,-0.8666666666666667,-1.0,-13.0,-15.0,3.0,31
217.2793426513672,55.91525650024414,11.183051300048827,1000.0,0.0,-0.8666666666666667,-0.9333333333333333,-13.0,-14.0,3.0,31
219.18325805664062,51.255828857421875,10.251165771484375,1000.0,0.0,-0.8666666666666667,-0.8666666666666667,-13.0,-13.0,3.0,31
230.84017944335938,61.31514358520508,12.263028717041015,1000.0,0.0,-0.8666666666666667,-0.8,-13.0,-12.0,3.0,31
238.0284423828125,61.057865142822266,12.211573028564453,1000.0,0.0,-0.8666666666666667,-0.7333333333333333,-13.0,-11.0,3.0,31
245.61019897460938,66.45379638671875,13.29075927734375,1000.0,0.0,-0.8666666666666667,-0.6666666666666666,-13.0,-10.0,3.0,31
239.4219207763672,67.9208755493164,13.584175109863281,1000.0,0.0,-0.8666666666666667,-0.6,-13.0,-9.0,3.0,31
219.9239044189453,56.21949768066406,11.243899536132812,1000.0,0.0,-0.8666666666666667,-0.5333333333333333,-13.0,-8.0,3.0,31
211.88697814941406,38.801483154296875,7.760296630859375,1000.0,0.0,-0.8666666666666667,-0.4666666666666667,-13.0,-7.0,3.0,31
207.71063232421875,39.115081787109375,7.823016357421875,1000.0,0.0,-0.8666666666666667,-0.4,-13.0,-6.0,3.0,31
192.6691436767578,41.54322814941406,8.308645629882813,1000.0,0.0,-0.8666666666666667,-0.3333333333333333,-13.0,-5.0,3.0,31
180.55984497070312,15.317862510681152,3.0635725021362306,1000.0,0.0,-0.8666666666666667,-0.26666666666666666,-13.0,-4.0,3.0,31
181.8879852294922,12.764080047607422,2.5528160095214845,1000.0,0.0,-0.8666666666666667,-0.2,-13.0,-3.0,3.0,31
179.99969482421875,16.29080581665039,3.258161163330078,1000.0,0.0,-0.8666666666666667,-0.13333333333333333,-13.0,-2.0,3.0,31
183.1222686767578,16.77429962158203,3.3548599243164063,1000.0,0.0,-0.8666666666666667,-0.06666666666666667,-13.0,-1.0,3.0,31
195.9517822265625,25.33806610107422,5.067613220214843,1000.0,0.0,-0.8666666666666667,0.0,-13.0,0.0,3.0,31
215.97500610351562,36.02638244628906,7.2052764892578125,1000.0,0.0,-0.8666666666666667,0.06666666666666667,-13.0,1.0,3.0,31
287.9180603027344,47.05796813964844,9.411593627929687,1000.0,0.0,-0.8666666666666667,0.13333333333333333,-13.0,2.0,3.0,31
301.7984924316406,65.73395538330078,13.146791076660156,1000.0,0.0,-0.8666666666666667,0.2,-13.0,3.0,3.0,31
302.4372253417969,46.939796447753906,9.387959289550782,1000.0,0.0,-0.8666666666666667,0.26666666666666666,-13.0,4.0,3.0,31
325.0250244140625,89.9020767211914,17.98041534423828,1000.0,0.0,-0.8666666666666667,0.3333333333333333,-13.0,5.0,3.0,31
372.68487548828125,75.54216003417969,15.108432006835937,1000.0,0.0,-0.8666666666666667,0.4,-13.0,6.0,3.0,31
365.239013671875,78.8431625366211,15.768632507324218,1000.0,0.0,-0.8666666666666667,0.4666666666666667,-13.0,7.0,3.0,31
360.7403259277344,71.88965606689453,14.377931213378906,1000.0,0.0,-0.8666666666666667,0.5333333333333333,-13.0,8.0,3.0,31
347.9481506347656,43.15653610229492,8.631307220458984,1000.0,0.0,-0.8666666666666667,0.6,-13.0,9.0,3.0,31
345.03082275390625,36.87654113769531,7.375308227539063,1000.0,0.0,-0.8666666666666667,0.6666666666666666,-13.0,10.0,3.0,31
298.9897155761719,52.82170867919922,10.564341735839843,1000.0,0.0,-0.8666666666666667,0.7333333333333333,-13.0,11.0,3.0,31
234.28167724609375,53.262638092041016,10.652527618408204,1000.0,0.0,-0.8666666666666667,0.8,-13.0,12.0,3.0,31
227.9558563232422,53.18351745605469,10.636703491210938,1000.0,0.0,-0.8666666666666667,0.8666666666666667,-13.0,13.0,3.0,31
221.18157958984375,42.93053436279297,8.586106872558593,1000.0,0.0,-0.8666666666666667,0.9333333333333333,-13.0,14.0,3.0,31
214.02748107910156,39.411216735839844,7.882243347167969,1000.0,0.0,-0.8666666666666667,1.0,-13.0,15.0,3.0,31
235.35108947753906,57.00495147705078,11.400990295410157,1000.0,0.0,-0.8,-1.0,-12.0,-15.0,3.0,31
232.61886596679688,57.80052947998047,11.560105895996093,1000.0,0.0,-0.8,-0.9333333333333333,-12.0,-14.0,3.0,31
243.1815185546875,62.37471389770508,12.474942779541015,1000.0,0.0,-0.8,-0.8666666666666667,-12.0,-13.0,3.0,31
217.15040588378906,55.73978805541992,11.147957611083985,1000.0,0.0,-0.8,-0.8,-12.0,-12.0,3.0,31
239.28622436523438,63.26770782470703,12.653541564941406,1000.0,0.0,-0.8,-0.7333333333333333,-12.0,-11.0,3.0,31
236.69427490234375,55.33478927612305,11.06695785522461,1000.0,0.0,-0.8,-0.6666666666666666,-12.0,-10.0,3.0,31
237.34373474121094,73.17890167236328,14.635780334472656,1000.0,0.0,-0.8,-0.6,-12.0,-9.0,3.0,31
227.30557250976562,62.64787292480469,12.529574584960937,1000.0,0.0,-0.8,-0.5333333333333333,-12.0,-8.0,3.0,31
247.38475036621094,51.811485290527344,10.362297058105469,1000.0,0.0,-0.8,-0.4666666666666667,-12.0,-7.0,3.0,31
192.9986114501953,21.664459228515625,4.332891845703125,1000.0,0.0,-0.8,-0.4,-12.0,-6.0,3.0,31
198.92962646484375,44.5814094543457,8.91628189086914,1000.0,0.0,-0.8,-0.3333333333333333,-12.0,-5.0,3.0,31
205.3102569580078,53.544612884521484,10.708922576904296,1000.0,0.0,-0.8,-0.26666666666666666,-12.0,-4.0,3.0,31
191.83633422851562,51.137325286865234,10.227465057373047,1000.0,0.0,-0.8,-0.2,-12.0,-3.0,3.0,31
182.7159423828125,19.135509490966797,3.8271018981933596,1000.0,0.0,-0.8,-0.13333333333333333,-12.0,-2.0,3.0,31
188.1646728515625,18.75336265563965,3.75067253112793,1000.0,0.0,-0.8,-0.06666666666666667,-12.0,-1.0,3.0,31
188.14208984375,26.214637756347656,5.242927551269531,1000.0,0.0,-0.8,0.0,-12.0,0.0,3.0,31
222.49545288085938,42.90325164794922,8.580650329589844,1000.0,0.0,-0.8,0.06666666666666667,-12.0,1.0,3.0,31
296.2647705078125,51.1938362121582,10.23876724243164,1000.0,0.0,-0.8,0.13333333333333333,-12.0,2.0,3.0,31
281.2013244628906,36.18613815307617,7.2372276306152346,1000.0,0.0,-0.8,0.2,-12.0,3.0,3.0,31
293.93865966796875,74.16871643066406,14.833743286132812,1000.0,0.0,-0.8,0.26666666666666666,-12.0,4.0,3.0,31
292.3829040527344,79.83533477783203,15.967066955566406,1000.0,0.0,-0.8,0.3333333333333333,-12.0,5.0,3.0,31
344.0314025878906,88.65801239013672,17.731602478027344,1000.0,0.0,-0.8,0.4,-12.0,6.0,3.0,31
333.2725830078125,111.9085464477539,22.38170928955078,1000.0,0.0,-0.8,0.4666666666666667,-12.0,7.0,3.0,31
391.4581604003906,51.72279357910156,10.344558715820312,1000.0,0.0,-0.8,0.5333333333333333,-12.0,8.0,3.0,31
322.22894287109375,49.254085540771484,9.850817108154297,1000.0,0.0,-0.8,0.6,-12.0,9.0,3.0,31
314.7537841796875,57.63859176635742,11.527718353271485,1000.0,0.0,-0.8,0.6666666666666666,-12.0,10.0,3.0,31
220.51263427734375,48.517822265625,9.703564453125,1000.0,0.0,-0.8,0.7333333333333333,-12.0,11.0,3.0,31
216.8234405517578,49.81100845336914,9.962201690673828,1000.0,0.0,-0.8,0.8,-12.0,12.0,3.0,31
215.3784637451172,40.07189178466797,8.014378356933594,1000.0,0.0,-0.8,0.8666666666666667,-12.0,13.0,3.0,31
222.00759887695312,39.43535232543945,7.8870704650878904,1000.0,0.0,-0.8,0.9333333333333333,-12.0,14.0,3.0,31
218.02035522460938,39.28697204589844,7.857394409179688,1000.0,0.0,-0.8,1.0,-12.0,15.0,3.0,31
225.54005432128906,56.082740783691406,11.21654815673828,1000.0,0.0,-0.7333333333333333,-1.0,-11.0,-15.0,3.0,31
233.04995727539062,57.48341751098633,11.496683502197266,1000.0,0.0,-0.7333333333333333,-0.9333333333333333,-11.0,-14.0,3.0,31
245.67495727539062,62.27054977416992,12.454109954833985,1000.0,0.0,-0.7333333333333333,-0.8666666666666667,-11.0,-13.0,3.0,31
237.11390686035156,64.28804016113281,12.857608032226562,1000.0,0.0,-0.7333333333333333,-0.8,-11.0,-12.0,3.0,31
228.8963623046875,48.83082580566406,9.766165161132813,1000.0,0.0,-0.7333333333333333,-0.7333333333333333,-11.0,-11.0,3.0,31
226.72190856933594,51.31522750854492,10.263045501708984,1000.0,0.0,-0.7333333333333333,-0.6666666666666666,-11.0,-10.0,3.0,31
245.15667724609375,62.007957458496094,12.401591491699218,1000.0,0.0,-0.7333333333333333,-0.6,-11.0,-9.0,3.0,31
223.52125549316406,51.17587661743164,10.235175323486327,1000.0,0.0,-0.7333333333333333,-0.5333333333333333,-11.0,-8.0,3.0,31
221.05599975585938,56.86882781982422,11.373765563964843,1000.0,0.0,-0.7333333333333333,-0.4666666666666667,-11.0,-7.0,3.0,31
208.16775512695312,41.60577392578125,8.32115478515625,1000.0,0.0,-0.7333333333333333,-0.4,-11.0,-6.0,3.0,31
198.54478454589844,35.30774688720703,7.061549377441406,1000.0,0.0,-0.7333333333333333,-0.3333333333333333,-11.0,-5.0,3.0,31
214.36923217773438,77.78484344482422,15.556968688964844,1000.0,0.0,-0.7333333333333333,-0.26666666666666666,-11.0,-4.0,3.0,31
181.56544494628906,19.56678581237793,3.913357162475586,1000.0,0.0,-0.7333333333333333,-0.2,-11.0,-3.0,3.0,31
183.40721130371094,17.868240356445312,3.5736480712890626,1000.0,0.0,-0.7333333333333333,-0.13333333333333333,-11.0,-2.0,3.0,31
182.92178344726562,13.783843040466309,2.7567686080932616,1000.0,0.0,-0.7333333333333333,-0.06666666666666667,-11.0,-1.0,3.0,31
194.61253356933594,34.123680114746094,6.824736022949219,1000.0,0.0,-0.7333333333333333,0.0,-11.0,0.0,3.0,31
204.0032196044922,36.151756286621094,7.230351257324219,1000.0,0.0,-0.7333333333333333,0.06666666666666667,-11.0,1.0,3.0,31
266.85369873046875,30.452850341796875,6.090570068359375,1000.0,0.0,-0.7333333333333333,0.13333333333333333,-11.0,2.0,3.0,31
261.0658874511719,49.25015640258789,9.850031280517578,1000.0,0.0,-0.7333333333333333,0.2,-11.0,3.0,3.0,31
287.2254943847656,60.386531829833984,12.077306365966797,1000.0,0.0,-0.7333333333333333,0.26666666666666666,-11.0,4.0,3.0,31
283.07843017578125,71.9171371459961,14.38342742919922,1000.0,0.0,-0.7333333333333333,0.3333333333333333,-11.0,5.0,3.0,31
330.14874267578125,100.21955108642578,20.043910217285156,1000.0,0.0,-0.7333333333333333,0.4,-11.0,6.0,3.0,31
381.8310852050781,69.72930145263672,13.945860290527344,1000.0,0.0,-0.7333333333333333,0.4666666666666667,-11.0,7.0,3.0,31
352.9615478515625,88.52324676513672,17.704649353027342,1000.0,0.0,-0.7333333333333333,0.5333333333333333,-11.0,8.0,3.0,31
345.6236572265625,45.547698974609375,9.109539794921876,1000.0,0.0,-0.7333333333333333,0.6,-11.0,9.0,3.0,31
276.8363952636719,52.388999938964844,10.477799987792968,1000.0,0.0,-0.7333333333333333,0.6666666666666666,-11.0,10.0,3.0,31
220.36712646484375,51.28017807006836,10.256035614013673,1000.0,0.0,-0.7333333333333333,0.7333333333333333,-11.0,11.0,3.0,31
212.68504333496094,44.423744201660156,8.884748840332032,1000.0,0.0,-0.7333333333333333,0.8,-11.0,12.0,3.0,31
226.21279907226562,49.88513946533203,9.977027893066406,1000.0,0.0,-0.7333333333333333,0.8666666666666667,-11.0,13.0,3.0,31
218.78480529785156,43.84927749633789,8.769855499267578,1000.0,0.0,-0.7333333333333333,0.9333333333333333,-11.0,14.0,3.0,31
212.98423767089844,41.17995071411133,8.235990142822265,1000.0,0.0,-0.7333333333333333,1.0,-11.0,15.0,3.0,31
207.82559204101562,34.402591705322266,6.8805183410644535,1000.0,0.0,-0.6666666666666666,-1.0,-10.0,-15.0,3.0,31
219.26632690429688,52.70146942138672,10.540293884277343,1000.0,0.0,-0.6666666666666666,-0.9333333333333333,-10.0,-14.0,3.0,31
234.69741821289062,54.492347717285156,10.898469543457031,1000.0,0.0,-0.6666666666666666,-0.8666666666666667,-10.0,-13.0,3.0,31
226.48471069335938,54.098716735839844,10.819743347167968,1000.0,0.0,-0.6666666666666666,-0.8,-10.0,-12.0,3.0,31
238.0970458984375,60.64323806762695,12.128647613525391,1000.0,0.0,-0.6666666666666666,-0.7333333333333333,-10.0,-11.0,3.0,31
252.98606872558594,60.113189697265625,12.022637939453125,1000.0,0.0,-0.6666666666666666,-0.6666666666666666,-10.0,-10.0,3.0,31
240.12753295898438,59.73621368408203,11.947242736816406,1000.0,0.0,-0.6666666666666666,-0.6,-10.0,-9.0,3.0,31
241.01451110839844,67.41536712646484,13.483073425292968,1000.0,0.0,-0.6666666666666666,-0.5333333333333333,-10.0,-8.0,3.0,31
267.62432861328125,77.11202239990234,15.422404479980468,1000.0,0.0,-0.6666666666666666,-0.4666666666666667,-10.0,-7.0,3.0,31
246.53790283203125,60.746028900146484,12.149205780029297,1000.0,0.0,-0.6666666666666666,-0.4,-10.0,-6.0,3.0,31
225.625,65.5584487915039,13.11168975830078,1000.0,0.0,-0.6666666666666666,-0.3333333333333333,-10.0,-5.0,3.0,31
199.37020874023438,49.08259582519531,9.816519165039063,1000.0,0.0,-0.6666666666666666,-0.26666666666666666,-10.0,-4.0,3.0,31
207.7804718017578,54.49252700805664,10.898505401611327,1000.0,0.0,-0.6666666666666666,-0.2,-10.0,-3.0,3.0,31
183.09547424316406,14.41958999633789,2.8839179992675783,1000.0,0.0,-0.6666666666666666,-0.13333333333333333,-10.0,-2.0,3.0,31
181.0258331298828,16.10906982421875,3.22181396484375,1000.0,0.0,-0.6666666666666666,-0.06666666666666667,-10.0,-1.0,3.0,31
180.66586303710938,13.5589017868042,2.7117803573608397,1000.0,0.0,-0.6666666666666666,0.0,-10.0,0.0,3.0,31
196.50181579589844,31.93655776977539,6.387311553955078,1000.0,0.0,-0.6666666666666666,0.06666666666666667,-10.0,1.0,3.0,31
242.23007202148438,40.99966049194336,8.199932098388672,1000.0,0.0,-0.6666666666666666,0.13333333333333333,-10.0,2.0,3.0,31
271.5146179199219,53.76285171508789,10.752570343017577,1000.0,0.0,-0.6666666666666666,0.2,-10.0,3.0,3.0,31
261.3120422363281,60.1594352722168,12.03188705444336,1000.0,0.0,-0.6666666666666666,0.26666666666666666,-10.0,4.0,3.0,31
266.34100341796875,59.970115661621094,11.99402313232422,1000.0,0.0,-0.6666666666666666,0.3333333333333333,-10.0,5.0,3.0,31
302.12469482421875,85.01702117919922,17.003404235839845,1000.0,0.0,-0.6666666666666666,0.4,-10.0,6.0,3.0,31
382.5135498046875,62.19772720336914,12.439545440673829,1000.0,0.0,-0.6666666666666666,0.4666666666666667,-10.0,7.0,3.0,31
307.2769775390625,55.17765426635742,11.035530853271485,1000.0,0.0,-0.6666666666666666,0.5333333333333333,-10.0,8.0,3.0,31
283.24664306640625,84.377197265625,16.875439453125,1000.0,0.0,-0.6666666666666666,0.6,-10.0,9.0,3.0,31
230.060546875,65.1243896484375,13.0248779296875,1000.0,0.0,-0.6666666666666666,0.6666666666666666,-10.0,10.0,3.0,31
217.05886840820312,43.774513244628906,8.754902648925782,1000.0,0.0,-0.6666666666666666,0.7333333333333333,-10.0,11.0,3.0,31
237.95849609375,56.95637893676758,11.391275787353516,1000.0,0.0,-0.6666666666666666,0.8,-10.0,12.0,3.0,31
240.8866729736328,60.0976448059082,12.01952896118164,1000.0,0.0,-0.6666666666666666,0.8666666666666667,-10.0,13.0,3.0,31
229.33787536621094,47.55831527709961,9.511663055419922,1000.0,0.0,-0.6666666666666666,0.9333333333333333,-10.0,14.0,3.0,31
221.96029663085938,45.04775619506836,9.009551239013671,1000.0,0.0,-0.6666666666666666,1.0,-10.0,15.0,3.0,31
193.9356231689453,26.127126693725586,5.225425338745117,1000.0,0.0,-0.6,-1.0,-9.0,-15.0,3.0,31
197.7442169189453,26.049158096313477,5.209831619262696,1000.0,0.0,-0.6,-0.9333333333333333,-9.0,-14.0,3.0,31
207.70782470703125,35.4469108581543,7.089382171630859,1000.0,0.0,-0.6,-0.8666666666666667,-9.0,-13.0,3.0,31
224.5718536376953,47.08905792236328,9.417811584472656,1000.0,0.0,-0.6,-0.8,-9.0,-12.0,3.0,31
220.64842224121094,43.24918746948242,8.649837493896484,1000.0,0.0,-0.6,-0.7333333333333333,-9.0,-11.0,3.0,31
255.72152709960938,55.37191390991211,11.074382781982422,1000.0,0.0,-0.6,-0.6666666666666666,-9.0,-10.0,3.0,31
245.96270751953125,61.97343063354492,12.394686126708985,1000.0,0.0,-0.6,-0.6,-9.0,-9.0,3.0,31
239.8245086669922,56.138790130615234,11.227758026123047,1000.0,0.0,-0.6,-0.5333333333333333,-9.0,-8.0,3.0,31
263.62176513671875,82.0732650756836,16.414653015136718,1000.0,0.0,-0.6,-0.4666666666666667,-9.0,-7.0,3.0,31
259.0743103027344,73.4859848022461,14.697196960449219,1000.0,0.0,-0.6,-0.4,-9.0,-6.0,3.0,31
227.8074188232422,57.912681579589844,11.582536315917968,1000.0,0.0,-0.6,-0.3333333333333333,-9.0,-5.0,3.0,31
216.08258056640625,65.75602722167969,13.151205444335938,1000.0,0.0,-0.6,-0.26666666666666666,-9.0,-4.0,3.0,31
215.7674560546875,45.133331298828125,9.026666259765625,1000.0,0.0,-0.6,-0.2,-9.0,-3.0,3.0,31
215.39503479003906,67.29227447509766,13.458454895019532,1000.0,0.0,-0.6,-0.13333333333333333,-9.0,-2.0,3.0,31
180.5657196044922,14.477806091308594,2.8955612182617188,1000.0,0.0,-0.6,-0.06666666666666667,-9.0,-1.0,3.0,31
178.94139099121094,12.22860050201416,2.445720100402832,1000.0,0.0,-0.6,0.0,-9.0,0.0,3.0,31
194.94711303710938,24.2905216217041,4.85810432434082,1000.0,0.0,-0.6,0.06666666666666667,-9.0,1.0,3.0,31
240.06053161621094,44.15789031982422,8.831578063964844,1000.0,0.0,-0.6,0.13333333333333333,-9.0,2.0,3.0,31
262.0306091308594,57.11809158325195,11.42361831665039,1000.0,0.0,-0.6,0.2,-9.0,3.0,3.0,31
253.1348876953125,63.180057525634766,12.636011505126953,1000.0,0.0,-0.6,0.26666666666666666,-9.0,4.0,3.0,31
276.60968017578125,76.41034698486328,15.282069396972656,1000.0,0.0,-0.6,0.3333333333333333,-9.0,5.0,3.0,31
287.1720886230469,77.32109069824219,15.464218139648438,1000.0,0.0,-0.6,0.4,-9.0,6.0,3.0,31
310.7269287109375,83.04359436035156,16.608718872070312,1000.0,0.0,-0.6,0.4666666666666667,-9.0,7.0,3.0,31
296.611083984375,87.04493713378906,17.40898742675781,1000.0,0.0,-0.6,0.5333333333333333,-9.0,8.0,3.0,31
253.9304656982422,75.44991302490234,15.089982604980468,1000.0,0.0,-0.6,0.6,-9.0,9.0,3.0,31
254.07730102539062,61.56010437011719,12.312020874023437,1000.0,0.0,-0.6,0.6666666666666666,-9.0,10.0,3.0,31
251.86448669433594,79.18861389160156,15.837722778320312,1000.0,0.0,-0.6,0.7333333333333333,-9.0,11.0,3.0,31
252.31234741210938,78.93903350830078,15.787806701660156,1000.0,0.0,-0.6,0.8,-9.0,12.0,3.0,31
237.31443786621094,70.3127212524414,14.062544250488282,1000.0,0.0,-0.6,0.8666666666666667,-9.0,13.0,3.0,31
220.029296875,48.397865295410156,9.679573059082031,1000.0,0.0,-0.6,0.9333333333333333,-9.0,14.0,3.0,31
226.0430908203125,45.39852523803711,9.079705047607423,1000.0,0.0,-0.6,1.0,-9.0,15.0,3.0,31
195.74461364746094,34.77682113647461,6.955364227294922,1000.0,0.0,-0.5333333333333333,-1.0,-8.0,-15.0,3.0,31
201.10284423828125,22.665283203125,4.533056640625,1000.0,0.0,-0.5333333333333333,-0.9333333333333333,-8.0,-14.0,3.0,31
207.88189697265625,41.91373062133789,8.382746124267578,1000.0,0.0,-0.5333333333333333,-0.8666666666666667,-8.0,-13.0,3.0,31
215.29930114746094,34.4464225769043,6.88928451538086,1000.0,0.0,-0.5333333333333333,-0.8,-8.0,-12.0,3.0,31
233.5072021484375,51.79861068725586,10.359722137451172,1000.0,0.0,-0.5333333333333333,-0.7333333333333333,-8.0,-11.0,3.0,31
237.12107849121094,46.298194885253906,9.25963897705078,1000.0,0.0,-0.5333333333333333,-0.6666666666666666,-8.0,-10.0,3.0,31
239.55955505371094,50.09895324707031,10.019790649414062,1000.0,0.0,-0.5333333333333333,-0.6,-8.0,-9.0,3.0,31
241.0245361328125,49.644779205322266,9.928955841064454,1000.0,0.0,-0.5333333333333333,-0.5333333333333333,-8.0,-8.0,3.0,31
239.9299774169922,71.74962615966797,14.349925231933593,1000.0,0.0,-0.5333333333333333,-0.4666666666666667,-8.0,-7.0,3.0,31
253.3361358642578,64.6380615234375,12.9276123046875,1000.0,0.0,-0.5333333333333333,-0.4,-8.0,-6.0,3.0,31
292.6617126464844,55.16749954223633,11.033499908447265,1000.0,0.0,-0.5333333333333333,-0.3333333333333333,-8.0,-5.0,3.0,31
234.9379425048828,47.021881103515625,9.404376220703124,1000.0,0.0,-0.5333333333333333,-0.26666666666666666,-8.0,-4.0,3.0,31
217.3577117919922,63.220829010009766,12.644165802001954,1000.0,0.0,-0.5333333333333333,-0.2,-8.0,-3.0,3.0,31
192.77659606933594,27.02694320678711,5.405388641357422,1000.0,0.0,-0.5333333333333333,-0.13333333333333333,-8.0,-2.0,3.0,31
192.59938049316406,37.0819091796875,7.4163818359375,1000.0,0.0,-0.5333333333333333,-0.06666666666666667,-8.0,-1.0,3.0,31
186.43751525878906,24.311752319335938,4.8623504638671875,1000.0,0.0,-0.5333333333333333,0.0,-8.0,0.0,3.0,31
201.80677795410156,30.529678344726562,6.105935668945312,1000.0,0.0,-0.5333333333333333,0.06666666666666667,-8.0,1.0,3.0,31
244.35528564453125,37.839962005615234,7.567992401123047,1000.0,0.0,-0.5333333333333333,0.13333333333333333,-8.0,2.0,3.0,31
243.4447021484375,52.85379409790039,10.570758819580078,1000.0,0.0,-0.5333333333333333,0.2,-8.0,3.0,3.0,31
255.62374877929688,57.536094665527344,11.507218933105468,1000.0,0.0,-0.5333333333333333,0.26666666666666666,-8.0,4.0,3.0,31
286.448486328125,60.806182861328125,12.161236572265626,1000.0,0.0,-0.5333333333333333,0.3333333333333333,-8.0,5.0,3.0,31
322.12396240234375,90.69161224365234,18.13832244873047,1000.0,0.0,-0.5333333333333333,0.4,-8.0,6.0,3.0,31
328.113037109375,76.81088256835938,15.362176513671875,1000.0,0.0,-0.5333333333333333,0.4666666666666667,-8.0,7.0,3.0,31
259.8939514160156,88.29421997070312,17.658843994140625,1000.0,0.0,-0.5333333333333333,0.5333333333333333,-8.0,8.0,3.0,31
238.12979125976562,74.71528625488281,14.943057250976562,1000.0,0.0,-0.5333333333333333,0.6,-8.0,9.0,3.0,31
242.46307373046875,76.3543930053711,15.27087860107422,1000.0,0.0,-0.5333333333333333,0.6666666666666666,-8.0,10.0,3.0,31
261.04571533203125,92.15778350830078,18.431556701660156,1000.0,0.0,-0.5333333333333333,0.7333333333333333,-8.0,11.0,3.0,31
232.88748168945312,58.57062911987305,11.714125823974609,1000.0,0.0,-0.5333333333333333,0.8,-8.0,12.0,3.0,31
239.95773315429688,64.60501861572266,12.921003723144532,1000.0,0.0,-0.5333333333333333,0.8666666666666667,-8.0,13.0,3.0,31
235.44223022460938,46.495304107666016,9.299060821533203,1000.0,0.0,-0.5333333333333333,0.9333333333333333,-8.0,14.0,3.0,31
242.43186950683594,57.470672607421875,11.494134521484375,1000.0,0.0,-0.5333333333333333,1.0,-8.0,15.0,3.0,31
178.32192993164062,8.889018058776855,1.777803611755371,1000.0,0.0,-0.4666666666666667,-1.0,-7.0,-15.0,3.0,31
188.7499542236328,17.833410263061523,3.566682052612305,1000.0,0.0,-0.4666666666666667,-0.9333333333333333,-7.0,-14.0,3.0,31
199.32066345214844,20.402448654174805,4.080489730834961,1000.0,0.0,-0.4666666666666667,-0.8666666666666667,-7.0,-13.0,3.0,31
229.42999267578125,43.21530532836914,8.643061065673828,1000.0,0.0,-0.4666666666666667,-0.8,-7.0,-12.0,3.0,31
253.43142700195312,57.96513748168945,11.593027496337891,1000.0,0.0,-0.4666666666666667,-0.7333333333333333,-7.0,-11.0,3.0,31
270.9395446777344,56.10908889770508,11.221817779541016,1000.0,0.0,-0.4666666666666667,-0.6666666666666666,-7.0,-10.0,3.0,31
260.9863586425781,46.97758483886719,9.395516967773437,1000.0,0.0,-0.4666666666666667,-0.6,-7.0,-9.0,3.0,31
243.2058563232422,44.74764633178711,8.949529266357422,1000.0,0.0,-0.4666666666666667,-0.5333333333333333,-7.0,-8.0,3.0,31
234.90322875976562,53.900264739990234,10.780052947998048,1000.0,0.0,-0.4666666666666667,-0.4666666666666667,-7.0,-7.0,3.0,31
262.8065185546875,64.49910736083984,12.899821472167968,1000.0,0.0,-0.4666666666666667,-0.4,-7.0,-6.0,3.0,31
286.2261962890625,65.40021514892578,13.080043029785156,1000.0,0.0,-0.4666666666666667,-0.3333333333333333,-7.0,-5.0,3.0,31
302.26544189453125,59.44641876220703,11.889283752441406,1000.0,0.0,-0.4666666666666667,-0.26666666666666666,-7.0,-4.0,3.0,31
208.50926208496094,23.639820098876953,4.72796401977539,1000.0,0.0,-0.4666666666666667,-0.2,-7.0,-3.0,3.0,31
242.75711059570312,68.56836700439453,13.713673400878907,1000.0,0.0,-0.4666666666666667,-0.13333333333333333,-7.0,-2.0,3.0,31
205.70834350585938,38.16728591918945,7.633457183837891,1000.0,0.0,-0.4666666666666667,-0.06666666666666667,-7.0,-1.0,3.0,31
185.96804809570312,17.852779388427734,3.570555877685547,1000.0,0.0,-0.4666666666666667,0.0,-7.0,0.0,3.0,31
273.4888610839844,40.40258026123047,8.080516052246093,1000.0,0.0,-0.4666666666666667,0.06666666666666667,-7.0,1.0,3.0,31
247.81173706054688,62.197792053222656,12.439558410644532,1000.0,0.0,-0.4666666666666667,0.13333333333333333,-7.0,2.0,3.0,31
254.62864685058594,53.85210418701172,10.770420837402344,1000.0,0.0,-0.4666666666666667,0.2,-7.0,3.0,3.0,31
268.88360595703125,76.17056274414062,15.234112548828126,1000.0,0.0,-0.4666666666666667,0.26666666666666666,-7.0,4.0,3.0,31
311.23992919921875,85.42001342773438,17.084002685546874,1000.0,0.0,-0.4666666666666667,0.3333333333333333,-7.0,5.0,3.0,31
318.06768798828125,78.45764923095703,15.691529846191406,1000.0,0.0,-0.4666666666666667,0.4,-7.0,6.0,3.0,31
289.85009765625,70.54971313476562,14.109942626953124,1000.0,0.0,-0.4666666666666667,0.4666666666666667,-7.0,7.0,3.0,31
237.8524932861328,51.177982330322266,10.235596466064454,1000.0,0.0,-0.4666666666666667,0.5333333333333333,-7.0,8.0,3.0,31
234.07505798339844,63.10514450073242,12.621028900146484,1000.0,0.0,-0.4666666666666667,0.6,-7.0,9.0,3.0,31
251.66795349121094,88.52314758300781,17.704629516601564,1000.0,0.0,-0.4666666666666667,0.6666666666666666,-7.0,10.0,3.0,31
238.0847625732422,49.714752197265625,9.942950439453124,1000.0,0.0,-0.4666666666666667,0.7333333333333333,-7.0,11.0,3.0,31
203.76438903808594,36.886775970458984,7.3773551940917965,1000.0,0.0,-0.4666666666666667,0.8,-7.0,12.0,3.0,31
233.79368591308594,49.814579010009766,9.962915802001953,1000.0,0.0,-0.4666666666666667,0.8666666666666667,-7.0,13.0,3.0,31
259.3534240722656,77.18751525878906,15.437503051757812,1000.0,0.0,-0.4666666666666667,0.9333333333333333,-7.0,14.0,3.0,31
280.5871276855469,89.11416625976562,17.822833251953124,1000.0,0.0,-0.4666666666666667,1.0,-7.0,15.0,3.0,31
177.78492736816406,9.240521430969238,1.8481042861938477,1000.0,0.0,-0.4,-1.0,-6.0,-15.0,3.0,31
180.3002471923828,12.761570930480957,2.5523141860961913,1000.0,0.0,-0.4,-0.9333333333333333,-6.0,-14.0,3.0,31
191.8369903564453,28.78154945373535,5.756309890747071,1000.0,0.0,-0.4,-0.8666666666666667,-6.0,-13.0,3.0,31
190.65513610839844,22.023571014404297,4.404714202880859,1000.0,0.0,-0.4,-0.8,-6.0,-12.0,3.0,31
219.88165283203125,40.94376754760742,8.188753509521485,1000.0,0.0,-0.4,-0.7333333333333333,-6.0,-11.0,3.0,31
261.8633117675781,40.72300338745117,8.144600677490235,1000.0,0.0,-0.4,-0.6666666666666666,-6.0,-10.0,3.0,31
263.1050109863281,47.36111831665039,9.472223663330078,1000.0,0.0,-0.4,-0.6,-6.0,-9.0,3.0,31
225.91705322265625,36.38351821899414,7.276703643798828,1000.0,0.0,-0.4,-0.5333333333333333,-6.0,-8.0,3.0,31
189.8466339111328,26.060543060302734,5.212108612060547,1000.0,0.0,-0.4,-0.4666666666666667,-6.0,-7.0,3.0,31
206.13510131835938,43.318660736083984,8.663732147216797,1000.0,0.0,-0.4,-0.4,-6.0,-6.0,3.0,31
232.56654357910156,56.34964370727539,11.269928741455079,1000.0,0.0,-0.4,-0.3333333333333333,-6.0,-5.0,3.0,31
223.66453552246094,50.556095123291016,10.111219024658203,1000.0,0.0,-0.4,-0.26666666666666666,-6.0,-4.0,3.0,31
254.4105987548828,52.48747634887695,10.49749526977539,1000.0,0.0,-0.4,-0.2,-6.0,-3.0,3.0,31
189.6572265625,20.53316307067871,4.1066326141357425,1000.0,0.0,-0.4,-0.13333333333333333,-6.0,-2.0,3.0,31
198.7554931640625,22.42071533203125,4.48414306640625,1000.0,0.0,-0.4,-0.06666666666666667,-6.0,-1.0,3.0,31
226.3540496826172,60.480918884277344,12.096183776855469,1000.0,0.0,-0.4,0.0,-6.0,0.0,3.0,31
222.96458435058594,37.1887321472168,7.43774642944336,1000.0,0.0,-0.4,0.06666666666666667,-6.0,1.0,3.0,31
279.3560485839844,63.98863220214844,12.797726440429688,1000.0,0.0,-0.4,0.13333333333333333,-6.0,2.0,3.0,31
328.9492492675781,101.3111343383789,20.262226867675782,1000.0,0.0,-0.4,0.2,-6.0,3.0,3.0,31
316.0758972167969,84.21825408935547,16.843650817871094,1000.0,0.0,-0.4,0.26666666666666666,-6.0,4.0,3.0,31
312.9592590332031,79.88414764404297,15.976829528808594,1000.0,0.0,-0.4,0.3333333333333333,-6.0,5.0,3.0,31
322.2653503417969,60.48704147338867,12.097408294677734,1000.0,0.0,-0.4,0.4,-6.0,6.0,3.0,31
251.78562927246094,53.117820739746094,10.623564147949219,1000.0,0.0,-0.4,0.4666666666666667,-6.0,7.0,3.0,31
242.25718688964844,62.53099060058594,12.506198120117187,1000.0,0.0,-0.4,0.5333333333333333,-6.0,8.0,3.0,31
216.92156982421875,41.84107208251953,8.368214416503907,1000.0,0.0,-0.4,0.6,-6.0,9.0,3.0,31
242.86398315429688,66.4117202758789,13.28234405517578,1000.0,0.0,-0.4,0.6666666666666666,-6.0,10.0,3.0,31
189.75999450683594,13.537693977355957,2.7075387954711916,1000.0,0.0,-0.4,0.7333333333333333,-6.0,11.0,3.0,31
188.92738342285156,17.69322395324707,3.538644790649414,1000.0,0.0,-0.4,0.8,-6.0,12.0,3.0,31
262.5624694824219,75.41779327392578,15.083558654785156,1000.0,0.0,-0.4,0.8666666666666667,-6.0,13.0,3.0,31
304.38702392578125,102.79090881347656,20.558181762695312,1000.0,0.0,-0.4,0.9333333333333333,-6.0,14.0,3.0,31
322.0815734863281,109.30766296386719,21.861532592773436,1000.0,0.0,-0.4,1.0,-6.0,15.0,3.0,31
180.30096435546875,13.625029563903809,2.7250059127807615,1000.0,0.0,-0.3333333333333333,-1.0,-5.0,-15.0,3.0,31
189.22149658203125,28.274391174316406,5.654878234863281,1000.0,0.0,-0.3333333333333333,-0.9333333333333333,-5.0,-14.0,3.0,31
198.5879364013672,33.63105392456055,6.7262107849121096,1000.0,0.0,-0.3333333333333333,-0.8666666666666667,-5.0,-13.0,3.0,31
194.33343505859375,27.572246551513672,5.5144493103027346,1000.0,0.0,-0.3333333333333333,-0.8,-5.0,-12.0,3.0,31
195.54925537109375,28.583393096923828,5.716678619384766,1000.0,0.0,-0.3333333333333333,-0.7333333333333333,-5.0,-11.0,3.0,31
234.7673797607422,47.407649993896484,9.481529998779298,1000.0,0.0,-0.3333333333333333,-0.6666666666666666,-5.0,-10.0,3.0,31
216.8570098876953,47.1224365234375,9.4244873046875,1000.0,0.0,-0.3333333333333333,-0.6,-5.0,-9.0,3.0,31
237.13238525390625,55.84413146972656,11.168826293945312,1000.0,0.0,-0.3333333333333333,-0.5333333333333333,-5.0,-8.0,3.0,31
224.1903839111328,43.76366424560547,8.752732849121093,1000.0,0.0,-0.3333333333333333,-0.4666666666666667,-5.0,-7.0,3.0,31
196.6747589111328,17.122316360473633,3.4244632720947266,1000.0,0.0,-0.3333333333333333,-0.4,-5.0,-6.0,3.0,31
222.26937866210938,54.66257858276367,10.932515716552734,1000.0,0.0,-0.3333333333333333,-0.3333333333333333,-5.0,-5.0,3.0,31
202.9827880859375,35.93199157714844,7.186398315429687,1000.0,0.0,-0.3333333333333333,-0.26666666666666666,-5.0,-4.0,3.0,31
205.22470092773438,35.08216857910156,7.0164337158203125,1000.0,0.0,-0.3333333333333333,-0.2,-5.0,-3.0,3.0,31
284.8624267578125,55.66214370727539,11.132428741455078,1000.0,0.0,-0.3333333333333333,-0.13333333333333333,-5.0,-2.0,3.0,31
233.5557861328125,43.97313690185547,8.794627380371093,1000.0,0.0,-0.3333333333333333,-0.06666666666666667,-5.0,-1.0,3.0,31
239.69866943359375,54.146610260009766,10.829322052001952,1000.0,0.0,-0.3333333333333333,0.0,-5.0,0.0,3.0,31
262.8404846191406,79.72309112548828,15.944618225097656,1000.0,0.0,-0.3333333333333333,0.06666666666666667,-5.0,1.0,3.0,31
326.4375915527344,73.53646850585938,14.707293701171874,1000.0,0.0,-0.3333333333333333,0.13333333333333333,-5.0,2.0,3.0,31
418.71710205078125,56.199466705322266,11.239893341064453,1000.0,0.0,-0.3333333333333333,0.2,-5.0,3.0,3.0,31
370.9747009277344,78.53907012939453,15.707814025878907,1000.0,0.0,-0.3333333333333333,0.26666666666666666,-5.0,4.0,3.0,31
335.14495849609375,70.46122741699219,14.092245483398438,1000.0,0.0,-0.3333333333333333,0.3333333333333333,-5.0,5.0,3.0,31
264.2959899902344,57.36030578613281,11.472061157226562,1000.0,0.0,-0.3333333333333333,0.4,-5.0,6.0,3.0,31
229.25555419921875,43.1490364074707,8.629807281494141,1000.0,0.0,-0.3333333333333333,0.4666666666666667,-5.0,7.0,3.0,31
208.2720489501953,33.95267868041992,6.790535736083984,1000.0,0.0,-0.3333333333333333,0.5333333333333333,-5.0,8.0,3.0,31
197.0019989013672,23.102092742919922,4.620418548583984,1000.0,0.0,-0.3333333333333333,0.6,-5.0,9.0,3.0,31
209.79322814941406,52.59671401977539,10.519342803955078,1000.0,0.0,-0.3333333333333333,0.6666666666666666,-5.0,10.0,3.0,31
196.20411682128906,16.9598445892334,3.39196891784668,1000.0,0.0,-0.3333333333333333,0.7333333333333333,-5.0,11.0,3.0,31
229.2253875732422,48.73645782470703,9.747291564941406,1000.0,0.0,-0.3333333333333333,0.8,-5.0,12.0,3.0,31
289.5687561035156,94.57817077636719,18.915634155273438,1000.0,0.0,-0.3333333333333333,0.8666666666666667,-5.0,13.0,3.0,31
312.7051696777344,102.286376953125,20.457275390625,1000.0,0.0,-0.3333333333333333,0.9333333333333333,-5.0,14.0,3.0,31
323.0096435546875,101.36158752441406,20.272317504882814,1000.0,0.0,-0.3333333333333333,1.0,-5.0,15.0,3.0,31
183.07901000976562,19.66470718383789,3.932941436767578,1000.0,0.0,-0.26666666666666666,-1.0,-4.0,-15.0,3.0,31
181.13690185546875,13.48818588256836,2.697637176513672,1000.0,0.0,-0.26666666666666666,-0.9333333333333333,-4.0,-14.0,3.0,31
181.19509887695312,13.218842506408691,2.6437685012817385,1000.0,0.0,-0.26666666666666666,-0.8666666666666667,-4.0,-13.0,3.0,31
197.75479125976562,42.10625457763672,8.421250915527343,1000.0,0.0,-0.26666666666666666,-0.8,-4.0,-12.0,3.0,31
203.55589294433594,34.165157318115234,6.833031463623047,1000.0,0.0,-0.26666666666666666,-0.7333333333333333,-4.0,-11.0,3.0,31
261.0323486328125,58.63582992553711,11.727165985107423,1000.0,0.0,-0.26666666666666666,-0.6666666666666666,-4.0,-10.0,3.0,31
273.09027099609375,59.85451126098633,11.970902252197266,1000.0,0.0,-0.26666666666666666,-0.6,-4.0,-9.0,3.0,31
247.22267150878906,59.80596160888672,11.961192321777343,1000.0,0.0,-0.26666666666666666,-0.5333333333333333,-4.0,-8.0,3.0,31
242.2759552001953,43.99040222167969,8.798080444335938,1000.0,0.0,-0.26666666666666666,-0.4666666666666667,-4.0,-7.0,3.0,31
236.91000366210938,59.34856033325195,11.86971206665039,1000.0,0.0,-0.26666666666666666,-0.4,-4.0,-6.0,3.0,31
225.1108856201172,22.9643611907959,4.592872238159179,1000.0,0.0,-0.26666666666666666,-0.3333333333333333,-4.0,-5.0,3.0,31
242.76898193359375,34.436927795410156,6.887385559082031,1000.0,0.0,-0.26666666666666666,-0.26666666666666666,-4.0,-4.0,3.0,31
248.33929443359375,49.23710632324219,9.847421264648437,1000.0,0.0,-0.26666666666666666,-0.2,-4.0,-3.0,3.0,31
299.11297607421875,62.66952896118164,12.533905792236329,1000.0,0.0,-0.26666666666666666,-0.13333333333333333,-4.0,-2.0,3.0,31
335.7477722167969,71.90601348876953,14.381202697753906,1000.0,0.0,-0.26666666666666666,-0.06666666666666667,-4.0,-1.0,3.0,31
380.01629638671875,118.68792724609375,23.73758544921875,1000.0,0.0,-0.26666666666666666,0.0,-4.0,0.0,3.0,31
388.30535888671875,99.33853912353516,19.867707824707033,1000.0,0.0,-0.26666666666666666,0.06666666666666667,-4.0,1.0,3.0,31
432.1124572753906,96.16504669189453,19.233009338378906,1000.0,0.0,-0.26666666666666666,0.13333333333333333,-4.0,2.0,3.0,31
360.1771240234375,103.13726043701172,20.627452087402343,1000.0,0.0,-0.26666666666666666,0.2,-4.0,3.0,3.0,31
336.8076477050781,86.41604614257812,17.283209228515624,1000.0,0.0,-0.26666666666666666,0.26666666666666666,-4.0,4.0,3.0,31
288.2438659667969,79.3526382446289,15.870527648925782,1000.0,0.0,-0.26666666666666666,0.3333333333333333,-4.0,5.0,3.0,31
216.10133361816406,44.49106216430664,8.898212432861328,1000.0,0.0,-0.26666666666666666,0.4,-4.0,6.0,3.0,31
210.2704620361328,41.3023681640625,8.2604736328125,1000.0,0.0,-0.26666666666666666,0.4666666666666667,-4.0,7.0,3.0,31
205.02798461914062,44.88124465942383,8.976248931884765,1000.0,0.0,-0.26666666666666666,0.5333333333333333,-4.0,8.0,3.0,31
203.0054931640625,34.94580841064453,6.989161682128906,1000.0,0.0,-0.26666666666666666,0.6,-4.0,9.0,3.0,31
209.27627563476562,42.866172790527344,8.573234558105469,1000.0,0.0,-0.26666666666666666,0.6666666666666666,-4.0,10.0,3.0,31
205.92982482910156,32.01979064941406,6.403958129882812,1000.0,0.0,-0.26666666666666666,0.7333333333333333,-4.0,11.0,3.0,31
225.20042419433594,43.19739532470703,8.639479064941407,1000.0,0.0,-0.26666666666666666,0.8,-4.0,12.0,3.0,31
291.9424133300781,97.7694091796875,19.5538818359375,1000.0,0.0,-0.26666666666666666,0.8666666666666667,-4.0,13.0,3.0,31
269.25408935546875,73.455810546875,14.691162109375,1000.0,0.0,-0.26666666666666666,0.9333333333333333,-4.0,14.0,3.0,31
347.4745178222656,70.74787902832031,14.149575805664062,1000.0,0.0,-0.26666666666666666,1.0,-4.0,15.0,3.0,31
182.95565795898438,12.75951862335205,2.55190372467041,1000.0,0.0,-0.2,-1.0,-3.0,-15.0,3.0,31
181.99990844726562,13.328258514404297,2.6656517028808593,1000.0,0.0,-0.2,-0.9333333333333333,-3.0,-14.0,3.0,31
185.47979736328125,17.459787368774414,3.4919574737548826,1000.0,0.0,-0.2,-0.8666666666666667,-3.0,-13.0,3.0,31
209.8382568359375,45.373958587646484,9.074791717529298,1000.0,0.0,-0.2,-0.8,-3.0,-12.0,3.0,31
244.96475219726562,73.73431396484375,14.74686279296875,1000.0,0.0,-0.2,-0.7333333333333333,-3.0,-11.0,3.0,31
229.9121856689453,69.38497161865234,13.876994323730468,1000.0,0.0,-0.2,-0.6666666666666666,-3.0,-10.0,3.0,31
286.3219909667969,100.9692153930664,20.19384307861328,1000.0,0.0,-0.2,-0.6,-3.0,-9.0,3.0,31
273.1636657714844,70.96745300292969,14.193490600585937,1000.0,0.0,-0.2,-0.5333333333333333,-3.0,-8.0,3.0,31
337.1861572265625,87.99787139892578,17.599574279785156,1000.0,0.0,-0.2,-0.4666666666666667,-3.0,-7.0,3.0,31
321.3226013183594,56.22185134887695,11.244370269775391,1000.0,0.0,-0.2,-0.4,-3.0,-6.0,3.0,31
259.4085693359375,30.88051986694336,6.176103973388672,1000.0,0.0,-0.2,-0.3333333333333333,-3.0,-5.0,3.0,31
233.7133026123047,41.612125396728516,8.322425079345702,1000.0,0.0,-0.2,-0.26666666666666666,-3.0,-4.0,3.0,31
220.2024383544922,33.98273468017578,6.796546936035156,1000.0,0.0,-0.2,-0.2,-3.0,-3.0,3.0,31
283.780517578125,164.97293090820312,32.99458618164063,1000.0,0.0,-0.2,-0.13333333333333333,-3.0,-2.0,3.0,31
252.62493896484375,93.66545867919922,18.733091735839842,1000.0,0.0,-0.2,-0.06666666666666667,-3.0,-1.0,3.0,31
293.8945007324219,100.9556655883789,20.191133117675783,1000.0,0.0,-0.2,0.0,-3.0,0.0,3.0,31
408.11077880859375,129.08253479003906,25.816506958007814,1000.0,0.0,-0.2,0.06666666666666667,-3.0,1.0,3.0,31
338.62152099609375,113.2954330444336,22.659086608886717,1000.0,0.0,-0.2,0.13333333333333333,-3.0,2.0,3.0,31
283.3994140625,107.8459701538086,21.569194030761718,1000.0,0.0,-0.2,0.2,-3.0,3.0,3.0,31
248.3602294921875,76.02220916748047,15.204441833496094,1000.0,0.0,-0.2,0.26666666666666666,-3.0,4.0,3.0,31
197.2101593017578,24.079301834106445,4.815860366821289,1000.0,0.0,-0.2,0.3333333333333333,-3.0,5.0,3.0,31
195.8671112060547,24.089630126953125,4.817926025390625,1000.0,0.0,-0.2,0.4,-3.0,6.0,3.0,31
209.24659729003906,51.0593147277832,10.211862945556641,1000.0,0.0,-0.2,0.4666666666666667,-3.0,7.0,3.0,31
225.84060668945312,60.82627868652344,12.165255737304687,1000.0,0.0,-0.2,0.5333333333333333,-3.0,8.0,3.0,31
223.51283264160156,46.13372039794922,9.226744079589844,1000.0,0.0,-0.2,0.6,-3.0,9.0,3.0,31
208.10531616210938,34.43888473510742,6.887776947021484,1000.0,0.0,-0.2,0.6666666666666666,-3.0,10.0,3.0,31
219.0062255859375,48.514347076416016,9.702869415283203,1000.0,0.0,-0.2,0.7333333333333333,-3.0,11.0,3.0,31
235.4446258544922,59.6951789855957,11.939035797119141,1000.0,0.0,-0.2,0.8,-3.0,12.0,3.0,31
249.09947204589844,57.40243148803711,11.480486297607422,1000.0,0.0,-0.2,0.8666666666666667,-3.0,13.0,3.0,31
295.7240905761719,55.86029052734375,11.17205810546875,1000.0,0.0,-0.2,0.9333333333333333,-3.0,14.0,3.0,31
323.5322570800781,49.8082160949707,9.96164321899414,1000.0,0.0,-0.2,1.0,-3.0,15.0,3.0,31
182.44410705566406,18.123859405517578,3.6247718811035154,1000.0,0.0,-0.13333333333333333,-1.0,-2.0,-15.0,3.0,31
184.6786651611328,20.557788848876953,4.1115577697753904,1000.0,0.0,-0.13333333333333333,-0.9333333333333333,-2.0,-14.0,3.0,31
185.5985565185547,20.75641441345215,4.151282882690429,1000.0,0.0,-0.13333333333333333,-0.8666666666666667,-2.0,-13.0,3.0,31
186.36402893066406,15.886045455932617,3.1772090911865236,1000.0,0.0,-0.13333333333333333,-0.8,-2.0,-12.0,3.0,31
225.25057983398438,52.962223052978516,10.592444610595702,1000.0,0.0,-0.13333333333333333,-0.7333333333333333,-2.0,-11.0,3.0,31
252.04002380371094,83.03036499023438,16.606072998046876,1000.0,0.0,-0.13333333333333333,-0.6666666666666666,-2.0,-10.0,3.0,31
257.4431457519531,83.85128021240234,16.77025604248047,1000.0,0.0,-0.13333333333333333,-0.6,-2.0,-9.0,3.0,31
298.4658203125,59.234622955322266,11.846924591064454,1000.0,0.0,-0.13333333333333333,-0.5333333333333333,-2.0,-8.0,3.0,31
252.99404907226562,55.73672866821289,11.147345733642577,1000.0,0.0,-0.13333333333333333,-0.4666666666666667,-2.0,-7.0,3.0,31
243.20648193359375,49.22426986694336,9.844853973388672,1000.0,0.0,-0.13333333333333333,-0.4,-2.0,-6.0,3.0,31
244.09788513183594,47.646568298339844,9.529313659667968,1000.0,0.0,-0.13333333333333333,-0.3333333333333333,-2.0,-5.0,3.0,31
226.11566162109375,28.548473358154297,5.709694671630859,1000.0,0.0,-0.13333333333333333,-0.26666666666666666,-2.0,-4.0,3.0,31
344.1782531738281,176.69198608398438,35.33839721679688,1000.0,0.0,-0.13333333333333333,-0.2,-2.0,-3.0,3.0,31
331.03936767578125,149.6869659423828,29.937393188476562,1000.0,0.0,-0.13333333333333333,-0.13333333333333333,-2.0,-2.0,3.0,31
249.35964965820312,114.28302764892578,22.856605529785156,1000.0,0.0,-0.13333333333333333,-0.06666666666666667,-2.0,-1.0,3.0,31
230.8258819580078,62.23190689086914,12.446381378173829,1000.0,0.0,-0.13333333333333333,0.0,-2.0,0.0,3.0,31
279.6416320800781,71.29792022705078,14.259584045410156,1000.0,0.0,-0.13333333333333333,0.06666666666666667,-2.0,1.0,3.0,31
228.21435546875,85.16859436035156,17.033718872070313,1000.0,0.0,-0.13333333333333333,0.13333333333333333,-2.0,2.0,3.0,31
231.8876190185547,68.45529174804688,13.691058349609374,1000.0,0.0,-0.13333333333333333,0.2,-2.0,3.0,3.0,31
219.66746520996094,51.452938079833984,10.290587615966796,1000.0,0.0,-0.13333333333333333,0.26666666666666666,-2.0,4.0,3.0,31
192.29273986816406,22.45996856689453,4.491993713378906,1000.0,0.0,-0.13333333333333333,0.3333333333333333,-2.0,5.0,3.0,31
198.48464965820312,24.523113250732422,4.904622650146484,1000.0,0.0,-0.13333333333333333,0.4,-2.0,6.0,3.0,31
207.57412719726562,40.35992431640625,8.07198486328125,1000.0,0.0,-0.13333333333333333,0.4666666666666667,-2.0,7.0,3.0,31
200.75990295410156,27.602413177490234,5.5204826354980465,1000.0,0.0,-0.13333333333333333,0.5333333333333333,-2.0,8.0,3.0,31
203.81851196289062,26.51646614074707,5.303293228149414,1000.0,0.0,-0.13333333333333333,0.6,-2.0,9.0,3.0,31
217.57708740234375,39.00388717651367,7.800777435302734,1000.0,0.0,-0.13333333333333333,0.6666666666666666,-2.0,10.0,3.0,31
223.93173217773438,40.68840026855469,8.137680053710938,1000.0,0.0,-0.13333333333333333,0.7333333333333333,-2.0,11.0,3.0,31
251.78831481933594,54.76310729980469,10.952621459960938,1000.0,0.0,-0.13333333333333333,0.8,-2.0,12.0,3.0,31
286.002685546875,59.676979064941406,11.935395812988281,1000.0,0.0,-0.13333333333333333,0.8666666666666667,-2.0,13.0,3.0,31
270.4295959472656,68.40926361083984,13.681852722167969,1000.0,0.0,-0.13333333333333333,0.9333333333333333,-2.0,14.0,3.0,31
298.6690979003906,62.285789489746094,12.45715789794922,1000.0,0.0,-0.13333333333333333,1.0,-2.0,15.0,3.0,31
180.12588500976562,16.542098999023438,3.3084197998046876,1000.0,0.0,-0.06666666666666667,-1.0,-1.0,-15.0,3.0,31
188.17515563964844,37.237483978271484,7.447496795654297,1000.0,0.0,-0.06666666666666667,-0.9333333333333333,-1.0,-14.0,3.0,31
184.04766845703125,20.666391372680664,4.133278274536133,1000.0,0.0,-0.06666666666666667,-0.8666666666666667,-1.0,-13.0,3.0,31
184.2528533935547,17.721994400024414,3.544398880004883,1000.0,0.0,-0.06666666666666667,-0.8,-1.0,-12.0,3.0,31
181.46688842773438,12.590065002441406,2.5180130004882812,1000.0,0.0,-0.06666666666666667,-0.7333333333333333,-1.0,-11.0,3.0,31
184.6599578857422,17.41730308532715,3.48346061706543,1000.0,0.0,-0.06666666666666667,-0.6666666666666666,-1.0,-10.0,3.0,31
221.5298309326172,71.33287048339844,14.266574096679687,1000.0,0.0,-0.06666666666666667,-0.6,-1.0,-9.0,3.0,31
305.7763366699219,112.110107421875,22.422021484375,1000.0,0.0,-0.06666666666666667,-0.5333333333333333,-1.0,-8.0,3.0,31
245.6168975830078,47.75926971435547,9.551853942871094,1000.0,0.0,-0.06666666666666667,-0.4666666666666667,-1.0,-7.0,3.0,31
249.98648071289062,65.03333282470703,13.006666564941407,1000.0,0.0,-0.06666666666666667,-0.4,-1.0,-6.0,3.0,31
247.46324157714844,59.68366241455078,11.936732482910156,1000.0,0.0,-0.06666666666666667,-0.3333333333333333,-1.0,-5.0,3.0,31
228.0051727294922,34.919654846191406,6.983930969238282,1000.0,0.0,-0.06666666666666667,-0.26666666666666666,-1.0,-4.0,3.0,31
282.35223388671875,147.18614196777344,29.437228393554687,1000.0,0.0,-0.06666666666666667,-0.2,-1.0,-3.0,3.0,31
230.80557250976562,75.9988784790039,15.199775695800781,1000.0,0.0,-0.06666666666666667,-0.13333333333333333,-1.0,-2.0,3.0,31
203.91017150878906,40.61377716064453,8.122755432128907,1000.0,0.0,-0.06666666666666667,-0.06666666666666667,-1.0,-1.0,3.0,31
208.60426330566406,38.31513977050781,7.663027954101563,1000.0,0.0,-0.06666666666666667,0.0,-1.0,0.0,3.0,31
230.21035766601562,42.21074295043945,8.442148590087891,1000.0,0.0,-0.06666666666666667,0.06666666666666667,-1.0,1.0,3.0,31
238.45249938964844,48.81378936767578,9.762757873535156,1000.0,0.0,-0.06666666666666667,0.13333333333333333,-1.0,2.0,3.0,31
215.4626922607422,42.148292541503906,8.429658508300781,1000.0,0.0,-0.06666666666666667,0.2,-1.0,3.0,3.0,31
205.5386505126953,35.98316955566406,7.196633911132812,1000.0,0.0,-0.06666666666666667,0.26666666666666666,-1.0,4.0,3.0,31
210.6133575439453,45.372989654541016,9.074597930908203,1000.0,0.0,-0.06666666666666667,0.3333333333333333,-1.0,5.0,3.0,31
216.46630859375,42.65937423706055,8.531874847412109,1000.0,0.0,-0.06666666666666667,0.4,-1.0,6.0,3.0,31
195.58389282226562,28.395828247070312,5.679165649414062,1000.0,0.0,-0.06666666666666667,0.4666666666666667,-1.0,7.0,3.0,31
208.33705139160156,45.680484771728516,9.136096954345703,1000.0,0.0,-0.06666666666666667,0.5333333333333333,-1.0,8.0,3.0,31
229.64129638671875,56.91685485839844,11.383370971679687,1000.0,0.0,-0.06666666666666667,0.6,-1.0,9.0,3.0,31
267.7641296386719,61.72781753540039,12.345563507080078,1000.0,0.0,-0.06666666666666667,0.6666666666666666,-1.0,10.0,3.0,31
270.5673522949219,66.04557037353516,13.209114074707031,1000.0,0.0,-0.06666666666666667,0.7333333333333333,-1.0,11.0,3.0,31
319.1730041503906,71.12252807617188,14.224505615234374,1000.0,0.0,-0.06666666666666667,0.8,-1.0,12.0,3.0,31
322.1287841796875,79.22151947021484,15.84430389404297,1000.0,0.0,-0.06666666666666667,0.8666666666666667,-1.0,13.0,3.0,31
326.5982971191406,78.1037826538086,15.620756530761719,1000.0,0.0,-0.06666666666666667,0.9333333333333333,-1.0,14.0,3.0,31
307.43072509765625,65.2374267578125,13.0474853515625,1000.0,0.0,-0.06666666666666667,1.0,-1.0,15.0,3.0,31
177.2663116455078,11.184266090393066,2.2368532180786134,1000.0,0.0,0.0,-1.0,0.0,-15.0,3.0,31
183.06761169433594,16.462661743164062,3.2925323486328124,1000.0,0.0,0.0,-0.9333333333333333,0.0,-14.0,3.0,31
184.6979522705078,19.1015625,3.8203125,1000.0,0.0,0.0,-0.8666666666666667,0.0,-13.0,3.0,31
178.83860778808594,12.254638671875,2.450927734375,1000.0,0.0,0.0,-0.8,0.0,-12.0,3.0,31
186.62188720703125,24.99776268005371,4.999552536010742,1000.0,0.0,0.0,-0.7333333333333333,0.0,-11.0,3.0,31
187.3314666748047,18.537033081054688,3.7074066162109376,1000.0,0.0,0.0,-0.6666666666666666,0.0,-10.0,3.0,31
276.1543884277344,82.4062728881836,16.48125457763672,1000.0,0.0,0.0,-0.6,0.0,-9.0,3.0,31
247.16738891601562,56.274925231933594,11.254985046386718,1000.0,0.0,0.0,-0.5333333333333333,0.0,-8.0,3.0,31
252.41246032714844,53.37298583984375,10.67459716796875,1000.0,0.0,0.0,-0.4666666666666667,0.0,-7.0,3.0,31
259.9595031738281,62.52059555053711,12.504119110107421,1000.0,0.0,0.0,-0.4,0.0,-6.0,3.0,31
270.7770690917969,51.192867279052734,10.238573455810547,1000.0,0.0,0.0,-0.3333333333333333,0.0,-5.0,3.0,31
253.53390502929688,41.44114685058594,8.288229370117188,1000.0,0.0,0.0,-0.26666666666666666,0.0,-4.0,3.0,31
239.84547424316406,66.84463500976562,13.368927001953125,1000.0,0.0,0.0,-0.2,0.0,-3.0,3.0,31
216.23605346679688,66.55294799804688,13.310589599609376,1000.0,0.0,0.0,-0.13333333333333333,0.0,-2.0,3.0,31
210.61297607421875,63.04924011230469,12.609848022460938,1000.0,0.0,0.0,-0.06666666666666667,0.0,-1.0,3.0,31
237.6038055419922,70.75676727294922,14.151353454589843,1000.0,0.0,0.0,0.0,0.0,0.0,3.0,31
203.97496032714844,33.7437744140625,6.7487548828125,1000.0,0.0,0.0,0.06666666666666667,0.0,1.0,3.0,31
232.6201171875,55.092288970947266,11.018457794189453,1000.0,0.0,0.0,0.13333333333333333,0.0,2.0,3.0,31
201.6660919189453,28.31575584411621,5.6631511688232425,1000.0,0.0,0.0,0.2,0.0,3.0,3.0,31
188.88311767578125,15.952423095703125,3.190484619140625,1000.0,0.0,0.0,0.26666666666666666,0.0,4.0,3.0,31
198.21066284179688,33.00026321411133,6.6000526428222654,1000.0,0.0,0.0,0.3333333333333333,0.0,5.0,3.0,31
233.05023193359375,64.78466033935547,12.956932067871094,1000.0,0.0,0.0,0.4,0.0,6.0,3.0,31
230.8235321044922,80.7657470703125,16.1531494140625,1000.0,0.0,0.0,0.4666666666666667,0.0,7.0,3.0,31
266.0189208984375,77.6093978881836,15.521879577636719,1000.0,0.0,0.0,0.5333333333333333,0.0,8.0,3.0,31
263.2681579589844,79.86421203613281,15.972842407226562,1000.0,0.0,0.0,0.6,0.0,9.0,3.0,31
346.974853515625,77.0055160522461,15.401103210449218,1000.0,0.0,0.0,0.6666666666666666,0.0,10.0,3.0,31
313.8971252441406,73.83496856689453,14.766993713378906,1000.0,0.0,0.0,0.7333333333333333,0.0,11.0,3.0,31
317.5042419433594,74.42445373535156,14.884890747070312,1000.0,0.0,0.0,0.8,0.0,12.0,3.0,31
316.8426513671875,96.18913269042969,19.237826538085937,1000.0,0.0,0.0,0.8666666666666667,0.0,13.0,3.0,31
326.17706298828125,76.74324035644531,15.348648071289062,1000.0,0.0,0.0,0.9333333333333333,0.0,14.0,3.0,31
357.1349182128906,55.26701354980469,11.053402709960938,1000.0,0.0,0.0,1.0,0.0,15.0,3.0,31
181.20098876953125,14.652654647827148,2.9305309295654296,1000.0,0.0,0.06666666666666667,-1.0,1.0,-15.0,3.0,31
185.6823272705078,24.774818420410156,4.954963684082031,1000.0,0.0,0.06666666666666667,-0.9333333333333333,1.0,-14.0,3.0,31
182.4770965576172,25.0012149810791,5.00024299621582,1000.0,0.0,0.06666666666666667,-0.8666666666666667,1.0,-13.0,3.0,31
185.57150268554688,22.36119270324707,4.472238540649414,1000.0,0.0,0.06666666666666667,-0.8,1.0,-12.0,3.0,31
184.42843627929688,19.43921661376953,3.8878433227539064,1000.0,0.0,0.06666666666666667,-0.7333333333333333,1.0,-11.0,3.0,31
203.4481964111328,43.730560302734375,8.746112060546874,1000.0,0.0,0.06666666666666667,-0.6666666666666666,1.0,-10.0,3.0,31
220.10458374023438,47.25713348388672,9.451426696777343,1000.0,0.0,0.06666666666666667,-0.6,1.0,-9.0,3.0,31
232.51385498046875,58.61639404296875,11.72327880859375,1000.0,0.0,0.06666666666666667,-0.5333333333333333,1.0,-8.0,3.0,31
249.9644317626953,67.87091064453125,13.57418212890625,1000.0,0.0,0.06666666666666667,-0.4666666666666667,1.0,-7.0,3.0,31
256.65350341796875,68.9511947631836,13.790238952636718,1000.0,0.0,0.06666666666666667,-0.4,1.0,-6.0,3.0,31
301.26483154296875,43.83525848388672,8.767051696777344,1000.0,0.0,0.06666666666666667,-0.3333333333333333,1.0,-5.0,3.0,31
267.4937744140625,113.34626770019531,22.669253540039062,1000.0,0.0,0.06666666666666667,-0.26666666666666666,1.0,-4.0,3.0,31
203.3739776611328,41.87645721435547,8.375291442871093,1000.0,0.0,0.06666666666666667,-0.2,1.0,-3.0,3.0,31
202.54185485839844,48.47000503540039,9.694001007080079,1000.0,0.0,0.06666666666666667,-0.13333333333333333,1.0,-2.0,3.0,31
206.0644073486328,56.049896240234375,11.209979248046874,1000.0,0.0,0.06666666666666667,-0.06666666666666667,1.0,-1.0,3.0,31
214.84658813476562,44.1988525390625,8.8397705078125,1000.0,0.0,0.06666666666666667,0.0,1.0,0.0,3.0,31
266.7010498046875,91.5196762084961,18.303935241699218,1000.0,0.0,0.06666666666666667,0.06666666666666667,1.0,1.0,3.0,31
195.7366943359375,30.951828002929688,6.190365600585937,1000.0,0.0,0.06666666666666667,0.13333333333333333,1.0,2.0,3.0,31
193.34890747070312,25.59739875793457,5.119479751586914,1000.0,0.0,0.06666666666666667,0.2,1.0,3.0,3.0,31
199.15988159179688,38.12855529785156,7.625711059570312,1000.0,0.0,0.06666666666666667,0.26666666666666666,1.0,4.0,3.0,31
222.3301239013672,54.94985580444336,10.989971160888672,1000.0,0.0,0.06666666666666667,0.3333333333333333,1.0,5.0,3.0,31
237.5161895751953,70.24134826660156,14.048269653320313,1000.0,0.0,0.06666666666666667,0.4,1.0,6.0,3.0,31
372.272216796875,108.79278564453125,21.75855712890625,1000.0,0.0,0.06666666666666667,0.4666666666666667,1.0,7.0,3.0,31
433.0305480957031,98.84571838378906,19.769143676757814,1000.0,0.0,0.06666666666666667,0.5333333333333333,1.0,8.0,3.0,31
452.4886779785156,50.031272888183594,10.006254577636719,1000.0,0.0,0.06666666666666667,0.6,1.0,9.0,3.0,31
419.1799621582031,39.91142272949219,7.9822845458984375,1000.0,0.0,0.06666666666666667,0.6666666666666666,1.0,10.0,3.0,31
412.2336730957031,65.6490249633789,13.129804992675782,1000.0,0.0,0.06666666666666667,0.7333333333333333,1.0,11.0,3.0,31
356.8938293457031,66.23094940185547,13.246189880371094,1000.0,0.0,0.06666666666666667,0.8,1.0,12.0,3.0,31
342.41680908203125,92.38003540039062,18.476007080078126,1000.0,0.0,0.06666666666666667,0.8666666666666667,1.0,13.0,3.0,31
377.42144775390625,61.238014221191406,12.247602844238282,1000.0,0.0,0.06666666666666667,0.9333333333333333,1.0,14.0,3.0,31
376.94757080078125,78.34381866455078,15.668763732910156,1000.0,0.0,0.06666666666666667,1.0,1.0,15.0,3.0,31
178.6491241455078,14.27278995513916,2.854557991027832,1000.0,0.0,0.13333333333333333,-1.0,2.0,-15.0,3.0,31
182.77537536621094,15.10749626159668,3.021499252319336,1000.0,0.0,0.13333333333333333,-0.9333333333333333,2.0,-14.0,3.0,31
188.1908416748047,24.484704971313477,4.896940994262695,1000.0,0.0,0.13333333333333333,-0.8666666666666667,2.0,-13.0,3.0,31
183.2712860107422,15.732616424560547,3.146523284912109,1000.0,0.0,0.13333333333333333,-0.8,2.0,-12.0,3.0,31
190.17652893066406,24.864458084106445,4.972891616821289,1000.0,0.0,0.13333333333333333,-0.7333333333333333,2.0,-11.0,3.0,31
200.06781005859375,33.552223205566406,6.710444641113281,1000.0,0.0,0.13333333333333333,-0.6666666666666666,2.0,-10.0,3.0,31
213.0857391357422,48.79928970336914,9.759857940673829,1000.0,0.0,0.13333333333333333,-0.6,2.0,-9.0,3.0,31
229.07626342773438,70.41663360595703,14.083326721191407,1000.0,0.0,0.13333333333333333,-0.5333333333333333,2.0,-8.0,3.0,31
242.4785614013672,74.69808197021484,14.939616394042968,1000.0,0.0,0.13333333333333333,-0.4666666666666667,2.0,-7.0,3.0,31
341.7929382324219,118.0650405883789,23.613008117675783,1000.0,0.0,0.13333333333333333,-0.4,2.0,-6.0,3.0,31
348.06219482421875,117.881591796875,23.576318359375,1000.0,0.0,0.13333333333333333,-0.3333333333333333,2.0,-5.0,3.0,31
311.36737060546875,108.76690673828125,21.75338134765625,1000.0,0.0,0.13333333333333333,-0.26666666666666666,2.0,-4.0,3.0,31
285.3211975097656,142.40003967285156,28.480007934570313,1000.0,0.0,0.13333333333333333,-0.2,2.0,-3.0,3.0,31
221.20555114746094,78.92585754394531,15.785171508789062,1000.0,0.0,0.13333333333333333,-0.13333333333333333,2.0,-2.0,3.0,31
227.1343231201172,61.05300521850586,12.210601043701171,1000.0,0.0,0.13333333333333333,-0.06666666666666667,2.0,-1.0,3.0,31
238.5977020263672,64.4802017211914,12.896040344238282,1000.0,0.0,0.13333333333333333,0.0,2.0,0.0,3.0,31
317.5346374511719,71.2628173828125,14.2525634765625,1000.0,0.0,0.13333333333333333,0.06666666666666667,2.0,1.0,3.0,31
304.3663330078125,65.22625732421875,13.04525146484375,1000.0,0.0,0.13333333333333333,0.13333333333333333,2.0,2.0,3.0,31
231.80894470214844,99.19729614257812,19.839459228515626,1000.0,0.0,0.13333333333333333,0.2,2.0,3.0,3.0,31
216.59506225585938,59.210899353027344,11.842179870605468,1000.0,0.0,0.13333333333333333,0.26666666666666666,2.0,4.0,3.0,31
259.28729248046875,97.3760986328125,19.4752197265625,1000.0,0.0,0.13333333333333333,0.3333333333333333,2.0,5.0,3.0,31
322.27911376953125,114.74378204345703,22.948756408691406,1000.0,0.0,0.13333333333333333,0.4,2.0,6.0,3.0,31
415.1543884277344,76.24840545654297,15.249681091308593,1000.0,0.0,0.13333333333333333,0.4666666666666667,2.0,7.0,3.0,31
441.657470703125,70.82220458984375,14.16444091796875,1000.0,0.0,0.13333333333333333,0.5333333333333333,2.0,8.0,3.0,31
413.8216857910156,99.18728637695312,19.837457275390626,1000.0,0.0,0.13333333333333333,0.6,2.0,9.0,3.0,31
421.1963195800781,52.7210578918457,10.54421157836914,1000.0,0.0,0.13333333333333333,0.6666666666666666,2.0,10.0,3.0,31
403.3325500488281,65.20921325683594,13.041842651367187,1000.0,0.0,0.13333333333333333,0.7333333333333333,2.0,11.0,3.0,31
355.8608093261719,90.2685546875,18.0537109375,1000.0,0.0,0.13333333333333333,0.8,2.0,12.0,3.0,31
376.5736083984375,72.23735046386719,14.447470092773438,1000.0,0.0,0.13333333333333333,0.8666666666666667,2.0,13.0,3.0,31
387.10772705078125,79.60465240478516,15.920930480957031,1000.0,0.0,0.13333333333333333,0.9333333333333333,2.0,14.0,3.0,31
353.4252624511719,83.16162109375,16.63232421875,1000.0,0.0,0.13333333333333333,1.0,2.0,15.0,3.0,31
191.88351440429688,37.79374694824219,7.558749389648438,1000.0,0.0,0.2,-1.0,3.0,-15.0,3.0,31
185.69888305664062,18.099573135375977,3.6199146270751954,1000.0,0.0,0.2,-0.9333333333333333,3.0,-14.0,3.0,31
185.47850036621094,19.124540328979492,3.8249080657958983,1000.0,0.0,0.2,-0.8666666666666667,3.0,-13.0,3.0,31
186.72552490234375,20.37139320373535,4.07427864074707,1000.0,0.0,0.2,-0.8,3.0,-12.0,3.0,31
194.14710998535156,23.825225830078125,4.765045166015625,1000.0,0.0,0.2,-0.7333333333333333,3.0,-11.0,3.0,31
197.0733184814453,28.448562622070312,5.6897125244140625,1000.0,0.0,0.2,-0.6666666666666666,3.0,-10.0,3.0,31
221.4653778076172,39.003089904785156,7.800617980957031,1000.0,0.0,0.2,-0.6,3.0,-9.0,3.0,31
214.12200927734375,48.789649963378906,9.75792999267578,1000.0,0.0,0.2,-0.5333333333333333,3.0,-8.0,3.0,31
248.1223602294922,59.99409484863281,11.998818969726562,1000.0,0.0,0.2,-0.4666666666666667,3.0,-7.0,3.0,31
402.37152099609375,109.14151763916016,21.82830352783203,1000.0,0.0,0.2,-0.4,3.0,-6.0,3.0,31
425.2181701660156,102.57262420654297,20.514524841308592,1000.0,0.0,0.2,-0.3333333333333333,3.0,-5.0,3.0,31
358.9664306640625,47.76411819458008,9.552823638916015,1000.0,0.0,0.2,-0.26666666666666666,3.0,-4.0,3.0,31
244.36016845703125,78.52985382080078,15.705970764160156,1000.0,0.0,0.2,-0.2,3.0,-3.0,3.0,31
241.9418182373047,96.0545425415039,19.210908508300783,1000.0,0.0,0.2,-0.13333333333333333,3.0,-2.0,3.0,31
206.0235595703125,41.22513198852539,8.245026397705079,1000.0,0.0,0.2,-0.06666666666666667,3.0,-1.0,3.0,31
384.5219421386719,99.22946166992188,19.845892333984374,1000.0,0.0,0.2,0.0,3.0,0.0,3.0,31
441.97265625,85.39326477050781,17.078652954101564,1000.0,0.0,0.2,0.06666666666666667,3.0,1.0,3.0,31
472.59014892578125,114.61756134033203,22.923512268066407,1000.0,0.0,0.2,0.13333333333333333,3.0,2.0,3.0,31
508.0229187011719,122.43274688720703,24.486549377441406,1000.0,0.0,0.2,0.2,3.0,3.0,3.0,31
308.2785949707031,108.45137023925781,21.690274047851563,1000.0,0.0,0.2,0.26666666666666666,3.0,4.0,3.0,31
292.31170654296875,113.28458404541016,22.65691680908203,1000.0,0.0,0.2,0.3333333333333333,3.0,5.0,3.0,31
262.2833251953125,84.51445770263672,16.902891540527342,1000.0,0.0,0.2,0.4,3.0,6.0,3.0,31
253.4536895751953,76.8003158569336,15.360063171386718,1000.0,0.0,0.2,0.4666666666666667,3.0,7.0,3.0,31
390.33563232421875,76.75862884521484,15.351725769042968,1000.0,0.0,0.2,0.5333333333333333,3.0,8.0,3.0,31
405.0756530761719,81.22883605957031,16.245767211914064,1000.0,0.0,0.2,0.6,3.0,9.0,3.0,31
386.4630126953125,86.17937469482422,17.235874938964844,1000.0,0.0,0.2,0.6666666666666666,3.0,10.0,3.0,31
394.5320739746094,63.62555694580078,12.725111389160157,1000.0,0.0,0.2,0.7333333333333333,3.0,11.0,3.0,31
395.031005859375,64.65583038330078,12.931166076660157,1000.0,0.0,0.2,0.8,3.0,12.0,3.0,31
381.9708557128906,73.61363220214844,14.722726440429687,1000.0,0.0,0.2,0.8666666666666667,3.0,13.0,3.0,31
400.3160400390625,69.42981719970703,13.885963439941406,1000.0,0.0,0.2,0.9333333333333333,3.0,14.0,3.0,31
395.7632141113281,44.582984924316406,8.916596984863281,1000.0,0.0,0.2,1.0,3.0,15.0,3.0,31
237.1558380126953,72.27967071533203,14.455934143066406,1000.0,0.0,0.26666666666666666,-1.0,4.0,-15.0,3.0,31
225.10671997070312,64.14619445800781,12.829238891601562,1000.0,0.0,0.26666666666666666,-0.9333333333333333,4.0,-14.0,3.0,31
236.4553680419922,65.0321273803711,13.006425476074218,1000.0,0.0,0.26666666666666666,-0.8666666666666667,4.0,-13.0,3.0,31
268.3709716796875,80.77882385253906,16.155764770507812,1000.0,0.0,0.26666666666666666,-0.8,4.0,-12.0,3.0,31
284.899658203125,98.41983795166016,19.68396759033203,1000.0,0.0,0.26666666666666666,-0.7333333333333333,4.0,-11.0,3.0,31
275.9920654296875,89.59993743896484,17.91998748779297,1000.0,0.0,0.26666666666666666,-0.6666666666666666,4.0,-10.0,3.0,31
288.3475036621094,77.72659301757812,15.545318603515625,1000.0,0.0,0.26666666666666666,-0.6,4.0,-9.0,3.0,31
310.9886474609375,33.52716827392578,6.705433654785156,1000.0,0.0,0.26666666666666666,-0.5333333333333333,4.0,-8.0,3.0,31
303.521240234375,59.747352600097656,11.949470520019531,1000.0,0.0,0.26666666666666666,-0.4666666666666667,4.0,-7.0,3.0,31
345.60223388671875,74.58069610595703,14.916139221191406,1000.0,0.0,0.26666666666666666,-0.4,4.0,-6.0,3.0,31
444.35784912109375,83.77886962890625,16.75577392578125,1000.0,0.0,0.26666666666666666,-0.3333333333333333,4.0,-5.0,3.0,31
388.9644470214844,72.19165802001953,14.438331604003906,1000.0,0.0,0.26666666666666666,-0.26666666666666666,4.0,-4.0,3.0,31
371.4733581542969,102.59375762939453,20.518751525878905,1000.0,0.0,0.26666666666666666,-0.2,4.0,-3.0,3.0,31
338.904052734375,85.41767883300781,17.083535766601564,1000.0,0.0,0.26666666666666666,-0.13333333333333333,4.0,-2.0,3.0,31
433.7861022949219,137.92535400390625,27.58507080078125,1000.0,0.0,0.26666666666666666,-0.06666666666666667,4.0,-1.0,3.0,31
515.2205810546875,89.02311706542969,17.804623413085938,1000.0,0.0,0.26666666666666666,0.0,4.0,0.0,3.0,31
534.9684448242188,70.43511199951172,14.087022399902343,1000.0,0.0,0.26666666666666666,0.06666666666666667,4.0,1.0,3.0,31
413.5428771972656,86.97648620605469,17.395297241210937,1000.0,0.0,0.26666666666666666,0.13333333333333333,4.0,2.0,3.0,31
375.463134765625,101.70222473144531,20.34044494628906,1000.0,0.0,0.26666666666666666,0.2,4.0,3.0,3.0,31
405.6893615722656,145.31716918945312,29.063433837890624,1000.0,0.0,0.26666666666666666,0.26666666666666666,4.0,4.0,3.0,31
325.99285888671875,126.75580596923828,25.351161193847656,1000.0,0.0,0.26666666666666666,0.3333333333333333,4.0,5.0,3.0,31
360.7485046386719,105.49144744873047,21.098289489746094,1000.0,0.0,0.26666666666666666,0.4,4.0,6.0,3.0,31
304.8131103515625,99.31947326660156,19.863894653320312,1000.0,0.0,0.26666666666666666,0.4666666666666667,4.0,7.0,3.0,31
263.3139953613281,78.26544952392578,15.653089904785157,1000.0,0.0,0.26666666666666666,0.5333333333333333,4.0,8.0,3.0,31
348.2030334472656,69.39164733886719,13.878329467773437,1000.0,0.0,0.26666666666666666,0.6,4.0,9.0,3.0,31
347.319091796875,79.72879028320312,15.945758056640624,1000.0,0.0,0.26666666666666666,0.6666666666666666,4.0,10.0,3.0,31
377.0995788574219,90.22261810302734,18.044523620605467,1000.0,0.0,0.26666666666666666,0.7333333333333333,4.0,11.0,3.0,31
370.2943115234375,83.73783111572266,16.74756622314453,1000.0,0.0,0.26666666666666666,0.8,4.0,12.0,3.0,31
349.001953125,77.67257690429688,15.534515380859375,1000.0,0.0,0.26666666666666666,0.8666666666666667,4.0,13.0,3.0,31
397.64495849609375,62.757999420166016,12.551599884033203,1000.0,0.0,0.26666666666666666,0.9333333333333333,4.0,14.0,3.0,31
379.9454345703125,45.26239776611328,9.052479553222657,1000.0,0.0,0.26666666666666666,1.0,4.0,15.0,3.0,31
203.60888671875,46.35992431640625,9.27198486328125,1000.0,0.0,0.3333333333333333,-1.0,5.0,-15.0,3.0,31
190.0946044921875,22.818588256835938,4.563717651367187,1000.0,0.0,0.3333333333333333,-0.9333333333333333,5.0,-14.0,3.0,31
188.63282775878906,23.720746994018555,4.744149398803711,1000.0,0.0,0.3333333333333333,-0.8666666666666667,5.0,-13.0,3.0,31
196.7705078125,25.476430892944336,5.095286178588867,1000.0,0.0,0.3333333333333333,-0.8,5.0,-12.0,3.0,31
207.42257690429688,33.702213287353516,6.7404426574707035,1000.0,0.0,0.3333333333333333,-0.7333333333333333,5.0,-11.0,3.0,31
219.0709991455078,42.93415069580078,8.586830139160156,1000.0,0.0,0.3333333333333333,-0.6666666666666666,5.0,-10.0,3.0,31
267.3736572265625,77.72840118408203,15.545680236816406,1000.0,0.0,0.3333333333333333,-0.6,5.0,-9.0,3.0,31
317.0948486328125,74.120849609375,14.824169921875,1000.0,0.0,0.3333333333333333,-0.5333333333333333,5.0,-8.0,3.0,31
330.5009765625,59.46652603149414,11.893305206298828,1000.0,0.0,0.3333333333333333,-0.4666666666666667,5.0,-7.0,3.0,31
400.1949462890625,45.391151428222656,9.078230285644532,1000.0,0.0,0.3333333333333333,-0.4,5.0,-6.0,3.0,31
357.0824890136719,102.13578796386719,20.427157592773437,1000.0,0.0,0.3333333333333333,-0.3333333333333333,5.0,-5.0,3.0,31
417.5004577636719,84.3682861328125,16.8736572265625,1000.0,0.0,0.3333333333333333,-0.26666666666666666,5.0,-4.0,3.0,31
375.0931396484375,84.96910095214844,16.993820190429688,1000.0,0.0,0.3333333333333333,-0.2,5.0,-3.0,3.0,31
395.00653076171875,100.05756378173828,20.011512756347656,1000.0,0.0,0.3333333333333333,-0.13333333333333333,5.0,-2.0,3.0,31
499.8687744140625,82.4589614868164,16.491792297363283,1000.0,0.0,0.3333333333333333,-0.06666666666666667,5.0,-1.0,3.0,31
485.19573974609375,136.83917236328125,27.36783447265625,1000.0,0.0,0.3333333333333333,0.0,5.0,0.0,3.0,31
513.993408203125,91.44841766357422,18.289683532714843,1000.0,0.0,0.3333333333333333,0.06666666666666667,5.0,1.0,3.0,31
255.52197265625,97.39051055908203,19.478102111816405,1000.0,0.0,0.3333333333333333,0.13333333333333333,5.0,2.0,3.0,31
241.75103759765625,51.6975212097168,10.33950424194336,1000.0,0.0,0.3333333333333333,0.2,5.0,3.0,3.0,31
272.97259521484375,95.14894104003906,19.029788208007812,1000.0,0.0,0.3333333333333333,0.26666666666666666,5.0,4.0,3.0,31
326.3208312988281,100.41087341308594,20.082174682617186,1000.0,0.0,0.3333333333333333,0.3333333333333333,5.0,5.0,3.0,31
298.62481689453125,95.18240356445312,19.036480712890626,1000.0,0.0,0.3333333333333333,0.4,5.0,6.0,3.0,31
379.00347900390625,63.448219299316406,12.689643859863281,1000.0,0.0,0.3333333333333333,0.4666666666666667,5.0,7.0,3.0,31
402.5586242675781,52.38719940185547,10.477439880371094,1000.0,0.0,0.3333333333333333,0.5333333333333333,5.0,8.0,3.0,31
361.9267578125,82.58679962158203,16.517359924316406,1000.0,0.0,0.3333333333333333,0.6,5.0,9.0,3.0,31
361.9464416503906,72.22456359863281,14.444912719726563,1000.0,0.0,0.3333333333333333,0.6666666666666666,5.0,10.0,3.0,31
353.3619079589844,67.7686767578125,13.5537353515625,1000.0,0.0,0.3333333333333333,0.7333333333333333,5.0,11.0,3.0,31
350.8408203125,90.49424743652344,18.098849487304687,1000.0,0.0,0.3333333333333333,0.8,5.0,12.0,3.0,31
332.1301574707031,81.50462341308594,16.300924682617186,1000.0,0.0,0.3333333333333333,0.8666666666666667,5.0,13.0,3.0,31
329.9618835449219,107.88307189941406,21.576614379882812,1000.0,0.0,0.3333333333333333,0.9333333333333333,5.0,14.0,3.0,31
378.1650390625,95.33197784423828,19.066395568847657,1000.0,0.0,0.3333333333333333,1.0,5.0,15.0,3.0,31
187.72091674804688,23.68505859375,4.73701171875,1000.0,0.0,0.4,-1.0,6.0,-15.0,3.0,31
190.2862091064453,25.57459259033203,5.114918518066406,1000.0,0.0,0.4,-0.9333333333333333,6.0,-14.0,3.0,31
192.21656799316406,18.94101333618164,3.788202667236328,1000.0,0.0,0.4,-0.8666666666666667,6.0,-13.0,3.0,31
193.78851318359375,24.29485321044922,4.858970642089844,1000.0,0.0,0.4,-0.8,6.0,-12.0,3.0,31
190.83734130859375,21.60108757019043,4.320217514038086,1000.0,0.0,0.4,-0.7333333333333333,6.0,-11.0,3.0,31
201.34263610839844,22.089998245239258,4.417999649047852,1000.0,0.0,0.4,-0.6666666666666666,6.0,-10.0,3.0,31
202.76358032226562,22.03777503967285,4.407555007934571,1000.0,0.0,0.4,-0.6,6.0,-9.0,3.0,31
249.05386352539062,48.021278381347656,9.604255676269531,1000.0,0.0,0.4,-0.5333333333333333,6.0,-8.0,3.0,31
254.1747589111328,63.13295364379883,12.626590728759766,1000.0,0.0,0.4,-0.4666666666666667,6.0,-7.0,3.0,31
416.1739196777344,97.13362121582031,19.426724243164063,1000.0,0.0,0.4,-0.4,6.0,-6.0,3.0,31
359.3872985839844,79.45435333251953,15.890870666503906,1000.0,0.0,0.4,-0.3333333333333333,6.0,-5.0,3.0,31
428.8046875,63.38129425048828,12.676258850097657,1000.0,0.0,0.4,-0.26666666666666666,6.0,-4.0,3.0,31
426.6933288574219,74.87660217285156,14.975320434570312,1000.0,0.0,0.4,-0.2,6.0,-3.0,3.0,31
490.016845703125,65.72422790527344,13.144845581054687,1000.0,0.0,0.4,-0.13333333333333333,6.0,-2.0,3.0,31
510.96453857421875,57.139888763427734,11.427977752685546,1000.0,0.0,0.4,-0.06666666666666667,6.0,-1.0,3.0,31
463.18133544921875,92.6434555053711,18.52869110107422,1000.0,0.0,0.4,0.0,6.0,0.0,3.0,31
317.7671203613281,120.91972351074219,24.183944702148438,1000.0,0.0,0.4,0.06666666666666667,6.0,1.0,3.0,31
207.41746520996094,38.9255485534668,7.7851097106933596,1000.0,0.0,0.4,0.13333333333333333,6.0,2.0,3.0,31
208.0738525390625,25.310670852661133,5.062134170532227,1000.0,0.0,0.4,0.2,6.0,3.0,3.0,31
207.2230682373047,52.17082595825195,10.43416519165039,1000.0,0.0,0.4,0.26666666666666666,6.0,4.0,3.0,31
270.3304748535156,86.22946166992188,17.245892333984376,1000.0,0.0,0.4,0.3333333333333333,6.0,5.0,3.0,31
320.3150329589844,107.49358367919922,21.498716735839842,1000.0,0.0,0.4,0.4,6.0,6.0,3.0,31
313.8800964355469,95.42462158203125,19.08492431640625,1000.0,0.0,0.4,0.4666666666666667,6.0,7.0,3.0,31
365.627685546875,79.83903503417969,15.967807006835937,1000.0,0.0,0.4,0.5333333333333333,6.0,8.0,3.0,31
391.90289306640625,46.49577713012695,9.29915542602539,1000.0,0.0,0.4,0.6,6.0,9.0,3.0,31
383.1739501953125,46.54403305053711,9.308806610107421,1000.0,0.0,0.4,0.6666666666666666,6.0,10.0,3.0,31
358.8600769042969,74.03965759277344,14.807931518554687,1000.0,0.0,0.4,0.7333333333333333,6.0,11.0,3.0,31
374.6538391113281,81.60401916503906,16.320803833007812,1000.0,0.0,0.4,0.8,6.0,12.0,3.0,31
338.393310546875,97.15774536132812,19.431549072265625,1000.0,0.0,0.4,0.8666666666666667,6.0,13.0,3.0,31
382.253173828125,75.81497192382812,15.162994384765625,1000.0,0.0,0.4,0.9333333333333333,6.0,14.0,3.0,31
353.0982666015625,103.73283386230469,20.746566772460938,1000.0,0.0,0.4,1.0,6.0,15.0,3.0,31
185.92384338378906,16.025959014892578,3.205191802978516,1000.0,0.0,0.4666666666666667,-1.0,7.0,-15.0,3.0,31
188.9999542236328,20.099821090698242,4.019964218139648,1000.0,0.0,0.4666666666666667,-0.9333333333333333,7.0,-14.0,3.0,31
193.1521453857422,23.66620635986328,4.733241271972656,1000.0,0.0,0.4666666666666667,-0.8666666666666667,7.0,-13.0,3.0,31
194.35421752929688,21.8610897064209,4.3722179412841795,1000.0,0.0,0.4666666666666667,-0.8,7.0,-12.0,3.0,31
198.22491455078125,21.933612823486328,4.386722564697266,1000.0,0.0,0.4666666666666667,-0.7333333333333333,7.0,-11.0,3.0,31
198.28598022460938,16.96763038635254,3.393526077270508,1000.0,0.0,0.4666666666666667,-0.6666666666666666,7.0,-10.0,3.0,31
206.7297821044922,27.9343204498291,5.58686408996582,1000.0,0.0,0.4666666666666667,-0.6,7.0,-9.0,3.0,31
214.1588897705078,35.693580627441406,7.138716125488282,1000.0,0.0,0.4666666666666667,-0.5333333333333333,7.0,-8.0,3.0,31
225.02427673339844,42.5926513671875,8.5185302734375,1000.0,0.0,0.4666666666666667,-0.4666666666666667,7.0,-7.0,3.0,31
233.03103637695312,50.517425537109375,10.103485107421875,1000.0,0.0,0.4666666666666667,-0.4,7.0,-6.0,3.0,31
285.686767578125,81.17501831054688,16.235003662109374,1000.0,0.0,0.4666666666666667,-0.3333333333333333,7.0,-5.0,3.0,31
316.4990539550781,81.70728302001953,16.341456604003906,1000.0,0.0,0.4666666666666667,-0.26666666666666666,7.0,-4.0,3.0,31
417.87225341796875,92.97769165039062,18.595538330078124,1000.0,0.0,0.4666666666666667,-0.2,7.0,-3.0,3.0,31
459.1721496582031,52.02457809448242,10.404915618896485,1000.0,0.0,0.4666666666666667,-0.13333333333333333,7.0,-2.0,3.0,31
460.019775390625,102.24271392822266,20.44854278564453,1000.0,0.0,0.4666666666666667,-0.06666666666666667,7.0,-1.0,3.0,31
325.6148376464844,108.44145202636719,21.688290405273438,1000.0,0.0,0.4666666666666667,0.0,7.0,0.0,3.0,31
253.0791778564453,66.7548599243164,13.350971984863282,1000.0,0.0,0.4666666666666667,0.06666666666666667,7.0,1.0,3.0,31
199.78622436523438,31.176103591918945,6.235220718383789,1000.0,0.0,0.4666666666666667,0.13333333333333333,7.0,2.0,3.0,31
192.9652862548828,23.85293960571289,4.770587921142578,1000.0,0.0,0.4666666666666667,0.2,7.0,3.0,3.0,31
239.89340209960938,82.15170288085938,16.430340576171876,1000.0,0.0,0.4666666666666667,0.26666666666666666,7.0,4.0,3.0,31
217.76193237304688,45.959007263183594,9.191801452636719,1000.0,0.0,0.4666666666666667,0.3333333333333333,7.0,5.0,3.0,31
315.10760498046875,112.13975524902344,22.427951049804687,1000.0,0.0,0.4666666666666667,0.4,7.0,6.0,3.0,31
305.2070617675781,116.63532257080078,23.327064514160156,1000.0,0.0,0.4666666666666667,0.4666666666666667,7.0,7.0,3.0,31
304.726318359375,83.82327270507812,16.764654541015624,1000.0,0.0,0.4666666666666667,0.5333333333333333,7.0,8.0,3.0,31
352.2664489746094,90.0242691040039,18.004853820800783,1000.0,0.0,0.4666666666666667,0.6,7.0,9.0,3.0,31
396.99884033203125,78.32723236083984,15.665446472167968,1000.0,0.0,0.4666666666666667,0.6666666666666666,7.0,10.0,3.0,31
392.1993103027344,57.43867111206055,11.48773422241211,1000.0,0.0,0.4666666666666667,0.7333333333333333,7.0,11.0,3.0,31
380.2159423828125,72.63654327392578,14.527308654785156,1000.0,0.0,0.4666666666666667,0.8,7.0,12.0,3.0,31
360.9370422363281,69.7461166381836,13.94922332763672,1000.0,0.0,0.4666666666666667,0.8666666666666667,7.0,13.0,3.0,31
344.84747314453125,77.8097915649414,15.561958312988281,1000.0,0.0,0.4666666666666667,0.9333333333333333,7.0,14.0,3.0,31
355.9034729003906,90.45420837402344,18.090841674804686,1000.0,0.0,0.4666666666666667,1.0,7.0,15.0,3.0,31
193.6431884765625,21.58879852294922,4.317759704589844,1000.0,0.0,0.5333333333333333,-1.0,8.0,-15.0,3.0,31
193.44264221191406,25.241304397583008,5.048260879516602,1000.0,0.0,0.5333333333333333,-0.9333333333333333,8.0,-14.0,3.0,31
204.1568145751953,22.580703735351562,4.516140747070312,1000.0,0.0,0.5333333333333333,-0.8666666666666667,8.0,-13.0,3.0,31
198.50088500976562,19.187252044677734,3.837450408935547,1000.0,0.0,0.5333333333333333,-0.8,8.0,-12.0,3.0,31
203.38943481445312,23.538223266601562,4.707644653320313,1000.0,0.0,0.5333333333333333,-0.7333333333333333,8.0,-11.0,3.0,31
205.7186737060547,21.776264190673828,4.355252838134765,1000.0,0.0,0.5333333333333333,-0.6666666666666666,8.0,-10.0,3.0,31
206.7948455810547,29.012269973754883,5.802453994750977,1000.0,0.0,0.5333333333333333,-0.6,8.0,-9.0,3.0,31
212.92236328125,31.285991668701172,6.257198333740234,1000.0,0.0,0.5333333333333333,-0.5333333333333333,8.0,-8.0,3.0,31
218.62103271484375,53.462013244628906,10.692402648925782,1000.0,0.0,0.5333333333333333,-0.4666666666666667,8.0,-7.0,3.0,31
222.3314971923828,56.83401107788086,11.366802215576172,1000.0,0.0,0.5333333333333333,-0.4,8.0,-6.0,3.0,31
256.38946533203125,75.64557647705078,15.129115295410156,1000.0,0.0,0.5333333333333333,-0.3333333333333333,8.0,-5.0,3.0,31
311.55877685546875,96.44232177734375,19.28846435546875,1000.0,0.0,0.5333333333333333,-0.26666666666666666,8.0,-4.0,3.0,31
356.92535400390625,78.7292251586914,15.74584503173828,1000.0,0.0,0.5333333333333333,-0.2,8.0,-3.0,3.0,31
409.7190246582031,78.96925354003906,15.793850708007813,1000.0,0.0,0.5333333333333333,-0.13333333333333333,8.0,-2.0,3.0,31
401.2176513671875,99.89732360839844,19.979464721679687,1000.0,0.0,0.5333333333333333,-0.06666666666666667,8.0,-1.0,3.0,31
302.7817687988281,96.26028442382812,19.252056884765626,1000.0,0.0,0.5333333333333333,0.0,8.0,0.0,3.0,31
225.27027893066406,54.874061584472656,10.974812316894532,1000.0,0.0,0.5333333333333333,0.06666666666666667,8.0,1.0,3.0,31
215.02638244628906,32.825252532958984,6.565050506591797,1000.0,0.0,0.5333333333333333,0.13333333333333333,8.0,2.0,3.0,31
224.23289489746094,55.855323791503906,11.171064758300782,1000.0,0.0,0.5333333333333333,0.2,8.0,3.0,3.0,31
208.19992065429688,45.287567138671875,9.057513427734374,1000.0,0.0,0.5333333333333333,0.26666666666666666,8.0,4.0,3.0,31
238.03012084960938,74.97642517089844,14.995285034179688,1000.0,0.0,0.5333333333333333,0.3333333333333333,8.0,5.0,3.0,31
286.0989990234375,118.26425170898438,23.652850341796874,1000.0,0.0,0.5333333333333333,0.4,8.0,6.0,3.0,31
259.1102600097656,90.58100891113281,18.11620178222656,1000.0,0.0,0.5333333333333333,0.4666666666666667,8.0,7.0,3.0,31
322.7426452636719,83.59294891357422,16.718589782714844,1000.0,0.0,0.5333333333333333,0.5333333333333333,8.0,8.0,3.0,31
348.671630859375,108.31489562988281,21.662979125976562,1000.0,0.0,0.5333333333333333,0.6,8.0,9.0,3.0,31
339.2349853515625,87.04084014892578,17.408168029785156,1000.0,0.0,0.5333333333333333,0.6666666666666666,8.0,10.0,3.0,31
397.86053466796875,61.300296783447266,12.260059356689453,1000.0,0.0,0.5333333333333333,0.7333333333333333,8.0,11.0,3.0,31
373.1321105957031,53.92333221435547,10.784666442871094,1000.0,0.0,0.5333333333333333,0.8,8.0,12.0,3.0,31
387.5629577636719,60.789302825927734,12.157860565185548,1000.0,0.0,0.5333333333333333,0.8666666666666667,8.0,13.0,3.0,31
384.0434875488281,67.99551391601562,13.599102783203126,1000.0,0.0,0.5333333333333333,0.9333333333333333,8.0,14.0,3.0,31
353.4996337890625,75.05668640136719,15.011337280273438,1000.0,0.0,0.5333333333333333,1.0,8.0,15.0,3.0,31
193.88111877441406,23.357847213745117,4.671569442749023,1000.0,0.0,0.6,-1.0,9.0,-15.0,3.0,31
203.0453643798828,24.79647445678711,4.9592948913574215,1000.0,0.0,0.6,-0.9333333333333333,9.0,-14.0,3.0,31
194.36712646484375,22.863792419433594,4.572758483886719,1000.0,0.0,0.6,-0.8666666666666667,9.0,-13.0,3.0,31
199.26673889160156,24.62120246887207,4.924240493774414,1000.0,0.0,0.6,-0.8,9.0,-12.0,3.0,31
197.01651000976562,22.461009979248047,4.4922019958496096,1000.0,0.0,0.6,-0.7333333333333333,9.0,-11.0,3.0,31
195.2860870361328,18.38784408569336,3.677568817138672,1000.0,0.0,0.6,-0.6666666666666666,9.0,-10.0,3.0,31
216.79721069335938,38.04917526245117,7.609835052490235,1000.0,0.0,0.6,-0.6,9.0,-9.0,3.0,31
207.28213500976562,36.07424545288086,7.2148490905761715,1000.0,0.0,0.6,-0.5333333333333333,9.0,-8.0,3.0,31
213.9980010986328,38.141502380371094,7.628300476074219,1000.0,0.0,0.6,-0.4666666666666667,9.0,-7.0,3.0,31
226.53195190429688,50.75033950805664,10.150067901611328,1000.0,0.0,0.6,-0.4,9.0,-6.0,3.0,31
243.86651611328125,57.74486541748047,11.548973083496094,1000.0,0.0,0.6,-0.3333333333333333,9.0,-5.0,3.0,31
301.4172058105469,67.73882293701172,13.547764587402344,1000.0,0.0,0.6,-0.26666666666666666,9.0,-4.0,3.0,31
293.01300048828125,80.93170928955078,16.186341857910158,1000.0,0.0,0.6,-0.2,9.0,-3.0,3.0,31
324.77081298828125,95.74024200439453,19.148048400878906,1000.0,0.0,0.6,-0.13333333333333333,9.0,-2.0,3.0,31
352.0738220214844,92.72134399414062,18.544268798828124,1000.0,0.0,0.6,-0.06666666666666667,9.0,-1.0,3.0,31
298.81915283203125,93.89434814453125,18.77886962890625,1000.0,0.0,0.6,0.0,9.0,0.0,3.0,31
229.11474609375,66.86231994628906,13.372463989257813,1000.0,0.0,0.6,0.06666666666666667,9.0,1.0,3.0,31
216.11013793945312,53.369136810302734,10.673827362060546,1000.0,0.0,0.6,0.13333333333333333,9.0,2.0,3.0,31
269.7041320800781,95.12843322753906,19.02568664550781,1000.0,0.0,0.6,0.2,9.0,3.0,3.0,31
227.70538330078125,58.43972396850586,11.687944793701172,1000.0,0.0,0.6,0.26666666666666666,9.0,4.0,3.0,31
247.8340606689453,87.35431671142578,17.470863342285156,1000.0,0.0,0.6,0.3333333333333333,9.0,5.0,3.0,31
242.50189208984375,65.73108673095703,13.146217346191406,1000.0,0.0,0.6,0.4,9.0,6.0,3.0,31
252.1061553955078,67.73495483398438,13.546990966796875,1000.0,0.0,0.6,0.4666666666666667,9.0,7.0,3.0,31
284.1059875488281,82.3846206665039,16.47692413330078,1000.0,0.0,0.6,0.5333333333333333,9.0,8.0,3.0,31
338.6294250488281,104.14683532714844,20.829367065429686,1000.0,0.0,0.6,0.6,9.0,9.0,3.0,31
315.0090026855469,66.3973388671875,13.2794677734375,1000.0,0.0,0.6,0.6666666666666666,9.0,10.0,3.0,31
376.5294189453125,62.22589874267578,12.445179748535157,1000.0,0.0,0.6,0.7333333333333333,9.0,11.0,3.0,31
382.9813537597656,60.715885162353516,12.143177032470703,1000.0,0.0,0.6,0.8,9.0,12.0,3.0,31
397.6763610839844,60.75836944580078,12.151673889160156,1000.0,0.0,0.6,0.8666666666666667,9.0,13.0,3.0,31
380.92254638671875,51.139835357666016,10.227967071533204,1000.0,0.0,0.6,0.9333333333333333,9.0,14.0,3.0,31
365.8657531738281,40.56984329223633,8.113968658447266,1000.0,0.0,0.6,1.0,9.0,15.0,3.0,31
195.64039611816406,16.459423065185547,3.2918846130371096,1000.0,0.0,0.6666666666666666,-1.0,10.0,-15.0,3.0,31
203.1268768310547,17.2369384765625,3.4473876953125,1000.0,0.0,0.6666666666666666,-0.9333333333333333,10.0,-14.0,3.0,31
199.3569793701172,23.25116729736328,4.650233459472656,1000.0,0.0,0.6666666666666666,-0.8666666666666667,10.0,-13.0,3.0,31
201.05770874023438,29.766969680786133,5.953393936157227,1000.0,0.0,0.6666666666666666,-0.8,10.0,-12.0,3.0,31
205.13314819335938,30.971078872680664,6.194215774536133,1000.0,0.0,0.6666666666666666,-0.7333333333333333,10.0,-11.0,3.0,31
209.85089111328125,31.893922805786133,6.378784561157227,1000.0,0.0,0.6666666666666666,-0.6666666666666666,10.0,-10.0,3.0,31
212.3621826171875,38.4635009765625,7.6927001953125,1000.0,0.0,0.6666666666666666,-0.6,10.0,-9.0,3.0,31
203.17742919921875,21.599077224731445,4.319815444946289,1000.0,0.0,0.6666666666666666,-0.5333333333333333,10.0,-8.0,3.0,31
222.04539489746094,49.03662109375,9.80732421875,1000.0,0.0,0.6666666666666666,-0.4666666666666667,10.0,-7.0,3.0,31
210.24383544921875,41.58412170410156,8.316824340820313,1000.0,0.0,0.6666666666666666,-0.4,10.0,-6.0,3.0,31
236.4198455810547,65.47444915771484,13.094889831542968,1000.0,0.0,0.6666666666666666,-0.3333333333333333,10.0,-5.0,3.0,31
267.8338623046875,80.23475646972656,16.046951293945312,1000.0,0.0,0.6666666666666666,-0.26666666666666666,10.0,-4.0,3.0,31
312.8802490234375,105.09898376464844,21.019796752929686,1000.0,0.0,0.6666666666666666,-0.2,10.0,-3.0,3.0,31
273.3235168457031,76.22625732421875,15.24525146484375,1000.0,0.0,0.6666666666666666,-0.13333333333333333,10.0,-2.0,3.0,31
299.9642333984375,79.69718933105469,15.939437866210938,1000.0,0.0,0.6666666666666666,-0.06666666666666667,10.0,-1.0,3.0,31
281.64190673828125,94.27771759033203,18.855543518066405,1000.0,0.0,0.6666666666666666,0.0,10.0,0.0,3.0,31
262.76214599609375,87.0914535522461,17.41829071044922,1000.0,0.0,0.6666666666666666,0.06666666666666667,10.0,1.0,3.0,31
257.5688781738281,85.33416748046875,17.06683349609375,1000.0,0.0,0.6666666666666666,0.13333333333333333,10.0,2.0,3.0,31
272.25531005859375,97.41429901123047,19.482859802246093,1000.0,0.0,0.6666666666666666,0.2,10.0,3.0,3.0,31
275.3829345703125,113.62427520751953,22.724855041503908,1000.0,0.0,0.6666666666666666,0.26666666666666666,10.0,4.0,3.0,31
257.4880065917969,85.81446838378906,17.16289367675781,1000.0,0.0,0.6666666666666666,0.3333333333333333,10.0,5.0,3.0,31
245.630859375,86.69745635986328,17.339491271972655,1000.0,0.0,0.6666666666666666,0.4,10.0,6.0,3.0,31
249.03524780273438,84.46891784667969,16.893783569335938,1000.0,0.0,0.6666666666666666,0.4666666666666667,10.0,7.0,3.0,31
235.91441345214844,52.57078170776367,10.514156341552734,1000.0,0.0,0.6666666666666666,0.5333333333333333,10.0,8.0,3.0,31
319.5439147949219,84.0771713256836,16.81543426513672,1000.0,0.0,0.6666666666666666,0.6,10.0,9.0,3.0,31
346.9981994628906,75.63975524902344,15.127951049804688,1000.0,0.0,0.6666666666666666,0.6666666666666666,10.0,10.0,3.0,31
350.5029602050781,74.5501480102539,14.91002960205078,1000.0,0.0,0.6666666666666666,0.7333333333333333,10.0,11.0,3.0,31
364.4436340332031,94.68536376953125,18.93707275390625,1000.0,0.0,0.6666666666666666,0.8,10.0,12.0,3.0,31
382.7486267089844,69.56558990478516,13.913117980957031,1000.0,0.0,0.6666666666666666,0.8666666666666667,10.0,13.0,3.0,31
389.3599853515625,64.8272476196289,12.96544952392578,1000.0,0.0,0.6666666666666666,0.9333333333333333,10.0,14.0,3.0,31
365.978271484375,49.3188591003418,9.86377182006836,1000.0,0.0,0.6666666666666666,1.0,10.0,15.0,3.0,31
203.52662658691406,24.307275772094727,4.8614551544189455,1000.0,0.0,0.7333333333333333,-1.0,11.0,-15.0,3.0,31
198.55711364746094,26.315900802612305,5.263180160522461,1000.0,0.0,0.7333333333333333,-0.9333333333333333,11.0,-14.0,3.0,31
193.11578369140625,14.291178703308105,2.858235740661621,1000.0,0.0,0.7333333333333333,-0.8666666666666667,11.0,-13.0,3.0,31
195.04176330566406,18.08604621887207,3.617209243774414,1000.0,0.0,0.7333333333333333,-0.8,11.0,-12.0,3.0,31
205.45896911621094,36.620025634765625,7.324005126953125,1000.0,0.0,0.7333333333333333,-0.7333333333333333,11.0,-11.0,3.0,31
199.46102905273438,21.67509651184082,4.335019302368164,1000.0,0.0,0.7333333333333333,-0.6666666666666666,11.0,-10.0,3.0,31
211.39187622070312,31.178544998168945,6.235708999633789,1000.0,0.0,0.7333333333333333,-0.6,11.0,-9.0,3.0,31
219.54083251953125,38.42875289916992,7.685750579833984,1000.0,0.0,0.7333333333333333,-0.5333333333333333,11.0,-8.0,3.0,31
215.97789001464844,41.39276123046875,8.27855224609375,1000.0,0.0,0.7333333333333333,-0.4666666666666667,11.0,-7.0,3.0,31
216.8750457763672,39.58620834350586,7.9172416687011715,1000.0,0.0,0.7333333333333333,-0.4,11.0,-6.0,3.0,31
242.29974365234375,55.5743293762207,11.11486587524414,1000.0,0.0,0.7333333333333333,-0.3333333333333333,11.0,-5.0,3.0,31
289.6524353027344,66.32090759277344,13.264181518554688,1000.0,0.0,0.7333333333333333,-0.26666666666666666,11.0,-4.0,3.0,31
282.8450927734375,85.15924072265625,17.03184814453125,1000.0,0.0,0.7333333333333333,-0.2,11.0,-3.0,3.0,31
284.2767639160156,87.64920043945312,17.529840087890626,1000.0,0.0,0.7333333333333333,-0.13333333333333333,11.0,-2.0,3.0,31
258.2682800292969,85.88860321044922,17.177720642089845,1000.0,0.0,0.7333333333333333,-0.06666666666666667,11.0,-1.0,3.0,31
267.5632629394531,84.77084350585938,16.954168701171874,1000.0,0.0,0.7333333333333333,0.0,11.0,0.0,3.0,31
281.59832763671875,96.1585693359375,19.2317138671875,1000.0,0.0,0.7333333333333333,0.06666666666666667,11.0,1.0,3.0,31
303.1095275878906,88.99885559082031,17.799771118164063,1000.0,0.0,0.7333333333333333,0.13333333333333333,11.0,2.0,3.0,31
285.3231506347656,91.6752700805664,18.335054016113283,1000.0,0.0,0.7333333333333333,0.2,11.0,3.0,3.0,31
286.2638244628906,112.07303619384766,22.41460723876953,1000.0,0.0,0.7333333333333333,0.26666666666666666,11.0,4.0,3.0,31
274.8787841796875,92.53601837158203,18.507203674316408,1000.0,0.0,0.7333333333333333,0.3333333333333333,11.0,5.0,3.0,31
252.34547424316406,103.11946105957031,20.62389221191406,1000.0,0.0,0.7333333333333333,0.4,11.0,6.0,3.0,31
223.62770080566406,54.978397369384766,10.995679473876953,1000.0,0.0,0.7333333333333333,0.4666666666666667,11.0,7.0,3.0,31
272.1100769042969,114.86357116699219,22.972714233398438,1000.0,0.0,0.7333333333333333,0.5333333333333333,11.0,8.0,3.0,31
276.9159851074219,79.578369140625,15.915673828125,1000.0,0.0,0.7333333333333333,0.6,11.0,9.0,3.0,31
315.4549560546875,107.98505401611328,21.597010803222656,1000.0,0.0,0.7333333333333333,0.6666666666666666,11.0,10.0,3.0,31
352.78826904296875,74.6217269897461,14.924345397949219,1000.0,0.0,0.7333333333333333,0.7333333333333333,11.0,11.0,3.0,31
359.1026306152344,53.780303955078125,10.756060791015624,1000.0,0.0,0.7333333333333333,0.8,11.0,12.0,3.0,31
376.290771484375,92.60492706298828,18.520985412597657,1000.0,0.0,0.7333333333333333,0.8666666666666667,11.0,13.0,3.0,31
374.552001953125,59.39908981323242,11.879817962646484,1000.0,0.0,0.7333333333333333,0.9333333333333333,11.0,14.0,3.0,31
349.9906921386719,45.99654006958008,9.199308013916015,1000.0,0.0,0.7333333333333333,1.0,11.0,15.0,3.0,31
200.27175903320312,23.817752838134766,4.763550567626953,1000.0,0.0,0.8,-1.0,12.0,-15.0,3.0,31
197.69943237304688,19.443111419677734,3.888622283935547,1000.0,0.0,0.8,-0.9333333333333333,12.0,-14.0,3.0,31
202.39056396484375,27.344573974609375,5.468914794921875,1000.0,0.0,0.8,-0.8666666666666667,12.0,-13.0,3.0,31
205.10623168945312,29.35283851623535,5.870567703247071,1000.0,0.0,0.8,-0.8,12.0,-12.0,3.0,31
218.36642456054688,39.05015563964844,7.810031127929688,1000.0,0.0,0.8,-0.7333333333333333,12.0,-11.0,3.0,31
218.34194946289062,38.99209976196289,7.798419952392578,1000.0,0.0,0.8,-0.6666666666666666,12.0,-10.0,3.0,31
211.779296875,25.090274810791016,5.018054962158203,1000.0,0.0,0.8,-0.6,12.0,-9.0,3.0,31
215.71954345703125,37.26980209350586,7.453960418701172,1000.0,0.0,0.8,-0.5333333333333333,12.0,-8.0,3.0,31
215.1739044189453,35.226097106933594,7.045219421386719,1000.0,0.0,0.8,-0.4666666666666667,12.0,-7.0,3.0,31
235.84927368164062,49.7590446472168,9.95180892944336,1000.0,0.0,0.8,-0.4,12.0,-6.0,3.0,31
257.63031005859375,52.57696533203125,10.51539306640625,1000.0,0.0,0.8,-0.3333333333333333,12.0,-5.0,3.0,31
281.3394470214844,80.96308135986328,16.192616271972657,1000.0,0.0,0.8,-0.26666666666666666,12.0,-4.0,3.0,31
283.7471923828125,61.21934127807617,12.243868255615235,1000.0,0.0,0.8,-0.2,12.0,-3.0,3.0,31
273.7159118652344,68.2525863647461,13.65051727294922,1000.0,0.0,0.8,-0.13333333333333333,12.0,-2.0,3.0,31
250.43357849121094,63.3953971862793,12.67907943725586,1000.0,0.0,0.8,-0.06666666666666667,12.0,-1.0,3.0,31
256.05596923828125,77.34212493896484,15.468424987792968,1000.0,0.0,0.8,0.0,12.0,0.0,3.0,31
270.46441650390625,86.46887969970703,17.293775939941405,1000.0,0.0,0.8,0.06666666666666667,12.0,1.0,3.0,31
291.12518310546875,109.19074249267578,21.838148498535155,1000.0,0.0,0.8,0.13333333333333333,12.0,2.0,3.0,31
292.9449157714844,84.89064025878906,16.978128051757814,1000.0,0.0,0.8,0.2,12.0,3.0,3.0,31
293.0151672363281,106.5372085571289,21.30744171142578,1000.0,0.0,0.8,0.26666666666666666,12.0,4.0,3.0,31
268.2372131347656,84.69380187988281,16.938760375976564,1000.0,0.0,0.8,0.3333333333333333,12.0,5.0,3.0,31
231.41873168945312,61.58029556274414,12.316059112548828,1000.0,0.0,0.8,0.4,12.0,6.0,3.0,31
224.6121826171875,60.536251068115234,12.107250213623047,1000.0,0.0,0.8,0.4666666666666667,12.0,7.0,3.0,31
248.68081665039062,71.64068603515625,14.32813720703125,1000.0,0.0,0.8,0.5333333333333333,12.0,8.0,3.0,31
244.23568725585938,80.21710205078125,16.04342041015625,1000.0,0.0,0.8,0.6,12.0,9.0,3.0,31
247.84605407714844,53.008331298828125,10.601666259765626,1000.0,0.0,0.8,0.6666666666666666,12.0,10.0,3.0,31
305.29119873046875,90.74274444580078,18.148548889160157,1000.0,0.0,0.8,0.7333333333333333,12.0,11.0,3.0,31
334.0044250488281,97.13380432128906,19.426760864257812,1000.0,0.0,0.8,0.8,12.0,12.0,3.0,31
365.83221435546875,61.12843322753906,12.225686645507812,1000.0,0.0,0.8,0.8666666666666667,12.0,13.0,3.0,31
387.9515380859375,58.51512145996094,11.703024291992188,1000.0,0.0,0.8,0.9333333333333333,12.0,14.0,3.0,31
376.50177001953125,47.74357986450195,9.548715972900391,1000.0,0.0,0.8,1.0,12.0,15.0,3.0,31
204.83811950683594,25.561370849609375,5.112274169921875,1000.0,0.0,0.8666666666666667,-1.0,13.0,-15.0,3.0,31
197.0289306640625,24.889116287231445,4.977823257446289,1000.0,0.0,0.8666666666666667,-0.9333333333333333,13.0,-14.0,3.0,31
198.0064697265625,26.29708480834961,5.259416961669922,1000.0,0.0,0.8666666666666667,-0.8666666666666667,13.0,-13.0,3.0,31
222.62811279296875,42.459144592285156,8.491828918457031,1000.0,0.0,0.8666666666666667,-0.8,13.0,-12.0,3.0,31
217.83448791503906,50.23237609863281,10.046475219726563,1000.0,0.0,0.8666666666666667,-0.7333333333333333,13.0,-11.0,3.0,31
204.3229522705078,29.990127563476562,5.998025512695312,1000.0,0.0,0.8666666666666667,-0.6666666666666666,13.0,-10.0,3.0,31
219.3354034423828,60.19915008544922,12.039830017089844,1000.0,0.0,0.8666666666666667,-0.6,13.0,-9.0,3.0,31
216.77166748046875,44.45955276489258,8.891910552978516,1000.0,0.0,0.8666666666666667,-0.5333333333333333,13.0,-8.0,3.0,31
213.2187042236328,31.112415313720703,6.222483062744141,1000.0,0.0,0.8666666666666667,-0.4666666666666667,13.0,-7.0,3.0,31
242.46986389160156,58.25972366333008,11.651944732666015,1000.0,0.0,0.8666666666666667,-0.4,13.0,-6.0,3.0,31
269.373291015625,62.479251861572266,12.495850372314454,1000.0,0.0,0.8666666666666667,-0.3333333333333333,13.0,-5.0,3.0,31
295.6224365234375,86.63680267333984,17.327360534667967,1000.0,0.0,0.8666666666666667,-0.26666666666666666,13.0,-4.0,3.0,31
262.3291931152344,70.0588607788086,14.011772155761719,1000.0,0.0,0.8666666666666667,-0.2,13.0,-3.0,3.0,31
256.76153564453125,71.22900390625,14.24580078125,1000.0,0.0,0.8666666666666667,-0.13333333333333333,13.0,-2.0,3.0,31
264.03643798828125,81.10128784179688,16.220257568359376,1000.0,0.0,0.8666666666666667,-0.06666666666666667,13.0,-1.0,3.0,31
263.0606384277344,63.590431213378906,12.718086242675781,1000.0,0.0,0.8666666666666667,0.0,13.0,0.0,3.0,31
305.15081787109375,96.87541198730469,19.375082397460936,1000.0,0.0,0.8666666666666667,0.06666666666666667,13.0,1.0,3.0,31
298.7645263671875,89.18024444580078,17.836048889160157,1000.0,0.0,0.8666666666666667,0.13333333333333333,13.0,2.0,3.0,31
299.11248779296875,98.27108764648438,19.654217529296876,1000.0,0.0,0.8666666666666667,0.2,13.0,3.0,3.0,31
292.3515319824219,97.39049530029297,19.478099060058593,1000.0,0.0,0.8666666666666667,0.26666666666666666,13.0,4.0,3.0,31
273.0029602050781,92.83905029296875,18.56781005859375,1000.0,0.0,0.8666666666666667,0.3333333333333333,13.0,5.0,3.0,31
228.4477081298828,65.61762237548828,13.123524475097657,1000.0,0.0,0.8666666666666667,0.4,13.0,6.0,3.0,31
240.07449340820312,89.95748138427734,17.991496276855468,1000.0,0.0,0.8666666666666667,0.4666666666666667,13.0,7.0,3.0,31
245.6038818359375,91.58097839355469,18.316195678710937,1000.0,0.0,0.8666666666666667,0.5333333333333333,13.0,8.0,3.0,31
237.25462341308594,75.13678741455078,15.027357482910157,1000.0,0.0,0.8666666666666667,0.6,13.0,9.0,3.0,31
249.8145751953125,71.47216796875,14.29443359375,1000.0,0.0,0.8666666666666667,0.6666666666666666,13.0,10.0,3.0,31
254.8462677001953,50.21050262451172,10.042100524902343,1000.0,0.0,0.8666666666666667,0.7333333333333333,13.0,11.0,3.0,31
293.6388244628906,85.02303314208984,17.004606628417967,1000.0,0.0,0.8666666666666667,0.8,13.0,12.0,3.0,31
336.5425109863281,83.214111328125,16.642822265625,1000.0,0.0,0.8666666666666667,0.8666666666666667,13.0,13.0,3.0,31
353.3426208496094,73.5646743774414,14.712934875488282,1000.0,0.0,0.8666666666666667,0.9333333333333333,13.0,14.0,3.0,31
362.7564697265625,67.1402359008789,13.428047180175781,1000.0,0.0,0.8666666666666667,1.0,13.0,15.0,3.0,31
205.34207153320312,35.80216598510742,7.160433197021485,1000.0,0.0,0.9333333333333333,-1.0,14.0,-15.0,3.0,31
209.7655792236328,32.224300384521484,6.4448600769042965,1000.0,0.0,0.9333333333333333,-0.9333333333333333,14.0,-14.0,3.0,31
206.1660919189453,38.51374053955078,7.702748107910156,1000.0,0.0,0.9333333333333333,-0.8666666666666667,14.0,-13.0,3.0,31
226.8278350830078,43.92653274536133,8.785306549072265,1000.0,0.0,0.9333333333333333,-0.8,14.0,-12.0,3.0,31
221.92791748046875,39.768035888671875,7.953607177734375,1000.0,0.0,0.9333333333333333,-0.7333333333333333,14.0,-11.0,3.0,31
224.16978454589844,48.58122634887695,9.71624526977539,1000.0,0.0,0.9333333333333333,-0.6666666666666666,14.0,-10.0,3.0,31
196.76473999023438,24.59483528137207,4.918967056274414,1000.0,0.0,0.9333333333333333,-0.6,14.0,-9.0,3.0,31
220.86570739746094,40.01176452636719,8.002352905273437,1000.0,0.0,0.9333333333333333,-0.5333333333333333,14.0,-8.0,3.0,31
238.44131469726562,50.3488883972168,10.069777679443359,1000.0,0.0,0.9333333333333333,-0.4666666666666667,14.0,-7.0,3.0,31
246.7509765625,47.11416244506836,9.422832489013672,1000.0,0.0,0.9333333333333333,-0.4,14.0,-6.0,3.0,31
285.65057373046875,80.22232818603516,16.044465637207033,1000.0,0.0,0.9333333333333333,-0.3333333333333333,14.0,-5.0,3.0,31
281.3060302734375,78.30171203613281,15.660342407226562,1000.0,0.0,0.9333333333333333,-0.26666666666666666,14.0,-4.0,3.0,31
249.46240234375,54.53932571411133,10.907865142822265,1000.0,0.0,0.9333333333333333,-0.2,14.0,-3.0,3.0,31
246.91104125976562,58.34074401855469,11.668148803710938,1000.0,0.0,0.9333333333333333,-0.13333333333333333,14.0,-2.0,3.0,31
232.2135772705078,57.54587173461914,11.509174346923828,1000.0,0.0,0.9333333333333333,-0.06666666666666667,14.0,-1.0,3.0,31
247.9187469482422,72.00111389160156,14.400222778320312,1000.0,0.0,0.9333333333333333,0.0,14.0,0.0,3.0,31
264.2212829589844,65.44816589355469,13.089633178710937,1000.0,0.0,0.9333333333333333,0.06666666666666667,14.0,1.0,3.0,31
249.6452178955078,73.290771484375,14.658154296875,1000.0,0.0,0.9333333333333333,0.13333333333333333,14.0,2.0,3.0,31
297.1758117675781,81.24567413330078,16.249134826660157,1000.0,0.0,0.9333333333333333,0.2,14.0,3.0,3.0,31
276.6939697265625,75.43311309814453,15.086622619628907,1000.0,0.0,0.9333333333333333,0.26666666666666666,14.0,4.0,3.0,31
309.38018798828125,98.78839874267578,19.757679748535157,1000.0,0.0,0.9333333333333333,0.3333333333333333,14.0,5.0,3.0,31
220.34228515625,49.92609405517578,9.985218811035157,1000.0,0.0,0.9333333333333333,0.4,14.0,6.0,3.0,31
231.6060791015625,59.34783172607422,11.869566345214844,1000.0,0.0,0.9333333333333333,0.4666666666666667,14.0,7.0,3.0,31
220.90931701660156,40.555484771728516,8.111096954345703,1000.0,0.0,0.9333333333333333,0.5333333333333333,14.0,8.0,3.0,31
237.79901123046875,59.17211151123047,11.834422302246093,1000.0,0.0,0.9333333333333333,0.6,14.0,9.0,3.0,31
253.23281860351562,70.11363220214844,14.022726440429688,1000.0,0.0,0.9333333333333333,0.6666666666666666,14.0,10.0,3.0,31
258.4671936035156,65.67961883544922,13.135923767089844,1000.0,0.0,0.9333333333333333,0.7333333333333333,14.0,11.0,3.0,31
273.1126708984375,74.2710952758789,14.854219055175781,1000.0,0.0,0.9333333333333333,0.8,14.0,12.0,3.0,31
321.1895446777344,89.03116607666016,17.806233215332032,1000.0,0.0,0.9333333333333333,0.8666666666666667,14.0,13.0,3.0,31
354.0305480957031,99.76631927490234,19.95326385498047,1000.0,0.0,0.9333333333333333,0.9333333333333333,14.0,14.0,3.0,31
377.26531982421875,68.21045684814453,13.642091369628906,1000.0,0.0,0.9333333333333333,1.0,14.0,15.0,3.0,31
198.09397888183594,18.022197723388672,3.604439544677734,1000.0,0.0,1.0,-1.0,15.0,-15.0,3.0,31
212.79933166503906,35.077301025390625,7.015460205078125,1000.0,0.0,1.0,-0.9333333333333333,15.0,-14.0,3.0,31
226.35951232910156,49.0599365234375,9.8119873046875,1000.0,0.0,1.0,-0.8666666666666667,15.0,-13.0,3.0,31
225.95144653320312,45.690185546875,9.138037109375,1000.0,0.0,1.0,-0.8,15.0,-12.0,3.0,31
213.15919494628906,27.216197967529297,5.44323959350586,1000.0,0.0,1.0,-0.7333333333333333,15.0,-11.0,3.0,31
207.15846252441406,34.69009780883789,6.938019561767578,1000.0,0.0,1.0,-0.6666666666666666,15.0,-10.0,3.0,31
216.1963653564453,30.18893051147461,6.0377861022949215,1000.0,0.0,1.0,-0.6,15.0,-9.0,3.0,31
237.1612091064453,48.30293273925781,9.660586547851562,1000.0,0.0,1.0,-0.5333333333333333,15.0,-8.0,3.0,31
236.86766052246094,35.53944396972656,7.107888793945312,1000.0,0.0,1.0,-0.4666666666666667,15.0,-7.0,3.0,31
258.7084655761719,64.70612335205078,12.941224670410156,1000.0,0.0,1.0,-0.4,15.0,-6.0,3.0,31
299.830322265625,70.72895812988281,14.145791625976562,1000.0,0.0,1.0,-0.3333333333333333,15.0,-5.0,3.0,31
267.7586975097656,64.75458526611328,12.950917053222657,1000.0,0.0,1.0,-0.26666666666666666,15.0,-4.0,3.0,31
258.5845642089844,51.64091873168945,10.32818374633789,1000.0,0.0,1.0,-0.2,15.0,-3.0,3.0,31
244.7033233642578,54.03096008300781,10.806192016601562,1000.0,0.0,1.0,-0.13333333333333333,15.0,-2.0,3.0,31
219.56558227539062,40.73042678833008,8.146085357666015,1000.0,0.0,1.0,-0.06666666666666667,15.0,-1.0,3.0,31
243.38113403320312,53.22551727294922,10.645103454589844,1000.0,0.0,1.0,0.0,15.0,0.0,3.0,31
233.92311096191406,48.978763580322266,9.795752716064452,1000.0,0.0,1.0,0.06666666666666667,15.0,1.0,3.0,31
243.3032989501953,79.8654556274414,15.973091125488281,1000.0,0.0,1.0,0.13333333333333333,15.0,2.0,3.0,31
278.6427307128906,87.65523529052734,17.531047058105468,1000.0,0.0,1.0,0.2,15.0,3.0,3.0,31
327.64373779296875,103.5730972290039,20.714619445800782,1000.0,0.0,1.0,0.26666666666666666,15.0,4.0,3.0,31
321.2425842285156,91.81588745117188,18.363177490234374,1000.0,0.0,1.0,0.3333333333333333,15.0,5.0,3.0,31
253.79693603515625,83.67367553710938,16.734735107421876,1000.0,0.0,1.0,0.4,15.0,6.0,3.0,31
224.41189575195312,73.09903717041016,14.61980743408203,1000.0,0.0,1.0,0.4666666666666667,15.0,7.0,3.0,31
231.3297119140625,56.25212860107422,11.250425720214844,1000.0,0.0,1.0,0.5333333333333333,15.0,8.0,3.0,31
242.2431182861328,76.74712371826172,15.349424743652344,1000.0,0.0,1.0,0.6,15.0,9.0,3.0,31
243.74993896484375,70.17411804199219,14.034823608398437,1000.0,0.0,1.0,0.6666666666666666,15.0,10.0,3.0,31
270.627197265625,92.7508544921875,18.5501708984375,1000.0,0.0,1.0,0.7333333333333333,15.0,11.0,3.0,31
251.52378845214844,56.82262420654297,11.364524841308594,1000.0,0.0,1.0,0.8,15.0,12.0,3.0,31
253.4781494140625,68.40120697021484,13.68024139404297,1000.0,0.0,1.0,0.8666666666666667,15.0,13.0,3.0,31
301.791015625,77.84882354736328,15.569764709472656,1000.0,0.0,1.0,0.9333333333333333,15.0,14.0,3.0,31
349.4112243652344,103.43331909179688,20.686663818359374,1000.0,0.0,1.0,1.0,15.0,15.0,3.0,31
