episode_rewards,episode_std_rewards,episode_stderr_rewards,episode_avg_len,episode_std_avg_len,dim0,dim1,offset1,offset2,magnitude,grid_size
190.04441833496094,18.51570701599121,3.7031414031982424,1000.0,0.0,-1.0,-1.0,-15.0,-15.0,0.5,31
200.62744140625,27.955604553222656,5.591120910644531,1000.0,0.0,-1.0,-0.9333333333333333,-15.0,-14.0,0.5,31
234.9336700439453,44.77279281616211,8.954558563232421,1000.0,0.0,-1.0,-0.8666666666666667,-15.0,-13.0,0.5,31
245.14639282226562,46.77872848510742,9.355745697021485,1000.0,0.0,-1.0,-0.8,-15.0,-12.0,0.5,31
241.1312255859375,52.81146240234375,10.56229248046875,1000.0,0.0,-1.0,-0.7333333333333333,-15.0,-11.0,0.5,31
251.3752899169922,48.70352554321289,9.740705108642578,1000.0,0.0,-1.0,-0.6666666666666666,-15.0,-10.0,0.5,31
260.17169189453125,50.307647705078125,10.061529541015625,1000.0,0.0,-1.0,-0.6,-15.0,-9.0,0.5,31
304.2055358886719,56.637229919433594,11.327445983886719,1000.0,0.0,-1.0,-0.5333333333333333,-15.0,-8.0,0.5,31
296.2293701171875,70.12372589111328,14.024745178222656,1000.0,0.0,-1.0,-0.4666666666666667,-15.0,-7.0,0.5,31
261.6817626953125,84.05565643310547,16.811131286621094,1000.0,0.0,-1.0,-0.4,-15.0,-6.0,0.5,31
298.91046142578125,129.88632202148438,25.977264404296875,1000.0,0.0,-1.0,-0.3333333333333333,-15.0,-5.0,0.5,31
326.38067626953125,178.2770233154297,35.65540466308594,1000.0,0.0,-1.0,-0.26666666666666666,-15.0,-4.0,0.5,31
302.1850891113281,155.34219360351562,31.068438720703124,1000.0,0.0,-1.0,-0.2,-15.0,-3.0,0.5,31
258.1998291015625,127.2435073852539,25.448701477050783,1000.0,0.0,-1.0,-0.13333333333333333,-15.0,-2.0,0.5,31
246.64739990234375,109.29280090332031,21.858560180664064,1000.0,0.0,-1.0,-0.06666666666666667,-15.0,-1.0,0.5,31
254.79995727539062,109.61273956298828,21.922547912597658,1000.0,0.0,-1.0,0.0,-15.0,0.0,0.5,31
241.3050994873047,81.65274047851562,16.330548095703126,1000.0,0.0,-1.0,0.06666666666666667,-15.0,1.0,0.5,31
313.4618835449219,141.20655822753906,28.241311645507814,1000.0,0.0,-1.0,0.13333333333333333,-15.0,2.0,0.5,31
318.13275146484375,124.67787170410156,24.935574340820313,1000.0,0.0,-1.0,0.2,-15.0,3.0,0.5,31
226.16470336914062,50.54685974121094,10.109371948242188,1000.0,0.0,-1.0,0.26666666666666666,-15.0,4.0,0.5,31
221.8363800048828,61.08857727050781,12.217715454101562,1000.0,0.0,-1.0,0.3333333333333333,-15.0,5.0,0.5,31
237.49380493164062,77.04584503173828,15.409169006347657,1000.0,0.0,-1.0,0.4,-15.0,6.0,0.5,31
214.72186279296875,39.89398193359375,7.97879638671875,1000.0,0.0,-1.0,0.4666666666666667,-15.0,7.0,0.5,31
215.14822387695312,32.23059844970703,6.446119689941407,1000.0,0.0,-1.0,0.5333333333333333,-15.0,8.0,0.5,31
229.0694122314453,30.254642486572266,6.0509284973144535,1000.0,0.0,-1.0,0.6,-15.0,9.0,0.5,31
228.4308624267578,57.366973876953125,11.473394775390625,1000.0,0.0,-1.0,0.6666666666666666,-15.0,10.0,0.5,31
258.8765869140625,70.76246643066406,14.152493286132813,1000.0,0.0,-1.0,0.7333333333333333,-15.0,11.0,0.5,31
244.25494384765625,44.62137222290039,8.924274444580078,1000.0,0.0,-1.0,0.8,-15.0,12.0,0.5,31
232.32896423339844,63.44565200805664,12.689130401611328,1000.0,0.0,-1.0,0.8666666666666667,-15.0,13.0,0.5,31
279.7356262207031,81.71163177490234,16.342326354980468,1000.0,0.0,-1.0,0.9333333333333333,-15.0,14.0,0.5,31
265.3984375,97.01962280273438,19.403924560546876,1000.0,0.0,-1.0,1.0,-15.0,15.0,0.5,31
192.7857208251953,22.840526580810547,4.568105316162109,1000.0,0.0,-0.9333333333333333,-1.0,-14.0,-15.0,0.5,31
191.9224395751953,14.960868835449219,2.992173767089844,1000.0,0.0,-0.9333333333333333,-0.9333333333333333,-14.0,-14.0,0.5,31
195.03851318359375,18.46969223022461,3.693938446044922,1000.0,0.0,-0.9333333333333333,-0.8666666666666667,-14.0,-13.0,0.5,31
190.63934326171875,17.024641036987305,3.404928207397461,1000.0,0.0,-0.9333333333333333,-0.8,-14.0,-12.0,0.5,31
198.4116973876953,26.721405029296875,5.344281005859375,1000.0,0.0,-0.9333333333333333,-0.7333333333333333,-14.0,-11.0,0.5,31
223.77210998535156,44.99557113647461,8.999114227294921,1000.0,0.0,-0.9333333333333333,-0.6666666666666666,-14.0,-10.0,0.5,31
260.9435119628906,53.367488861083984,10.673497772216797,1000.0,0.0,-0.9333333333333333,-0.6,-14.0,-9.0,0.5,31
356.1546630859375,56.413944244384766,11.282788848876953,1000.0,0.0,-0.9333333333333333,-0.5333333333333333,-14.0,-8.0,0.5,31
293.6229553222656,76.51571655273438,15.303143310546876,1000.0,0.0,-0.9333333333333333,-0.4666666666666667,-14.0,-7.0,0.5,31
279.2686462402344,80.20428466796875,16.04085693359375,1000.0,0.0,-0.9333333333333333,-0.4,-14.0,-6.0,0.5,31
309.3801574707031,131.49606323242188,26.299212646484374,1000.0,0.0,-0.9333333333333333,-0.3333333333333333,-14.0,-5.0,0.5,31
349.5649719238281,139.55555725097656,27.911111450195314,1000.0,0.0,-0.9333333333333333,-0.26666666666666666,-14.0,-4.0,0.5,31
309.0347595214844,133.04539489746094,26.60907897949219,1000.0,0.0,-0.9333333333333333,-0.2,-14.0,-3.0,0.5,31
319.92266845703125,110.79664611816406,22.159329223632813,1000.0,0.0,-0.9333333333333333,-0.13333333333333333,-14.0,-2.0,0.5,31
298.5586242675781,118.16207885742188,23.632415771484375,1000.0,0.0,-0.9333333333333333,-0.06666666666666667,-14.0,-1.0,0.5,31
283.06182861328125,137.64796447753906,27.52959289550781,1000.0,0.0,-0.9333333333333333,0.0,-14.0,0.0,0.5,31
289.9395751953125,119.37915802001953,23.875831604003906,1000.0,0.0,-0.9333333333333333,0.06666666666666667,-14.0,1.0,0.5,31
267.7486572265625,106.82266998291016,21.364533996582033,1000.0,0.0,-0.9333333333333333,0.13333333333333333,-14.0,2.0,0.5,31
276.0328063964844,98.13402557373047,19.626805114746094,1000.0,0.0,-0.9333333333333333,0.2,-14.0,3.0,0.5,31
211.72842407226562,45.04248046875,9.00849609375,1000.0,0.0,-0.9333333333333333,0.26666666666666666,-14.0,4.0,0.5,31
226.36293029785156,48.83516311645508,9.767032623291016,1000.0,0.0,-0.9333333333333333,0.3333333333333333,-14.0,5.0,0.5,31
215.4925537109375,57.92298889160156,11.584597778320312,1000.0,0.0,-0.9333333333333333,0.4,-14.0,6.0,0.5,31
203.17074584960938,22.836336135864258,4.567267227172851,1000.0,0.0,-0.9333333333333333,0.4666666666666667,-14.0,7.0,0.5,31
229.50424194335938,37.93335723876953,7.586671447753906,1000.0,0.0,-0.9333333333333333,0.5333333333333333,-14.0,8.0,0.5,31
231.03140258789062,43.92922592163086,8.785845184326172,1000.0,0.0,-0.9333333333333333,0.6,-14.0,9.0,0.5,31
226.09837341308594,57.25954055786133,11.451908111572266,1000.0,0.0,-0.9333333333333333,0.6666666666666666,-14.0,10.0,0.5,31
233.9466552734375,56.541622161865234,11.308324432373047,1000.0,0.0,-0.9333333333333333,0.7333333333333333,-14.0,11.0,0.5,31
254.9356689453125,75.7840805053711,15.156816101074218,1000.0,0.0,-0.9333333333333333,0.8,-14.0,12.0,0.5,31
264.4106750488281,62.74224090576172,12.548448181152343,1000.0,0.0,-0.9333333333333333,0.8666666666666667,-14.0,13.0,0.5,31
262.4187316894531,51.41632080078125,10.28326416015625,1000.0,0.0,-0.9333333333333333,0.9333333333333333,-14.0,14.0,0.5,31
260.1568603515625,46.948055267333984,9.389611053466798,1000.0,0.0,-0.9333333333333333,1.0,-14.0,15.0,0.5,31
192.1444854736328,20.747982025146484,4.149596405029297,1000.0,0.0,-0.8666666666666667,-1.0,-13.0,-15.0,0.5,31
191.15859985351562,22.42545509338379,4.485091018676758,1000.0,0.0,-0.8666666666666667,-0.9333333333333333,-13.0,-14.0,0.5,31
192.76466369628906,17.224742889404297,3.4449485778808593,1000.0,0.0,-0.8666666666666667,-0.8666666666666667,-13.0,-13.0,0.5,31
195.8919677734375,21.33513832092285,4.26702766418457,1000.0,0.0,-0.8666666666666667,-0.8,-13.0,-12.0,0.5,31
192.93043518066406,21.75908660888672,4.351817321777344,1000.0,0.0,-0.8666666666666667,-0.7333333333333333,-13.0,-11.0,0.5,31
216.94696044921875,52.1226921081543,10.42453842163086,1000.0,0.0,-0.8666666666666667,-0.6666666666666666,-13.0,-10.0,0.5,31
238.5194549560547,59.92757034301758,11.985514068603516,1000.0,0.0,-0.8666666666666667,-0.6,-13.0,-9.0,0.5,31
294.64202880859375,51.493797302246094,10.298759460449219,1000.0,0.0,-0.8666666666666667,-0.5333333333333333,-13.0,-8.0,0.5,31
337.757568359375,84.3512191772461,16.87024383544922,1000.0,0.0,-0.8666666666666667,-0.4666666666666667,-13.0,-7.0,0.5,31
312.3399963378906,87.51786804199219,17.503573608398437,1000.0,0.0,-0.8666666666666667,-0.4,-13.0,-6.0,0.5,31
307.6162414550781,115.1118392944336,23.022367858886717,1000.0,0.0,-0.8666666666666667,-0.3333333333333333,-13.0,-5.0,0.5,31
339.7635803222656,154.23477172851562,30.846954345703125,1000.0,0.0,-0.8666666666666667,-0.26666666666666666,-13.0,-4.0,0.5,31
371.5348815917969,130.9285125732422,26.185702514648437,1000.0,0.0,-0.8666666666666667,-0.2,-13.0,-3.0,0.5,31
345.4619140625,81.87897491455078,16.375794982910158,1000.0,0.0,-0.8666666666666667,-0.13333333333333333,-13.0,-2.0,0.5,31
281.79669189453125,95.84850311279297,19.169700622558594,1000.0,0.0,-0.8666666666666667,-0.06666666666666667,-13.0,-1.0,0.5,31
303.4935302734375,120.44523620605469,24.089047241210938,1000.0,0.0,-0.8666666666666667,0.0,-13.0,0.0,0.5,31
299.79193115234375,133.4210968017578,26.684219360351562,1000.0,0.0,-0.8666666666666667,0.06666666666666667,-13.0,1.0,0.5,31
322.24102783203125,130.65090942382812,26.130181884765626,1000.0,0.0,-0.8666666666666667,0.13333333333333333,-13.0,2.0,0.5,31
220.72215270996094,68.55142211914062,13.710284423828124,1000.0,0.0,-0.8666666666666667,0.2,-13.0,3.0,0.5,31
213.6176300048828,59.80961990356445,11.961923980712891,1000.0,0.0,-0.8666666666666667,0.26666666666666666,-13.0,4.0,0.5,31
240.0007781982422,77.68336486816406,15.536672973632813,1000.0,0.0,-0.8666666666666667,0.3333333333333333,-13.0,5.0,0.5,31
214.16041564941406,45.04914855957031,9.009829711914062,1000.0,0.0,-0.8666666666666667,0.4,-13.0,6.0,0.5,31
205.94931030273438,37.826744079589844,7.565348815917969,1000.0,0.0,-0.8666666666666667,0.4666666666666667,-13.0,7.0,0.5,31
208.21852111816406,33.464298248291016,6.692859649658203,1000.0,0.0,-0.8666666666666667,0.5333333333333333,-13.0,8.0,0.5,31
233.74212646484375,52.31140899658203,10.462281799316406,1000.0,0.0,-0.8666666666666667,0.6,-13.0,9.0,0.5,31
212.95509338378906,28.755706787109375,5.751141357421875,1000.0,0.0,-0.8666666666666667,0.6666666666666666,-13.0,10.0,0.5,31
234.13153076171875,55.83271026611328,11.166542053222656,1000.0,0.0,-0.8666666666666667,0.7333333333333333,-13.0,11.0,0.5,31
239.56216430664062,49.131507873535156,9.826301574707031,1000.0,0.0,-0.8666666666666667,0.8,-13.0,12.0,0.5,31
252.68431091308594,69.22106170654297,13.844212341308594,1000.0,0.0,-0.8666666666666667,0.8666666666666667,-13.0,13.0,0.5,31
255.40061950683594,60.45210647583008,12.090421295166015,1000.0,0.0,-0.8666666666666667,0.9333333333333333,-13.0,14.0,0.5,31
240.7156982421875,49.38777160644531,9.877554321289063,1000.0,0.0,-0.8666666666666667,1.0,-13.0,15.0,0.5,31
196.05526733398438,24.14852523803711,4.829705047607422,1000.0,0.0,-0.8,-1.0,-12.0,-15.0,0.5,31
187.24073791503906,14.676389694213867,2.9352779388427734,1000.0,0.0,-0.8,-0.9333333333333333,-12.0,-14.0,0.5,31
192.17123413085938,15.752270698547363,3.1504541397094727,1000.0,0.0,-0.8,-0.8666666666666667,-12.0,-13.0,0.5,31
196.05062866210938,21.31556510925293,4.263113021850586,1000.0,0.0,-0.8,-0.8,-12.0,-12.0,0.5,31
216.7069549560547,45.8118896484375,9.1623779296875,1000.0,0.0,-0.8,-0.7333333333333333,-12.0,-11.0,0.5,31
223.68080139160156,52.83686065673828,10.567372131347657,1000.0,0.0,-0.8,-0.6666666666666666,-12.0,-10.0,0.5,31
231.66029357910156,63.26641082763672,12.653282165527344,1000.0,0.0,-0.8,-0.6,-12.0,-9.0,0.5,31
286.28472900390625,86.6327133178711,17.32654266357422,1000.0,0.0,-0.8,-0.5333333333333333,-12.0,-8.0,0.5,31
314.137939453125,79.09851837158203,15.819703674316406,1000.0,0.0,-0.8,-0.4666666666666667,-12.0,-7.0,0.5,31
312.5263977050781,70.12922668457031,14.025845336914063,1000.0,0.0,-0.8,-0.4,-12.0,-6.0,0.5,31
302.1387634277344,96.82987213134766,19.36597442626953,1000.0,0.0,-0.8,-0.3333333333333333,-12.0,-5.0,0.5,31
303.03363037109375,127.72075653076172,25.544151306152344,1000.0,0.0,-0.8,-0.26666666666666666,-12.0,-4.0,0.5,31
337.1626892089844,76.18797302246094,15.237594604492188,1000.0,0.0,-0.8,-0.2,-12.0,-3.0,0.5,31
306.3338928222656,86.83170318603516,17.36634063720703,1000.0,0.0,-0.8,-0.13333333333333333,-12.0,-2.0,0.5,31
343.717529296875,121.20819091796875,24.24163818359375,1000.0,0.0,-0.8,-0.06666666666666667,-12.0,-1.0,0.5,31
363.7547302246094,132.56072998046875,26.51214599609375,1000.0,0.0,-0.8,0.0,-12.0,0.0,0.5,31
349.777099609375,141.6952362060547,28.339047241210938,1000.0,0.0,-0.8,0.06666666666666667,-12.0,1.0,0.5,31
261.1919860839844,98.23704528808594,19.64740905761719,1000.0,0.0,-0.8,0.13333333333333333,-12.0,2.0,0.5,31
229.7357940673828,73.7664794921875,14.7532958984375,1000.0,0.0,-0.8,0.2,-12.0,3.0,0.5,31
213.09268188476562,43.80182647705078,8.760365295410157,1000.0,0.0,-0.8,0.26666666666666666,-12.0,4.0,0.5,31
252.22247314453125,87.36168670654297,17.472337341308595,1000.0,0.0,-0.8,0.3333333333333333,-12.0,5.0,0.5,31
342.5753479003906,116.18144226074219,23.236288452148436,1000.0,0.0,-0.8,0.4,-12.0,6.0,0.5,31
224.34474182128906,62.19114303588867,12.438228607177734,1000.0,0.0,-0.8,0.4666666666666667,-12.0,7.0,0.5,31
214.33038330078125,42.86812973022461,8.573625946044922,1000.0,0.0,-0.8,0.5333333333333333,-12.0,8.0,0.5,31
238.75250244140625,54.82097244262695,10.96419448852539,1000.0,0.0,-0.8,0.6,-12.0,9.0,0.5,31
231.8413848876953,42.63138198852539,8.526276397705079,1000.0,0.0,-0.8,0.6666666666666666,-12.0,10.0,0.5,31
266.64227294921875,71.06269073486328,14.212538146972657,1000.0,0.0,-0.8,0.7333333333333333,-12.0,11.0,0.5,31
246.92935180664062,74.31610870361328,14.863221740722656,1000.0,0.0,-0.8,0.8,-12.0,12.0,0.5,31
283.95916748046875,63.64706802368164,12.729413604736328,1000.0,0.0,-0.8,0.8666666666666667,-12.0,13.0,0.5,31
263.4902648925781,79.13672637939453,15.827345275878907,1000.0,0.0,-0.8,0.9333333333333333,-12.0,14.0,0.5,31
244.69847106933594,49.189483642578125,9.837896728515625,1000.0,0.0,-0.8,1.0,-12.0,15.0,0.5,31
195.3187255859375,22.2526798248291,4.4505359649658205,1000.0,0.0,-0.7333333333333333,-1.0,-11.0,-15.0,0.5,31
196.72048950195312,23.454349517822266,4.690869903564453,1000.0,0.0,-0.7333333333333333,-0.9333333333333333,-11.0,-14.0,0.5,31
217.53530883789062,28.17504119873047,5.635008239746094,1000.0,0.0,-0.7333333333333333,-0.8666666666666667,-11.0,-13.0,0.5,31
205.05531311035156,26.437877655029297,5.287575531005859,1000.0,0.0,-0.7333333333333333,-0.8,-11.0,-12.0,0.5,31
220.34890747070312,51.83830261230469,10.367660522460938,1000.0,0.0,-0.7333333333333333,-0.7333333333333333,-11.0,-11.0,0.5,31
239.1215057373047,59.92687225341797,11.985374450683594,1000.0,0.0,-0.7333333333333333,-0.6666666666666666,-11.0,-10.0,0.5,31
247.4521026611328,75.73361206054688,15.146722412109375,1000.0,0.0,-0.7333333333333333,-0.6,-11.0,-9.0,0.5,31
286.606201171875,94.87922668457031,18.975845336914062,1000.0,0.0,-0.7333333333333333,-0.5333333333333333,-11.0,-8.0,0.5,31
312.4268798828125,122.1452865600586,24.429057312011718,1000.0,0.0,-0.7333333333333333,-0.4666666666666667,-11.0,-7.0,0.5,31
340.2007751464844,72.90811157226562,14.581622314453124,1000.0,0.0,-0.7333333333333333,-0.4,-11.0,-6.0,0.5,31
304.9262390136719,78.54432678222656,15.708865356445312,1000.0,0.0,-0.7333333333333333,-0.3333333333333333,-11.0,-5.0,0.5,31
355.9942932128906,136.72877502441406,27.34575500488281,1000.0,0.0,-0.7333333333333333,-0.26666666666666666,-11.0,-4.0,0.5,31
388.40509033203125,153.29847717285156,30.659695434570313,1000.0,0.0,-0.7333333333333333,-0.2,-11.0,-3.0,0.5,31
400.0924987792969,104.1672134399414,20.83344268798828,1000.0,0.0,-0.7333333333333333,-0.13333333333333333,-11.0,-2.0,0.5,31
432.0831298828125,109.28107452392578,21.856214904785155,1000.0,0.0,-0.7333333333333333,-0.06666666666666667,-11.0,-1.0,0.5,31
388.1328125,146.61585998535156,29.32317199707031,1000.0,0.0,-0.7333333333333333,0.0,-11.0,0.0,0.5,31
288.0922546386719,143.17681884765625,28.63536376953125,1000.0,0.0,-0.7333333333333333,0.06666666666666667,-11.0,1.0,0.5,31
265.8217468261719,86.51863861083984,17.30372772216797,1000.0,0.0,-0.7333333333333333,0.13333333333333333,-11.0,2.0,0.5,31
222.12620544433594,80.45701599121094,16.091403198242187,1000.0,0.0,-0.7333333333333333,0.2,-11.0,3.0,0.5,31
244.88494873046875,83.25785827636719,16.651571655273436,1000.0,0.0,-0.7333333333333333,0.26666666666666666,-11.0,4.0,0.5,31
310.2690124511719,130.406494140625,26.081298828125,1000.0,0.0,-0.7333333333333333,0.3333333333333333,-11.0,5.0,0.5,31
339.4226989746094,137.80479431152344,27.560958862304688,1000.0,0.0,-0.7333333333333333,0.4,-11.0,6.0,0.5,31
298.741943359375,114.80308532714844,22.960617065429688,1000.0,0.0,-0.7333333333333333,0.4666666666666667,-11.0,7.0,0.5,31
335.78265380859375,118.55438232421875,23.71087646484375,1000.0,0.0,-0.7333333333333333,0.5333333333333333,-11.0,8.0,0.5,31
258.6020202636719,67.88014221191406,13.576028442382812,1000.0,0.0,-0.7333333333333333,0.6,-11.0,9.0,0.5,31
263.57147216796875,66.64173126220703,13.328346252441406,1000.0,0.0,-0.7333333333333333,0.6666666666666666,-11.0,10.0,0.5,31
235.9388427734375,48.30154037475586,9.660308074951171,1000.0,0.0,-0.7333333333333333,0.7333333333333333,-11.0,11.0,0.5,31
272.0912780761719,62.77520751953125,12.55504150390625,1000.0,0.0,-0.7333333333333333,0.8,-11.0,12.0,0.5,31
285.0885009765625,78.8221664428711,15.764433288574219,1000.0,0.0,-0.7333333333333333,0.8666666666666667,-11.0,13.0,0.5,31
286.7846374511719,79.97288513183594,15.994577026367187,1000.0,0.0,-0.7333333333333333,0.9333333333333333,-11.0,14.0,0.5,31
250.4046630859375,61.111778259277344,12.22235565185547,1000.0,0.0,-0.7333333333333333,1.0,-11.0,15.0,0.5,31
205.3568878173828,38.349273681640625,7.669854736328125,1000.0,0.0,-0.6666666666666666,-1.0,-10.0,-15.0,0.5,31
196.2968292236328,16.601776123046875,3.320355224609375,1000.0,0.0,-0.6666666666666666,-0.9333333333333333,-10.0,-14.0,0.5,31
235.16339111328125,46.6170768737793,9.323415374755859,1000.0,0.0,-0.6666666666666666,-0.8666666666666667,-10.0,-13.0,0.5,31
238.0579833984375,37.161617279052734,7.432323455810547,1000.0,0.0,-0.6666666666666666,-0.8,-10.0,-12.0,0.5,31
210.05438232421875,26.61847496032715,5.3236949920654295,1000.0,0.0,-0.6666666666666666,-0.7333333333333333,-10.0,-11.0,0.5,31
244.06906127929688,58.42177963256836,11.684355926513671,1000.0,0.0,-0.6666666666666666,-0.6666666666666666,-10.0,-10.0,0.5,31
247.7502899169922,68.30130767822266,13.660261535644532,1000.0,0.0,-0.6666666666666666,-0.6,-10.0,-9.0,0.5,31
306.16973876953125,105.15694427490234,21.03138885498047,1000.0,0.0,-0.6666666666666666,-0.5333333333333333,-10.0,-8.0,0.5,31
297.9110107421875,114.37123107910156,22.874246215820314,1000.0,0.0,-0.6666666666666666,-0.4666666666666667,-10.0,-7.0,0.5,31
333.19659423828125,115.99862670898438,23.199725341796874,1000.0,0.0,-0.6666666666666666,-0.4,-10.0,-6.0,0.5,31
320.1686096191406,93.44246673583984,18.68849334716797,1000.0,0.0,-0.6666666666666666,-0.3333333333333333,-10.0,-5.0,0.5,31
441.7870178222656,123.99002838134766,24.798005676269533,1000.0,0.0,-0.6666666666666666,-0.26666666666666666,-10.0,-4.0,0.5,31
471.37371826171875,150.33639526367188,30.067279052734374,1000.0,0.0,-0.6666666666666666,-0.2,-10.0,-3.0,0.5,31
479.7383117675781,97.87556457519531,19.575112915039064,1000.0,0.0,-0.6666666666666666,-0.13333333333333333,-10.0,-2.0,0.5,31
480.4761047363281,114.74334716796875,22.94866943359375,1000.0,0.0,-0.6666666666666666,-0.06666666666666667,-10.0,-1.0,0.5,31
480.4375,136.92491149902344,27.384982299804687,1000.0,0.0,-0.6666666666666666,0.0,-10.0,0.0,0.5,31
431.7352294921875,151.67141723632812,30.334283447265626,1000.0,0.0,-0.6666666666666666,0.06666666666666667,-10.0,1.0,0.5,31
323.0225524902344,145.76866149902344,29.153732299804688,1000.0,0.0,-0.6666666666666666,0.13333333333333333,-10.0,2.0,0.5,31
285.0701904296875,118.12190246582031,23.62438049316406,1000.0,0.0,-0.6666666666666666,0.2,-10.0,3.0,0.5,31
287.7632751464844,132.7492218017578,26.549844360351564,1000.0,0.0,-0.6666666666666666,0.26666666666666666,-10.0,4.0,0.5,31
350.8056945800781,171.4031219482422,34.28062438964844,1000.0,0.0,-0.6666666666666666,0.3333333333333333,-10.0,5.0,0.5,31
343.4552001953125,161.74659729003906,32.34931945800781,1000.0,0.0,-0.6666666666666666,0.4,-10.0,6.0,0.5,31
349.20452880859375,150.42543029785156,30.085086059570312,1000.0,0.0,-0.6666666666666666,0.4666666666666667,-10.0,7.0,0.5,31
347.0975646972656,132.0909881591797,26.418197631835938,1000.0,0.0,-0.6666666666666666,0.5333333333333333,-10.0,8.0,0.5,31
368.5489807128906,112.55976867675781,22.51195373535156,1000.0,0.0,-0.6666666666666666,0.6,-10.0,9.0,0.5,31
321.93121337890625,87.27072143554688,17.454144287109376,1000.0,0.0,-0.6666666666666666,0.6666666666666666,-10.0,10.0,0.5,31
294.6785888671875,105.18318176269531,21.036636352539062,1000.0,0.0,-0.6666666666666666,0.7333333333333333,-10.0,11.0,0.5,31
297.70233154296875,77.07366180419922,15.414732360839844,1000.0,0.0,-0.6666666666666666,0.8,-10.0,12.0,0.5,31
321.9660949707031,93.32655334472656,18.665310668945313,1000.0,0.0,-0.6666666666666666,0.8666666666666667,-10.0,13.0,0.5,31
309.29119873046875,103.95606231689453,20.791212463378905,1000.0,0.0,-0.6666666666666666,0.9333333333333333,-10.0,14.0,0.5,31
303.7181396484375,94.89344787597656,18.97868957519531,1000.0,0.0,-0.6666666666666666,1.0,-10.0,15.0,0.5,31
274.2121887207031,87.94986724853516,17.58997344970703,1000.0,0.0,-0.6,-1.0,-9.0,-15.0,0.5,31
270.3086242675781,84.2740249633789,16.85480499267578,1000.0,0.0,-0.6,-0.9333333333333333,-9.0,-14.0,0.5,31
257.7193603515625,76.76412963867188,15.352825927734376,1000.0,0.0,-0.6,-0.8666666666666667,-9.0,-13.0,0.5,31
244.49343872070312,50.36918258666992,10.073836517333984,1000.0,0.0,-0.6,-0.8,-9.0,-12.0,0.5,31
212.54156494140625,34.2284049987793,6.845680999755859,1000.0,0.0,-0.6,-0.7333333333333333,-9.0,-11.0,0.5,31
223.9905242919922,42.71165084838867,8.542330169677735,1000.0,0.0,-0.6,-0.6666666666666666,-9.0,-10.0,0.5,31
233.6623992919922,53.32956314086914,10.665912628173828,1000.0,0.0,-0.6,-0.6,-9.0,-9.0,0.5,31
303.4871520996094,107.15179443359375,21.43035888671875,1000.0,0.0,-0.6,-0.5333333333333333,-9.0,-8.0,0.5,31
259.2995910644531,84.25923156738281,16.851846313476564,1000.0,0.0,-0.6,-0.4666666666666667,-9.0,-7.0,0.5,31
295.7210388183594,108.52668762207031,21.705337524414062,1000.0,0.0,-0.6,-0.4,-9.0,-6.0,0.5,31
237.37884521484375,78.36527252197266,15.673054504394532,1000.0,0.0,-0.6,-0.3333333333333333,-9.0,-5.0,0.5,31
447.31231689453125,143.65577697753906,28.731155395507812,1000.0,0.0,-0.6,-0.26666666666666666,-9.0,-4.0,0.5,31
630.3555297851562,55.89358139038086,11.178716278076172,1000.0,0.0,-0.6,-0.2,-9.0,-3.0,0.5,31
597.61474609375,52.15508270263672,10.431016540527343,1000.0,0.0,-0.6,-0.13333333333333333,-9.0,-2.0,0.5,31
529.76904296875,120.46724700927734,24.09344940185547,1000.0,0.0,-0.6,-0.06666666666666667,-9.0,-1.0,0.5,31
518.93212890625,168.78985595703125,33.75797119140625,1000.0,0.0,-0.6,0.0,-9.0,0.0,0.5,31
503.5767517089844,119.45048522949219,23.890097045898436,1000.0,0.0,-0.6,0.06666666666666667,-9.0,1.0,0.5,31
291.72088623046875,90.3176498413086,18.06352996826172,1000.0,0.0,-0.6,0.13333333333333333,-9.0,2.0,0.5,31
382.6759338378906,174.4152069091797,34.88304138183594,1000.0,0.0,-0.6,0.2,-9.0,3.0,0.5,31
376.9271545410156,201.66493225097656,40.332986450195314,1000.0,0.0,-0.6,0.26666666666666666,-9.0,4.0,0.5,31
317.2193298339844,152.65969848632812,30.531939697265624,1000.0,0.0,-0.6,0.3333333333333333,-9.0,5.0,0.5,31
351.7054748535156,157.3263702392578,31.465274047851562,1000.0,0.0,-0.6,0.4,-9.0,6.0,0.5,31
342.40899658203125,163.80780029296875,32.76156005859375,1000.0,0.0,-0.6,0.4666666666666667,-9.0,7.0,0.5,31
414.3163757324219,140.33737182617188,28.067474365234375,1000.0,0.0,-0.6,0.5333333333333333,-9.0,8.0,0.5,31
344.3768005371094,95.74605560302734,19.149211120605468,1000.0,0.0,-0.6,0.6,-9.0,9.0,0.5,31
366.5803527832031,97.6298599243164,19.525971984863283,1000.0,0.0,-0.6,0.6666666666666666,-9.0,10.0,0.5,31
347.0651550292969,88.6073989868164,17.72147979736328,1000.0,0.0,-0.6,0.7333333333333333,-9.0,11.0,0.5,31
342.0919494628906,83.6690902709961,16.73381805419922,1000.0,0.0,-0.6,0.8,-9.0,12.0,0.5,31
389.6343994140625,66.47097778320312,13.294195556640625,1000.0,0.0,-0.6,0.8666666666666667,-9.0,13.0,0.5,31
380.3913269042969,98.37926483154297,19.675852966308593,1000.0,0.0,-0.6,0.9333333333333333,-9.0,14.0,0.5,31
374.85467529296875,103.10348510742188,20.620697021484375,1000.0,0.0,-0.6,1.0,-9.0,15.0,0.5,31
308.8062438964844,114.69034576416016,22.938069152832032,1000.0,0.0,-0.5333333333333333,-1.0,-8.0,-15.0,0.5,31
293.9757080078125,94.7125015258789,18.94250030517578,1000.0,0.0,-0.5333333333333333,-0.9333333333333333,-8.0,-14.0,0.5,31
266.363037109375,96.18785858154297,19.237571716308594,1000.0,0.0,-0.5333333333333333,-0.8666666666666667,-8.0,-13.0,0.5,31
246.20143127441406,75.64908599853516,15.12981719970703,1000.0,0.0,-0.5333333333333333,-0.8,-8.0,-12.0,0.5,31
232.7744598388672,45.69145965576172,9.138291931152343,1000.0,0.0,-0.5333333333333333,-0.7333333333333333,-8.0,-11.0,0.5,31
238.96189880371094,38.34852981567383,7.669705963134765,1000.0,0.0,-0.5333333333333333,-0.6666666666666666,-8.0,-10.0,0.5,31
235.92156982421875,70.28730773925781,14.057461547851563,1000.0,0.0,-0.5333333333333333,-0.6,-8.0,-9.0,0.5,31
218.57763671875,56.26457214355469,11.252914428710938,1000.0,0.0,-0.5333333333333333,-0.5333333333333333,-8.0,-8.0,0.5,31
213.38247680664062,37.561927795410156,7.512385559082031,1000.0,0.0,-0.5333333333333333,-0.4666666666666667,-8.0,-7.0,0.5,31
223.42515563964844,30.128019332885742,6.025603866577148,1000.0,0.0,-0.5333333333333333,-0.4,-8.0,-6.0,0.5,31
249.31787109375,74.87174987792969,14.974349975585938,1000.0,0.0,-0.5333333333333333,-0.3333333333333333,-8.0,-5.0,0.5,31
392.8599853515625,136.3219451904297,27.264389038085938,1000.0,0.0,-0.5333333333333333,-0.26666666666666666,-8.0,-4.0,0.5,31
639.3350219726562,83.00889587402344,16.601779174804687,1000.0,0.0,-0.5333333333333333,-0.2,-8.0,-3.0,0.5,31
619.1763305664062,105.96073913574219,21.19214782714844,1000.0,0.0,-0.5333333333333333,-0.13333333333333333,-8.0,-2.0,0.5,31
584.85986328125,131.38510131835938,26.277020263671876,1000.0,0.0,-0.5333333333333333,-0.06666666666666667,-8.0,-1.0,0.5,31
705.8523559570312,121.9239730834961,24.384794616699217,1000.0,0.0,-0.5333333333333333,0.0,-8.0,0.0,0.5,31
555.04931640625,151.4608154296875,30.2921630859375,1000.0,0.0,-0.5333333333333333,0.06666666666666667,-8.0,1.0,0.5,31
408.1553039550781,188.4923858642578,37.69847717285156,1000.0,0.0,-0.5333333333333333,0.13333333333333333,-8.0,2.0,0.5,31
530.7095947265625,205.56324768066406,41.112649536132814,1000.0,0.0,-0.5333333333333333,0.2,-8.0,3.0,0.5,31
404.166259765625,202.6574249267578,40.53148498535156,1000.0,0.0,-0.5333333333333333,0.26666666666666666,-8.0,4.0,0.5,31
329.1904602050781,150.95127868652344,30.19025573730469,1000.0,0.0,-0.5333333333333333,0.3333333333333333,-8.0,5.0,0.5,31
302.03302001953125,122.65653991699219,24.531307983398438,1000.0,0.0,-0.5333333333333333,0.4,-8.0,6.0,0.5,31
332.4900817871094,149.784423828125,29.956884765625,1000.0,0.0,-0.5333333333333333,0.4666666666666667,-8.0,7.0,0.5,31
268.6870422363281,106.17790222167969,21.235580444335938,1000.0,0.0,-0.5333333333333333,0.5333333333333333,-8.0,8.0,0.5,31
312.875244140625,129.93043518066406,25.986087036132812,1000.0,0.0,-0.5333333333333333,0.6,-8.0,9.0,0.5,31
283.9334716796875,81.43890380859375,16.28778076171875,1000.0,0.0,-0.5333333333333333,0.6666666666666666,-8.0,10.0,0.5,31
306.5855407714844,104.76094818115234,20.952189636230468,1000.0,0.0,-0.5333333333333333,0.7333333333333333,-8.0,11.0,0.5,31
339.8555908203125,102.74617767333984,20.549235534667968,1000.0,0.0,-0.5333333333333333,0.8,-8.0,12.0,0.5,31
414.5156555175781,99.4513168334961,19.89026336669922,1000.0,0.0,-0.5333333333333333,0.8666666666666667,-8.0,13.0,0.5,31
425.7367248535156,115.06855773925781,23.013711547851564,1000.0,0.0,-0.5333333333333333,0.9333333333333333,-8.0,14.0,0.5,31
433.79364013671875,97.04698944091797,19.409397888183594,1000.0,0.0,-0.5333333333333333,1.0,-8.0,15.0,0.5,31
280.9892883300781,101.54401397705078,20.308802795410156,1000.0,0.0,-0.4666666666666667,-1.0,-7.0,-15.0,0.5,31
291.2132873535156,101.40379333496094,20.280758666992188,1000.0,0.0,-0.4666666666666667,-0.9333333333333333,-7.0,-14.0,0.5,31
272.06005859375,83.712158203125,16.742431640625,1000.0,0.0,-0.4666666666666667,-0.8666666666666667,-7.0,-13.0,0.5,31
256.4889831542969,65.8323745727539,13.166474914550781,1000.0,0.0,-0.4666666666666667,-0.8,-7.0,-12.0,0.5,31
247.00360107421875,53.35237503051758,10.670475006103516,1000.0,0.0,-0.4666666666666667,-0.7333333333333333,-7.0,-11.0,0.5,31
229.99295043945312,37.505470275878906,7.501094055175781,1000.0,0.0,-0.4666666666666667,-0.6666666666666666,-7.0,-10.0,0.5,31
238.15350341796875,82.7320327758789,16.546406555175782,1000.0,0.0,-0.4666666666666667,-0.6,-7.0,-9.0,0.5,31
220.9585723876953,78.11526489257812,15.623052978515625,1000.0,0.0,-0.4666666666666667,-0.5333333333333333,-7.0,-8.0,0.5,31
207.82363891601562,42.376792907714844,8.475358581542968,1000.0,0.0,-0.4666666666666667,-0.4666666666666667,-7.0,-7.0,0.5,31
224.37261962890625,39.495418548583984,7.8990837097167965,1000.0,0.0,-0.4666666666666667,-0.4,-7.0,-6.0,0.5,31
267.009033203125,80.23701477050781,16.047402954101564,1000.0,0.0,-0.4666666666666667,-0.3333333333333333,-7.0,-5.0,0.5,31
376.2376708984375,151.0804443359375,30.2160888671875,1000.0,0.0,-0.4666666666666667,-0.26666666666666666,-7.0,-4.0,0.5,31
575.5279541015625,139.03805541992188,27.807611083984376,1000.0,0.0,-0.4666666666666667,-0.2,-7.0,-3.0,0.5,31
529.33740234375,154.24716186523438,30.849432373046874,1000.0,0.0,-0.4666666666666667,-0.13333333333333333,-7.0,-2.0,0.5,31
695.9210205078125,158.0918731689453,31.618374633789063,1000.0,0.0,-0.4666666666666667,-0.06666666666666667,-7.0,-1.0,0.5,31
816.7811889648438,84.71785736083984,16.943571472167967,1000.0,0.0,-0.4666666666666667,0.0,-7.0,0.0,0.5,31
822.65380859375,75.78569030761719,15.157138061523437,1000.0,0.0,-0.4666666666666667,0.06666666666666667,-7.0,1.0,0.5,31
769.1640014648438,74.22953033447266,14.845906066894532,1000.0,0.0,-0.4666666666666667,0.13333333333333333,-7.0,2.0,0.5,31
609.87060546875,255.4921112060547,51.09842224121094,1000.0,0.0,-0.4666666666666667,0.2,-7.0,3.0,0.5,31
557.216552734375,205.16200256347656,41.03240051269531,1000.0,0.0,-0.4666666666666667,0.26666666666666666,-7.0,4.0,0.5,31
426.26092529296875,171.4531707763672,34.29063415527344,1000.0,0.0,-0.4666666666666667,0.3333333333333333,-7.0,5.0,0.5,31
242.89320373535156,69.46517181396484,13.893034362792969,1000.0,0.0,-0.4666666666666667,0.4,-7.0,6.0,0.5,31
244.21759033203125,74.11051940917969,14.822103881835938,1000.0,0.0,-0.4666666666666667,0.4666666666666667,-7.0,7.0,0.5,31
240.69142150878906,75.56570434570312,15.113140869140626,1000.0,0.0,-0.4666666666666667,0.5333333333333333,-7.0,8.0,0.5,31
247.1647491455078,62.816768646240234,12.563353729248046,1000.0,0.0,-0.4666666666666667,0.6,-7.0,9.0,0.5,31
238.03382873535156,63.45832443237305,12.691664886474609,1000.0,0.0,-0.4666666666666667,0.6666666666666666,-7.0,10.0,0.5,31
268.67364501953125,83.83819580078125,16.76763916015625,1000.0,0.0,-0.4666666666666667,0.7333333333333333,-7.0,11.0,0.5,31
297.9342956542969,108.82610321044922,21.765220642089844,1000.0,0.0,-0.4666666666666667,0.8,-7.0,12.0,0.5,31
401.9775085449219,133.5758819580078,26.715176391601563,1000.0,0.0,-0.4666666666666667,0.8666666666666667,-7.0,13.0,0.5,31
453.6865539550781,92.37698364257812,18.475396728515626,1000.0,0.0,-0.4666666666666667,0.9333333333333333,-7.0,14.0,0.5,31
400.8960266113281,103.59131622314453,20.718263244628908,1000.0,0.0,-0.4666666666666667,1.0,-7.0,15.0,0.5,31
230.05166625976562,84.34212493896484,16.86842498779297,1000.0,0.0,-0.4,-1.0,-6.0,-15.0,0.5,31
250.6535186767578,85.63584899902344,17.127169799804687,1000.0,0.0,-0.4,-0.9333333333333333,-6.0,-14.0,0.5,31
260.21875,77.26732635498047,15.453465270996094,1000.0,0.0,-0.4,-0.8666666666666667,-6.0,-13.0,0.5,31
242.01824951171875,52.3408317565918,10.46816635131836,1000.0,0.0,-0.4,-0.8,-6.0,-12.0,0.5,31
215.5390625,33.74230194091797,6.748460388183593,1000.0,0.0,-0.4,-0.7333333333333333,-6.0,-11.0,0.5,31
227.26324462890625,64.36608123779297,12.873216247558593,1000.0,0.0,-0.4,-0.6666666666666666,-6.0,-10.0,0.5,31
223.6988525390625,75.62486267089844,15.124972534179687,1000.0,0.0,-0.4,-0.6,-6.0,-9.0,0.5,31
217.64443969726562,48.34065246582031,9.668130493164062,1000.0,0.0,-0.4,-0.5333333333333333,-6.0,-8.0,0.5,31
230.78082275390625,69.91738891601562,13.983477783203124,1000.0,0.0,-0.4,-0.4666666666666667,-6.0,-7.0,0.5,31
278.498046875,100.8147201538086,20.162944030761718,1000.0,0.0,-0.4,-0.4,-6.0,-6.0,0.5,31
297.47235107421875,107.99609375,21.59921875,1000.0,0.0,-0.4,-0.3333333333333333,-6.0,-5.0,0.5,31
372.3599853515625,170.4092254638672,34.081845092773435,1000.0,0.0,-0.4,-0.26666666666666666,-6.0,-4.0,0.5,31
557.581298828125,207.28700256347656,41.457400512695315,1000.0,0.0,-0.4,-0.2,-6.0,-3.0,0.5,31
745.2919311523438,104.16250610351562,20.832501220703126,1000.0,0.0,-0.4,-0.13333333333333333,-6.0,-2.0,0.5,31
785.8534545898438,141.84915161132812,28.369830322265624,1000.0,0.0,-0.4,-0.06666666666666667,-6.0,-1.0,0.5,31
905.2307739257812,68.46678161621094,13.693356323242188,1000.0,0.0,-0.4,0.0,-6.0,0.0,0.5,31
896.619140625,38.087120056152344,7.617424011230469,1000.0,0.0,-0.4,0.06666666666666667,-6.0,1.0,0.5,31
864.1001586914062,85.27204895019531,17.054409790039063,1000.0,0.0,-0.4,0.13333333333333333,-6.0,2.0,0.5,31
756.2990112304688,157.66888427734375,31.53377685546875,1000.0,0.0,-0.4,0.2,-6.0,3.0,0.5,31
487.69866943359375,217.8380126953125,43.5676025390625,1000.0,0.0,-0.4,0.26666666666666666,-6.0,4.0,0.5,31
365.4720458984375,153.72413635253906,30.744827270507812,1000.0,0.0,-0.4,0.3333333333333333,-6.0,5.0,0.5,31
265.4097595214844,100.0520248413086,20.010404968261717,1000.0,0.0,-0.4,0.4,-6.0,6.0,0.5,31
224.34996032714844,58.764137268066406,11.752827453613282,1000.0,0.0,-0.4,0.4666666666666667,-6.0,7.0,0.5,31
258.8968505859375,104.32432556152344,20.864865112304688,1000.0,0.0,-0.4,0.5333333333333333,-6.0,8.0,0.5,31
242.98748779296875,74.90557861328125,14.98111572265625,1000.0,0.0,-0.4,0.6,-6.0,9.0,0.5,31
230.17018127441406,56.210575103759766,11.242115020751953,1000.0,0.0,-0.4,0.6666666666666666,-6.0,10.0,0.5,31
276.8465881347656,89.25208282470703,17.850416564941405,1000.0,0.0,-0.4,0.7333333333333333,-6.0,11.0,0.5,31
365.656494140625,157.26522827148438,31.453045654296876,1000.0,0.0,-0.4,0.8,-6.0,12.0,0.5,31
386.1149597167969,153.72512817382812,30.745025634765625,1000.0,0.0,-0.4,0.8666666666666667,-6.0,13.0,0.5,31
406.8194274902344,126.8539810180664,25.37079620361328,1000.0,0.0,-0.4,0.9333333333333333,-6.0,14.0,0.5,31
430.7288818359375,133.38336181640625,26.67667236328125,1000.0,0.0,-0.4,1.0,-6.0,15.0,0.5,31
261.2913818359375,74.40714263916016,14.881428527832032,1000.0,0.0,-0.3333333333333333,-1.0,-5.0,-15.0,0.5,31
234.62429809570312,58.581207275390625,11.716241455078125,1000.0,0.0,-0.3333333333333333,-0.9333333333333333,-5.0,-14.0,0.5,31
218.9390411376953,46.82000732421875,9.36400146484375,1000.0,0.0,-0.3333333333333333,-0.8666666666666667,-5.0,-13.0,0.5,31
217.10000610351562,34.17656707763672,6.835313415527343,1000.0,0.0,-0.3333333333333333,-0.8,-5.0,-12.0,0.5,31
197.01927185058594,21.01785659790039,4.203571319580078,1000.0,0.0,-0.3333333333333333,-0.7333333333333333,-5.0,-11.0,0.5,31
224.33892822265625,55.657779693603516,11.131555938720703,1000.0,0.0,-0.3333333333333333,-0.6666666666666666,-5.0,-10.0,0.5,31
261.4888000488281,94.02130126953125,18.80426025390625,1000.0,0.0,-0.3333333333333333,-0.6,-5.0,-9.0,0.5,31
230.98780822753906,74.84063720703125,14.96812744140625,1000.0,0.0,-0.3333333333333333,-0.5333333333333333,-5.0,-8.0,0.5,31
240.68856811523438,67.02201080322266,13.404402160644532,1000.0,0.0,-0.3333333333333333,-0.4666666666666667,-5.0,-7.0,0.5,31
241.45291137695312,52.08290481567383,10.416580963134766,1000.0,0.0,-0.3333333333333333,-0.4,-5.0,-6.0,0.5,31
310.3688659667969,100.16007232666016,20.032014465332033,1000.0,0.0,-0.3333333333333333,-0.3333333333333333,-5.0,-5.0,0.5,31
386.9789123535156,159.18710327148438,31.837420654296874,1000.0,0.0,-0.3333333333333333,-0.26666666666666666,-5.0,-4.0,0.5,31
802.4625854492188,82.14904022216797,16.429808044433592,1000.0,0.0,-0.3333333333333333,-0.2,-5.0,-3.0,0.5,31
815.3635864257812,177.73779296875,35.54755859375,1000.0,0.0,-0.3333333333333333,-0.13333333333333333,-5.0,-2.0,0.5,31
923.3527221679688,74.58816528320312,14.917633056640625,1000.0,0.0,-0.3333333333333333,-0.06666666666666667,-5.0,-1.0,0.5,31
954.7822875976562,21.64781379699707,4.329562759399414,1000.0,0.0,-0.3333333333333333,0.0,-5.0,0.0,0.5,31
945.9073486328125,26.003175735473633,5.200635147094727,1000.0,0.0,-0.3333333333333333,0.06666666666666667,-5.0,1.0,0.5,31
912.2000732421875,36.260169982910156,7.252033996582031,1000.0,0.0,-0.3333333333333333,0.13333333333333333,-5.0,2.0,0.5,31
856.33984375,54.920684814453125,10.984136962890625,1000.0,0.0,-0.3333333333333333,0.2,-5.0,3.0,0.5,31
598.0728759765625,225.70022583007812,45.140045166015625,1000.0,0.0,-0.3333333333333333,0.26666666666666666,-5.0,4.0,0.5,31
320.6568603515625,104.57699584960938,20.915399169921876,1000.0,0.0,-0.3333333333333333,0.3333333333333333,-5.0,5.0,0.5,31
296.97027587890625,134.08059692382812,26.816119384765624,1000.0,0.0,-0.3333333333333333,0.4,-5.0,6.0,0.5,31
256.4457092285156,68.02403259277344,13.604806518554687,1000.0,0.0,-0.3333333333333333,0.4666666666666667,-5.0,7.0,0.5,31
297.8294677734375,76.54846954345703,15.309693908691406,1000.0,0.0,-0.3333333333333333,0.5333333333333333,-5.0,8.0,0.5,31
287.5062255859375,67.58927154541016,13.517854309082031,1000.0,0.0,-0.3333333333333333,0.6,-5.0,9.0,0.5,31
307.2815856933594,125.12893676757812,25.025787353515625,1000.0,0.0,-0.3333333333333333,0.6666666666666666,-5.0,10.0,0.5,31
338.6593322753906,149.08889770507812,29.817779541015625,1000.0,0.0,-0.3333333333333333,0.7333333333333333,-5.0,11.0,0.5,31
422.0534362792969,152.5459747314453,30.509194946289064,1000.0,0.0,-0.3333333333333333,0.8,-5.0,12.0,0.5,31
347.656982421875,148.80453491210938,29.760906982421876,1000.0,0.0,-0.3333333333333333,0.8666666666666667,-5.0,13.0,0.5,31
374.4508972167969,110.23999786376953,22.047999572753906,1000.0,0.0,-0.3333333333333333,0.9333333333333333,-5.0,14.0,0.5,31
405.5432434082031,115.21434020996094,23.042868041992186,1000.0,0.0,-0.3333333333333333,1.0,-5.0,15.0,0.5,31
203.7279052734375,27.548879623413086,5.509775924682617,1000.0,0.0,-0.26666666666666666,-1.0,-4.0,-15.0,0.5,31
202.05398559570312,22.183813095092773,4.4367626190185545,1000.0,0.0,-0.26666666666666666,-0.9333333333333333,-4.0,-14.0,0.5,31
189.95498657226562,21.2811336517334,4.25622673034668,1000.0,0.0,-0.26666666666666666,-0.8666666666666667,-4.0,-13.0,0.5,31
191.93972778320312,21.04286003112793,4.208572006225586,1000.0,0.0,-0.26666666666666666,-0.8,-4.0,-12.0,0.5,31
187.70167541503906,19.71385955810547,3.9427719116210938,1000.0,0.0,-0.26666666666666666,-0.7333333333333333,-4.0,-11.0,0.5,31
220.5019989013672,58.78926467895508,11.757852935791016,1000.0,0.0,-0.26666666666666666,-0.6666666666666666,-4.0,-10.0,0.5,31
237.87863159179688,67.81763458251953,13.563526916503907,1000.0,0.0,-0.26666666666666666,-0.6,-4.0,-9.0,0.5,31
258.3105773925781,100.84113311767578,20.168226623535155,1000.0,0.0,-0.26666666666666666,-0.5333333333333333,-4.0,-8.0,0.5,31
298.9217834472656,129.0177764892578,25.803555297851563,1000.0,0.0,-0.26666666666666666,-0.4666666666666667,-4.0,-7.0,0.5,31
321.9330749511719,128.0303497314453,25.60606994628906,1000.0,0.0,-0.26666666666666666,-0.4,-4.0,-6.0,0.5,31
547.4097900390625,233.35263061523438,46.670526123046876,1000.0,0.0,-0.26666666666666666,-0.3333333333333333,-4.0,-5.0,0.5,31
836.3164672851562,86.96513366699219,17.393026733398436,1000.0,0.0,-0.26666666666666666,-0.26666666666666666,-4.0,-4.0,0.5,31
871.4000244140625,171.68121337890625,34.33624267578125,1000.0,0.0,-0.26666666666666666,-0.2,-4.0,-3.0,0.5,31
900.331298828125,194.39242553710938,38.878485107421874,1000.0,0.0,-0.26666666666666666,-0.13333333333333333,-4.0,-2.0,0.5,31
964.2962646484375,16.66794204711914,3.333588409423828,1000.0,0.0,-0.26666666666666666,-0.06666666666666667,-4.0,-1.0,0.5,31
961.24365234375,17.83388900756836,3.566777801513672,1000.0,0.0,-0.26666666666666666,0.0,-4.0,0.0,0.5,31
932.8173217773438,108.55835723876953,21.711671447753908,1000.0,0.0,-0.26666666666666666,0.06666666666666667,-4.0,1.0,0.5,31
942.6478881835938,28.96766471862793,5.793532943725586,1000.0,0.0,-0.26666666666666666,0.13333333333333333,-4.0,2.0,0.5,31
903.0706787109375,48.23649215698242,9.647298431396484,1000.0,0.0,-0.26666666666666666,0.2,-4.0,3.0,0.5,31
732.99267578125,225.02545166015625,45.00509033203125,1000.0,0.0,-0.26666666666666666,0.26666666666666666,-4.0,4.0,0.5,31
433.2731628417969,197.740234375,39.548046875,1000.0,0.0,-0.26666666666666666,0.3333333333333333,-4.0,5.0,0.5,31
349.220703125,121.4014663696289,24.280293273925782,1000.0,0.0,-0.26666666666666666,0.4,-4.0,6.0,0.5,31
456.9885559082031,188.93405151367188,37.786810302734374,1000.0,0.0,-0.26666666666666666,0.4666666666666667,-4.0,7.0,0.5,31
562.1412353515625,176.84371948242188,35.368743896484375,1000.0,0.0,-0.26666666666666666,0.5333333333333333,-4.0,8.0,0.5,31
580.0489501953125,146.89898681640625,29.37979736328125,1000.0,0.0,-0.26666666666666666,0.6,-4.0,9.0,0.5,31
400.2165222167969,161.13877868652344,32.22775573730469,1000.0,0.0,-0.26666666666666666,0.6666666666666666,-4.0,10.0,0.5,31
375.7813720703125,157.48043823242188,31.496087646484376,1000.0,0.0,-0.26666666666666666,0.7333333333333333,-4.0,11.0,0.5,31
393.2695007324219,162.13485717773438,32.426971435546875,1000.0,0.0,-0.26666666666666666,0.8,-4.0,12.0,0.5,31
332.38006591796875,145.71115112304688,29.142230224609374,1000.0,0.0,-0.26666666666666666,0.8666666666666667,-4.0,13.0,0.5,31
335.4192199707031,123.20230865478516,24.640461730957032,1000.0,0.0,-0.26666666666666666,0.9333333333333333,-4.0,14.0,0.5,31
389.7455139160156,116.54121398925781,23.308242797851562,1000.0,0.0,-0.26666666666666666,1.0,-4.0,15.0,0.5,31
200.78277587890625,21.74884605407715,4.349769210815429,1000.0,0.0,-0.2,-1.0,-3.0,-15.0,0.5,31
200.5275421142578,25.5237979888916,5.104759597778321,1000.0,0.0,-0.2,-0.9333333333333333,-3.0,-14.0,0.5,31
199.1579132080078,18.651037216186523,3.7302074432373047,1000.0,0.0,-0.2,-0.8666666666666667,-3.0,-13.0,0.5,31
190.2573699951172,17.308197021484375,3.461639404296875,1000.0,0.0,-0.2,-0.8,-3.0,-12.0,0.5,31
183.65869140625,14.073585510253906,2.814717102050781,1000.0,0.0,-0.2,-0.7333333333333333,-3.0,-11.0,0.5,31
208.86705017089844,59.765838623046875,11.953167724609376,1000.0,0.0,-0.2,-0.6666666666666666,-3.0,-10.0,0.5,31
223.63558959960938,55.284423828125,11.056884765625,1000.0,0.0,-0.2,-0.6,-3.0,-9.0,0.5,31
245.02203369140625,70.06716918945312,14.013433837890625,1000.0,0.0,-0.2,-0.5333333333333333,-3.0,-8.0,0.5,31
340.92254638671875,188.70904541015625,37.74180908203125,1000.0,0.0,-0.2,-0.4666666666666667,-3.0,-7.0,0.5,31
552.84228515625,213.59640502929688,42.71928100585937,1000.0,0.0,-0.2,-0.4,-3.0,-6.0,0.5,31
893.1761474609375,39.73226547241211,7.946453094482422,1000.0,0.0,-0.2,-0.3333333333333333,-3.0,-5.0,0.5,31
941.6942138671875,27.96662712097168,5.593325424194336,1000.0,0.0,-0.2,-0.26666666666666666,-3.0,-4.0,0.5,31
963.3074340820312,18.564455032348633,3.7128910064697265,1000.0,0.0,-0.2,-0.2,-3.0,-3.0,0.5,31
958.9039306640625,62.5676383972168,12.51352767944336,1000.0,0.0,-0.2,-0.13333333333333333,-3.0,-2.0,0.5,31
968.2086181640625,14.663528442382812,2.9327056884765623,1000.0,0.0,-0.2,-0.06666666666666667,-3.0,-1.0,0.5,31
968.9802856445312,23.403675079345703,4.680735015869141,1000.0,0.0,-0.2,0.0,-3.0,0.0,0.5,31
960.2756958007812,16.758865356445312,3.3517730712890623,1000.0,0.0,-0.2,0.06666666666666667,-3.0,1.0,0.5,31
957.2946166992188,15.771445274353027,3.1542890548706053,1000.0,0.0,-0.2,0.13333333333333333,-3.0,2.0,0.5,31
942.9258422851562,24.121990203857422,4.824398040771484,1000.0,0.0,-0.2,0.2,-3.0,3.0,0.5,31
761.70703125,232.3404083251953,46.468081665039065,1000.0,0.0,-0.2,0.26666666666666666,-3.0,4.0,0.5,31
706.062744140625,183.14231872558594,36.62846374511719,1000.0,0.0,-0.2,0.3333333333333333,-3.0,5.0,0.5,31
658.4935302734375,179.916015625,35.983203125,1000.0,0.0,-0.2,0.4,-3.0,6.0,0.5,31
500.3851318359375,266.23187255859375,53.24637451171875,1000.0,0.0,-0.2,0.4666666666666667,-3.0,7.0,0.5,31
546.3666381835938,221.74632263183594,44.349264526367186,1000.0,0.0,-0.2,0.5333333333333333,-3.0,8.0,0.5,31
361.1287841796875,175.8287353515625,35.1657470703125,1000.0,0.0,-0.2,0.6,-3.0,9.0,0.5,31
356.9325256347656,145.9119110107422,29.18238220214844,1000.0,0.0,-0.2,0.6666666666666666,-3.0,10.0,0.5,31
351.2431640625,142.3908233642578,28.478164672851562,1000.0,0.0,-0.2,0.7333333333333333,-3.0,11.0,0.5,31
311.3306579589844,140.50570678710938,28.101141357421874,1000.0,0.0,-0.2,0.8,-3.0,12.0,0.5,31
327.4584655761719,145.87596130371094,29.175192260742186,1000.0,0.0,-0.2,0.8666666666666667,-3.0,13.0,0.5,31
328.57061767578125,107.08621215820312,21.417242431640624,1000.0,0.0,-0.2,0.9333333333333333,-3.0,14.0,0.5,31
374.1961975097656,81.0443344116211,16.20886688232422,1000.0,0.0,-0.2,1.0,-3.0,15.0,0.5,31
201.95516967773438,26.27666473388672,5.255332946777344,1000.0,0.0,-0.13333333333333333,-1.0,-2.0,-15.0,0.5,31
192.01571655273438,20.481359481811523,4.096271896362305,1000.0,0.0,-0.13333333333333333,-0.9333333333333333,-2.0,-14.0,0.5,31
201.0592803955078,42.926719665527344,8.585343933105468,1000.0,0.0,-0.13333333333333333,-0.8666666666666667,-2.0,-13.0,0.5,31
196.3562469482422,26.157127380371094,5.231425476074219,1000.0,0.0,-0.13333333333333333,-0.8,-2.0,-12.0,0.5,31
183.91656494140625,14.02801513671875,2.80560302734375,1000.0,0.0,-0.13333333333333333,-0.7333333333333333,-2.0,-11.0,0.5,31
240.18092346191406,86.23421478271484,17.24684295654297,1000.0,0.0,-0.13333333333333333,-0.6666666666666666,-2.0,-10.0,0.5,31
219.25323486328125,49.6395149230957,9.927902984619141,1000.0,0.0,-0.13333333333333333,-0.6,-2.0,-9.0,0.5,31
246.1050262451172,51.07252502441406,10.214505004882813,1000.0,0.0,-0.13333333333333333,-0.5333333333333333,-2.0,-8.0,0.5,31
369.3625793457031,173.3553924560547,34.671078491210935,1000.0,0.0,-0.13333333333333333,-0.4666666666666667,-2.0,-7.0,0.5,31
656.1603393554688,218.9513702392578,43.79027404785156,1000.0,0.0,-0.13333333333333333,-0.4,-2.0,-6.0,0.5,31
895.4103393554688,152.2304229736328,30.446084594726564,1000.0,0.0,-0.13333333333333333,-0.3333333333333333,-2.0,-5.0,0.5,31
957.5968627929688,19.589725494384766,3.9179450988769533,1000.0,0.0,-0.13333333333333333,-0.26666666666666666,-2.0,-4.0,0.5,31
973.1846923828125,9.996212005615234,1.999242401123047,1000.0,0.0,-0.13333333333333333,-0.2,-2.0,-3.0,0.5,31
975.8584594726562,7.317642688751221,1.463528537750244,1000.0,0.0,-0.13333333333333333,-0.13333333333333333,-2.0,-2.0,0.5,31
977.5645141601562,10.096051216125488,2.0192102432250976,1000.0,0.0,-0.13333333333333333,-0.06666666666666667,-2.0,-1.0,0.5,31
978.268310546875,11.033836364746094,2.206767272949219,1000.0,0.0,-0.13333333333333333,0.0,-2.0,0.0,0.5,31
972.880615234375,14.440052032470703,2.8880104064941405,1000.0,0.0,-0.13333333333333333,0.06666666666666667,-2.0,1.0,0.5,31
970.7167358398438,11.417155265808105,2.283431053161621,1000.0,0.0,-0.13333333333333333,0.13333333333333333,-2.0,2.0,0.5,31
947.4617309570312,41.361717224121094,8.27234344482422,1000.0,0.0,-0.13333333333333333,0.2,-2.0,3.0,0.5,31
862.16796875,112.36927032470703,22.473854064941406,1000.0,0.0,-0.13333333333333333,0.26666666666666666,-2.0,4.0,0.5,31
800.032470703125,86.3918228149414,17.27836456298828,1000.0,0.0,-0.13333333333333333,0.3333333333333333,-2.0,5.0,0.5,31
668.2959594726562,234.2411346435547,46.848226928710936,1000.0,0.0,-0.13333333333333333,0.4,-2.0,6.0,0.5,31
508.67510986328125,247.57919311523438,49.515838623046875,1000.0,0.0,-0.13333333333333333,0.4666666666666667,-2.0,7.0,0.5,31
361.8069152832031,181.78677368164062,36.357354736328126,1000.0,0.0,-0.13333333333333333,0.5333333333333333,-2.0,8.0,0.5,31
295.687744140625,122.03129577636719,24.40625915527344,1000.0,0.0,-0.13333333333333333,0.6,-2.0,9.0,0.5,31
297.4875793457031,139.99122619628906,27.998245239257812,1000.0,0.0,-0.13333333333333333,0.6666666666666666,-2.0,10.0,0.5,31
327.08477783203125,156.1830596923828,31.236611938476564,1000.0,0.0,-0.13333333333333333,0.7333333333333333,-2.0,11.0,0.5,31
293.6863098144531,125.91378021240234,25.18275604248047,1000.0,0.0,-0.13333333333333333,0.8,-2.0,12.0,0.5,31
253.92999267578125,84.0483169555664,16.809663391113283,1000.0,0.0,-0.13333333333333333,0.8666666666666667,-2.0,13.0,0.5,31
318.8773193359375,129.88124084472656,25.97624816894531,1000.0,0.0,-0.13333333333333333,0.9333333333333333,-2.0,14.0,0.5,31
315.6535949707031,102.29484558105469,20.458969116210938,1000.0,0.0,-0.13333333333333333,1.0,-2.0,15.0,0.5,31
192.48236083984375,15.374833106994629,3.074966621398926,1000.0,0.0,-0.06666666666666667,-1.0,-1.0,-15.0,0.5,31
193.1172637939453,22.92289161682129,4.584578323364258,1000.0,0.0,-0.06666666666666667,-0.9333333333333333,-1.0,-14.0,0.5,31
191.85691833496094,26.163009643554688,5.232601928710937,1000.0,0.0,-0.06666666666666667,-0.8666666666666667,-1.0,-13.0,0.5,31
206.89706420898438,32.20097732543945,6.440195465087891,1000.0,0.0,-0.06666666666666667,-0.8,-1.0,-12.0,0.5,31
222.19686889648438,48.10116195678711,9.620232391357423,1000.0,0.0,-0.06666666666666667,-0.7333333333333333,-1.0,-11.0,0.5,31
221.4031982421875,50.643463134765625,10.128692626953125,1000.0,0.0,-0.06666666666666667,-0.6666666666666666,-1.0,-10.0,0.5,31
213.51339721679688,33.83688735961914,6.767377471923828,1000.0,0.0,-0.06666666666666667,-0.6,-1.0,-9.0,0.5,31
251.61656188964844,88.95723724365234,17.79144744873047,1000.0,0.0,-0.06666666666666667,-0.5333333333333333,-1.0,-8.0,0.5,31
320.67437744140625,166.58119201660156,33.31623840332031,1000.0,0.0,-0.06666666666666667,-0.4666666666666667,-1.0,-7.0,0.5,31
626.529052734375,283.6813659667969,56.736273193359374,1000.0,0.0,-0.06666666666666667,-0.4,-1.0,-6.0,0.5,31
891.979248046875,152.4273223876953,30.48546447753906,1000.0,0.0,-0.06666666666666667,-0.3333333333333333,-1.0,-5.0,0.5,31
964.0491333007812,9.81196117401123,1.962392234802246,1000.0,0.0,-0.06666666666666667,-0.26666666666666666,-1.0,-4.0,0.5,31
973.2898559570312,9.955872535705566,1.9911745071411133,1000.0,0.0,-0.06666666666666667,-0.2,-1.0,-3.0,0.5,31
974.2578735351562,9.980032920837402,1.9960065841674806,1000.0,0.0,-0.06666666666666667,-0.13333333333333333,-1.0,-2.0,0.5,31
973.3224487304688,16.34213638305664,3.268427276611328,1000.0,0.0,-0.06666666666666667,-0.06666666666666667,-1.0,-1.0,0.5,31
977.6063842773438,14.755050659179688,2.9510101318359374,1000.0,0.0,-0.06666666666666667,0.0,-1.0,0.0,0.5,31
978.2384643554688,8.083453178405762,1.6166906356811523,1000.0,0.0,-0.06666666666666667,0.06666666666666667,-1.0,1.0,0.5,31
973.8794555664062,14.07348918914795,2.81469783782959,1000.0,0.0,-0.06666666666666667,0.13333333333333333,-1.0,2.0,0.5,31
964.3936157226562,19.26889991760254,3.853779983520508,1000.0,0.0,-0.06666666666666667,0.2,-1.0,3.0,0.5,31
924.1654052734375,21.531845092773438,4.306369018554688,1000.0,0.0,-0.06666666666666667,0.26666666666666666,-1.0,4.0,0.5,31
845.3919677734375,50.972896575927734,10.194579315185546,1000.0,0.0,-0.06666666666666667,0.3333333333333333,-1.0,5.0,0.5,31
628.647705078125,197.052978515625,39.410595703125,1000.0,0.0,-0.06666666666666667,0.4,-1.0,6.0,0.5,31
452.8255920410156,200.7446746826172,40.14893493652344,1000.0,0.0,-0.06666666666666667,0.4666666666666667,-1.0,7.0,0.5,31
306.28741455078125,148.83291625976562,29.766583251953126,1000.0,0.0,-0.06666666666666667,0.5333333333333333,-1.0,8.0,0.5,31
235.9767608642578,73.12708282470703,14.625416564941407,1000.0,0.0,-0.06666666666666667,0.6,-1.0,9.0,0.5,31
339.11370849609375,158.61651611328125,31.72330322265625,1000.0,0.0,-0.06666666666666667,0.6666666666666666,-1.0,10.0,0.5,31
303.4853515625,129.5443572998047,25.908871459960938,1000.0,0.0,-0.06666666666666667,0.7333333333333333,-1.0,11.0,0.5,31
310.4891662597656,124.77034759521484,24.954069519042967,1000.0,0.0,-0.06666666666666667,0.8,-1.0,12.0,0.5,31
319.30877685546875,122.90355682373047,24.580711364746094,1000.0,0.0,-0.06666666666666667,0.8666666666666667,-1.0,13.0,0.5,31
235.04574584960938,80.1322021484375,16.0264404296875,1000.0,0.0,-0.06666666666666667,0.9333333333333333,-1.0,14.0,0.5,31
239.60093688964844,77.92552185058594,15.585104370117188,1000.0,0.0,-0.06666666666666667,1.0,-1.0,15.0,0.5,31
201.4788818359375,45.650455474853516,9.130091094970703,1000.0,0.0,0.0,-1.0,0.0,-15.0,0.5,31
200.5746612548828,43.61779022216797,8.723558044433593,1000.0,0.0,0.0,-0.9333333333333333,0.0,-14.0,0.5,31
200.57122802734375,33.95221710205078,6.790443420410156,1000.0,0.0,0.0,-0.8666666666666667,0.0,-13.0,0.5,31
234.07078552246094,71.42172241210938,14.284344482421876,1000.0,0.0,0.0,-0.8,0.0,-12.0,0.5,31
204.6513671875,26.69270896911621,5.338541793823242,1000.0,0.0,0.0,-0.7333333333333333,0.0,-11.0,0.5,31
206.0430450439453,37.62158966064453,7.524317932128906,1000.0,0.0,0.0,-0.6666666666666666,0.0,-10.0,0.5,31
255.92970275878906,84.5733871459961,16.91467742919922,1000.0,0.0,0.0,-0.6,0.0,-9.0,0.5,31
297.20184326171875,142.01345825195312,28.402691650390626,1000.0,0.0,0.0,-0.5333333333333333,0.0,-8.0,0.5,31
295.3858642578125,128.23220825195312,25.646441650390624,1000.0,0.0,0.0,-0.4666666666666667,0.0,-7.0,0.5,31
452.0746154785156,260.38726806640625,52.07745361328125,1000.0,0.0,0.0,-0.4,0.0,-6.0,0.5,31
820.4104614257812,220.05426025390625,44.01085205078125,1000.0,0.0,0.0,-0.3333333333333333,0.0,-5.0,0.5,31
922.89404296875,157.75350952148438,31.550701904296876,1000.0,0.0,0.0,-0.26666666666666666,0.0,-4.0,0.5,31
939.2965698242188,158.03965759277344,31.607931518554686,1000.0,0.0,0.0,-0.2,0.0,-3.0,0.5,31
972.1783447265625,16.72178840637207,3.3443576812744142,1000.0,0.0,0.0,-0.13333333333333333,0.0,-2.0,0.5,31
975.6525268554688,16.2828369140625,3.2565673828125,1000.0,0.0,0.0,-0.06666666666666667,0.0,-1.0,0.5,31
980.0176391601562,11.052080154418945,2.2104160308837892,1000.0,0.0,0.0,0.0,0.0,0.0,0.5,31
979.016845703125,8.2055082321167,1.6411016464233399,1000.0,0.0,0.0,0.06666666666666667,0.0,1.0,0.5,31
973.1729125976562,16.506288528442383,3.3012577056884767,1000.0,0.0,0.0,0.13333333333333333,0.0,2.0,0.5,31
970.209716796875,18.30965232849121,3.661930465698242,1000.0,0.0,0.0,0.2,0.0,3.0,0.5,31
922.8594360351562,95.01366424560547,19.002732849121095,1000.0,0.0,0.0,0.26666666666666666,0.0,4.0,0.5,31
697.4439086914062,244.92266845703125,48.98453369140625,1000.0,0.0,0.0,0.3333333333333333,0.0,5.0,0.5,31
501.2882080078125,213.1623992919922,42.63247985839844,1000.0,0.0,0.0,0.4,0.0,6.0,0.5,31
370.67437744140625,170.8321075439453,34.166421508789064,1000.0,0.0,0.0,0.4666666666666667,0.0,7.0,0.5,31
263.64239501953125,96.06864166259766,19.21372833251953,1000.0,0.0,0.0,0.5333333333333333,0.0,8.0,0.5,31
316.90545654296875,153.967529296875,30.793505859375,1000.0,0.0,0.0,0.6,0.0,9.0,0.5,31
297.0775146484375,137.75424194335938,27.550848388671874,1000.0,0.0,0.0,0.6666666666666666,0.0,10.0,0.5,31
274.220947265625,126.53334045410156,25.306668090820313,1000.0,0.0,0.0,0.7333333333333333,0.0,11.0,0.5,31
276.868896484375,103.25890350341797,20.651780700683595,1000.0,0.0,0.0,0.8,0.0,12.0,0.5,31
255.63621520996094,93.38300323486328,18.676600646972656,1000.0,0.0,0.0,0.8666666666666667,0.0,13.0,0.5,31
240.87474060058594,89.51732635498047,17.903465270996094,1000.0,0.0,0.0,0.9333333333333333,0.0,14.0,0.5,31
230.4169921875,63.7972297668457,12.759445953369141,1000.0,0.0,0.0,1.0,0.0,15.0,0.5,31
205.03648376464844,31.639585494995117,6.327917098999023,1000.0,0.0,0.06666666666666667,-1.0,1.0,-15.0,0.5,31
217.99252319335938,54.861412048339844,10.972282409667969,1000.0,0.0,0.06666666666666667,-0.9333333333333333,1.0,-14.0,0.5,31
246.76739501953125,94.51956939697266,18.90391387939453,1000.0,0.0,0.06666666666666667,-0.8666666666666667,1.0,-13.0,0.5,31
278.85577392578125,81.333984375,16.266796875,1000.0,0.0,0.06666666666666667,-0.8,1.0,-12.0,0.5,31
210.47100830078125,40.15773391723633,8.031546783447265,1000.0,0.0,0.06666666666666667,-0.7333333333333333,1.0,-11.0,0.5,31
231.74977111816406,53.49566650390625,10.69913330078125,1000.0,0.0,0.06666666666666667,-0.6666666666666666,1.0,-10.0,0.5,31
230.94076538085938,76.10345458984375,15.22069091796875,1000.0,0.0,0.06666666666666667,-0.6,1.0,-9.0,0.5,31
327.8067626953125,177.21192932128906,35.442385864257815,1000.0,0.0,0.06666666666666667,-0.5333333333333333,1.0,-8.0,0.5,31
252.48345947265625,122.50633239746094,24.501266479492188,1000.0,0.0,0.06666666666666667,-0.4666666666666667,1.0,-7.0,0.5,31
387.7560119628906,210.23373413085938,42.046746826171876,1000.0,0.0,0.06666666666666667,-0.4,1.0,-6.0,0.5,31
582.7982177734375,308.980224609375,61.796044921875,1000.0,0.0,0.06666666666666667,-0.3333333333333333,1.0,-5.0,0.5,31
898.76123046875,153.56349182128906,30.71269836425781,1000.0,0.0,0.06666666666666667,-0.26666666666666666,1.0,-4.0,0.5,31
956.1172485351562,18.017269134521484,3.603453826904297,1000.0,0.0,0.06666666666666667,-0.2,1.0,-3.0,0.5,31
973.5159912109375,6.895299911499023,1.3790599822998046,1000.0,0.0,0.06666666666666667,-0.13333333333333333,1.0,-2.0,0.5,31
977.3543090820312,10.150673866271973,2.0301347732543946,1000.0,0.0,0.06666666666666667,-0.06666666666666667,1.0,-1.0,0.5,31
980.1119384765625,7.920199394226074,1.5840398788452148,1000.0,0.0,0.06666666666666667,0.0,1.0,0.0,0.5,31
977.0621948242188,8.932587623596191,1.7865175247192382,1000.0,0.0,0.06666666666666667,0.06666666666666667,1.0,1.0,0.5,31
967.94287109375,21.972103118896484,4.394420623779297,1000.0,0.0,0.06666666666666667,0.13333333333333333,1.0,2.0,0.5,31
960.9851684570312,22.759550094604492,4.551910018920898,1000.0,0.0,0.06666666666666667,0.2,1.0,3.0,0.5,31
952.01318359375,21.271209716796875,4.254241943359375,1000.0,0.0,0.06666666666666667,0.26666666666666666,1.0,4.0,0.5,31
598.101318359375,272.4359436035156,54.487188720703124,1000.0,0.0,0.06666666666666667,0.3333333333333333,1.0,5.0,0.5,31
391.07147216796875,186.27593994140625,37.25518798828125,1000.0,0.0,0.06666666666666667,0.4,1.0,6.0,0.5,31
367.4443359375,155.61172485351562,31.122344970703125,1000.0,0.0,0.06666666666666667,0.4666666666666667,1.0,7.0,0.5,31
300.6459045410156,144.4143829345703,28.882876586914062,1000.0,0.0,0.06666666666666667,0.5333333333333333,1.0,8.0,0.5,31
265.9052734375,122.82994842529297,24.565989685058593,1000.0,0.0,0.06666666666666667,0.6,1.0,9.0,0.5,31
241.79705810546875,88.8759994506836,17.77519989013672,1000.0,0.0,0.06666666666666667,0.6666666666666666,1.0,10.0,0.5,31
255.36361694335938,88.60202026367188,17.720404052734374,1000.0,0.0,0.06666666666666667,0.7333333333333333,1.0,11.0,0.5,31
255.62185668945312,78.51244354248047,15.702488708496094,1000.0,0.0,0.06666666666666667,0.8,1.0,12.0,0.5,31
231.58106994628906,62.316062927246094,12.463212585449218,1000.0,0.0,0.06666666666666667,0.8666666666666667,1.0,13.0,0.5,31
217.25982666015625,62.043609619140625,12.408721923828125,1000.0,0.0,0.06666666666666667,0.9333333333333333,1.0,14.0,0.5,31
210.2305450439453,40.84626007080078,8.169252014160156,1000.0,0.0,0.06666666666666667,1.0,1.0,15.0,0.5,31
291.38787841796875,117.71697235107422,23.543394470214842,1000.0,0.0,0.13333333333333333,-1.0,2.0,-15.0,0.5,31
349.6019592285156,143.68014526367188,28.736029052734374,1000.0,0.0,0.13333333333333333,-0.9333333333333333,2.0,-14.0,0.5,31
368.89971923828125,122.23352813720703,24.446705627441407,1000.0,0.0,0.13333333333333333,-0.8666666666666667,2.0,-13.0,0.5,31
237.0711669921875,57.07006072998047,11.414012145996093,1000.0,0.0,0.13333333333333333,-0.8,2.0,-12.0,0.5,31
223.32298278808594,81.78328704833984,16.356657409667967,1000.0,0.0,0.13333333333333333,-0.7333333333333333,2.0,-11.0,0.5,31
191.50726318359375,22.240930557250977,4.4481861114501955,1000.0,0.0,0.13333333333333333,-0.6666666666666666,2.0,-10.0,0.5,31
245.3516387939453,92.23059844970703,18.446119689941405,1000.0,0.0,0.13333333333333333,-0.6,2.0,-9.0,0.5,31
273.5159606933594,126.80290985107422,25.360581970214845,1000.0,0.0,0.13333333333333333,-0.5333333333333333,2.0,-8.0,0.5,31
219.25341796875,62.97420120239258,12.594840240478515,1000.0,0.0,0.13333333333333333,-0.4666666666666667,2.0,-7.0,0.5,31
255.38157653808594,98.7503433227539,19.75006866455078,1000.0,0.0,0.13333333333333333,-0.4,2.0,-6.0,0.5,31
463.4935302734375,254.46377563476562,50.892755126953126,1000.0,0.0,0.13333333333333333,-0.3333333333333333,2.0,-5.0,0.5,31
740.317138671875,234.7061004638672,46.941220092773435,1000.0,0.0,0.13333333333333333,-0.26666666666666666,2.0,-4.0,0.5,31
864.6533813476562,211.92599487304688,42.385198974609374,1000.0,0.0,0.13333333333333333,-0.2,2.0,-3.0,0.5,31
962.5248413085938,11.979330062866211,2.3958660125732423,1000.0,0.0,0.13333333333333333,-0.13333333333333333,2.0,-2.0,0.5,31
975.7000732421875,7.361178874969482,1.4722357749938966,1000.0,0.0,0.13333333333333333,-0.06666666666666667,2.0,-1.0,0.5,31
976.033203125,10.777595520019531,2.1555191040039063,1000.0,0.0,0.13333333333333333,0.0,2.0,0.0,0.5,31
973.6558837890625,14.76726245880127,2.953452491760254,1000.0,0.0,0.13333333333333333,0.06666666666666667,2.0,1.0,0.5,31
966.6978149414062,12.334749221801758,2.4669498443603515,1000.0,0.0,0.13333333333333333,0.13333333333333333,2.0,2.0,0.5,31
955.5739135742188,22.740419387817383,4.548083877563476,1000.0,0.0,0.13333333333333333,0.2,2.0,3.0,0.5,31
905.65185546875,143.48321533203125,28.69664306640625,1000.0,0.0,0.13333333333333333,0.26666666666666666,2.0,4.0,0.5,31
615.7140502929688,264.8914794921875,52.9782958984375,1000.0,0.0,0.13333333333333333,0.3333333333333333,2.0,5.0,0.5,31
306.2579040527344,140.08921813964844,28.017843627929686,1000.0,0.0,0.13333333333333333,0.4,2.0,6.0,0.5,31
250.77957153320312,81.18557739257812,16.237115478515626,1000.0,0.0,0.13333333333333333,0.4666666666666667,2.0,7.0,0.5,31
242.78851318359375,92.91704559326172,18.583409118652344,1000.0,0.0,0.13333333333333333,0.5333333333333333,2.0,8.0,0.5,31
227.30299377441406,75.46578216552734,15.093156433105468,1000.0,0.0,0.13333333333333333,0.6,2.0,9.0,0.5,31
242.70303344726562,56.15956115722656,11.231912231445312,1000.0,0.0,0.13333333333333333,0.6666666666666666,2.0,10.0,0.5,31
211.1610870361328,35.56251525878906,7.1125030517578125,1000.0,0.0,0.13333333333333333,0.7333333333333333,2.0,11.0,0.5,31
206.22605895996094,38.568809509277344,7.713761901855468,1000.0,0.0,0.13333333333333333,0.8,2.0,12.0,0.5,31
244.5687713623047,28.109315872192383,5.621863174438476,1000.0,0.0,0.13333333333333333,0.8666666666666667,2.0,13.0,0.5,31
254.6775360107422,36.99132537841797,7.398265075683594,1000.0,0.0,0.13333333333333333,0.9333333333333333,2.0,14.0,0.5,31
224.3349609375,42.669395446777344,8.53387908935547,1000.0,0.0,0.13333333333333333,1.0,2.0,15.0,0.5,31
301.9538879394531,131.255126953125,26.251025390625,1000.0,0.0,0.2,-1.0,3.0,-15.0,0.5,31
222.54849243164062,80.2961654663086,16.059233093261717,1000.0,0.0,0.2,-0.9333333333333333,3.0,-14.0,0.5,31
234.1284637451172,69.53096771240234,13.90619354248047,1000.0,0.0,0.2,-0.8666666666666667,3.0,-13.0,0.5,31
236.7898406982422,60.060848236083984,12.012169647216798,1000.0,0.0,0.2,-0.8,3.0,-12.0,0.5,31
197.54376220703125,44.94147872924805,8.988295745849609,1000.0,0.0,0.2,-0.7333333333333333,3.0,-11.0,0.5,31
195.59661865234375,35.281375885009766,7.056275177001953,1000.0,0.0,0.2,-0.6666666666666666,3.0,-10.0,0.5,31
205.95945739746094,67.8947525024414,13.578950500488281,1000.0,0.0,0.2,-0.6,3.0,-9.0,0.5,31
238.89248657226562,87.49172973632812,17.498345947265626,1000.0,0.0,0.2,-0.5333333333333333,3.0,-8.0,0.5,31
291.76898193359375,139.17318725585938,27.834637451171876,1000.0,0.0,0.2,-0.4666666666666667,3.0,-7.0,0.5,31
253.7939453125,90.04886627197266,18.00977325439453,1000.0,0.0,0.2,-0.4,3.0,-6.0,0.5,31
311.88958740234375,147.10302734375,29.42060546875,1000.0,0.0,0.2,-0.3333333333333333,3.0,-5.0,0.5,31
536.2966918945312,256.0021667480469,51.200433349609376,1000.0,0.0,0.2,-0.26666666666666666,3.0,-4.0,0.5,31
699.1384887695312,269.9379577636719,53.98759155273437,1000.0,0.0,0.2,-0.2,3.0,-3.0,0.5,31
862.8126831054688,213.9927215576172,42.798544311523436,1000.0,0.0,0.2,-0.13333333333333333,3.0,-2.0,0.5,31
956.6531372070312,26.02926254272461,5.205852508544922,1000.0,0.0,0.2,-0.06666666666666667,3.0,-1.0,0.5,31
971.2796020507812,12.143489837646484,2.428697967529297,1000.0,0.0,0.2,0.0,3.0,0.0,0.5,31
959.51611328125,17.457592010498047,3.4915184020996093,1000.0,0.0,0.2,0.06666666666666667,3.0,1.0,0.5,31
955.8045043945312,20.400510787963867,4.080102157592774,1000.0,0.0,0.2,0.13333333333333333,3.0,2.0,0.5,31
944.94140625,22.670970916748047,4.5341941833496096,1000.0,0.0,0.2,0.2,3.0,3.0,0.5,31
897.7728881835938,98.25992584228516,19.65198516845703,1000.0,0.0,0.2,0.26666666666666666,3.0,4.0,0.5,31
697.544189453125,211.5513153076172,42.310263061523436,1000.0,0.0,0.2,0.3333333333333333,3.0,5.0,0.5,31
304.6484680175781,135.86338806152344,27.17267761230469,1000.0,0.0,0.2,0.4,3.0,6.0,0.5,31
247.28363037109375,78.16983032226562,15.633966064453125,1000.0,0.0,0.2,0.4666666666666667,3.0,7.0,0.5,31
227.0561981201172,43.26624298095703,8.653248596191407,1000.0,0.0,0.2,0.5333333333333333,3.0,8.0,0.5,31
247.61378479003906,44.627010345458984,8.925402069091797,1000.0,0.0,0.2,0.6,3.0,9.0,0.5,31
244.74949645996094,45.59807205200195,9.119614410400391,1000.0,0.0,0.2,0.6666666666666666,3.0,10.0,0.5,31
240.4342041015625,33.625999450683594,6.725199890136719,1000.0,0.0,0.2,0.7333333333333333,3.0,11.0,0.5,31
238.3223114013672,43.83600616455078,8.767201232910157,1000.0,0.0,0.2,0.8,3.0,12.0,0.5,31
240.9149169921875,36.57583236694336,7.315166473388672,1000.0,0.0,0.2,0.8666666666666667,3.0,13.0,0.5,31
247.55970764160156,46.51673126220703,9.303346252441406,1000.0,0.0,0.2,0.9333333333333333,3.0,14.0,0.5,31
218.6461944580078,37.50590515136719,7.501181030273438,1000.0,0.0,0.2,1.0,3.0,15.0,0.5,31
204.0336151123047,35.063514709472656,7.012702941894531,1000.0,0.0,0.26666666666666666,-1.0,4.0,-15.0,0.5,31
198.1002960205078,35.945228576660156,7.189045715332031,1000.0,0.0,0.26666666666666666,-0.9333333333333333,4.0,-14.0,0.5,31
210.55194091796875,46.829681396484375,9.365936279296875,1000.0,0.0,0.26666666666666666,-0.8666666666666667,4.0,-13.0,0.5,31
210.55303955078125,64.40876007080078,12.881752014160156,1000.0,0.0,0.26666666666666666,-0.8,4.0,-12.0,0.5,31
198.52952575683594,26.014127731323242,5.202825546264648,1000.0,0.0,0.26666666666666666,-0.7333333333333333,4.0,-11.0,0.5,31
184.86492919921875,19.51850700378418,3.903701400756836,1000.0,0.0,0.26666666666666666,-0.6666666666666666,4.0,-10.0,0.5,31
210.6007080078125,57.99333572387695,11.59866714477539,1000.0,0.0,0.26666666666666666,-0.6,4.0,-9.0,0.5,31
245.57350158691406,107.5438003540039,21.508760070800783,1000.0,0.0,0.26666666666666666,-0.5333333333333333,4.0,-8.0,0.5,31
212.44711303710938,63.90251159667969,12.780502319335938,1000.0,0.0,0.26666666666666666,-0.4666666666666667,4.0,-7.0,0.5,31
241.3407440185547,78.31892395019531,15.663784790039063,1000.0,0.0,0.26666666666666666,-0.4,4.0,-6.0,0.5,31
229.62005615234375,67.79261016845703,13.558522033691407,1000.0,0.0,0.26666666666666666,-0.3333333333333333,4.0,-5.0,0.5,31
359.126220703125,162.6709747314453,32.53419494628906,1000.0,0.0,0.26666666666666666,-0.26666666666666666,4.0,-4.0,0.5,31
439.3251037597656,257.7604675292969,51.552093505859375,1000.0,0.0,0.26666666666666666,-0.2,4.0,-3.0,0.5,31
698.621337890625,251.64602661132812,50.32920532226562,1000.0,0.0,0.26666666666666666,-0.13333333333333333,4.0,-2.0,0.5,31
871.6515502929688,179.43211364746094,35.88642272949219,1000.0,0.0,0.26666666666666666,-0.06666666666666667,4.0,-1.0,0.5,31
921.6366577148438,153.3696746826172,30.673934936523438,1000.0,0.0,0.26666666666666666,0.0,4.0,0.0,0.5,31
943.6967163085938,35.526161193847656,7.105232238769531,1000.0,0.0,0.26666666666666666,0.06666666666666667,4.0,1.0,0.5,31
925.2787475585938,56.05812072753906,11.211624145507812,1000.0,0.0,0.26666666666666666,0.13333333333333333,4.0,2.0,0.5,31
923.4306030273438,61.671470642089844,12.33429412841797,1000.0,0.0,0.26666666666666666,0.2,4.0,3.0,0.5,31
853.6642456054688,125.88829040527344,25.177658081054688,1000.0,0.0,0.26666666666666666,0.26666666666666666,4.0,4.0,0.5,31
525.33251953125,207.79806518554688,41.55961303710937,1000.0,0.0,0.26666666666666666,0.3333333333333333,4.0,5.0,0.5,31
365.9527587890625,171.1892852783203,34.237857055664065,1000.0,0.0,0.26666666666666666,0.4,4.0,6.0,0.5,31
262.26531982421875,90.83027648925781,18.166055297851564,1000.0,0.0,0.26666666666666666,0.4666666666666667,4.0,7.0,0.5,31
242.32838439941406,67.27156829833984,13.454313659667969,1000.0,0.0,0.26666666666666666,0.5333333333333333,4.0,8.0,0.5,31
264.70184326171875,52.105613708496094,10.421122741699218,1000.0,0.0,0.26666666666666666,0.6,4.0,9.0,0.5,31
243.67596435546875,61.280113220214844,12.256022644042968,1000.0,0.0,0.26666666666666666,0.6666666666666666,4.0,10.0,0.5,31
247.77513122558594,44.5191535949707,8.90383071899414,1000.0,0.0,0.26666666666666666,0.7333333333333333,4.0,11.0,0.5,31
266.4492492675781,45.903656005859375,9.180731201171875,1000.0,0.0,0.26666666666666666,0.8,4.0,12.0,0.5,31
256.22637939453125,52.417747497558594,10.483549499511719,1000.0,0.0,0.26666666666666666,0.8666666666666667,4.0,13.0,0.5,31
249.02415466308594,53.75061798095703,10.750123596191406,1000.0,0.0,0.26666666666666666,0.9333333333333333,4.0,14.0,0.5,31
198.5736541748047,26.452566146850586,5.290513229370117,1000.0,0.0,0.26666666666666666,1.0,4.0,15.0,0.5,31
210.3231201171875,49.20562744140625,9.84112548828125,1000.0,0.0,0.3333333333333333,-1.0,5.0,-15.0,0.5,31
202.5669403076172,45.034481048583984,9.006896209716796,1000.0,0.0,0.3333333333333333,-0.9333333333333333,5.0,-14.0,0.5,31
193.36912536621094,31.389198303222656,6.277839660644531,1000.0,0.0,0.3333333333333333,-0.8666666666666667,5.0,-13.0,0.5,31
204.7327880859375,49.94517135620117,9.989034271240234,1000.0,0.0,0.3333333333333333,-0.8,5.0,-12.0,0.5,31
188.81021118164062,32.69259262084961,6.5385185241699215,1000.0,0.0,0.3333333333333333,-0.7333333333333333,5.0,-11.0,0.5,31
198.1443328857422,36.627681732177734,7.3255363464355465,1000.0,0.0,0.3333333333333333,-0.6666666666666666,5.0,-10.0,0.5,31
210.9277801513672,47.07355499267578,9.414710998535156,1000.0,0.0,0.3333333333333333,-0.6,5.0,-9.0,0.5,31
227.7245330810547,76.95508575439453,15.391017150878906,1000.0,0.0,0.3333333333333333,-0.5333333333333333,5.0,-8.0,0.5,31
225.48927307128906,68.14247131347656,13.628494262695312,1000.0,0.0,0.3333333333333333,-0.4666666666666667,5.0,-7.0,0.5,31
222.01629638671875,86.74520874023438,17.349041748046876,1000.0,0.0,0.3333333333333333,-0.4,5.0,-6.0,0.5,31
249.22413635253906,82.38652038574219,16.47730407714844,1000.0,0.0,0.3333333333333333,-0.3333333333333333,5.0,-5.0,0.5,31
237.0816192626953,86.3115234375,17.2623046875,1000.0,0.0,0.3333333333333333,-0.26666666666666666,5.0,-4.0,0.5,31
383.50274658203125,228.64480590820312,45.72896118164063,1000.0,0.0,0.3333333333333333,-0.2,5.0,-3.0,0.5,31
432.184326171875,256.3230895996094,51.264617919921875,1000.0,0.0,0.3333333333333333,-0.13333333333333333,5.0,-2.0,0.5,31
676.1732788085938,254.00570678710938,50.801141357421876,1000.0,0.0,0.3333333333333333,-0.06666666666666667,5.0,-1.0,0.5,31
749.1768798828125,235.43594360351562,47.087188720703125,1000.0,0.0,0.3333333333333333,0.0,5.0,0.0,0.5,31
891.1390380859375,81.20663452148438,16.241326904296876,1000.0,0.0,0.3333333333333333,0.06666666666666667,5.0,1.0,0.5,31
844.0390625,180.37680053710938,36.07536010742187,1000.0,0.0,0.3333333333333333,0.13333333333333333,5.0,2.0,0.5,31
815.3162231445312,185.15133666992188,37.030267333984376,1000.0,0.0,0.3333333333333333,0.2,5.0,3.0,0.5,31
721.1495361328125,193.77894592285156,38.75578918457031,1000.0,0.0,0.3333333333333333,0.26666666666666666,5.0,4.0,0.5,31
458.8031005859375,206.5814666748047,41.31629333496094,1000.0,0.0,0.3333333333333333,0.3333333333333333,5.0,5.0,0.5,31
355.754638671875,169.74998474121094,33.94999694824219,1000.0,0.0,0.3333333333333333,0.4,5.0,6.0,0.5,31
263.8819274902344,70.94325256347656,14.188650512695313,1000.0,0.0,0.3333333333333333,0.4666666666666667,5.0,7.0,0.5,31
227.65869140625,40.7895393371582,8.157907867431641,1000.0,0.0,0.3333333333333333,0.5333333333333333,5.0,8.0,0.5,31
261.22235107421875,53.37245559692383,10.674491119384765,1000.0,0.0,0.3333333333333333,0.6,5.0,9.0,0.5,31
260.7205505371094,54.952117919921875,10.990423583984375,1000.0,0.0,0.3333333333333333,0.6666666666666666,5.0,10.0,0.5,31
259.17327880859375,66.83802032470703,13.367604064941407,1000.0,0.0,0.3333333333333333,0.7333333333333333,5.0,11.0,0.5,31
273.7236328125,64.00043487548828,12.800086975097656,1000.0,0.0,0.3333333333333333,0.8,5.0,12.0,0.5,31
266.83026123046875,56.970977783203125,11.394195556640625,1000.0,0.0,0.3333333333333333,0.8666666666666667,5.0,13.0,0.5,31
275.06866455078125,86.4328842163086,17.28657684326172,1000.0,0.0,0.3333333333333333,0.9333333333333333,5.0,14.0,0.5,31
198.12078857421875,27.127845764160156,5.425569152832031,1000.0,0.0,0.3333333333333333,1.0,5.0,15.0,0.5,31
192.84596252441406,31.947662353515625,6.389532470703125,1000.0,0.0,0.4,-1.0,6.0,-15.0,0.5,31
199.67320251464844,44.19552993774414,8.839105987548828,1000.0,0.0,0.4,-0.9333333333333333,6.0,-14.0,0.5,31
215.73736572265625,51.20205307006836,10.240410614013673,1000.0,0.0,0.4,-0.8666666666666667,6.0,-13.0,0.5,31
194.05091857910156,57.821144104003906,11.564228820800782,1000.0,0.0,0.4,-0.8,6.0,-12.0,0.5,31
199.71957397460938,44.98360061645508,8.996720123291016,1000.0,0.0,0.4,-0.7333333333333333,6.0,-11.0,0.5,31
209.34144592285156,55.18024444580078,11.036048889160156,1000.0,0.0,0.4,-0.6666666666666666,6.0,-10.0,0.5,31
194.71890258789062,46.85017776489258,9.370035552978516,1000.0,0.0,0.4,-0.6,6.0,-9.0,0.5,31
222.5751953125,109.3063735961914,21.86127471923828,1000.0,0.0,0.4,-0.5333333333333333,6.0,-8.0,0.5,31
230.4296112060547,83.07032012939453,16.614064025878907,1000.0,0.0,0.4,-0.4666666666666667,6.0,-7.0,0.5,31
222.5633544921875,86.00145721435547,17.200291442871094,1000.0,0.0,0.4,-0.4,6.0,-6.0,0.5,31
235.82394409179688,79.89501190185547,15.979002380371094,1000.0,0.0,0.4,-0.3333333333333333,6.0,-5.0,0.5,31
228.83218383789062,46.00534439086914,9.201068878173828,1000.0,0.0,0.4,-0.26666666666666666,6.0,-4.0,0.5,31
287.1653137207031,140.4813995361328,28.096279907226563,1000.0,0.0,0.4,-0.2,6.0,-3.0,0.5,31
385.582275390625,197.3299560546875,39.4659912109375,1000.0,0.0,0.4,-0.13333333333333333,6.0,-2.0,0.5,31
431.9488525390625,212.24771118164062,42.44954223632813,1000.0,0.0,0.4,-0.06666666666666667,6.0,-1.0,0.5,31
567.1065673828125,252.11265563964844,50.42253112792969,1000.0,0.0,0.4,0.0,6.0,0.0,0.5,31
668.7561645507812,243.76702880859375,48.75340576171875,1000.0,0.0,0.4,0.06666666666666667,6.0,1.0,0.5,31
779.9282836914062,170.379150390625,34.075830078125,1000.0,0.0,0.4,0.13333333333333333,6.0,2.0,0.5,31
762.3231201171875,166.2434844970703,33.248696899414064,1000.0,0.0,0.4,0.2,6.0,3.0,0.5,31
572.0953979492188,222.98426818847656,44.59685363769531,1000.0,0.0,0.4,0.26666666666666666,6.0,4.0,0.5,31
373.52178955078125,156.5903778076172,31.318075561523436,1000.0,0.0,0.4,0.3333333333333333,6.0,5.0,0.5,31
347.46875,140.3324737548828,28.066494750976563,1000.0,0.0,0.4,0.4,6.0,6.0,0.5,31
285.33917236328125,79.6673583984375,15.9334716796875,1000.0,0.0,0.4,0.4666666666666667,6.0,7.0,0.5,31
259.54974365234375,67.18356323242188,13.436712646484375,1000.0,0.0,0.4,0.5333333333333333,6.0,8.0,0.5,31
239.783203125,54.01961898803711,10.803923797607421,1000.0,0.0,0.4,0.6,6.0,9.0,0.5,31
258.80401611328125,59.3365592956543,11.86731185913086,1000.0,0.0,0.4,0.6666666666666666,6.0,10.0,0.5,31
270.4623107910156,54.97244644165039,10.994489288330078,1000.0,0.0,0.4,0.7333333333333333,6.0,11.0,0.5,31
257.2467041015625,58.99986267089844,11.799972534179688,1000.0,0.0,0.4,0.8,6.0,12.0,0.5,31
238.2754364013672,54.980064392089844,10.996012878417968,1000.0,0.0,0.4,0.8666666666666667,6.0,13.0,0.5,31
236.38314819335938,52.46076202392578,10.492152404785156,1000.0,0.0,0.4,0.9333333333333333,6.0,14.0,0.5,31
209.36758422851562,28.534191131591797,5.706838226318359,1000.0,0.0,0.4,1.0,6.0,15.0,0.5,31
207.1858367919922,39.6850700378418,7.93701400756836,1000.0,0.0,0.4666666666666667,-1.0,7.0,-15.0,0.5,31
209.70248413085938,47.30384063720703,9.460768127441407,1000.0,0.0,0.4666666666666667,-0.9333333333333333,7.0,-14.0,0.5,31
192.71897888183594,27.97574234008789,5.5951484680175785,1000.0,0.0,0.4666666666666667,-0.8666666666666667,7.0,-13.0,0.5,31
191.0850372314453,27.684852600097656,5.536970520019532,1000.0,0.0,0.4666666666666667,-0.8,7.0,-12.0,0.5,31
183.2873077392578,17.08391761779785,3.4167835235595705,1000.0,0.0,0.4666666666666667,-0.7333333333333333,7.0,-11.0,0.5,31
188.66098022460938,26.604782104492188,5.320956420898438,1000.0,0.0,0.4666666666666667,-0.6666666666666666,7.0,-10.0,0.5,31
190.52679443359375,32.633079528808594,6.526615905761719,1000.0,0.0,0.4666666666666667,-0.6,7.0,-9.0,0.5,31
193.89691162109375,55.12093734741211,11.024187469482422,1000.0,0.0,0.4666666666666667,-0.5333333333333333,7.0,-8.0,0.5,31
217.4556884765625,74.81510162353516,14.963020324707031,1000.0,0.0,0.4666666666666667,-0.4666666666666667,7.0,-7.0,0.5,31
194.2676239013672,34.57301712036133,6.914603424072266,1000.0,0.0,0.4666666666666667,-0.4,7.0,-6.0,0.5,31
211.00953674316406,56.70869445800781,11.341738891601562,1000.0,0.0,0.4666666666666667,-0.3333333333333333,7.0,-5.0,0.5,31
236.52076721191406,80.20034790039062,16.040069580078125,1000.0,0.0,0.4666666666666667,-0.26666666666666666,7.0,-4.0,0.5,31
253.53970336914062,86.44461822509766,17.28892364501953,1000.0,0.0,0.4666666666666667,-0.2,7.0,-3.0,0.5,31
272.4971923828125,135.17288208007812,27.034576416015625,1000.0,0.0,0.4666666666666667,-0.13333333333333333,7.0,-2.0,0.5,31
295.07501220703125,122.18145751953125,24.43629150390625,1000.0,0.0,0.4666666666666667,-0.06666666666666667,7.0,-1.0,0.5,31
306.0946044921875,160.74244689941406,32.14848937988281,1000.0,0.0,0.4666666666666667,0.0,7.0,0.0,0.5,31
499.69952392578125,225.46974182128906,45.09394836425781,1000.0,0.0,0.4666666666666667,0.06666666666666667,7.0,1.0,0.5,31
669.0789794921875,193.25448608398438,38.65089721679688,1000.0,0.0,0.4666666666666667,0.13333333333333333,7.0,2.0,0.5,31
611.3284912109375,191.59164428710938,38.318328857421875,1000.0,0.0,0.4666666666666667,0.2,7.0,3.0,0.5,31
435.8476867675781,212.56143188476562,42.51228637695313,1000.0,0.0,0.4666666666666667,0.26666666666666666,7.0,4.0,0.5,31
331.098876953125,140.98727416992188,28.197454833984374,1000.0,0.0,0.4666666666666667,0.3333333333333333,7.0,5.0,0.5,31
304.6469421386719,93.8320083618164,18.76640167236328,1000.0,0.0,0.4666666666666667,0.4,7.0,6.0,0.5,31
259.4035949707031,65.60147094726562,13.120294189453125,1000.0,0.0,0.4666666666666667,0.4666666666666667,7.0,7.0,0.5,31
258.7793884277344,71.5582275390625,14.3116455078125,1000.0,0.0,0.4666666666666667,0.5333333333333333,7.0,8.0,0.5,31
269.8333740234375,79.32077026367188,15.864154052734374,1000.0,0.0,0.4666666666666667,0.6,7.0,9.0,0.5,31
268.6778564453125,71.28579711914062,14.257159423828124,1000.0,0.0,0.4666666666666667,0.6666666666666666,7.0,10.0,0.5,31
239.19578552246094,52.82512283325195,10.56502456665039,1000.0,0.0,0.4666666666666667,0.7333333333333333,7.0,11.0,0.5,31
261.4150390625,61.119754791259766,12.223950958251953,1000.0,0.0,0.4666666666666667,0.8,7.0,12.0,0.5,31
229.38519287109375,52.448368072509766,10.489673614501953,1000.0,0.0,0.4666666666666667,0.8666666666666667,7.0,13.0,0.5,31
219.5830535888672,51.63869094848633,10.327738189697266,1000.0,0.0,0.4666666666666667,0.9333333333333333,7.0,14.0,0.5,31
210.51336669921875,39.82426452636719,7.964852905273437,1000.0,0.0,0.4666666666666667,1.0,7.0,15.0,0.5,31
202.52529907226562,41.554866790771484,8.310973358154296,1000.0,0.0,0.5333333333333333,-1.0,8.0,-15.0,0.5,31
214.64517211914062,50.78132629394531,10.156265258789062,1000.0,0.0,0.5333333333333333,-0.9333333333333333,8.0,-14.0,0.5,31
185.4883575439453,18.989370346069336,3.7978740692138673,1000.0,0.0,0.5333333333333333,-0.8666666666666667,8.0,-13.0,0.5,31
187.16183471679688,19.150293350219727,3.8300586700439454,1000.0,0.0,0.5333333333333333,-0.8,8.0,-12.0,0.5,31
186.74032592773438,30.873682022094727,6.174736404418946,1000.0,0.0,0.5333333333333333,-0.7333333333333333,8.0,-11.0,0.5,31
188.9794921875,22.4134578704834,4.4826915740966795,1000.0,0.0,0.5333333333333333,-0.6666666666666666,8.0,-10.0,0.5,31
203.06317138671875,42.579349517822266,8.515869903564454,1000.0,0.0,0.5333333333333333,-0.6,8.0,-9.0,0.5,31
203.24176025390625,45.7166748046875,9.1433349609375,1000.0,0.0,0.5333333333333333,-0.5333333333333333,8.0,-8.0,0.5,31
197.2354736328125,31.995576858520508,6.399115371704101,1000.0,0.0,0.5333333333333333,-0.4666666666666667,8.0,-7.0,0.5,31
212.55233764648438,54.05337905883789,10.810675811767577,1000.0,0.0,0.5333333333333333,-0.4,8.0,-6.0,0.5,31
218.3448486328125,66.9878158569336,13.397563171386718,1000.0,0.0,0.5333333333333333,-0.3333333333333333,8.0,-5.0,0.5,31
224.1797637939453,65.29696655273438,13.059393310546875,1000.0,0.0,0.5333333333333333,-0.26666666666666666,8.0,-4.0,0.5,31
235.60562133789062,110.91239929199219,22.182479858398438,1000.0,0.0,0.5333333333333333,-0.2,8.0,-3.0,0.5,31
227.53599548339844,88.21394348144531,17.642788696289063,1000.0,0.0,0.5333333333333333,-0.13333333333333333,8.0,-2.0,0.5,31
237.3874969482422,74.08690643310547,14.817381286621094,1000.0,0.0,0.5333333333333333,-0.06666666666666667,8.0,-1.0,0.5,31
284.24322509765625,117.58294677734375,23.51658935546875,1000.0,0.0,0.5333333333333333,0.0,8.0,0.0,0.5,31
393.7845458984375,229.29791259765625,45.85958251953125,1000.0,0.0,0.5333333333333333,0.06666666666666667,8.0,1.0,0.5,31
396.2026672363281,224.05552673339844,44.81110534667969,1000.0,0.0,0.5333333333333333,0.13333333333333333,8.0,2.0,0.5,31
357.54718017578125,190.1453857421875,38.0290771484375,1000.0,0.0,0.5333333333333333,0.2,8.0,3.0,0.5,31
418.873046875,164.32470703125,32.86494140625,1000.0,0.0,0.5333333333333333,0.26666666666666666,8.0,4.0,0.5,31
288.826904296875,109.62602233886719,21.925204467773437,1000.0,0.0,0.5333333333333333,0.3333333333333333,8.0,5.0,0.5,31
291.63916015625,81.70346069335938,16.340692138671876,1000.0,0.0,0.5333333333333333,0.4,8.0,6.0,0.5,31
235.68472290039062,51.229400634765625,10.245880126953125,1000.0,0.0,0.5333333333333333,0.4666666666666667,8.0,7.0,0.5,31
259.3812255859375,84.3370132446289,16.867402648925783,1000.0,0.0,0.5333333333333333,0.5333333333333333,8.0,8.0,0.5,31
264.51220703125,80.43209838867188,16.086419677734376,1000.0,0.0,0.5333333333333333,0.6,8.0,9.0,0.5,31
250.19712829589844,55.8525505065918,11.17051010131836,1000.0,0.0,0.5333333333333333,0.6666666666666666,8.0,10.0,0.5,31
242.10946655273438,54.66426467895508,10.932852935791015,1000.0,0.0,0.5333333333333333,0.7333333333333333,8.0,11.0,0.5,31
260.0124206542969,60.55072021484375,12.11014404296875,1000.0,0.0,0.5333333333333333,0.8,8.0,12.0,0.5,31
204.38504028320312,32.65020751953125,6.53004150390625,1000.0,0.0,0.5333333333333333,0.8666666666666667,8.0,13.0,0.5,31
216.54519653320312,41.55574417114258,8.311148834228515,1000.0,0.0,0.5333333333333333,0.9333333333333333,8.0,14.0,0.5,31
218.91761779785156,40.808197021484375,8.161639404296874,1000.0,0.0,0.5333333333333333,1.0,8.0,15.0,0.5,31
193.6565399169922,24.28089714050293,4.856179428100586,1000.0,0.0,0.6,-1.0,9.0,-15.0,0.5,31
187.3934326171875,18.445842742919922,3.6891685485839845,1000.0,0.0,0.6,-0.9333333333333333,9.0,-14.0,0.5,31
188.6853485107422,18.240097045898438,3.6480194091796876,1000.0,0.0,0.6,-0.8666666666666667,9.0,-13.0,0.5,31
184.9271240234375,17.666316986083984,3.533263397216797,1000.0,0.0,0.6,-0.8,9.0,-12.0,0.5,31
183.4835968017578,20.398170471191406,4.079634094238282,1000.0,0.0,0.6,-0.7333333333333333,9.0,-11.0,0.5,31
183.84054565429688,15.771015167236328,3.1542030334472657,1000.0,0.0,0.6,-0.6666666666666666,9.0,-10.0,0.5,31
186.78485107421875,20.675582885742188,4.1351165771484375,1000.0,0.0,0.6,-0.6,9.0,-9.0,0.5,31
196.1737823486328,25.930967330932617,5.186193466186523,1000.0,0.0,0.6,-0.5333333333333333,9.0,-8.0,0.5,31
209.0717010498047,31.32222557067871,6.264445114135742,1000.0,0.0,0.6,-0.4666666666666667,9.0,-7.0,0.5,31
226.47462463378906,34.6912727355957,6.938254547119141,1000.0,0.0,0.6,-0.4,9.0,-6.0,0.5,31
218.76345825195312,39.44607925415039,7.8892158508300785,1000.0,0.0,0.6,-0.3333333333333333,9.0,-5.0,0.5,31
235.89230346679688,73.34575653076172,14.669151306152344,1000.0,0.0,0.6,-0.26666666666666666,9.0,-4.0,0.5,31
210.84324645996094,44.2437744140625,8.8487548828125,1000.0,0.0,0.6,-0.2,9.0,-3.0,0.5,31
230.83216857910156,69.37419128417969,13.874838256835938,1000.0,0.0,0.6,-0.13333333333333333,9.0,-2.0,0.5,31
277.7349853515625,91.60118865966797,18.320237731933595,1000.0,0.0,0.6,-0.06666666666666667,9.0,-1.0,0.5,31
253.52801513671875,98.67852783203125,19.73570556640625,1000.0,0.0,0.6,0.0,9.0,0.0,0.5,31
291.8776550292969,146.41796875,29.28359375,1000.0,0.0,0.6,0.06666666666666667,9.0,1.0,0.5,31
435.0535583496094,195.14279174804688,39.028558349609376,1000.0,0.0,0.6,0.13333333333333333,9.0,2.0,0.5,31
355.5181579589844,190.77516174316406,38.155032348632815,1000.0,0.0,0.6,0.2,9.0,3.0,0.5,31
351.0657958984375,150.68907165527344,30.137814331054688,1000.0,0.0,0.6,0.26666666666666666,9.0,4.0,0.5,31
312.971435546875,114.3475570678711,22.86951141357422,1000.0,0.0,0.6,0.3333333333333333,9.0,5.0,0.5,31
324.2183532714844,95.40884399414062,19.081768798828126,1000.0,0.0,0.6,0.4,9.0,6.0,0.5,31
275.6380920410156,88.52587127685547,17.705174255371094,1000.0,0.0,0.6,0.4666666666666667,9.0,7.0,0.5,31
274.8155212402344,106.5797119140625,21.3159423828125,1000.0,0.0,0.6,0.5333333333333333,9.0,8.0,0.5,31
263.5539855957031,67.62169647216797,13.524339294433593,1000.0,0.0,0.6,0.6,9.0,9.0,0.5,31
260.9952087402344,59.35899353027344,11.871798706054687,1000.0,0.0,0.6,0.6666666666666666,9.0,10.0,0.5,31
238.00527954101562,61.01491165161133,12.202982330322266,1000.0,0.0,0.6,0.7333333333333333,9.0,11.0,0.5,31
224.96896362304688,39.04832458496094,7.809664916992188,1000.0,0.0,0.6,0.8,9.0,12.0,0.5,31
210.1869659423828,28.695131301879883,5.739026260375977,1000.0,0.0,0.6,0.8666666666666667,9.0,13.0,0.5,31
223.18775939941406,39.16531753540039,7.8330635070800785,1000.0,0.0,0.6,0.9333333333333333,9.0,14.0,0.5,31
236.60597229003906,65.25122833251953,13.050245666503907,1000.0,0.0,0.6,1.0,9.0,15.0,0.5,31
206.5569305419922,34.34287643432617,6.8685752868652346,1000.0,0.0,0.6666666666666666,-1.0,10.0,-15.0,0.5,31
182.34132385253906,15.129170417785645,3.025834083557129,1000.0,0.0,0.6666666666666666,-0.9333333333333333,10.0,-14.0,0.5,31
185.10244750976562,21.202289581298828,4.240457916259766,1000.0,0.0,0.6666666666666666,-0.8666666666666667,10.0,-13.0,0.5,31
183.32933044433594,15.212353706359863,3.0424707412719725,1000.0,0.0,0.6666666666666666,-0.8,10.0,-12.0,0.5,31
186.3494110107422,28.783491134643555,5.756698226928711,1000.0,0.0,0.6666666666666666,-0.7333333333333333,10.0,-11.0,0.5,31
197.73275756835938,23.383872985839844,4.676774597167968,1000.0,0.0,0.6666666666666666,-0.6666666666666666,10.0,-10.0,0.5,31
207.75949096679688,38.37334442138672,7.674668884277343,1000.0,0.0,0.6666666666666666,-0.6,10.0,-9.0,0.5,31
222.90591430664062,34.651695251464844,6.930339050292969,1000.0,0.0,0.6666666666666666,-0.5333333333333333,10.0,-8.0,0.5,31
212.13482666015625,37.87797546386719,7.575595092773438,1000.0,0.0,0.6666666666666666,-0.4666666666666667,10.0,-7.0,0.5,31
243.5263671875,48.649627685546875,9.729925537109375,1000.0,0.0,0.6666666666666666,-0.4,10.0,-6.0,0.5,31
208.49005126953125,35.46125411987305,7.092250823974609,1000.0,0.0,0.6666666666666666,-0.3333333333333333,10.0,-5.0,0.5,31
222.6385955810547,54.76405334472656,10.952810668945313,1000.0,0.0,0.6666666666666666,-0.26666666666666666,10.0,-4.0,0.5,31
231.91017150878906,58.28252029418945,11.656504058837891,1000.0,0.0,0.6666666666666666,-0.2,10.0,-3.0,0.5,31
255.1577606201172,65.52788543701172,13.105577087402343,1000.0,0.0,0.6666666666666666,-0.13333333333333333,10.0,-2.0,0.5,31
254.47193908691406,45.646392822265625,9.129278564453125,1000.0,0.0,0.6666666666666666,-0.06666666666666667,10.0,-1.0,0.5,31
233.47445678710938,52.785675048828125,10.557135009765625,1000.0,0.0,0.6666666666666666,0.0,10.0,0.0,0.5,31
279.84051513671875,84.64551544189453,16.929103088378906,1000.0,0.0,0.6666666666666666,0.06666666666666667,10.0,1.0,0.5,31
359.9811706542969,141.25570678710938,28.251141357421876,1000.0,0.0,0.6666666666666666,0.13333333333333333,10.0,2.0,0.5,31
319.5108337402344,153.78240966796875,30.75648193359375,1000.0,0.0,0.6666666666666666,0.2,10.0,3.0,0.5,31
356.0305480957031,168.5780487060547,33.71560974121094,1000.0,0.0,0.6666666666666666,0.26666666666666666,10.0,4.0,0.5,31
336.272216796875,143.14041137695312,28.628082275390625,1000.0,0.0,0.6666666666666666,0.3333333333333333,10.0,5.0,0.5,31
330.196533203125,135.51535034179688,27.103070068359376,1000.0,0.0,0.6666666666666666,0.4,10.0,6.0,0.5,31
319.791259765625,123.80099487304688,24.760198974609374,1000.0,0.0,0.6666666666666666,0.4666666666666667,10.0,7.0,0.5,31
334.61480712890625,120.950439453125,24.190087890625,1000.0,0.0,0.6666666666666666,0.5333333333333333,10.0,8.0,0.5,31
258.87127685546875,72.93256378173828,14.586512756347656,1000.0,0.0,0.6666666666666666,0.6,10.0,9.0,0.5,31
237.84588623046875,57.80894088745117,11.561788177490234,1000.0,0.0,0.6666666666666666,0.6666666666666666,10.0,10.0,0.5,31
215.38987731933594,44.2722053527832,8.854441070556641,1000.0,0.0,0.6666666666666666,0.7333333333333333,10.0,11.0,0.5,31
242.13519287109375,62.36830520629883,12.473661041259765,1000.0,0.0,0.6666666666666666,0.8,10.0,12.0,0.5,31
227.1399383544922,60.06125259399414,12.012250518798828,1000.0,0.0,0.6666666666666666,0.8666666666666667,10.0,13.0,0.5,31
217.16651916503906,58.06206512451172,11.612413024902343,1000.0,0.0,0.6666666666666666,0.9333333333333333,10.0,14.0,0.5,31
237.68679809570312,76.36992645263672,15.273985290527344,1000.0,0.0,0.6666666666666666,1.0,10.0,15.0,0.5,31
181.66558837890625,10.956975936889648,2.1913951873779296,1000.0,0.0,0.7333333333333333,-1.0,11.0,-15.0,0.5,31
179.5404815673828,10.576990127563477,2.1153980255126954,1000.0,0.0,0.7333333333333333,-0.9333333333333333,11.0,-14.0,0.5,31
181.74252319335938,13.281339645385742,2.6562679290771483,1000.0,0.0,0.7333333333333333,-0.8666666666666667,11.0,-13.0,0.5,31
189.54124450683594,32.170589447021484,6.4341178894042965,1000.0,0.0,0.7333333333333333,-0.8,11.0,-12.0,0.5,31
186.25462341308594,20.48339080810547,4.096678161621094,1000.0,0.0,0.7333333333333333,-0.7333333333333333,11.0,-11.0,0.5,31
182.85430908203125,17.452680587768555,3.490536117553711,1000.0,0.0,0.7333333333333333,-0.6666666666666666,11.0,-10.0,0.5,31
192.77615356445312,28.938697814941406,5.787739562988281,1000.0,0.0,0.7333333333333333,-0.6,11.0,-9.0,0.5,31
195.49786376953125,30.687089920043945,6.137417984008789,1000.0,0.0,0.7333333333333333,-0.5333333333333333,11.0,-8.0,0.5,31
191.2745361328125,23.256298065185547,4.6512596130371096,1000.0,0.0,0.7333333333333333,-0.4666666666666667,11.0,-7.0,0.5,31
210.10992431640625,42.2836799621582,8.456735992431641,1000.0,0.0,0.7333333333333333,-0.4,11.0,-6.0,0.5,31
217.48226928710938,36.69871139526367,7.339742279052734,1000.0,0.0,0.7333333333333333,-0.3333333333333333,11.0,-5.0,0.5,31
229.13739013671875,43.86579895019531,8.773159790039063,1000.0,0.0,0.7333333333333333,-0.26666666666666666,11.0,-4.0,0.5,31
246.41139221191406,54.321102142333984,10.864220428466798,1000.0,0.0,0.7333333333333333,-0.2,11.0,-3.0,0.5,31
248.0067138671875,52.1461296081543,10.42922592163086,1000.0,0.0,0.7333333333333333,-0.13333333333333333,11.0,-2.0,0.5,31
260.1258544921875,68.47941589355469,13.695883178710938,1000.0,0.0,0.7333333333333333,-0.06666666666666667,11.0,-1.0,0.5,31
218.82994079589844,52.90736770629883,10.581473541259765,1000.0,0.0,0.7333333333333333,0.0,11.0,0.0,0.5,31
241.02545166015625,89.45500946044922,17.891001892089843,1000.0,0.0,0.7333333333333333,0.06666666666666667,11.0,1.0,0.5,31
284.2724914550781,121.10350036621094,24.220700073242188,1000.0,0.0,0.7333333333333333,0.13333333333333333,11.0,2.0,0.5,31
329.5738220214844,153.9987030029297,30.799740600585938,1000.0,0.0,0.7333333333333333,0.2,11.0,3.0,0.5,31
351.4214172363281,151.12112426757812,30.224224853515626,1000.0,0.0,0.7333333333333333,0.26666666666666666,11.0,4.0,0.5,31
419.10272216796875,160.0349578857422,32.00699157714844,1000.0,0.0,0.7333333333333333,0.3333333333333333,11.0,5.0,0.5,31
367.3477783203125,163.9813690185547,32.79627380371094,1000.0,0.0,0.7333333333333333,0.4,11.0,6.0,0.5,31
303.4112243652344,130.97718811035156,26.195437622070312,1000.0,0.0,0.7333333333333333,0.4666666666666667,11.0,7.0,0.5,31
306.89581298828125,147.85726928710938,29.571453857421876,1000.0,0.0,0.7333333333333333,0.5333333333333333,11.0,8.0,0.5,31
300.0585021972656,94.58572387695312,18.917144775390625,1000.0,0.0,0.7333333333333333,0.6,11.0,9.0,0.5,31
251.89739990234375,63.334747314453125,12.666949462890624,1000.0,0.0,0.7333333333333333,0.6666666666666666,11.0,10.0,0.5,31
222.8501434326172,40.84136199951172,8.168272399902344,1000.0,0.0,0.7333333333333333,0.7333333333333333,11.0,11.0,0.5,31
221.88504028320312,52.16162872314453,10.432325744628907,1000.0,0.0,0.7333333333333333,0.8,11.0,12.0,0.5,31
211.4222869873047,46.55635070800781,9.311270141601563,1000.0,0.0,0.7333333333333333,0.8666666666666667,11.0,13.0,0.5,31
222.02197265625,49.21492004394531,9.842984008789063,1000.0,0.0,0.7333333333333333,0.9333333333333333,11.0,14.0,0.5,31
238.81256103515625,63.10422897338867,12.620845794677734,1000.0,0.0,0.7333333333333333,1.0,11.0,15.0,0.5,31
179.81251525878906,12.091501235961914,2.418300247192383,1000.0,0.0,0.8,-1.0,12.0,-15.0,0.5,31
178.50167846679688,11.437531471252441,2.2875062942504885,1000.0,0.0,0.8,-0.9333333333333333,12.0,-14.0,0.5,31
182.7994384765625,14.897008895874023,2.979401779174805,1000.0,0.0,0.8,-0.8666666666666667,12.0,-13.0,0.5,31
182.42822265625,16.643251419067383,3.3286502838134764,1000.0,0.0,0.8,-0.8,12.0,-12.0,0.5,31
183.0674285888672,25.815019607543945,5.163003921508789,1000.0,0.0,0.8,-0.7333333333333333,12.0,-11.0,0.5,31
191.15402221679688,23.66622543334961,4.733245086669922,1000.0,0.0,0.8,-0.6666666666666666,12.0,-10.0,0.5,31
189.6790008544922,22.91358757019043,4.582717514038086,1000.0,0.0,0.8,-0.6,12.0,-9.0,0.5,31
197.25755310058594,28.944005966186523,5.788801193237305,1000.0,0.0,0.8,-0.5333333333333333,12.0,-8.0,0.5,31
199.34548950195312,35.31069564819336,7.0621391296386715,1000.0,0.0,0.8,-0.4666666666666667,12.0,-7.0,0.5,31
210.39605712890625,40.15977478027344,8.031954956054687,1000.0,0.0,0.8,-0.4,12.0,-6.0,0.5,31
204.19036865234375,40.6451530456543,8.12903060913086,1000.0,0.0,0.8,-0.3333333333333333,12.0,-5.0,0.5,31
223.4608612060547,56.031654357910156,11.206330871582031,1000.0,0.0,0.8,-0.26666666666666666,12.0,-4.0,0.5,31
217.17921447753906,42.20677947998047,8.441355895996093,1000.0,0.0,0.8,-0.2,12.0,-3.0,0.5,31
246.0438690185547,52.913543701171875,10.582708740234375,1000.0,0.0,0.8,-0.13333333333333333,12.0,-2.0,0.5,31
207.39324951171875,50.30872344970703,10.061744689941406,1000.0,0.0,0.8,-0.06666666666666667,12.0,-1.0,0.5,31
212.3396453857422,44.17959976196289,8.835919952392578,1000.0,0.0,0.8,0.0,12.0,0.0,0.5,31
205.94679260253906,40.418338775634766,8.083667755126953,1000.0,0.0,0.8,0.06666666666666667,12.0,1.0,0.5,31
214.89190673828125,44.47046661376953,8.894093322753907,1000.0,0.0,0.8,0.13333333333333333,12.0,2.0,0.5,31
257.76593017578125,86.48406982421875,17.29681396484375,1000.0,0.0,0.8,0.2,12.0,3.0,0.5,31
353.0238952636719,156.07968139648438,31.215936279296876,1000.0,0.0,0.8,0.26666666666666666,12.0,4.0,0.5,31
380.6051025390625,149.22718811035156,29.845437622070314,1000.0,0.0,0.8,0.3333333333333333,12.0,5.0,0.5,31
386.3211669921875,166.7730255126953,33.35460510253906,1000.0,0.0,0.8,0.4,12.0,6.0,0.5,31
340.8060302734375,143.78211975097656,28.756423950195312,1000.0,0.0,0.8,0.4666666666666667,12.0,7.0,0.5,31
296.94219970703125,145.1292266845703,29.025845336914063,1000.0,0.0,0.8,0.5333333333333333,12.0,8.0,0.5,31
302.56524658203125,150.2988739013672,30.059774780273436,1000.0,0.0,0.8,0.6,12.0,9.0,0.5,31
285.2344970703125,123.95198059082031,24.79039611816406,1000.0,0.0,0.8,0.6666666666666666,12.0,10.0,0.5,31
243.0216064453125,83.35015106201172,16.670030212402345,1000.0,0.0,0.8,0.7333333333333333,12.0,11.0,0.5,31
221.7855224609375,63.65635681152344,12.731271362304687,1000.0,0.0,0.8,0.8,12.0,12.0,0.5,31
211.8011932373047,44.03388214111328,8.806776428222657,1000.0,0.0,0.8,0.8666666666666667,12.0,13.0,0.5,31
208.61703491210938,39.01201248168945,7.802402496337891,1000.0,0.0,0.8,0.9333333333333333,12.0,14.0,0.5,31
228.87686157226562,57.07836151123047,11.415672302246094,1000.0,0.0,0.8,1.0,12.0,15.0,0.5,31
177.62152099609375,8.31342601776123,1.6626852035522461,1000.0,0.0,0.8666666666666667,-1.0,13.0,-15.0,0.5,31
181.3522491455078,16.114246368408203,3.2228492736816405,1000.0,0.0,0.8666666666666667,-0.9333333333333333,13.0,-14.0,0.5,31
180.48956298828125,16.41639518737793,3.283279037475586,1000.0,0.0,0.8666666666666667,-0.8666666666666667,13.0,-13.0,0.5,31
183.30810546875,17.136688232421875,3.427337646484375,1000.0,0.0,0.8666666666666667,-0.8,13.0,-12.0,0.5,31
191.49119567871094,36.11272048950195,7.222544097900391,1000.0,0.0,0.8666666666666667,-0.7333333333333333,13.0,-11.0,0.5,31
185.0562286376953,14.225404739379883,2.8450809478759767,1000.0,0.0,0.8666666666666667,-0.6666666666666666,13.0,-10.0,0.5,31
196.67501831054688,34.792327880859375,6.958465576171875,1000.0,0.0,0.8666666666666667,-0.6,13.0,-9.0,0.5,31
196.7928924560547,27.243202209472656,5.448640441894531,1000.0,0.0,0.8666666666666667,-0.5333333333333333,13.0,-8.0,0.5,31
216.17010498046875,56.8185920715332,11.363718414306641,1000.0,0.0,0.8666666666666667,-0.4666666666666667,13.0,-7.0,0.5,31
204.22779846191406,46.070472717285156,9.214094543457032,1000.0,0.0,0.8666666666666667,-0.4,13.0,-6.0,0.5,31
204.08633422851562,39.63960266113281,7.927920532226563,1000.0,0.0,0.8666666666666667,-0.3333333333333333,13.0,-5.0,0.5,31
218.47972106933594,49.443748474121094,9.888749694824218,1000.0,0.0,0.8666666666666667,-0.26666666666666666,13.0,-4.0,0.5,31
221.28439331054688,48.720096588134766,9.744019317626954,1000.0,0.0,0.8666666666666667,-0.2,13.0,-3.0,0.5,31
223.7046661376953,46.77610778808594,9.355221557617188,1000.0,0.0,0.8666666666666667,-0.13333333333333333,13.0,-2.0,0.5,31
211.74266052246094,30.117097854614258,6.023419570922852,1000.0,0.0,0.8666666666666667,-0.06666666666666667,13.0,-1.0,0.5,31
220.5604248046875,41.63273239135742,8.326546478271485,1000.0,0.0,0.8666666666666667,0.0,13.0,0.0,0.5,31
222.48541259765625,43.16454315185547,8.632908630371094,1000.0,0.0,0.8666666666666667,0.06666666666666667,13.0,1.0,0.5,31
221.9400177001953,54.199928283691406,10.839985656738282,1000.0,0.0,0.8666666666666667,0.13333333333333333,13.0,2.0,0.5,31
254.89962768554688,88.32685852050781,17.665371704101563,1000.0,0.0,0.8666666666666667,0.2,13.0,3.0,0.5,31
277.2515563964844,119.66471099853516,23.932942199707032,1000.0,0.0,0.8666666666666667,0.26666666666666666,13.0,4.0,0.5,31
337.0312194824219,131.50205993652344,26.300411987304688,1000.0,0.0,0.8666666666666667,0.3333333333333333,13.0,5.0,0.5,31
319.801025390625,143.60353088378906,28.720706176757812,1000.0,0.0,0.8666666666666667,0.4,13.0,6.0,0.5,31
388.4995422363281,160.3788299560547,32.075765991210936,1000.0,0.0,0.8666666666666667,0.4666666666666667,13.0,7.0,0.5,31
365.4330749511719,156.0066375732422,31.201327514648437,1000.0,0.0,0.8666666666666667,0.5333333333333333,13.0,8.0,0.5,31
319.4212951660156,141.4078826904297,28.281576538085936,1000.0,0.0,0.8666666666666667,0.6,13.0,9.0,0.5,31
293.0704345703125,142.43582153320312,28.487164306640626,1000.0,0.0,0.8666666666666667,0.6666666666666666,13.0,10.0,0.5,31
313.5584716796875,136.34686279296875,27.26937255859375,1000.0,0.0,0.8666666666666667,0.7333333333333333,13.0,11.0,0.5,31
256.66046142578125,101.66577911376953,20.333155822753906,1000.0,0.0,0.8666666666666667,0.8,13.0,12.0,0.5,31
242.05364990234375,79.06976318359375,15.81395263671875,1000.0,0.0,0.8666666666666667,0.8666666666666667,13.0,13.0,0.5,31
240.69554138183594,71.81200408935547,14.362400817871094,1000.0,0.0,0.8666666666666667,0.9333333333333333,13.0,14.0,0.5,31
251.91908264160156,80.74209594726562,16.148419189453126,1000.0,0.0,0.8666666666666667,1.0,13.0,15.0,0.5,31
175.3926239013672,9.205629348754883,1.8411258697509765,1000.0,0.0,0.9333333333333333,-1.0,14.0,-15.0,0.5,31
186.79452514648438,23.339561462402344,4.667912292480469,1000.0,0.0,0.9333333333333333,-0.9333333333333333,14.0,-14.0,0.5,31
179.4888916015625,11.981030464172363,2.396206092834473,1000.0,0.0,0.9333333333333333,-0.8666666666666667,14.0,-13.0,0.5,31
179.25030517578125,9.469306945800781,1.8938613891601563,1000.0,0.0,0.9333333333333333,-0.8,14.0,-12.0,0.5,31
193.9331512451172,28.603635787963867,5.720727157592774,1000.0,0.0,0.9333333333333333,-0.7333333333333333,14.0,-11.0,0.5,31
191.2819366455078,25.087905883789062,5.017581176757813,1000.0,0.0,0.9333333333333333,-0.6666666666666666,14.0,-10.0,0.5,31
200.12710571289062,36.08027648925781,7.216055297851563,1000.0,0.0,0.9333333333333333,-0.6,14.0,-9.0,0.5,31
204.90931701660156,39.133766174316406,7.826753234863281,1000.0,0.0,0.9333333333333333,-0.5333333333333333,14.0,-8.0,0.5,31
197.1271514892578,32.028194427490234,6.405638885498047,1000.0,0.0,0.9333333333333333,-0.4666666666666667,14.0,-7.0,0.5,31
208.3227081298828,50.878665924072266,10.175733184814453,1000.0,0.0,0.9333333333333333,-0.4,14.0,-6.0,0.5,31
193.12632751464844,29.322174072265625,5.864434814453125,1000.0,0.0,0.9333333333333333,-0.3333333333333333,14.0,-5.0,0.5,31
212.98995971679688,59.52183532714844,11.904367065429687,1000.0,0.0,0.9333333333333333,-0.26666666666666666,14.0,-4.0,0.5,31
207.90415954589844,45.453765869140625,9.090753173828125,1000.0,0.0,0.9333333333333333,-0.2,14.0,-3.0,0.5,31
231.5400848388672,44.27091598510742,8.854183197021484,1000.0,0.0,0.9333333333333333,-0.13333333333333333,14.0,-2.0,0.5,31
222.71714782714844,45.2375373840332,9.04750747680664,1000.0,0.0,0.9333333333333333,-0.06666666666666667,14.0,-1.0,0.5,31
191.8151397705078,27.09874153137207,5.419748306274414,1000.0,0.0,0.9333333333333333,0.0,14.0,0.0,0.5,31
203.11761474609375,31.036903381347656,6.207380676269532,1000.0,0.0,0.9333333333333333,0.06666666666666667,14.0,1.0,0.5,31
216.0308074951172,67.85091400146484,13.570182800292969,1000.0,0.0,0.9333333333333333,0.13333333333333333,14.0,2.0,0.5,31
208.92898559570312,55.302452087402344,11.06049041748047,1000.0,0.0,0.9333333333333333,0.2,14.0,3.0,0.5,31
286.1383361816406,114.68063354492188,22.936126708984375,1000.0,0.0,0.9333333333333333,0.26666666666666666,14.0,4.0,0.5,31
367.14007568359375,146.0913543701172,29.21827087402344,1000.0,0.0,0.9333333333333333,0.3333333333333333,14.0,5.0,0.5,31
372.2533264160156,141.65463256835938,28.330926513671876,1000.0,0.0,0.9333333333333333,0.4,14.0,6.0,0.5,31
375.023193359375,155.26475524902344,31.052951049804687,1000.0,0.0,0.9333333333333333,0.4666666666666667,14.0,7.0,0.5,31
366.3060607910156,157.81048583984375,31.56209716796875,1000.0,0.0,0.9333333333333333,0.5333333333333333,14.0,8.0,0.5,31
385.5860595703125,153.28968811035156,30.657937622070314,1000.0,0.0,0.9333333333333333,0.6,14.0,9.0,0.5,31
352.8624572753906,158.60435485839844,31.720870971679688,1000.0,0.0,0.9333333333333333,0.6666666666666666,14.0,10.0,0.5,31
339.27801513671875,139.4788818359375,27.8957763671875,1000.0,0.0,0.9333333333333333,0.7333333333333333,14.0,11.0,0.5,31
291.4474182128906,107.65420532226562,21.530841064453124,1000.0,0.0,0.9333333333333333,0.8,14.0,12.0,0.5,31
243.61341857910156,86.89605712890625,17.37921142578125,1000.0,0.0,0.9333333333333333,0.8666666666666667,14.0,13.0,0.5,31
239.57138061523438,85.90682220458984,17.181364440917967,1000.0,0.0,0.9333333333333333,0.9333333333333333,14.0,14.0,0.5,31
263.26751708984375,95.08585357666016,19.017170715332032,1000.0,0.0,0.9333333333333333,1.0,14.0,15.0,0.5,31
177.4610595703125,11.042925834655762,2.2085851669311523,1000.0,0.0,1.0,-1.0,15.0,-15.0,0.5,31
180.37197875976562,14.936662673950195,2.9873325347900392,1000.0,0.0,1.0,-0.9333333333333333,15.0,-14.0,0.5,31
187.57723999023438,21.212881088256836,4.242576217651367,1000.0,0.0,1.0,-0.8666666666666667,15.0,-13.0,0.5,31
191.2742919921875,24.954261779785156,4.990852355957031,1000.0,0.0,1.0,-0.8,15.0,-12.0,0.5,31
189.30902099609375,26.335542678833008,5.267108535766601,1000.0,0.0,1.0,-0.7333333333333333,15.0,-11.0,0.5,31
190.6698760986328,27.72299575805664,5.544599151611328,1000.0,0.0,1.0,-0.6666666666666666,15.0,-10.0,0.5,31
191.11700439453125,24.79347038269043,4.958694076538086,1000.0,0.0,1.0,-0.6,15.0,-9.0,0.5,31
213.64984130859375,49.018943786621094,9.803788757324218,1000.0,0.0,1.0,-0.5333333333333333,15.0,-8.0,0.5,31
204.61607360839844,37.62010192871094,7.524020385742188,1000.0,0.0,1.0,-0.4666666666666667,15.0,-7.0,0.5,31
201.1645050048828,44.2794303894043,8.855886077880859,1000.0,0.0,1.0,-0.4,15.0,-6.0,0.5,31
194.8246307373047,37.961517333984375,7.592303466796875,1000.0,0.0,1.0,-0.3333333333333333,15.0,-5.0,0.5,31
197.6560516357422,31.639131546020508,6.327826309204101,1000.0,0.0,1.0,-0.26666666666666666,15.0,-4.0,0.5,31
204.4130859375,52.654640197753906,10.530928039550782,1000.0,0.0,1.0,-0.2,15.0,-3.0,0.5,31
214.4241943359375,50.78307342529297,10.156614685058594,1000.0,0.0,1.0,-0.13333333333333333,15.0,-2.0,0.5,31
215.8475341796875,52.93558883666992,10.587117767333984,1000.0,0.0,1.0,-0.06666666666666667,15.0,-1.0,0.5,31
204.69558715820312,41.969547271728516,8.393909454345703,1000.0,0.0,1.0,0.0,15.0,0.0,0.5,31
211.6163330078125,55.31065368652344,11.062130737304688,1000.0,0.0,1.0,0.06666666666666667,15.0,1.0,0.5,31
196.86019897460938,28.551715850830078,5.7103431701660154,1000.0,0.0,1.0,0.13333333333333333,15.0,2.0,0.5,31
208.6515655517578,31.64276695251465,6.32855339050293,1000.0,0.0,1.0,0.2,15.0,3.0,0.5,31
254.05453491210938,67.47947692871094,13.495895385742188,1000.0,0.0,1.0,0.26666666666666666,15.0,4.0,0.5,31
330.3788146972656,117.0895767211914,23.41791534423828,1000.0,0.0,1.0,0.3333333333333333,15.0,5.0,0.5,31
359.2222900390625,119.46231842041016,23.89246368408203,1000.0,0.0,1.0,0.4,15.0,6.0,0.5,31
347.8091125488281,146.27105712890625,29.25421142578125,1000.0,0.0,1.0,0.4666666666666667,15.0,7.0,0.5,31
390.7333984375,128.06121826171875,25.61224365234375,1000.0,0.0,1.0,0.5333333333333333,15.0,8.0,0.5,31
348.902099609375,144.16717529296875,28.83343505859375,1000.0,0.0,1.0,0.6,15.0,9.0,0.5,31
338.5615234375,137.78627014160156,27.557254028320312,1000.0,0.0,1.0,0.6666666666666666,15.0,10.0,0.5,31
355.517578125,137.5674591064453,27.513491821289062,1000.0,0.0,1.0,0.7333333333333333,15.0,11.0,0.5,31
299.0507507324219,121.23701477050781,24.247402954101563,1000.0,0.0,1.0,0.8,15.0,12.0,0.5,31
290.38818359375,107.20138549804688,21.440277099609375,1000.0,0.0,1.0,0.8666666666666667,15.0,13.0,0.5,31
294.00360107421875,115.6854019165039,23.13708038330078,1000.0,0.0,1.0,0.9333333333333333,15.0,14.0,0.5,31
288.0600891113281,113.53327941894531,22.70665588378906,1000.0,0.0,1.0,1.0,15.0,15.0,0.5,31
