episode_rewards,episode_std_rewards,episode_stderr_rewards,episode_avg_len,episode_std_avg_len,dim0,dim1,offset1,offset2,magnitude,grid_size
175.6840057373047,9.002835273742676,1.800567054748535,1000.0,0.0,-1.0,-1.0,-15.0,-15.0,3.0,31
178.95834350585938,13.427366256713867,2.6854732513427733,1000.0,0.0,-1.0,-0.9333333333333333,-15.0,-14.0,3.0,31
177.45205688476562,11.16482925415039,2.232965850830078,1000.0,0.0,-1.0,-0.8666666666666667,-15.0,-13.0,3.0,31
176.52166748046875,10.235180854797363,2.0470361709594727,1000.0,0.0,-1.0,-0.8,-15.0,-12.0,3.0,31
177.77169799804688,12.741387367248535,2.548277473449707,1000.0,0.0,-1.0,-0.7333333333333333,-15.0,-11.0,3.0,31
177.58302307128906,10.447284698486328,2.0894569396972655,1000.0,0.0,-1.0,-0.6666666666666666,-15.0,-10.0,3.0,31
175.56903076171875,10.332693099975586,2.066538619995117,1000.0,0.0,-1.0,-0.6,-15.0,-9.0,3.0,31
179.9401397705078,12.85752010345459,2.571504020690918,1000.0,0.0,-1.0,-0.5333333333333333,-15.0,-8.0,3.0,31
182.99742126464844,18.383813858032227,3.6767627716064455,1000.0,0.0,-1.0,-0.4666666666666667,-15.0,-7.0,3.0,31
226.74839782714844,39.98402404785156,7.996804809570312,1000.0,0.0,-1.0,-0.4,-15.0,-6.0,3.0,31
273.53131103515625,69.17497253417969,13.834994506835937,1000.0,0.0,-1.0,-0.3333333333333333,-15.0,-5.0,3.0,31
400.93426513671875,55.48466110229492,11.096932220458985,1000.0,0.0,-1.0,-0.26666666666666666,-15.0,-4.0,3.0,31
401.790771484375,54.267967224121094,10.853593444824218,1000.0,0.0,-1.0,-0.2,-15.0,-3.0,3.0,31
367.8207092285156,47.79219055175781,9.558438110351563,1000.0,0.0,-1.0,-0.13333333333333333,-15.0,-2.0,3.0,31
272.2247619628906,73.97439575195312,14.794879150390624,1000.0,0.0,-1.0,-0.06666666666666667,-15.0,-1.0,3.0,31
337.2905578613281,104.83032989501953,20.966065979003908,1000.0,0.0,-1.0,0.0,-15.0,0.0,3.0,31
353.1402282714844,76.19685363769531,15.239370727539063,1000.0,0.0,-1.0,0.06666666666666667,-15.0,1.0,3.0,31
357.1567687988281,97.47097778320312,19.494195556640626,1000.0,0.0,-1.0,0.13333333333333333,-15.0,2.0,3.0,31
362.7416076660156,102.50180053710938,20.500360107421876,1000.0,0.0,-1.0,0.2,-15.0,3.0,3.0,31
319.6424560546875,64.81871032714844,12.963742065429688,1000.0,0.0,-1.0,0.26666666666666666,-15.0,4.0,3.0,31
302.5966491699219,62.505130767822266,12.501026153564453,1000.0,0.0,-1.0,0.3333333333333333,-15.0,5.0,3.0,31
317.8817443847656,58.39326477050781,11.678652954101562,1000.0,0.0,-1.0,0.4,-15.0,6.0,3.0,31
325.9545593261719,51.1563606262207,10.231272125244141,1000.0,0.0,-1.0,0.4666666666666667,-15.0,7.0,3.0,31
287.3434753417969,55.38216781616211,11.076433563232422,1000.0,0.0,-1.0,0.5333333333333333,-15.0,8.0,3.0,31
283.85443115234375,64.7109375,12.9421875,1000.0,0.0,-1.0,0.6,-15.0,9.0,3.0,31
237.14312744140625,36.47524642944336,7.2950492858886715,1000.0,0.0,-1.0,0.6666666666666666,-15.0,10.0,3.0,31
214.78961181640625,36.84034729003906,7.368069458007812,1000.0,0.0,-1.0,0.7333333333333333,-15.0,11.0,3.0,31
200.8096466064453,33.051876068115234,6.610375213623047,1000.0,0.0,-1.0,0.8,-15.0,12.0,3.0,31
207.31967163085938,36.738929748535156,7.347785949707031,1000.0,0.0,-1.0,0.8666666666666667,-15.0,13.0,3.0,31
207.05038452148438,33.912086486816406,6.782417297363281,1000.0,0.0,-1.0,0.9333333333333333,-15.0,14.0,3.0,31
212.26930236816406,37.003170013427734,7.400634002685547,1000.0,0.0,-1.0,1.0,-15.0,15.0,3.0,31
180.83030700683594,14.03575325012207,2.807150650024414,1000.0,0.0,-0.9333333333333333,-1.0,-14.0,-15.0,3.0,31
178.33474731445312,13.171091079711914,2.634218215942383,1000.0,0.0,-0.9333333333333333,-0.9333333333333333,-14.0,-14.0,3.0,31
179.42657470703125,13.255399703979492,2.6510799407958983,1000.0,0.0,-0.9333333333333333,-0.8666666666666667,-14.0,-13.0,3.0,31
176.58517456054688,9.998779296875,1.999755859375,1000.0,0.0,-0.9333333333333333,-0.8,-14.0,-12.0,3.0,31
176.68312072753906,10.653976440429688,2.1307952880859373,1000.0,0.0,-0.9333333333333333,-0.7333333333333333,-14.0,-11.0,3.0,31
175.9871826171875,9.537034034729004,1.9074068069458008,1000.0,0.0,-0.9333333333333333,-0.6666666666666666,-14.0,-10.0,3.0,31
177.15235900878906,11.610589027404785,2.322117805480957,1000.0,0.0,-0.9333333333333333,-0.6,-14.0,-9.0,3.0,31
179.35894775390625,16.66830062866211,3.333660125732422,1000.0,0.0,-0.9333333333333333,-0.5333333333333333,-14.0,-8.0,3.0,31
179.5712432861328,13.58288288116455,2.71657657623291,1000.0,0.0,-0.9333333333333333,-0.4666666666666667,-14.0,-7.0,3.0,31
232.1508331298828,46.3446044921875,9.2689208984375,1000.0,0.0,-0.9333333333333333,-0.4,-14.0,-6.0,3.0,31
273.03045654296875,61.59996032714844,12.319992065429688,1000.0,0.0,-0.9333333333333333,-0.3333333333333333,-14.0,-5.0,3.0,31
376.8085632324219,46.56855392456055,9.313710784912109,1000.0,0.0,-0.9333333333333333,-0.26666666666666666,-14.0,-4.0,3.0,31
418.4712219238281,49.85700607299805,9.97140121459961,1000.0,0.0,-0.9333333333333333,-0.2,-14.0,-3.0,3.0,31
393.16851806640625,57.07606887817383,11.415213775634765,1000.0,0.0,-0.9333333333333333,-0.13333333333333333,-14.0,-2.0,3.0,31
305.4505615234375,74.2829818725586,14.856596374511719,1000.0,0.0,-0.9333333333333333,-0.06666666666666667,-14.0,-1.0,3.0,31
288.2061462402344,64.69026184082031,12.938052368164062,1000.0,0.0,-0.9333333333333333,0.0,-14.0,0.0,3.0,31
318.5641784667969,82.53804779052734,16.507609558105468,1000.0,0.0,-0.9333333333333333,0.06666666666666667,-14.0,1.0,3.0,31
336.6727294921875,100.2680435180664,20.053608703613282,1000.0,0.0,-0.9333333333333333,0.13333333333333333,-14.0,2.0,3.0,31
340.0352783203125,76.71363067626953,15.342726135253907,1000.0,0.0,-0.9333333333333333,0.2,-14.0,3.0,3.0,31
287.2317199707031,72.45255279541016,14.490510559082031,1000.0,0.0,-0.9333333333333333,0.26666666666666666,-14.0,4.0,3.0,31
267.5443115234375,66.15310668945312,13.230621337890625,1000.0,0.0,-0.9333333333333333,0.3333333333333333,-14.0,5.0,3.0,31
330.1439208984375,43.769615173339844,8.753923034667968,1000.0,0.0,-0.9333333333333333,0.4,-14.0,6.0,3.0,31
333.2684631347656,66.97506713867188,13.395013427734375,1000.0,0.0,-0.9333333333333333,0.4666666666666667,-14.0,7.0,3.0,31
279.1816711425781,54.740116119384766,10.948023223876953,1000.0,0.0,-0.9333333333333333,0.5333333333333333,-14.0,8.0,3.0,31
282.53106689453125,58.103515625,11.620703125,1000.0,0.0,-0.9333333333333333,0.6,-14.0,9.0,3.0,31
224.15933227539062,30.6024169921875,6.1204833984375,1000.0,0.0,-0.9333333333333333,0.6666666666666666,-14.0,10.0,3.0,31
202.54612731933594,35.49126434326172,7.098252868652343,1000.0,0.0,-0.9333333333333333,0.7333333333333333,-14.0,11.0,3.0,31
201.0518035888672,32.28207015991211,6.456414031982422,1000.0,0.0,-0.9333333333333333,0.8,-14.0,12.0,3.0,31
208.4898223876953,36.80897521972656,7.361795043945312,1000.0,0.0,-0.9333333333333333,0.8666666666666667,-14.0,13.0,3.0,31
209.0104522705078,37.97641372680664,7.595282745361328,1000.0,0.0,-0.9333333333333333,0.9333333333333333,-14.0,14.0,3.0,31
206.25042724609375,37.47359085083008,7.494718170166015,1000.0,0.0,-0.9333333333333333,1.0,-14.0,15.0,3.0,31
211.95289611816406,28.395212173461914,5.6790424346923825,1000.0,0.0,-0.8666666666666667,-1.0,-13.0,-15.0,3.0,31
178.90269470214844,10.874102592468262,2.1748205184936524,1000.0,0.0,-0.8666666666666667,-0.9333333333333333,-13.0,-14.0,3.0,31
181.13339233398438,14.506547927856445,2.901309585571289,1000.0,0.0,-0.8666666666666667,-0.8666666666666667,-13.0,-13.0,3.0,31
179.59019470214844,11.329882621765137,2.2659765243530274,1000.0,0.0,-0.8666666666666667,-0.8,-13.0,-12.0,3.0,31
177.05665588378906,11.367326736450195,2.2734653472900392,1000.0,0.0,-0.8666666666666667,-0.7333333333333333,-13.0,-11.0,3.0,31
176.02691650390625,7.871427536010742,1.5742855072021484,1000.0,0.0,-0.8666666666666667,-0.6666666666666666,-13.0,-10.0,3.0,31
177.6695556640625,11.808003425598145,2.3616006851196287,1000.0,0.0,-0.8666666666666667,-0.6,-13.0,-9.0,3.0,31
178.13392639160156,11.309645652770996,2.2619291305541993,1000.0,0.0,-0.8666666666666667,-0.5333333333333333,-13.0,-8.0,3.0,31
179.42758178710938,17.464744567871094,3.4929489135742187,1000.0,0.0,-0.8666666666666667,-0.4666666666666667,-13.0,-7.0,3.0,31
219.64486694335938,39.07210159301758,7.814420318603515,1000.0,0.0,-0.8666666666666667,-0.4,-13.0,-6.0,3.0,31
255.1266632080078,66.99917602539062,13.399835205078125,1000.0,0.0,-0.8666666666666667,-0.3333333333333333,-13.0,-5.0,3.0,31
316.0185241699219,69.55450439453125,13.91090087890625,1000.0,0.0,-0.8666666666666667,-0.26666666666666666,-13.0,-4.0,3.0,31
390.3838195800781,65.22599792480469,13.045199584960937,1000.0,0.0,-0.8666666666666667,-0.2,-13.0,-3.0,3.0,31
381.751953125,61.180965423583984,12.236193084716797,1000.0,0.0,-0.8666666666666667,-0.13333333333333333,-13.0,-2.0,3.0,31
362.40972900390625,70.20745849609375,14.04149169921875,1000.0,0.0,-0.8666666666666667,-0.06666666666666667,-13.0,-1.0,3.0,31
310.2973937988281,71.52606964111328,14.305213928222656,1000.0,0.0,-0.8666666666666667,0.0,-13.0,0.0,3.0,31
338.505126953125,60.0004997253418,12.00009994506836,1000.0,0.0,-0.8666666666666667,0.06666666666666667,-13.0,1.0,3.0,31
368.8441162109375,94.30348205566406,18.860696411132814,1000.0,0.0,-0.8666666666666667,0.13333333333333333,-13.0,2.0,3.0,31
323.0594482421875,93.6225814819336,18.724516296386717,1000.0,0.0,-0.8666666666666667,0.2,-13.0,3.0,3.0,31
296.2167053222656,52.33594512939453,10.467189025878906,1000.0,0.0,-0.8666666666666667,0.26666666666666666,-13.0,4.0,3.0,31
284.10003662109375,62.895877838134766,12.579175567626953,1000.0,0.0,-0.8666666666666667,0.3333333333333333,-13.0,5.0,3.0,31
288.398681640625,76.68186950683594,15.336373901367187,1000.0,0.0,-0.8666666666666667,0.4,-13.0,6.0,3.0,31
274.98358154296875,61.32503128051758,12.265006256103515,1000.0,0.0,-0.8666666666666667,0.4666666666666667,-13.0,7.0,3.0,31
303.48809814453125,76.3933334350586,15.278666687011718,1000.0,0.0,-0.8666666666666667,0.5333333333333333,-13.0,8.0,3.0,31
239.3628387451172,45.5411376953125,9.1082275390625,1000.0,0.0,-0.8666666666666667,0.6,-13.0,9.0,3.0,31
214.3985137939453,35.780967712402344,7.156193542480469,1000.0,0.0,-0.8666666666666667,0.6666666666666666,-13.0,10.0,3.0,31
212.72705078125,34.097862243652344,6.819572448730469,1000.0,0.0,-0.8666666666666667,0.7333333333333333,-13.0,11.0,3.0,31
210.25799560546875,37.70261001586914,7.5405220031738285,1000.0,0.0,-0.8666666666666667,0.8,-13.0,12.0,3.0,31
200.5151824951172,30.69607162475586,6.139214324951172,1000.0,0.0,-0.8666666666666667,0.8666666666666667,-13.0,13.0,3.0,31
201.1981658935547,36.758140563964844,7.351628112792969,1000.0,0.0,-0.8666666666666667,0.9333333333333333,-13.0,14.0,3.0,31
194.76953125,29.54266357421875,5.90853271484375,1000.0,0.0,-0.8666666666666667,1.0,-13.0,15.0,3.0,31
219.4711456298828,39.58931350708008,7.9178627014160154,1000.0,0.0,-0.8,-1.0,-12.0,-15.0,3.0,31
212.30657958984375,30.798736572265625,6.159747314453125,1000.0,0.0,-0.8,-0.9333333333333333,-12.0,-14.0,3.0,31
187.30393981933594,16.639575958251953,3.3279151916503906,1000.0,0.0,-0.8,-0.8666666666666667,-12.0,-13.0,3.0,31
179.82363891601562,10.968986511230469,2.193797302246094,1000.0,0.0,-0.8,-0.8,-12.0,-12.0,3.0,31
174.8758544921875,9.286785125732422,1.8573570251464844,1000.0,0.0,-0.8,-0.7333333333333333,-12.0,-11.0,3.0,31
178.42271423339844,12.056315422058105,2.411263084411621,1000.0,0.0,-0.8,-0.6666666666666666,-12.0,-10.0,3.0,31
175.64280700683594,10.857161521911621,2.171432304382324,1000.0,0.0,-0.8,-0.6,-12.0,-9.0,3.0,31
176.64474487304688,11.77205753326416,2.354411506652832,1000.0,0.0,-0.8,-0.5333333333333333,-12.0,-8.0,3.0,31
177.94126892089844,13.928455352783203,2.7856910705566404,1000.0,0.0,-0.8,-0.4666666666666667,-12.0,-7.0,3.0,31
217.69996643066406,35.989994049072266,7.197998809814453,1000.0,0.0,-0.8,-0.4,-12.0,-6.0,3.0,31
244.4854736328125,42.358036041259766,8.471607208251953,1000.0,0.0,-0.8,-0.3333333333333333,-12.0,-5.0,3.0,31
295.07598876953125,66.24003601074219,13.248007202148438,1000.0,0.0,-0.8,-0.26666666666666666,-12.0,-4.0,3.0,31
382.4580993652344,51.748130798339844,10.349626159667968,1000.0,0.0,-0.8,-0.2,-12.0,-3.0,3.0,31
408.4859313964844,57.30828857421875,11.46165771484375,1000.0,0.0,-0.8,-0.13333333333333333,-12.0,-2.0,3.0,31
318.78387451171875,72.39379119873047,14.478758239746094,1000.0,0.0,-0.8,-0.06666666666666667,-12.0,-1.0,3.0,31
313.31036376953125,61.02261734008789,12.204523468017578,1000.0,0.0,-0.8,0.0,-12.0,0.0,3.0,31
342.2177734375,64.9183120727539,12.983662414550782,1000.0,0.0,-0.8,0.06666666666666667,-12.0,1.0,3.0,31
325.349365234375,80.26080322265625,16.05216064453125,1000.0,0.0,-0.8,0.13333333333333333,-12.0,2.0,3.0,31
290.0604553222656,66.95333099365234,13.390666198730468,1000.0,0.0,-0.8,0.2,-12.0,3.0,3.0,31
283.29229736328125,59.863746643066406,11.972749328613281,1000.0,0.0,-0.8,0.26666666666666666,-12.0,4.0,3.0,31
266.51739501953125,59.663028717041016,11.932605743408203,1000.0,0.0,-0.8,0.3333333333333333,-12.0,5.0,3.0,31
286.8680725097656,62.936073303222656,12.58721466064453,1000.0,0.0,-0.8,0.4,-12.0,6.0,3.0,31
285.24591064453125,75.15229797363281,15.030459594726562,1000.0,0.0,-0.8,0.4666666666666667,-12.0,7.0,3.0,31
277.8304138183594,51.937198638916016,10.387439727783203,1000.0,0.0,-0.8,0.5333333333333333,-12.0,8.0,3.0,31
218.5972442626953,34.91796875,6.98359375,1000.0,0.0,-0.8,0.6,-12.0,9.0,3.0,31
214.1591796875,33.26408767700195,6.6528175354003904,1000.0,0.0,-0.8,0.6666666666666666,-12.0,10.0,3.0,31
207.4555206298828,33.02742385864258,6.6054847717285154,1000.0,0.0,-0.8,0.7333333333333333,-12.0,11.0,3.0,31
205.02261352539062,30.511615753173828,6.102323150634765,1000.0,0.0,-0.8,0.8,-12.0,12.0,3.0,31
195.1636199951172,25.809720993041992,5.161944198608398,1000.0,0.0,-0.8,0.8666666666666667,-12.0,13.0,3.0,31
181.38104248046875,14.236530303955078,2.8473060607910154,1000.0,0.0,-0.8,0.9333333333333333,-12.0,14.0,3.0,31
178.4480438232422,13.510903358459473,2.7021806716918944,1000.0,0.0,-0.8,1.0,-12.0,15.0,3.0,31
236.0724639892578,56.857330322265625,11.371466064453125,1000.0,0.0,-0.7333333333333333,-1.0,-11.0,-15.0,3.0,31
219.29122924804688,38.15972900390625,7.63194580078125,1000.0,0.0,-0.7333333333333333,-0.9333333333333333,-11.0,-14.0,3.0,31
207.03182983398438,27.57195281982422,5.514390563964843,1000.0,0.0,-0.7333333333333333,-0.8666666666666667,-11.0,-13.0,3.0,31
210.50091552734375,25.795690536499023,5.159138107299805,1000.0,0.0,-0.7333333333333333,-0.8,-11.0,-12.0,3.0,31
180.1090087890625,12.602625846862793,2.5205251693725588,1000.0,0.0,-0.7333333333333333,-0.7333333333333333,-11.0,-11.0,3.0,31
176.06854248046875,10.936354637145996,2.187270927429199,1000.0,0.0,-0.7333333333333333,-0.6666666666666666,-11.0,-10.0,3.0,31
173.58091735839844,7.636839866638184,1.5273679733276366,1000.0,0.0,-0.7333333333333333,-0.6,-11.0,-9.0,3.0,31
176.73863220214844,9.998207092285156,1.9996414184570312,1000.0,0.0,-0.7333333333333333,-0.5333333333333333,-11.0,-8.0,3.0,31
178.0327911376953,11.517378807067871,2.303475761413574,1000.0,0.0,-0.7333333333333333,-0.4666666666666667,-11.0,-7.0,3.0,31
216.42506408691406,40.7393913269043,8.147878265380859,1000.0,0.0,-0.7333333333333333,-0.4,-11.0,-6.0,3.0,31
239.51416015625,56.01005172729492,11.202010345458984,1000.0,0.0,-0.7333333333333333,-0.3333333333333333,-11.0,-5.0,3.0,31
275.2613220214844,71.99153900146484,14.398307800292969,1000.0,0.0,-0.7333333333333333,-0.26666666666666666,-11.0,-4.0,3.0,31
374.3772277832031,56.73281478881836,11.346562957763672,1000.0,0.0,-0.7333333333333333,-0.2,-11.0,-3.0,3.0,31
394.618408203125,54.91957092285156,10.983914184570313,1000.0,0.0,-0.7333333333333333,-0.13333333333333333,-11.0,-2.0,3.0,31
338.44256591796875,77.89437866210938,15.578875732421874,1000.0,0.0,-0.7333333333333333,-0.06666666666666667,-11.0,-1.0,3.0,31
328.41033935546875,71.14877319335938,14.229754638671874,1000.0,0.0,-0.7333333333333333,0.0,-11.0,0.0,3.0,31
324.5937805175781,62.320804595947266,12.464160919189453,1000.0,0.0,-0.7333333333333333,0.06666666666666667,-11.0,1.0,3.0,31
364.6073303222656,66.89649963378906,13.379299926757813,1000.0,0.0,-0.7333333333333333,0.13333333333333333,-11.0,2.0,3.0,31
273.7969665527344,73.18726348876953,14.637452697753906,1000.0,0.0,-0.7333333333333333,0.2,-11.0,3.0,3.0,31
282.6702880859375,90.03910827636719,18.00782165527344,1000.0,0.0,-0.7333333333333333,0.26666666666666666,-11.0,4.0,3.0,31
274.572021484375,64.28752899169922,12.857505798339844,1000.0,0.0,-0.7333333333333333,0.3333333333333333,-11.0,5.0,3.0,31
291.4315185546875,57.440555572509766,11.488111114501953,1000.0,0.0,-0.7333333333333333,0.4,-11.0,6.0,3.0,31
307.2857666015625,75.12738037109375,15.02547607421875,1000.0,0.0,-0.7333333333333333,0.4666666666666667,-11.0,7.0,3.0,31
238.04457092285156,34.170440673828125,6.834088134765625,1000.0,0.0,-0.7333333333333333,0.5333333333333333,-11.0,8.0,3.0,31
233.50941467285156,34.06681442260742,6.813362884521484,1000.0,0.0,-0.7333333333333333,0.6,-11.0,9.0,3.0,31
211.58926391601562,32.92516326904297,6.585032653808594,1000.0,0.0,-0.7333333333333333,0.6666666666666666,-11.0,10.0,3.0,31
202.36187744140625,28.301124572753906,5.660224914550781,1000.0,0.0,-0.7333333333333333,0.7333333333333333,-11.0,11.0,3.0,31
190.75570678710938,22.600351333618164,4.520070266723633,1000.0,0.0,-0.7333333333333333,0.8,-11.0,12.0,3.0,31
181.41461181640625,16.820703506469727,3.3641407012939455,1000.0,0.0,-0.7333333333333333,0.8666666666666667,-11.0,13.0,3.0,31
177.60198974609375,15.036783218383789,3.007356643676758,1000.0,0.0,-0.7333333333333333,0.9333333333333333,-11.0,14.0,3.0,31
185.43374633789062,20.1570987701416,4.03141975402832,1000.0,0.0,-0.7333333333333333,1.0,-11.0,15.0,3.0,31
184.2719268798828,13.605396270751953,2.7210792541503905,1000.0,0.0,-0.6666666666666666,-1.0,-10.0,-15.0,3.0,31
246.49783325195312,60.8685188293457,12.17370376586914,1000.0,0.0,-0.6666666666666666,-0.9333333333333333,-10.0,-14.0,3.0,31
239.21856689453125,49.87846374511719,9.975692749023438,1000.0,0.0,-0.6666666666666666,-0.8666666666666667,-10.0,-13.0,3.0,31
221.15203857421875,34.95361328125,6.99072265625,1000.0,0.0,-0.6666666666666666,-0.8,-10.0,-12.0,3.0,31
212.3314208984375,25.052215576171875,5.010443115234375,1000.0,0.0,-0.6666666666666666,-0.7333333333333333,-10.0,-11.0,3.0,31
187.9033660888672,13.290467262268066,2.6580934524536133,1000.0,0.0,-0.6666666666666666,-0.6666666666666666,-10.0,-10.0,3.0,31
179.2670135498047,15.565526008605957,3.1131052017211913,1000.0,0.0,-0.6666666666666666,-0.6,-10.0,-9.0,3.0,31
179.05421447753906,12.476646423339844,2.4953292846679687,1000.0,0.0,-0.6666666666666666,-0.5333333333333333,-10.0,-8.0,3.0,31
177.9649658203125,12.069168090820312,2.4138336181640625,1000.0,0.0,-0.6666666666666666,-0.4666666666666667,-10.0,-7.0,3.0,31
223.3278350830078,49.95103454589844,9.990206909179687,1000.0,0.0,-0.6666666666666666,-0.4,-10.0,-6.0,3.0,31
229.6916961669922,44.90251159667969,8.980502319335937,1000.0,0.0,-0.6666666666666666,-0.3333333333333333,-10.0,-5.0,3.0,31
265.5282287597656,72.14276885986328,14.428553771972656,1000.0,0.0,-0.6666666666666666,-0.26666666666666666,-10.0,-4.0,3.0,31
330.5982666015625,89.1036148071289,17.82072296142578,1000.0,0.0,-0.6666666666666666,-0.2,-10.0,-3.0,3.0,31
383.2710876464844,54.98078536987305,10.99615707397461,1000.0,0.0,-0.6666666666666666,-0.13333333333333333,-10.0,-2.0,3.0,31
396.7130126953125,39.78130340576172,7.956260681152344,1000.0,0.0,-0.6666666666666666,-0.06666666666666667,-10.0,-1.0,3.0,31
352.9610900878906,65.21414947509766,13.042829895019532,1000.0,0.0,-0.6666666666666666,0.0,-10.0,0.0,3.0,31
364.2125244140625,83.32695770263672,16.665391540527345,1000.0,0.0,-0.6666666666666666,0.06666666666666667,-10.0,1.0,3.0,31
362.271484375,51.379051208496094,10.275810241699219,1000.0,0.0,-0.6666666666666666,0.13333333333333333,-10.0,2.0,3.0,31
282.73321533203125,67.645263671875,13.529052734375,1000.0,0.0,-0.6666666666666666,0.2,-10.0,3.0,3.0,31
281.6242370605469,85.0101089477539,17.00202178955078,1000.0,0.0,-0.6666666666666666,0.26666666666666666,-10.0,4.0,3.0,31
283.735595703125,54.73307418823242,10.946614837646484,1000.0,0.0,-0.6666666666666666,0.3333333333333333,-10.0,5.0,3.0,31
310.1533508300781,82.22126770019531,16.444253540039064,1000.0,0.0,-0.6666666666666666,0.4,-10.0,6.0,3.0,31
278.9246826171875,32.475341796875,6.495068359375,1000.0,0.0,-0.6666666666666666,0.4666666666666667,-10.0,7.0,3.0,31
236.1774444580078,27.035459518432617,5.407091903686523,1000.0,0.0,-0.6666666666666666,0.5333333333333333,-10.0,8.0,3.0,31
222.90980529785156,39.35902404785156,7.871804809570312,1000.0,0.0,-0.6666666666666666,0.6,-10.0,9.0,3.0,31
210.71974182128906,32.31471252441406,6.462942504882813,1000.0,0.0,-0.6666666666666666,0.6666666666666666,-10.0,10.0,3.0,31
184.36181640625,12.859292984008789,2.571858596801758,1000.0,0.0,-0.6666666666666666,0.7333333333333333,-10.0,11.0,3.0,31
180.81639099121094,10.79129409790039,2.158258819580078,1000.0,0.0,-0.6666666666666666,0.8,-10.0,12.0,3.0,31
178.72572326660156,12.862922668457031,2.572584533691406,1000.0,0.0,-0.6666666666666666,0.8666666666666667,-10.0,13.0,3.0,31
185.41531372070312,20.833633422851562,4.166726684570312,1000.0,0.0,-0.6666666666666666,0.9333333333333333,-10.0,14.0,3.0,31
192.51333618164062,24.81956672668457,4.963913345336914,1000.0,0.0,-0.6666666666666666,1.0,-10.0,15.0,3.0,31
179.15994262695312,11.314962387084961,2.2629924774169923,1000.0,0.0,-0.6,-1.0,-9.0,-15.0,3.0,31
185.85098266601562,19.42681121826172,3.885362243652344,1000.0,0.0,-0.6,-0.9333333333333333,-9.0,-14.0,3.0,31
255.91986083984375,79.20188903808594,15.840377807617188,1000.0,0.0,-0.6,-0.8666666666666667,-9.0,-13.0,3.0,31
246.8810577392578,58.23930358886719,11.647860717773437,1000.0,0.0,-0.6,-0.8,-9.0,-12.0,3.0,31
240.8058624267578,51.90717697143555,10.38143539428711,1000.0,0.0,-0.6,-0.7333333333333333,-9.0,-11.0,3.0,31
225.30433654785156,39.77421188354492,7.954842376708984,1000.0,0.0,-0.6,-0.6666666666666666,-9.0,-10.0,3.0,31
197.3553466796875,16.88131332397461,3.376262664794922,1000.0,0.0,-0.6,-0.6,-9.0,-9.0,3.0,31
193.9342041015625,17.389572143554688,3.4779144287109376,1000.0,0.0,-0.6,-0.5333333333333333,-9.0,-8.0,3.0,31
187.88803100585938,15.397237777709961,3.079447555541992,1000.0,0.0,-0.6,-0.4666666666666667,-9.0,-7.0,3.0,31
228.7503662109375,45.17911148071289,9.035822296142578,1000.0,0.0,-0.6,-0.4,-9.0,-6.0,3.0,31
242.40480041503906,61.04151153564453,12.208302307128907,1000.0,0.0,-0.6,-0.3333333333333333,-9.0,-5.0,3.0,31
304.0178527832031,74.9770278930664,14.995405578613282,1000.0,0.0,-0.6,-0.26666666666666666,-9.0,-4.0,3.0,31
298.83038330078125,85.09237670898438,17.018475341796876,1000.0,0.0,-0.6,-0.2,-9.0,-3.0,3.0,31
283.5230407714844,80.08580780029297,16.017161560058593,1000.0,0.0,-0.6,-0.13333333333333333,-9.0,-2.0,3.0,31
323.3468017578125,96.36225891113281,19.27245178222656,1000.0,0.0,-0.6,-0.06666666666666667,-9.0,-1.0,3.0,31
299.6495361328125,101.61088562011719,20.322177124023437,1000.0,0.0,-0.6,0.0,-9.0,0.0,3.0,31
370.5749206542969,65.92767333984375,13.18553466796875,1000.0,0.0,-0.6,0.06666666666666667,-9.0,1.0,3.0,31
311.1869201660156,102.46589660644531,20.493179321289062,1000.0,0.0,-0.6,0.13333333333333333,-9.0,2.0,3.0,31
271.7869873046875,91.84544372558594,18.36908874511719,1000.0,0.0,-0.6,0.2,-9.0,3.0,3.0,31
279.0555725097656,74.96966552734375,14.99393310546875,1000.0,0.0,-0.6,0.26666666666666666,-9.0,4.0,3.0,31
321.9315185546875,71.32938385009766,14.265876770019531,1000.0,0.0,-0.6,0.3333333333333333,-9.0,5.0,3.0,31
303.611328125,60.91550064086914,12.183100128173828,1000.0,0.0,-0.6,0.4,-9.0,6.0,3.0,31
239.70558166503906,42.69715118408203,8.539430236816406,1000.0,0.0,-0.6,0.4666666666666667,-9.0,7.0,3.0,31
266.20440673828125,45.36710739135742,9.073421478271484,1000.0,0.0,-0.6,0.5333333333333333,-9.0,8.0,3.0,31
242.8716583251953,36.790489196777344,7.358097839355469,1000.0,0.0,-0.6,0.6,-9.0,9.0,3.0,31
201.05003356933594,22.38999366760254,4.477998733520508,1000.0,0.0,-0.6,0.6666666666666666,-9.0,10.0,3.0,31
189.14950561523438,17.67061424255371,3.534122848510742,1000.0,0.0,-0.6,0.7333333333333333,-9.0,11.0,3.0,31
192.30441284179688,19.972148895263672,3.9944297790527346,1000.0,0.0,-0.6,0.8,-9.0,12.0,3.0,31
190.35519409179688,18.310270309448242,3.6620540618896484,1000.0,0.0,-0.6,0.8666666666666667,-9.0,13.0,3.0,31
190.42913818359375,22.861902236938477,4.572380447387696,1000.0,0.0,-0.6,0.9333333333333333,-9.0,14.0,3.0,31
189.33480834960938,27.06743049621582,5.413486099243164,1000.0,0.0,-0.6,1.0,-9.0,15.0,3.0,31
193.1903076171875,29.480070114135742,5.896014022827148,1000.0,0.0,-0.5333333333333333,-1.0,-8.0,-15.0,3.0,31
186.2665557861328,18.428239822387695,3.685647964477539,1000.0,0.0,-0.5333333333333333,-0.9333333333333333,-8.0,-14.0,3.0,31
185.76646423339844,16.402376174926758,3.2804752349853517,1000.0,0.0,-0.5333333333333333,-0.8666666666666667,-8.0,-13.0,3.0,31
277.1845397949219,46.41158676147461,9.282317352294921,1000.0,0.0,-0.5333333333333333,-0.8,-8.0,-12.0,3.0,31
252.02169799804688,51.13359832763672,10.226719665527344,1000.0,0.0,-0.5333333333333333,-0.7333333333333333,-8.0,-11.0,3.0,31
264.4416198730469,50.29775619506836,10.059551239013672,1000.0,0.0,-0.5333333333333333,-0.6666666666666666,-8.0,-10.0,3.0,31
245.55943298339844,48.51954650878906,9.703909301757813,1000.0,0.0,-0.5333333333333333,-0.6,-8.0,-9.0,3.0,31
182.53306579589844,10.137572288513184,2.0275144577026367,1000.0,0.0,-0.5333333333333333,-0.5333333333333333,-8.0,-8.0,3.0,31
194.48020935058594,20.714704513549805,4.142940902709961,1000.0,0.0,-0.5333333333333333,-0.4666666666666667,-8.0,-7.0,3.0,31
252.45111083984375,54.72221374511719,10.944442749023438,1000.0,0.0,-0.5333333333333333,-0.4,-8.0,-6.0,3.0,31
250.16317749023438,65.32237243652344,13.064474487304688,1000.0,0.0,-0.5333333333333333,-0.3333333333333333,-8.0,-5.0,3.0,31
288.7661437988281,81.52848052978516,16.305696105957033,1000.0,0.0,-0.5333333333333333,-0.26666666666666666,-8.0,-4.0,3.0,31
313.3747253417969,95.11600494384766,19.02320098876953,1000.0,0.0,-0.5333333333333333,-0.2,-8.0,-3.0,3.0,31
364.0544128417969,55.75503921508789,11.151007843017577,1000.0,0.0,-0.5333333333333333,-0.13333333333333333,-8.0,-2.0,3.0,31
262.880859375,82.3500747680664,16.47001495361328,1000.0,0.0,-0.5333333333333333,-0.06666666666666667,-8.0,-1.0,3.0,31
332.485107421875,98.45201873779297,19.690403747558594,1000.0,0.0,-0.5333333333333333,0.0,-8.0,0.0,3.0,31
348.7991943359375,84.75674438476562,16.951348876953126,1000.0,0.0,-0.5333333333333333,0.06666666666666667,-8.0,1.0,3.0,31
289.01239013671875,86.22109985351562,17.244219970703124,1000.0,0.0,-0.5333333333333333,0.13333333333333333,-8.0,2.0,3.0,31
248.00640869140625,57.79243087768555,11.558486175537109,1000.0,0.0,-0.5333333333333333,0.2,-8.0,3.0,3.0,31
287.9551086425781,79.82379150390625,15.96475830078125,1000.0,0.0,-0.5333333333333333,0.26666666666666666,-8.0,4.0,3.0,31
318.8216552734375,62.631710052490234,12.526342010498047,1000.0,0.0,-0.5333333333333333,0.3333333333333333,-8.0,5.0,3.0,31
268.6987609863281,57.54546356201172,11.509092712402344,1000.0,0.0,-0.5333333333333333,0.4,-8.0,6.0,3.0,31
246.5621337890625,37.696590423583984,7.539318084716797,1000.0,0.0,-0.5333333333333333,0.4666666666666667,-8.0,7.0,3.0,31
250.09271240234375,47.07664108276367,9.415328216552734,1000.0,0.0,-0.5333333333333333,0.5333333333333333,-8.0,8.0,3.0,31
220.2251739501953,36.88386154174805,7.37677230834961,1000.0,0.0,-0.5333333333333333,0.6,-8.0,9.0,3.0,31
209.0904541015625,26.808597564697266,5.3617195129394535,1000.0,0.0,-0.5333333333333333,0.6666666666666666,-8.0,10.0,3.0,31
202.26409912109375,27.773494720458984,5.554698944091797,1000.0,0.0,-0.5333333333333333,0.7333333333333333,-8.0,11.0,3.0,31
201.2490692138672,30.19744110107422,6.039488220214844,1000.0,0.0,-0.5333333333333333,0.8,-8.0,12.0,3.0,31
196.3553924560547,33.25991439819336,6.6519828796386715,1000.0,0.0,-0.5333333333333333,0.8666666666666667,-8.0,13.0,3.0,31
183.97573852539062,17.41415023803711,3.482830047607422,1000.0,0.0,-0.5333333333333333,0.9333333333333333,-8.0,14.0,3.0,31
178.82345581054688,13.377726554870605,2.675545310974121,1000.0,0.0,-0.5333333333333333,1.0,-8.0,15.0,3.0,31
201.1610870361328,23.70909309387207,4.741818618774414,1000.0,0.0,-0.4666666666666667,-1.0,-7.0,-15.0,3.0,31
194.0330810546875,31.0895938873291,6.217918777465821,1000.0,0.0,-0.4666666666666667,-0.9333333333333333,-7.0,-14.0,3.0,31
188.9582061767578,27.40404510498047,5.480809020996094,1000.0,0.0,-0.4666666666666667,-0.8666666666666667,-7.0,-13.0,3.0,31
183.90460205078125,15.416048049926758,3.0832096099853517,1000.0,0.0,-0.4666666666666667,-0.8,-7.0,-12.0,3.0,31
283.63922119140625,64.0090560913086,12.801811218261719,1000.0,0.0,-0.4666666666666667,-0.7333333333333333,-7.0,-11.0,3.0,31
290.51348876953125,72.5875473022461,14.517509460449219,1000.0,0.0,-0.4666666666666667,-0.6666666666666666,-7.0,-10.0,3.0,31
269.2011413574219,55.30220031738281,11.060440063476562,1000.0,0.0,-0.4666666666666667,-0.6,-7.0,-9.0,3.0,31
246.94943237304688,42.717041015625,8.543408203125,1000.0,0.0,-0.4666666666666667,-0.5333333333333333,-7.0,-8.0,3.0,31
198.0252685546875,27.182071685791016,5.436414337158203,1000.0,0.0,-0.4666666666666667,-0.4666666666666667,-7.0,-7.0,3.0,31
244.9386749267578,51.25615692138672,10.251231384277343,1000.0,0.0,-0.4666666666666667,-0.4,-7.0,-6.0,3.0,31
285.2421569824219,76.09738159179688,15.219476318359375,1000.0,0.0,-0.4666666666666667,-0.3333333333333333,-7.0,-5.0,3.0,31
283.1206970214844,80.35589599609375,16.07117919921875,1000.0,0.0,-0.4666666666666667,-0.26666666666666666,-7.0,-4.0,3.0,31
319.7308349609375,88.69832611083984,17.739665222167968,1000.0,0.0,-0.4666666666666667,-0.2,-7.0,-3.0,3.0,31
334.97052001953125,81.38015747070312,16.276031494140625,1000.0,0.0,-0.4666666666666667,-0.13333333333333333,-7.0,-2.0,3.0,31
218.75909423828125,46.825199127197266,9.365039825439453,1000.0,0.0,-0.4666666666666667,-0.06666666666666667,-7.0,-1.0,3.0,31
317.2008972167969,111.77021026611328,22.354042053222656,1000.0,0.0,-0.4666666666666667,0.0,-7.0,0.0,3.0,31
401.052734375,120.31287384033203,24.062574768066405,1000.0,0.0,-0.4666666666666667,0.06666666666666667,-7.0,1.0,3.0,31
271.5718994140625,101.06253051757812,20.212506103515626,1000.0,0.0,-0.4666666666666667,0.13333333333333333,-7.0,2.0,3.0,31
285.1938171386719,97.08397674560547,19.416795349121095,1000.0,0.0,-0.4666666666666667,0.2,-7.0,3.0,3.0,31
369.0697021484375,80.9279556274414,16.18559112548828,1000.0,0.0,-0.4666666666666667,0.26666666666666666,-7.0,4.0,3.0,31
304.0130615234375,60.827186584472656,12.165437316894531,1000.0,0.0,-0.4666666666666667,0.3333333333333333,-7.0,5.0,3.0,31
255.7092742919922,53.51957702636719,10.703915405273438,1000.0,0.0,-0.4666666666666667,0.4,-7.0,6.0,3.0,31
260.2728271484375,41.86875915527344,8.373751831054687,1000.0,0.0,-0.4666666666666667,0.4666666666666667,-7.0,7.0,3.0,31
245.88873291015625,31.87200164794922,6.374400329589844,1000.0,0.0,-0.4666666666666667,0.5333333333333333,-7.0,8.0,3.0,31
217.0437469482422,38.66719436645508,7.733438873291016,1000.0,0.0,-0.4666666666666667,0.6,-7.0,9.0,3.0,31
211.7168731689453,29.28853988647461,5.857707977294922,1000.0,0.0,-0.4666666666666667,0.6666666666666666,-7.0,10.0,3.0,31
195.59095764160156,22.442262649536133,4.488452529907226,1000.0,0.0,-0.4666666666666667,0.7333333333333333,-7.0,11.0,3.0,31
188.2869110107422,23.065919876098633,4.613183975219727,1000.0,0.0,-0.4666666666666667,0.8,-7.0,12.0,3.0,31
181.7951202392578,13.355259895324707,2.6710519790649414,1000.0,0.0,-0.4666666666666667,0.8666666666666667,-7.0,13.0,3.0,31
178.14781188964844,11.905184745788574,2.381036949157715,1000.0,0.0,-0.4666666666666667,0.9333333333333333,-7.0,14.0,3.0,31
179.1936492919922,16.946319580078125,3.389263916015625,1000.0,0.0,-0.4666666666666667,1.0,-7.0,15.0,3.0,31
176.85610961914062,9.437215805053711,1.8874431610107423,1000.0,0.0,-0.4,-1.0,-6.0,-15.0,3.0,31
190.77960205078125,21.068708419799805,4.213741683959961,1000.0,0.0,-0.4,-0.9333333333333333,-6.0,-14.0,3.0,31
200.9082489013672,33.87700271606445,6.775400543212891,1000.0,0.0,-0.4,-0.8666666666666667,-6.0,-13.0,3.0,31
204.44134521484375,42.333770751953125,8.466754150390624,1000.0,0.0,-0.4,-0.8,-6.0,-12.0,3.0,31
201.24984741210938,22.932876586914062,4.586575317382812,1000.0,0.0,-0.4,-0.7333333333333333,-6.0,-11.0,3.0,31
277.2135009765625,69.405029296875,13.881005859375,1000.0,0.0,-0.4,-0.6666666666666666,-6.0,-10.0,3.0,31
299.08154296875,67.96745300292969,13.593490600585938,1000.0,0.0,-0.4,-0.6,-6.0,-9.0,3.0,31
261.0736083984375,51.78178024291992,10.356356048583985,1000.0,0.0,-0.4,-0.5333333333333333,-6.0,-8.0,3.0,31
247.1255645751953,44.871463775634766,8.974292755126953,1000.0,0.0,-0.4,-0.4666666666666667,-6.0,-7.0,3.0,31
260.7491455078125,67.35704040527344,13.471408081054687,1000.0,0.0,-0.4,-0.4,-6.0,-6.0,3.0,31
256.8988952636719,59.366241455078125,11.873248291015624,1000.0,0.0,-0.4,-0.3333333333333333,-6.0,-5.0,3.0,31
270.128662109375,63.1341667175293,12.62683334350586,1000.0,0.0,-0.4,-0.26666666666666666,-6.0,-4.0,3.0,31
395.9396057128906,47.768802642822266,9.553760528564453,1000.0,0.0,-0.4,-0.2,-6.0,-3.0,3.0,31
374.4385070800781,88.25533294677734,17.65106658935547,1000.0,0.0,-0.4,-0.13333333333333333,-6.0,-2.0,3.0,31
292.5116882324219,112.38627624511719,22.477255249023436,1000.0,0.0,-0.4,-0.06666666666666667,-6.0,-1.0,3.0,31
341.2347717285156,108.98966217041016,21.797932434082032,1000.0,0.0,-0.4,0.0,-6.0,0.0,3.0,31
405.0384521484375,102.84732055664062,20.569464111328124,1000.0,0.0,-0.4,0.06666666666666667,-6.0,1.0,3.0,31
279.3265380859375,88.1034164428711,17.62068328857422,1000.0,0.0,-0.4,0.13333333333333333,-6.0,2.0,3.0,31
357.85528564453125,117.31806182861328,23.463612365722657,1000.0,0.0,-0.4,0.2,-6.0,3.0,3.0,31
331.5927429199219,101.3401107788086,20.26802215576172,1000.0,0.0,-0.4,0.26666666666666666,-6.0,4.0,3.0,31
312.2773742675781,57.70207595825195,11.540415191650391,1000.0,0.0,-0.4,0.3333333333333333,-6.0,5.0,3.0,31
286.09539794921875,53.25200271606445,10.650400543212891,1000.0,0.0,-0.4,0.4,-6.0,6.0,3.0,31
243.1287078857422,36.897735595703125,7.379547119140625,1000.0,0.0,-0.4,0.4666666666666667,-6.0,7.0,3.0,31
218.7451171875,37.81612014770508,7.563224029541016,1000.0,0.0,-0.4,0.5333333333333333,-6.0,8.0,3.0,31
201.45538330078125,27.2451114654541,5.44902229309082,1000.0,0.0,-0.4,0.6,-6.0,9.0,3.0,31
204.72030639648438,31.409395217895508,6.281879043579101,1000.0,0.0,-0.4,0.6666666666666666,-6.0,10.0,3.0,31
191.37664794921875,31.375953674316406,6.275190734863282,1000.0,0.0,-0.4,0.7333333333333333,-6.0,11.0,3.0,31
187.50167846679688,25.766572952270508,5.153314590454102,1000.0,0.0,-0.4,0.8,-6.0,12.0,3.0,31
193.28231811523438,28.99418830871582,5.798837661743164,1000.0,0.0,-0.4,0.8666666666666667,-6.0,13.0,3.0,31
204.83673095703125,44.190521240234375,8.838104248046875,1000.0,0.0,-0.4,0.9333333333333333,-6.0,14.0,3.0,31
229.03538513183594,60.77110290527344,12.154220581054688,1000.0,0.0,-0.4,1.0,-6.0,15.0,3.0,31
175.77230834960938,10.555800437927246,2.111160087585449,1000.0,0.0,-0.3333333333333333,-1.0,-5.0,-15.0,3.0,31
177.49978637695312,10.529075622558594,2.105815124511719,1000.0,0.0,-0.3333333333333333,-0.9333333333333333,-5.0,-14.0,3.0,31
182.7318115234375,10.344640731811523,2.0689281463623046,1000.0,0.0,-0.3333333333333333,-0.8666666666666667,-5.0,-13.0,3.0,31
209.33396911621094,37.8079719543457,7.561594390869141,1000.0,0.0,-0.3333333333333333,-0.8,-5.0,-12.0,3.0,31
210.72616577148438,47.15755844116211,9.431511688232423,1000.0,0.0,-0.3333333333333333,-0.7333333333333333,-5.0,-11.0,3.0,31
222.42564392089844,39.442543029785156,7.888508605957031,1000.0,0.0,-0.3333333333333333,-0.6666666666666666,-5.0,-10.0,3.0,31
303.1601257324219,48.58344650268555,9.716689300537109,1000.0,0.0,-0.3333333333333333,-0.6,-5.0,-9.0,3.0,31
292.94122314453125,55.80635070800781,11.161270141601562,1000.0,0.0,-0.3333333333333333,-0.5333333333333333,-5.0,-8.0,3.0,31
202.19635009765625,36.69121170043945,7.3382423400878904,1000.0,0.0,-0.3333333333333333,-0.4666666666666667,-5.0,-7.0,3.0,31
215.56121826171875,48.715946197509766,9.743189239501953,1000.0,0.0,-0.3333333333333333,-0.4,-5.0,-6.0,3.0,31
259.8732604980469,63.578983306884766,12.715796661376952,1000.0,0.0,-0.3333333333333333,-0.3333333333333333,-5.0,-5.0,3.0,31
262.25897216796875,73.2949447631836,14.658988952636719,1000.0,0.0,-0.3333333333333333,-0.26666666666666666,-5.0,-4.0,3.0,31
413.4518737792969,69.65975952148438,13.931951904296875,1000.0,0.0,-0.3333333333333333,-0.2,-5.0,-3.0,3.0,31
337.53546142578125,141.6035919189453,28.320718383789064,1000.0,0.0,-0.3333333333333333,-0.13333333333333333,-5.0,-2.0,3.0,31
372.3124084472656,135.7716522216797,27.154330444335937,1000.0,0.0,-0.3333333333333333,-0.06666666666666667,-5.0,-1.0,3.0,31
459.90655517578125,135.4417724609375,27.0883544921875,1000.0,0.0,-0.3333333333333333,0.0,-5.0,0.0,3.0,31
432.3516540527344,95.47542572021484,19.09508514404297,1000.0,0.0,-0.3333333333333333,0.06666666666666667,-5.0,1.0,3.0,31
433.3673095703125,111.62742614746094,22.325485229492188,1000.0,0.0,-0.3333333333333333,0.13333333333333333,-5.0,2.0,3.0,31
407.9093017578125,138.56988525390625,27.71397705078125,1000.0,0.0,-0.3333333333333333,0.2,-5.0,3.0,3.0,31
385.5135498046875,117.10950469970703,23.421900939941406,1000.0,0.0,-0.3333333333333333,0.26666666666666666,-5.0,4.0,3.0,31
309.5885314941406,60.9760627746582,12.19521255493164,1000.0,0.0,-0.3333333333333333,0.3333333333333333,-5.0,5.0,3.0,31
278.0399169921875,50.55678176879883,10.111356353759765,1000.0,0.0,-0.3333333333333333,0.4,-5.0,6.0,3.0,31
236.08155822753906,42.3137321472168,8.46274642944336,1000.0,0.0,-0.3333333333333333,0.4666666666666667,-5.0,7.0,3.0,31
202.96426391601562,37.39051818847656,7.4781036376953125,1000.0,0.0,-0.3333333333333333,0.5333333333333333,-5.0,8.0,3.0,31
195.21804809570312,23.703128814697266,4.7406257629394535,1000.0,0.0,-0.3333333333333333,0.6,-5.0,9.0,3.0,31
209.15017700195312,32.779563903808594,6.555912780761719,1000.0,0.0,-0.3333333333333333,0.6666666666666666,-5.0,10.0,3.0,31
195.3384246826172,30.96632957458496,6.193265914916992,1000.0,0.0,-0.3333333333333333,0.7333333333333333,-5.0,11.0,3.0,31
187.81488037109375,19.982566833496094,3.9965133666992188,1000.0,0.0,-0.3333333333333333,0.8,-5.0,12.0,3.0,31
200.80267333984375,37.55612564086914,7.5112251281738285,1000.0,0.0,-0.3333333333333333,0.8666666666666667,-5.0,13.0,3.0,31
246.283203125,65.82112121582031,13.164224243164062,1000.0,0.0,-0.3333333333333333,0.9333333333333333,-5.0,14.0,3.0,31
213.7476043701172,38.728248596191406,7.745649719238282,1000.0,0.0,-0.3333333333333333,1.0,-5.0,15.0,3.0,31
179.4133758544922,11.608914375305176,2.321782875061035,1000.0,0.0,-0.26666666666666666,-1.0,-4.0,-15.0,3.0,31
178.0995330810547,8.416132926940918,1.6832265853881836,1000.0,0.0,-0.26666666666666666,-0.9333333333333333,-4.0,-14.0,3.0,31
179.60614013671875,13.714887619018555,2.742977523803711,1000.0,0.0,-0.26666666666666666,-0.8666666666666667,-4.0,-13.0,3.0,31
181.10162353515625,12.64970874786377,2.529941749572754,1000.0,0.0,-0.26666666666666666,-0.8,-4.0,-12.0,3.0,31
197.2026824951172,26.82623863220215,5.36524772644043,1000.0,0.0,-0.26666666666666666,-0.7333333333333333,-4.0,-11.0,3.0,31
215.08279418945312,52.188209533691406,10.437641906738282,1000.0,0.0,-0.26666666666666666,-0.6666666666666666,-4.0,-10.0,3.0,31
220.02052307128906,40.49376678466797,8.098753356933594,1000.0,0.0,-0.26666666666666666,-0.6,-4.0,-9.0,3.0,31
267.1201477050781,66.40099334716797,13.280198669433593,1000.0,0.0,-0.26666666666666666,-0.5333333333333333,-4.0,-8.0,3.0,31
244.43887329101562,65.16807556152344,13.033615112304688,1000.0,0.0,-0.26666666666666666,-0.4666666666666667,-4.0,-7.0,3.0,31
198.0865020751953,21.563383102416992,4.312676620483399,1000.0,0.0,-0.26666666666666666,-0.4,-4.0,-6.0,3.0,31
213.72731018066406,40.79461669921875,8.15892333984375,1000.0,0.0,-0.26666666666666666,-0.3333333333333333,-4.0,-5.0,3.0,31
272.0558776855469,79.44879913330078,15.889759826660157,1000.0,0.0,-0.26666666666666666,-0.26666666666666666,-4.0,-4.0,3.0,31
327.067138671875,84.44172668457031,16.888345336914064,1000.0,0.0,-0.26666666666666666,-0.2,-4.0,-3.0,3.0,31
295.9083251953125,95.57296752929688,19.114593505859375,1000.0,0.0,-0.26666666666666666,-0.13333333333333333,-4.0,-2.0,3.0,31
497.0625,104.06590270996094,20.81318054199219,1000.0,0.0,-0.26666666666666666,-0.06666666666666667,-4.0,-1.0,3.0,31
531.6334228515625,61.542789459228516,12.308557891845703,1000.0,0.0,-0.26666666666666666,0.0,-4.0,0.0,3.0,31
457.3163146972656,149.95687866210938,29.991375732421876,1000.0,0.0,-0.26666666666666666,0.06666666666666667,-4.0,1.0,3.0,31
402.8408508300781,166.85772705078125,33.37154541015625,1000.0,0.0,-0.26666666666666666,0.13333333333333333,-4.0,2.0,3.0,31
394.85186767578125,175.46534729003906,35.09306945800781,1000.0,0.0,-0.26666666666666666,0.2,-4.0,3.0,3.0,31
400.1877746582031,154.1248779296875,30.8249755859375,1000.0,0.0,-0.26666666666666666,0.26666666666666666,-4.0,4.0,3.0,31
326.58880615234375,90.05921173095703,18.011842346191408,1000.0,0.0,-0.26666666666666666,0.3333333333333333,-4.0,5.0,3.0,31
254.85751342773438,68.65963745117188,13.731927490234375,1000.0,0.0,-0.26666666666666666,0.4,-4.0,6.0,3.0,31
224.3353271484375,52.810325622558594,10.562065124511719,1000.0,0.0,-0.26666666666666666,0.4666666666666667,-4.0,7.0,3.0,31
189.69369506835938,19.588293075561523,3.9176586151123045,1000.0,0.0,-0.26666666666666666,0.5333333333333333,-4.0,8.0,3.0,31
191.44012451171875,21.673053741455078,4.3346107482910154,1000.0,0.0,-0.26666666666666666,0.6,-4.0,9.0,3.0,31
199.1943359375,34.33190155029297,6.866380310058593,1000.0,0.0,-0.26666666666666666,0.6666666666666666,-4.0,10.0,3.0,31
194.66610717773438,32.91016387939453,6.582032775878906,1000.0,0.0,-0.26666666666666666,0.7333333333333333,-4.0,11.0,3.0,31
187.33006286621094,28.4407958984375,5.6881591796875,1000.0,0.0,-0.26666666666666666,0.8,-4.0,12.0,3.0,31
184.0363311767578,15.379162788391113,3.075832557678223,1000.0,0.0,-0.26666666666666666,0.8666666666666667,-4.0,13.0,3.0,31
181.83804321289062,13.507964134216309,2.7015928268432616,1000.0,0.0,-0.26666666666666666,0.9333333333333333,-4.0,14.0,3.0,31
180.8245849609375,15.089478492736816,3.0178956985473633,1000.0,0.0,-0.26666666666666666,1.0,-4.0,15.0,3.0,31
180.64649963378906,10.541753768920898,2.1083507537841797,1000.0,0.0,-0.2,-1.0,-3.0,-15.0,3.0,31
181.6231689453125,13.853382110595703,2.7706764221191404,1000.0,0.0,-0.2,-0.9333333333333333,-3.0,-14.0,3.0,31
180.6984405517578,12.83112907409668,2.5662258148193358,1000.0,0.0,-0.2,-0.8666666666666667,-3.0,-13.0,3.0,31
180.0577392578125,15.416131973266602,3.0832263946533205,1000.0,0.0,-0.2,-0.8,-3.0,-12.0,3.0,31
182.59417724609375,16.044584274291992,3.2089168548583986,1000.0,0.0,-0.2,-0.7333333333333333,-3.0,-11.0,3.0,31
189.23094177246094,23.91476058959961,4.782952117919922,1000.0,0.0,-0.2,-0.6666666666666666,-3.0,-10.0,3.0,31
185.2173309326172,17.586671829223633,3.5173343658447265,1000.0,0.0,-0.2,-0.6,-3.0,-9.0,3.0,31
276.2916259765625,71.20503234863281,14.241006469726562,1000.0,0.0,-0.2,-0.5333333333333333,-3.0,-8.0,3.0,31
276.6961364746094,88.21809387207031,17.643618774414062,1000.0,0.0,-0.2,-0.4666666666666667,-3.0,-7.0,3.0,31
309.7320861816406,83.24574279785156,16.649148559570314,1000.0,0.0,-0.2,-0.4,-3.0,-6.0,3.0,31
324.5182189941406,104.6446533203125,20.9289306640625,1000.0,0.0,-0.2,-0.3333333333333333,-3.0,-5.0,3.0,31
279.4411315917969,96.50830078125,19.30166015625,1000.0,0.0,-0.2,-0.26666666666666666,-3.0,-4.0,3.0,31
274.3262939453125,76.03258514404297,15.206517028808594,1000.0,0.0,-0.2,-0.2,-3.0,-3.0,3.0,31
327.8183288574219,118.00057983398438,23.600115966796874,1000.0,0.0,-0.2,-0.13333333333333333,-3.0,-2.0,3.0,31
529.2216186523438,100.53426361083984,20.106852722167968,1000.0,0.0,-0.2,-0.06666666666666667,-3.0,-1.0,3.0,31
502.2040100097656,123.12543487548828,24.625086975097656,1000.0,0.0,-0.2,0.0,-3.0,0.0,3.0,31
531.6825561523438,148.48646545410156,29.697293090820313,1000.0,0.0,-0.2,0.06666666666666667,-3.0,1.0,3.0,31
327.3158874511719,127.48338317871094,25.496676635742187,1000.0,0.0,-0.2,0.13333333333333333,-3.0,2.0,3.0,31
608.6177978515625,95.91675567626953,19.183351135253908,1000.0,0.0,-0.2,0.2,-3.0,3.0,3.0,31
393.121826171875,171.1995849609375,34.2399169921875,1000.0,0.0,-0.2,0.26666666666666666,-3.0,4.0,3.0,31
247.4340362548828,101.96034240722656,20.392068481445314,1000.0,0.0,-0.2,0.3333333333333333,-3.0,5.0,3.0,31
293.8482666015625,84.64413452148438,16.928826904296876,1000.0,0.0,-0.2,0.4,-3.0,6.0,3.0,31
210.76571655273438,44.80931091308594,8.961862182617187,1000.0,0.0,-0.2,0.4666666666666667,-3.0,7.0,3.0,31
188.59552001953125,15.680724143981934,3.136144828796387,1000.0,0.0,-0.2,0.5333333333333333,-3.0,8.0,3.0,31
186.06680297851562,14.08169937133789,2.816339874267578,1000.0,0.0,-0.2,0.6,-3.0,9.0,3.0,31
216.30673217773438,34.59038162231445,6.9180763244628904,1000.0,0.0,-0.2,0.6666666666666666,-3.0,10.0,3.0,31
203.03912353515625,30.448705673217773,6.089741134643555,1000.0,0.0,-0.2,0.7333333333333333,-3.0,11.0,3.0,31
215.33177185058594,43.74209976196289,8.748419952392577,1000.0,0.0,-0.2,0.8,-3.0,12.0,3.0,31
196.529296875,36.22235870361328,7.244471740722656,1000.0,0.0,-0.2,0.8666666666666667,-3.0,13.0,3.0,31
186.19216918945312,15.057961463928223,3.0115922927856444,1000.0,0.0,-0.2,0.9333333333333333,-3.0,14.0,3.0,31
190.2770538330078,24.012361526489258,4.802472305297852,1000.0,0.0,-0.2,1.0,-3.0,15.0,3.0,31
177.7852020263672,7.763446807861328,1.5526893615722657,1000.0,0.0,-0.13333333333333333,-1.0,-2.0,-15.0,3.0,31
182.85232543945312,16.145788192749023,3.229157638549805,1000.0,0.0,-0.13333333333333333,-0.9333333333333333,-2.0,-14.0,3.0,31
180.9520721435547,11.186725616455078,2.2373451232910155,1000.0,0.0,-0.13333333333333333,-0.8666666666666667,-2.0,-13.0,3.0,31
181.21701049804688,10.472818374633789,2.094563674926758,1000.0,0.0,-0.13333333333333333,-0.8,-2.0,-12.0,3.0,31
186.90940856933594,15.382437705993652,3.0764875411987305,1000.0,0.0,-0.13333333333333333,-0.7333333333333333,-2.0,-11.0,3.0,31
187.7353057861328,16.08670425415039,3.217340850830078,1000.0,0.0,-0.13333333333333333,-0.6666666666666666,-2.0,-10.0,3.0,31
181.46226501464844,13.305004119873047,2.6610008239746095,1000.0,0.0,-0.13333333333333333,-0.6,-2.0,-9.0,3.0,31
352.81915283203125,166.55982971191406,33.31196594238281,1000.0,0.0,-0.13333333333333333,-0.5333333333333333,-2.0,-8.0,3.0,31
305.7098693847656,112.16609954833984,22.43321990966797,1000.0,0.0,-0.13333333333333333,-0.4666666666666667,-2.0,-7.0,3.0,31
258.37310791015625,86.32177734375,17.26435546875,1000.0,0.0,-0.13333333333333333,-0.4,-2.0,-6.0,3.0,31
314.6058349609375,111.33842468261719,22.267684936523438,1000.0,0.0,-0.13333333333333333,-0.3333333333333333,-2.0,-5.0,3.0,31
260.062255859375,92.11589050292969,18.423178100585936,1000.0,0.0,-0.13333333333333333,-0.26666666666666666,-2.0,-4.0,3.0,31
251.61572265625,66.30319213867188,13.260638427734374,1000.0,0.0,-0.13333333333333333,-0.2,-2.0,-3.0,3.0,31
504.7086181640625,163.63442993164062,32.72688598632813,1000.0,0.0,-0.13333333333333333,-0.13333333333333333,-2.0,-2.0,3.0,31
377.77734375,134.1226348876953,26.824526977539062,1000.0,0.0,-0.13333333333333333,-0.06666666666666667,-2.0,-1.0,3.0,31
808.4579467773438,116.4869613647461,23.297392272949217,1000.0,0.0,-0.13333333333333333,0.0,-2.0,0.0,3.0,31
666.5496826171875,224.87881469726562,44.975762939453126,1000.0,0.0,-0.13333333333333333,0.06666666666666667,-2.0,1.0,3.0,31
353.5128479003906,153.08949279785156,30.617898559570314,1000.0,0.0,-0.13333333333333333,0.13333333333333333,-2.0,2.0,3.0,31
435.1918029785156,154.17236328125,30.83447265625,1000.0,0.0,-0.13333333333333333,0.2,-2.0,3.0,3.0,31
453.7986755371094,103.03160095214844,20.606320190429688,1000.0,0.0,-0.13333333333333333,0.26666666666666666,-2.0,4.0,3.0,31
300.800048828125,132.75820922851562,26.551641845703124,1000.0,0.0,-0.13333333333333333,0.3333333333333333,-2.0,5.0,3.0,31
305.14886474609375,121.4752197265625,24.2950439453125,1000.0,0.0,-0.13333333333333333,0.4,-2.0,6.0,3.0,31
233.72361755371094,73.41461181640625,14.68292236328125,1000.0,0.0,-0.13333333333333333,0.4666666666666667,-2.0,7.0,3.0,31
198.95753479003906,40.86735534667969,8.173471069335937,1000.0,0.0,-0.13333333333333333,0.5333333333333333,-2.0,8.0,3.0,31
214.09640502929688,31.567768096923828,6.3135536193847654,1000.0,0.0,-0.13333333333333333,0.6,-2.0,9.0,3.0,31
294.7574157714844,64.05200958251953,12.810401916503906,1000.0,0.0,-0.13333333333333333,0.6666666666666666,-2.0,10.0,3.0,31
314.6639709472656,102.93965148925781,20.587930297851564,1000.0,0.0,-0.13333333333333333,0.7333333333333333,-2.0,11.0,3.0,31
369.95098876953125,122.5582275390625,24.5116455078125,1000.0,0.0,-0.13333333333333333,0.8,-2.0,12.0,3.0,31
338.7002258300781,125.24282836914062,25.048565673828126,1000.0,0.0,-0.13333333333333333,0.8666666666666667,-2.0,13.0,3.0,31
250.25213623046875,101.21156311035156,20.242312622070312,1000.0,0.0,-0.13333333333333333,0.9333333333333333,-2.0,14.0,3.0,31
196.6900634765625,23.80341148376465,4.76068229675293,1000.0,0.0,-0.13333333333333333,1.0,-2.0,15.0,3.0,31
178.55828857421875,11.25461196899414,2.2509223937988283,1000.0,0.0,-0.06666666666666667,-1.0,-1.0,-15.0,3.0,31
179.8772430419922,13.123743057250977,2.6247486114501952,1000.0,0.0,-0.06666666666666667,-0.9333333333333333,-1.0,-14.0,3.0,31
182.21022033691406,16.959497451782227,3.3918994903564452,1000.0,0.0,-0.06666666666666667,-0.8666666666666667,-1.0,-13.0,3.0,31
182.01507568359375,10.876938819885254,2.1753877639770507,1000.0,0.0,-0.06666666666666667,-0.8,-1.0,-12.0,3.0,31
190.44985961914062,15.76596450805664,3.153192901611328,1000.0,0.0,-0.06666666666666667,-0.7333333333333333,-1.0,-11.0,3.0,31
188.97393798828125,13.404678344726562,2.6809356689453123,1000.0,0.0,-0.06666666666666667,-0.6666666666666666,-1.0,-10.0,3.0,31
293.4282531738281,100.67158508300781,20.134317016601564,1000.0,0.0,-0.06666666666666667,-0.6,-1.0,-9.0,3.0,31
300.8930969238281,139.80484008789062,27.960968017578125,1000.0,0.0,-0.06666666666666667,-0.5333333333333333,-1.0,-8.0,3.0,31
331.66485595703125,160.9337921142578,32.18675842285156,1000.0,0.0,-0.06666666666666667,-0.4666666666666667,-1.0,-7.0,3.0,31
281.0405578613281,99.33062744140625,19.86612548828125,1000.0,0.0,-0.06666666666666667,-0.4,-1.0,-6.0,3.0,31
279.1941223144531,84.1541519165039,16.830830383300782,1000.0,0.0,-0.06666666666666667,-0.3333333333333333,-1.0,-5.0,3.0,31
274.4639587402344,85.20105743408203,17.040211486816407,1000.0,0.0,-0.06666666666666667,-0.26666666666666666,-1.0,-4.0,3.0,31
224.44744873046875,68.26654815673828,13.653309631347657,1000.0,0.0,-0.06666666666666667,-0.2,-1.0,-3.0,3.0,31
242.03573608398438,43.72891616821289,8.745783233642578,1000.0,0.0,-0.06666666666666667,-0.13333333333333333,-1.0,-2.0,3.0,31
601.015625,258.66583251953125,51.73316650390625,1000.0,0.0,-0.06666666666666667,-0.06666666666666667,-1.0,-1.0,3.0,31
966.3629150390625,34.14537811279297,6.829075622558594,1000.0,0.0,-0.06666666666666667,0.0,-1.0,0.0,3.0,31
945.1295166015625,106.69351959228516,21.338703918457032,1000.0,0.0,-0.06666666666666667,0.06666666666666667,-1.0,1.0,3.0,31
500.54034423828125,190.8782196044922,38.17564392089844,1000.0,0.0,-0.06666666666666667,0.13333333333333333,-1.0,2.0,3.0,31
327.9068298339844,106.01556396484375,21.20311279296875,1000.0,0.0,-0.06666666666666667,0.2,-1.0,3.0,3.0,31
311.9510498046875,77.40003204345703,15.480006408691406,1000.0,0.0,-0.06666666666666667,0.26666666666666666,-1.0,4.0,3.0,31
286.3248596191406,106.22931671142578,21.245863342285155,1000.0,0.0,-0.06666666666666667,0.3333333333333333,-1.0,5.0,3.0,31
272.9664611816406,126.1142349243164,25.22284698486328,1000.0,0.0,-0.06666666666666667,0.4,-1.0,6.0,3.0,31
313.0566711425781,153.66419982910156,30.73283996582031,1000.0,0.0,-0.06666666666666667,0.4666666666666667,-1.0,7.0,3.0,31
385.229736328125,123.82315063476562,24.764630126953126,1000.0,0.0,-0.06666666666666667,0.5333333333333333,-1.0,8.0,3.0,31
412.30389404296875,78.81803131103516,15.76360626220703,1000.0,0.0,-0.06666666666666667,0.6,-1.0,9.0,3.0,31
371.5824890136719,61.649253845214844,12.329850769042968,1000.0,0.0,-0.06666666666666667,0.6666666666666666,-1.0,10.0,3.0,31
376.58660888671875,49.664955139160156,9.932991027832031,1000.0,0.0,-0.06666666666666667,0.7333333333333333,-1.0,11.0,3.0,31
413.6466369628906,59.904422760009766,11.980884552001953,1000.0,0.0,-0.06666666666666667,0.8,-1.0,12.0,3.0,31
398.19085693359375,90.9217529296875,18.1843505859375,1000.0,0.0,-0.06666666666666667,0.8666666666666667,-1.0,13.0,3.0,31
382.8081970214844,92.29133605957031,18.458267211914062,1000.0,0.0,-0.06666666666666667,0.9333333333333333,-1.0,14.0,3.0,31
277.73236083984375,99.4564208984375,19.8912841796875,1000.0,0.0,-0.06666666666666667,1.0,-1.0,15.0,3.0,31
177.8376922607422,9.262351989746094,1.8524703979492188,1000.0,0.0,0.0,-1.0,0.0,-15.0,3.0,31
176.4187469482422,9.092668533325195,1.818533706665039,1000.0,0.0,0.0,-0.9333333333333333,0.0,-14.0,3.0,31
206.89990234375,27.428977966308594,5.485795593261718,1000.0,0.0,0.0,-0.8666666666666667,0.0,-13.0,3.0,31
202.20272827148438,28.301794052124023,5.660358810424805,1000.0,0.0,0.0,-0.8,0.0,-12.0,3.0,31
199.18576049804688,21.80483627319336,4.3609672546386715,1000.0,0.0,0.0,-0.7333333333333333,0.0,-11.0,3.0,31
187.42178344726562,18.025455474853516,3.605091094970703,1000.0,0.0,0.0,-0.6666666666666666,0.0,-10.0,3.0,31
199.39425659179688,23.50895118713379,4.701790237426758,1000.0,0.0,0.0,-0.6,0.0,-9.0,3.0,31
241.51815795898438,69.97046661376953,13.994093322753907,1000.0,0.0,0.0,-0.5333333333333333,0.0,-8.0,3.0,31
197.41049194335938,30.768966674804688,6.1537933349609375,1000.0,0.0,0.0,-0.4666666666666667,0.0,-7.0,3.0,31
192.79681396484375,27.770837783813477,5.554167556762695,1000.0,0.0,0.0,-0.4,0.0,-6.0,3.0,31
264.73712158203125,84.90754699707031,16.981509399414062,1000.0,0.0,0.0,-0.3333333333333333,0.0,-5.0,3.0,31
245.90609741210938,72.45640563964844,14.491281127929687,1000.0,0.0,0.0,-0.26666666666666666,0.0,-4.0,3.0,31
261.5948486328125,80.59244537353516,16.118489074707032,1000.0,0.0,0.0,-0.2,0.0,-3.0,3.0,31
276.1494445800781,87.2156982421875,17.4431396484375,1000.0,0.0,0.0,-0.13333333333333333,0.0,-2.0,3.0,31
966.364990234375,21.38858985900879,4.277717971801758,1000.0,0.0,0.0,-0.06666666666666667,0.0,-1.0,3.0,31
981.9466552734375,10.077849388122559,2.015569877624512,1000.0,0.0,0.0,0.0,0.0,0.0,3.0,31
977.7890014648438,14.22181224822998,2.8443624496459963,1000.0,0.0,0.0,0.06666666666666667,0.0,1.0,3.0,31
595.2945556640625,248.7698211669922,49.753964233398435,1000.0,0.0,0.0,0.13333333333333333,0.0,2.0,3.0,31
276.3903503417969,91.17721557617188,18.235443115234375,1000.0,0.0,0.0,0.2,0.0,3.0,3.0,31
251.63832092285156,80.75043487548828,16.150086975097658,1000.0,0.0,0.0,0.26666666666666666,0.0,4.0,3.0,31
266.0438232421875,69.489013671875,13.897802734375,1000.0,0.0,0.0,0.3333333333333333,0.0,5.0,3.0,31
418.83673095703125,167.5299835205078,33.50599670410156,1000.0,0.0,0.0,0.4,0.0,6.0,3.0,31
465.791015625,97.60321807861328,19.520643615722655,1000.0,0.0,0.0,0.4666666666666667,0.0,7.0,3.0,31
462.1127624511719,112.90923309326172,22.581846618652342,1000.0,0.0,0.0,0.5333333333333333,0.0,8.0,3.0,31
498.4169921875,92.8838119506836,18.576762390136718,1000.0,0.0,0.0,0.6,0.0,9.0,3.0,31
472.96246337890625,59.14070510864258,11.828141021728516,1000.0,0.0,0.0,0.6666666666666666,0.0,10.0,3.0,31
476.0751647949219,59.84531784057617,11.969063568115235,1000.0,0.0,0.0,0.7333333333333333,0.0,11.0,3.0,31
449.549560546875,62.319332122802734,12.463866424560546,1000.0,0.0,0.0,0.8,0.0,12.0,3.0,31
442.8653259277344,39.94890213012695,7.989780426025391,1000.0,0.0,0.0,0.8666666666666667,0.0,13.0,3.0,31
396.0665588378906,52.365116119384766,10.473023223876954,1000.0,0.0,0.0,0.9333333333333333,0.0,14.0,3.0,31
391.27813720703125,87.40770721435547,17.481541442871094,1000.0,0.0,0.0,1.0,0.0,15.0,3.0,31
179.1864471435547,14.453097343444824,2.890619468688965,1000.0,0.0,0.06666666666666667,-1.0,1.0,-15.0,3.0,31
190.6981201171875,20.742631912231445,4.148526382446289,1000.0,0.0,0.06666666666666667,-0.9333333333333333,1.0,-14.0,3.0,31
202.54673767089844,26.81003189086914,5.362006378173828,1000.0,0.0,0.06666666666666667,-0.8666666666666667,1.0,-13.0,3.0,31
206.9247589111328,25.48491668701172,5.096983337402344,1000.0,0.0,0.06666666666666667,-0.8,1.0,-12.0,3.0,31
203.1088104248047,23.067249298095703,4.6134498596191404,1000.0,0.0,0.06666666666666667,-0.7333333333333333,1.0,-11.0,3.0,31
197.80105590820312,19.391582489013672,3.8783164978027345,1000.0,0.0,0.06666666666666667,-0.6666666666666666,1.0,-10.0,3.0,31
218.5457763671875,35.64716720581055,7.129433441162109,1000.0,0.0,0.06666666666666667,-0.6,1.0,-9.0,3.0,31
189.7412567138672,16.822843551635742,3.3645687103271484,1000.0,0.0,0.06666666666666667,-0.5333333333333333,1.0,-8.0,3.0,31
215.26422119140625,48.20722579956055,9.64144515991211,1000.0,0.0,0.06666666666666667,-0.4666666666666667,1.0,-7.0,3.0,31
207.23439025878906,35.837467193603516,7.167493438720703,1000.0,0.0,0.06666666666666667,-0.4,1.0,-6.0,3.0,31
203.72511291503906,23.899076461791992,4.779815292358398,1000.0,0.0,0.06666666666666667,-0.3333333333333333,1.0,-5.0,3.0,31
237.0690460205078,69.11312103271484,13.822624206542969,1000.0,0.0,0.06666666666666667,-0.26666666666666666,1.0,-4.0,3.0,31
318.28594970703125,117.63391876220703,23.526783752441407,1000.0,0.0,0.06666666666666667,-0.2,1.0,-3.0,3.0,31
438.0592956542969,161.7070770263672,32.34141540527344,1000.0,0.0,0.06666666666666667,-0.13333333333333333,1.0,-2.0,3.0,31
886.7781982421875,49.4259147644043,9.885182952880859,1000.0,0.0,0.06666666666666667,-0.06666666666666667,1.0,-1.0,3.0,31
950.5248413085938,23.57146644592285,4.71429328918457,1000.0,0.0,0.06666666666666667,0.0,1.0,0.0,3.0,31
894.1367797851562,143.9133758544922,28.782675170898436,1000.0,0.0,0.06666666666666667,0.06666666666666667,1.0,1.0,3.0,31
467.0728759765625,242.50149536132812,48.500299072265626,1000.0,0.0,0.06666666666666667,0.13333333333333333,1.0,2.0,3.0,31
243.6953887939453,59.50107192993164,11.900214385986327,1000.0,0.0,0.06666666666666667,0.2,1.0,3.0,3.0,31
262.5421142578125,75.83849334716797,15.167698669433594,1000.0,0.0,0.06666666666666667,0.26666666666666666,1.0,4.0,3.0,31
394.5346984863281,57.44832992553711,11.489665985107422,1000.0,0.0,0.06666666666666667,0.3333333333333333,1.0,5.0,3.0,31
403.8809509277344,108.53556823730469,21.707113647460936,1000.0,0.0,0.06666666666666667,0.4,1.0,6.0,3.0,31
332.85968017578125,112.96956634521484,22.593913269042968,1000.0,0.0,0.06666666666666667,0.4666666666666667,1.0,7.0,3.0,31
304.0794982910156,97.19544219970703,19.439088439941408,1000.0,0.0,0.06666666666666667,0.5333333333333333,1.0,8.0,3.0,31
271.6181945800781,62.000694274902344,12.400138854980469,1000.0,0.0,0.06666666666666667,0.6,1.0,9.0,3.0,31
393.802490234375,100.45765686035156,20.091531372070314,1000.0,0.0,0.06666666666666667,0.6666666666666666,1.0,10.0,3.0,31
465.3233642578125,35.529449462890625,7.105889892578125,1000.0,0.0,0.06666666666666667,0.7333333333333333,1.0,11.0,3.0,31
458.3702392578125,50.10497283935547,10.020994567871094,1000.0,0.0,0.06666666666666667,0.8,1.0,12.0,3.0,31
445.6751708984375,37.1367301940918,7.427346038818359,1000.0,0.0,0.06666666666666667,0.8666666666666667,1.0,13.0,3.0,31
408.4531555175781,84.40673065185547,16.881346130371092,1000.0,0.0,0.06666666666666667,0.9333333333333333,1.0,14.0,3.0,31
445.75115966796875,46.93400192260742,9.386800384521484,1000.0,0.0,0.06666666666666667,1.0,1.0,15.0,3.0,31
179.33152770996094,13.84007453918457,2.768014907836914,1000.0,0.0,0.13333333333333333,-1.0,2.0,-15.0,3.0,31
194.6747589111328,19.13786506652832,3.8275730133056642,1000.0,0.0,0.13333333333333333,-0.9333333333333333,2.0,-14.0,3.0,31
208.31182861328125,27.923545837402344,5.584709167480469,1000.0,0.0,0.13333333333333333,-0.8666666666666667,2.0,-13.0,3.0,31
230.83175659179688,44.65221405029297,8.930442810058594,1000.0,0.0,0.13333333333333333,-0.8,2.0,-12.0,3.0,31
245.6117401123047,48.60844802856445,9.721689605712891,1000.0,0.0,0.13333333333333333,-0.7333333333333333,2.0,-11.0,3.0,31
234.9744110107422,42.7101936340332,8.542038726806641,1000.0,0.0,0.13333333333333333,-0.6666666666666666,2.0,-10.0,3.0,31
208.64822387695312,35.40883255004883,7.081766510009766,1000.0,0.0,0.13333333333333333,-0.6,2.0,-9.0,3.0,31
202.10691833496094,38.622474670410156,7.724494934082031,1000.0,0.0,0.13333333333333333,-0.5333333333333333,2.0,-8.0,3.0,31
208.4237823486328,40.67770767211914,8.135541534423828,1000.0,0.0,0.13333333333333333,-0.4666666666666667,2.0,-7.0,3.0,31
210.7470245361328,38.11089324951172,7.622178649902343,1000.0,0.0,0.13333333333333333,-0.4,2.0,-6.0,3.0,31
198.71249389648438,34.79540252685547,6.959080505371094,1000.0,0.0,0.13333333333333333,-0.3333333333333333,2.0,-5.0,3.0,31
218.62997436523438,48.780967712402344,9.756193542480469,1000.0,0.0,0.13333333333333333,-0.26666666666666666,2.0,-4.0,3.0,31
245.88604736328125,88.11016845703125,17.62203369140625,1000.0,0.0,0.13333333333333333,-0.2,2.0,-3.0,3.0,31
286.2308044433594,108.27830505371094,21.655661010742186,1000.0,0.0,0.13333333333333333,-0.13333333333333333,2.0,-2.0,3.0,31
534.118408203125,238.69871520996094,47.739743041992185,1000.0,0.0,0.13333333333333333,-0.06666666666666667,2.0,-1.0,3.0,31
748.39013671875,163.11941528320312,32.62388305664062,1000.0,0.0,0.13333333333333333,0.0,2.0,0.0,3.0,31
726.9861450195312,126.98274230957031,25.396548461914062,1000.0,0.0,0.13333333333333333,0.06666666666666667,2.0,1.0,3.0,31
465.83831787109375,211.60671997070312,42.321343994140626,1000.0,0.0,0.13333333333333333,0.13333333333333333,2.0,2.0,3.0,31
239.2880859375,60.217529296875,12.043505859375,1000.0,0.0,0.13333333333333333,0.2,2.0,3.0,3.0,31
234.68309020996094,50.75311279296875,10.15062255859375,1000.0,0.0,0.13333333333333333,0.26666666666666666,2.0,4.0,3.0,31
237.73504638671875,50.918949127197266,10.183789825439453,1000.0,0.0,0.13333333333333333,0.3333333333333333,2.0,5.0,3.0,31
279.08831787109375,84.53775024414062,16.907550048828124,1000.0,0.0,0.13333333333333333,0.4,2.0,6.0,3.0,31
276.2443542480469,79.978515625,15.995703125,1000.0,0.0,0.13333333333333333,0.4666666666666667,2.0,7.0,3.0,31
226.1161346435547,38.345027923583984,7.669005584716797,1000.0,0.0,0.13333333333333333,0.5333333333333333,2.0,8.0,3.0,31
255.2323455810547,74.42755889892578,14.885511779785157,1000.0,0.0,0.13333333333333333,0.6,2.0,9.0,3.0,31
264.4165954589844,94.47772979736328,18.895545959472656,1000.0,0.0,0.13333333333333333,0.6666666666666666,2.0,10.0,3.0,31
275.5484619140625,104.84404754638672,20.968809509277342,1000.0,0.0,0.13333333333333333,0.7333333333333333,2.0,11.0,3.0,31
312.03228759765625,109.767822265625,21.953564453125,1000.0,0.0,0.13333333333333333,0.8,2.0,12.0,3.0,31
372.9792175292969,110.86531066894531,22.173062133789063,1000.0,0.0,0.13333333333333333,0.8666666666666667,2.0,13.0,3.0,31
448.629150390625,73.72215270996094,14.744430541992188,1000.0,0.0,0.13333333333333333,0.9333333333333333,2.0,14.0,3.0,31
431.329833984375,50.766502380371094,10.153300476074218,1000.0,0.0,0.13333333333333333,1.0,2.0,15.0,3.0,31
182.73167419433594,15.916400909423828,3.183280181884766,1000.0,0.0,0.2,-1.0,3.0,-15.0,3.0,31
179.8928680419922,14.08407211303711,2.816814422607422,1000.0,0.0,0.2,-0.9333333333333333,3.0,-14.0,3.0,31
225.59487915039062,41.15822982788086,8.231645965576172,1000.0,0.0,0.2,-0.8666666666666667,3.0,-13.0,3.0,31
214.3754119873047,30.77050018310547,6.154100036621093,1000.0,0.0,0.2,-0.8,3.0,-12.0,3.0,31
195.12149047851562,21.870027542114258,4.374005508422852,1000.0,0.0,0.2,-0.7333333333333333,3.0,-11.0,3.0,31
182.443359375,14.117605209350586,2.823521041870117,1000.0,0.0,0.2,-0.6666666666666666,3.0,-10.0,3.0,31
195.32713317871094,26.394975662231445,5.278995132446289,1000.0,0.0,0.2,-0.6,3.0,-9.0,3.0,31
201.3832244873047,31.6621036529541,6.332420730590821,1000.0,0.0,0.2,-0.5333333333333333,3.0,-8.0,3.0,31
187.98765563964844,21.704622268676758,4.340924453735352,1000.0,0.0,0.2,-0.4666666666666667,3.0,-7.0,3.0,31
193.10345458984375,23.145313262939453,4.629062652587891,1000.0,0.0,0.2,-0.4,3.0,-6.0,3.0,31
200.30303955078125,26.136341094970703,5.227268218994141,1000.0,0.0,0.2,-0.3333333333333333,3.0,-5.0,3.0,31
261.8243713378906,47.6956672668457,9.539133453369141,1000.0,0.0,0.2,-0.26666666666666666,3.0,-4.0,3.0,31
292.4730529785156,67.7273941040039,13.545478820800781,1000.0,0.0,0.2,-0.2,3.0,-3.0,3.0,31
273.0504150390625,86.13411712646484,17.22682342529297,1000.0,0.0,0.2,-0.13333333333333333,3.0,-2.0,3.0,31
261.708251953125,68.94790649414062,13.789581298828125,1000.0,0.0,0.2,-0.06666666666666667,3.0,-1.0,3.0,31
371.62860107421875,115.29808807373047,23.059617614746095,1000.0,0.0,0.2,0.0,3.0,0.0,3.0,31
296.7245178222656,104.30232238769531,20.86046447753906,1000.0,0.0,0.2,0.06666666666666667,3.0,1.0,3.0,31
386.7363586425781,83.4513931274414,16.690278625488283,1000.0,0.0,0.2,0.13333333333333333,3.0,2.0,3.0,31
356.05047607421875,108.7332763671875,21.7466552734375,1000.0,0.0,0.2,0.2,3.0,3.0,3.0,31
277.1334228515625,77.2511215209961,15.450224304199219,1000.0,0.0,0.2,0.26666666666666666,3.0,4.0,3.0,31
309.11749267578125,100.7643814086914,20.15287628173828,1000.0,0.0,0.2,0.3333333333333333,3.0,5.0,3.0,31
245.0178680419922,72.67582702636719,14.535165405273437,1000.0,0.0,0.2,0.4,3.0,6.0,3.0,31
239.2948455810547,51.06892776489258,10.213785552978516,1000.0,0.0,0.2,0.4666666666666667,3.0,7.0,3.0,31
244.80909729003906,52.81291198730469,10.562582397460938,1000.0,0.0,0.2,0.5333333333333333,3.0,8.0,3.0,31
239.1847686767578,78.06639862060547,15.613279724121094,1000.0,0.0,0.2,0.6,3.0,9.0,3.0,31
265.3750915527344,72.37064361572266,14.474128723144531,1000.0,0.0,0.2,0.6666666666666666,3.0,10.0,3.0,31
314.80816650390625,130.71005249023438,26.142010498046876,1000.0,0.0,0.2,0.7333333333333333,3.0,11.0,3.0,31
340.8914794921875,130.17721557617188,26.035443115234376,1000.0,0.0,0.2,0.8,3.0,12.0,3.0,31
311.85211181640625,121.34782409667969,24.269564819335937,1000.0,0.0,0.2,0.8666666666666667,3.0,13.0,3.0,31
334.85614013671875,113.24430847167969,22.648861694335938,1000.0,0.0,0.2,0.9333333333333333,3.0,14.0,3.0,31
393.01019287109375,105.96751403808594,21.193502807617186,1000.0,0.0,0.2,1.0,3.0,15.0,3.0,31
184.0752716064453,21.733936309814453,4.3467872619628904,1000.0,0.0,0.26666666666666666,-1.0,4.0,-15.0,3.0,31
188.0057830810547,23.54705238342285,4.70941047668457,1000.0,0.0,0.26666666666666666,-0.9333333333333333,4.0,-14.0,3.0,31
187.5760955810547,21.50571060180664,4.3011421203613285,1000.0,0.0,0.26666666666666666,-0.8666666666666667,4.0,-13.0,3.0,31
178.95196533203125,11.466924667358398,2.2933849334716796,1000.0,0.0,0.26666666666666666,-0.8,4.0,-12.0,3.0,31
181.30087280273438,15.124735832214355,3.024947166442871,1000.0,0.0,0.26666666666666666,-0.7333333333333333,4.0,-11.0,3.0,31
185.4730682373047,15.72586727142334,3.145173454284668,1000.0,0.0,0.26666666666666666,-0.6666666666666666,4.0,-10.0,3.0,31
194.32156372070312,20.43478012084961,4.086956024169922,1000.0,0.0,0.26666666666666666,-0.6,4.0,-9.0,3.0,31
202.87857055664062,37.19799041748047,7.439598083496094,1000.0,0.0,0.26666666666666666,-0.5333333333333333,4.0,-8.0,3.0,31
191.11734008789062,26.682891845703125,5.336578369140625,1000.0,0.0,0.26666666666666666,-0.4666666666666667,4.0,-7.0,3.0,31
203.4970245361328,29.870485305786133,5.974097061157226,1000.0,0.0,0.26666666666666666,-0.4,4.0,-6.0,3.0,31
230.55934143066406,48.77201461791992,9.754402923583985,1000.0,0.0,0.26666666666666666,-0.3333333333333333,4.0,-5.0,3.0,31
291.1816101074219,54.879608154296875,10.975921630859375,1000.0,0.0,0.26666666666666666,-0.26666666666666666,4.0,-4.0,3.0,31
257.41668701171875,58.62483215332031,11.724966430664063,1000.0,0.0,0.26666666666666666,-0.2,4.0,-3.0,3.0,31
235.11817932128906,56.83401870727539,11.366803741455078,1000.0,0.0,0.26666666666666666,-0.13333333333333333,4.0,-2.0,3.0,31
345.833251953125,92.88294219970703,18.576588439941407,1000.0,0.0,0.26666666666666666,-0.06666666666666667,4.0,-1.0,3.0,31
292.3500061035156,111.23974609375,22.24794921875,1000.0,0.0,0.26666666666666666,0.0,4.0,0.0,3.0,31
300.773681640625,98.16874694824219,19.633749389648436,1000.0,0.0,0.26666666666666666,0.06666666666666667,4.0,1.0,3.0,31
320.58355712890625,87.56073760986328,17.512147521972658,1000.0,0.0,0.26666666666666666,0.13333333333333333,4.0,2.0,3.0,31
317.0567626953125,83.76200103759766,16.752400207519532,1000.0,0.0,0.26666666666666666,0.2,4.0,3.0,3.0,31
305.0733337402344,76.40216827392578,15.280433654785156,1000.0,0.0,0.26666666666666666,0.26666666666666666,4.0,4.0,3.0,31
291.8597717285156,91.99322509765625,18.39864501953125,1000.0,0.0,0.26666666666666666,0.3333333333333333,4.0,5.0,3.0,31
258.769287109375,66.92976379394531,13.385952758789063,1000.0,0.0,0.26666666666666666,0.4,4.0,6.0,3.0,31
265.5174865722656,91.74309539794922,18.348619079589845,1000.0,0.0,0.26666666666666666,0.4666666666666667,4.0,7.0,3.0,31
304.85235595703125,99.92257690429688,19.984515380859374,1000.0,0.0,0.26666666666666666,0.5333333333333333,4.0,8.0,3.0,31
273.8050842285156,92.0650634765625,18.4130126953125,1000.0,0.0,0.26666666666666666,0.6,4.0,9.0,3.0,31
281.7783203125,80.22046661376953,16.044093322753906,1000.0,0.0,0.26666666666666666,0.6666666666666666,4.0,10.0,3.0,31
310.35247802734375,95.89599609375,19.17919921875,1000.0,0.0,0.26666666666666666,0.7333333333333333,4.0,11.0,3.0,31
297.8838195800781,116.33653259277344,23.267306518554687,1000.0,0.0,0.26666666666666666,0.8,4.0,12.0,3.0,31
334.4980773925781,132.97242736816406,26.594485473632812,1000.0,0.0,0.26666666666666666,0.8666666666666667,4.0,13.0,3.0,31
346.4325866699219,123.93608093261719,24.787216186523438,1000.0,0.0,0.26666666666666666,0.9333333333333333,4.0,14.0,3.0,31
384.0796203613281,110.86050415039062,22.172100830078126,1000.0,0.0,0.26666666666666666,1.0,4.0,15.0,3.0,31
181.19139099121094,11.378938674926758,2.2757877349853515,1000.0,0.0,0.3333333333333333,-1.0,5.0,-15.0,3.0,31
180.60081481933594,17.95296287536621,3.5905925750732424,1000.0,0.0,0.3333333333333333,-0.9333333333333333,5.0,-14.0,3.0,31
173.82742309570312,6.640077114105225,1.328015422821045,1000.0,0.0,0.3333333333333333,-0.8666666666666667,5.0,-13.0,3.0,31
180.5083465576172,15.421140670776367,3.0842281341552735,1000.0,0.0,0.3333333333333333,-0.8,5.0,-12.0,3.0,31
181.34703063964844,11.989505767822266,2.397901153564453,1000.0,0.0,0.3333333333333333,-0.7333333333333333,5.0,-11.0,3.0,31
186.62158203125,22.77992057800293,4.555984115600586,1000.0,0.0,0.3333333333333333,-0.6666666666666666,5.0,-10.0,3.0,31
194.42111206054688,25.796611785888672,5.159322357177734,1000.0,0.0,0.3333333333333333,-0.6,5.0,-9.0,3.0,31
198.5516357421875,27.815671920776367,5.563134384155274,1000.0,0.0,0.3333333333333333,-0.5333333333333333,5.0,-8.0,3.0,31
198.00660705566406,31.31426429748535,6.2628528594970705,1000.0,0.0,0.3333333333333333,-0.4666666666666667,5.0,-7.0,3.0,31
193.08233642578125,27.993196487426758,5.598639297485351,1000.0,0.0,0.3333333333333333,-0.4,5.0,-6.0,3.0,31
281.2249450683594,52.364322662353516,10.472864532470703,1000.0,0.0,0.3333333333333333,-0.3333333333333333,5.0,-5.0,3.0,31
299.9691467285156,32.378273010253906,6.475654602050781,1000.0,0.0,0.3333333333333333,-0.26666666666666666,5.0,-4.0,3.0,31
231.49168395996094,35.05381393432617,7.010762786865234,1000.0,0.0,0.3333333333333333,-0.2,5.0,-3.0,3.0,31
217.74627685546875,51.967342376708984,10.393468475341797,1000.0,0.0,0.3333333333333333,-0.13333333333333333,5.0,-2.0,3.0,31
391.4311218261719,113.63494873046875,22.72698974609375,1000.0,0.0,0.3333333333333333,-0.06666666666666667,5.0,-1.0,3.0,31
344.3500671386719,146.34657287597656,29.269314575195313,1000.0,0.0,0.3333333333333333,0.0,5.0,0.0,3.0,31
259.7753601074219,70.54692840576172,14.109385681152343,1000.0,0.0,0.3333333333333333,0.06666666666666667,5.0,1.0,3.0,31
261.2421569824219,73.2057876586914,14.641157531738282,1000.0,0.0,0.3333333333333333,0.13333333333333333,5.0,2.0,3.0,31
221.8038330078125,34.52793502807617,6.905587005615234,1000.0,0.0,0.3333333333333333,0.2,5.0,3.0,3.0,31
232.15399169921875,45.956268310546875,9.191253662109375,1000.0,0.0,0.3333333333333333,0.26666666666666666,5.0,4.0,3.0,31
241.86448669433594,61.31702423095703,12.263404846191406,1000.0,0.0,0.3333333333333333,0.3333333333333333,5.0,5.0,3.0,31
299.07464599609375,91.44669342041016,18.289338684082033,1000.0,0.0,0.3333333333333333,0.4,5.0,6.0,3.0,31
251.48025512695312,77.76380920410156,15.552761840820313,1000.0,0.0,0.3333333333333333,0.4666666666666667,5.0,7.0,3.0,31
275.76629638671875,71.38127899169922,14.276255798339843,1000.0,0.0,0.3333333333333333,0.5333333333333333,5.0,8.0,3.0,31
284.179931640625,113.23511505126953,22.647023010253907,1000.0,0.0,0.3333333333333333,0.6,5.0,9.0,3.0,31
296.61492919921875,112.12104797363281,22.424209594726562,1000.0,0.0,0.3333333333333333,0.6666666666666666,5.0,10.0,3.0,31
282.2825927734375,103.24600982666016,20.649201965332033,1000.0,0.0,0.3333333333333333,0.7333333333333333,5.0,11.0,3.0,31
327.5588073730469,112.10926818847656,22.421853637695314,1000.0,0.0,0.3333333333333333,0.8,5.0,12.0,3.0,31
345.1026916503906,117.27815246582031,23.455630493164062,1000.0,0.0,0.3333333333333333,0.8666666666666667,5.0,13.0,3.0,31
386.9442443847656,90.41050720214844,18.08210144042969,1000.0,0.0,0.3333333333333333,0.9333333333333333,5.0,14.0,3.0,31
404.2572021484375,116.1202621459961,23.22405242919922,1000.0,0.0,0.3333333333333333,1.0,5.0,15.0,3.0,31
181.87686157226562,14.975006103515625,2.995001220703125,1000.0,0.0,0.4,-1.0,6.0,-15.0,3.0,31
178.85140991210938,15.662638664245605,3.132527732849121,1000.0,0.0,0.4,-0.9333333333333333,6.0,-14.0,3.0,31
182.05203247070312,19.64702033996582,3.929404067993164,1000.0,0.0,0.4,-0.8666666666666667,6.0,-13.0,3.0,31
178.0152130126953,9.537542343139648,1.9075084686279298,1000.0,0.0,0.4,-0.8,6.0,-12.0,3.0,31
191.03843688964844,22.117626190185547,4.42352523803711,1000.0,0.0,0.4,-0.7333333333333333,6.0,-11.0,3.0,31
199.52525329589844,24.708026885986328,4.9416053771972654,1000.0,0.0,0.4,-0.6666666666666666,6.0,-10.0,3.0,31
216.32275390625,35.88433837890625,7.17686767578125,1000.0,0.0,0.4,-0.6,6.0,-9.0,3.0,31
222.95718383789062,39.00004196166992,7.800008392333984,1000.0,0.0,0.4,-0.5333333333333333,6.0,-8.0,3.0,31
197.86239624023438,36.028602600097656,7.205720520019531,1000.0,0.0,0.4,-0.4666666666666667,6.0,-7.0,3.0,31
211.00015258789062,41.20233154296875,8.24046630859375,1000.0,0.0,0.4,-0.4,6.0,-6.0,3.0,31
239.88351440429688,54.16026306152344,10.832052612304688,1000.0,0.0,0.4,-0.3333333333333333,6.0,-5.0,3.0,31
224.47036743164062,45.473602294921875,9.094720458984375,1000.0,0.0,0.4,-0.26666666666666666,6.0,-4.0,3.0,31
201.85986328125,30.98786163330078,6.197572326660156,1000.0,0.0,0.4,-0.2,6.0,-3.0,3.0,31
232.9608917236328,85.2404556274414,17.04809112548828,1000.0,0.0,0.4,-0.13333333333333333,6.0,-2.0,3.0,31
334.6473388671875,126.64771270751953,25.329542541503905,1000.0,0.0,0.4,-0.06666666666666667,6.0,-1.0,3.0,31
218.0759735107422,50.41213607788086,10.082427215576171,1000.0,0.0,0.4,0.0,6.0,0.0,3.0,31
264.30206298828125,84.33662414550781,16.867324829101562,1000.0,0.0,0.4,0.06666666666666667,6.0,1.0,3.0,31
242.3038330078125,49.55513381958008,9.911026763916016,1000.0,0.0,0.4,0.13333333333333333,6.0,2.0,3.0,31
208.8023223876953,32.74348068237305,6.548696136474609,1000.0,0.0,0.4,0.2,6.0,3.0,3.0,31
190.93716430664062,27.04241180419922,5.408482360839844,1000.0,0.0,0.4,0.26666666666666666,6.0,4.0,3.0,31
200.85955810546875,37.96566390991211,7.593132781982422,1000.0,0.0,0.4,0.3333333333333333,6.0,5.0,3.0,31
211.91355895996094,34.367584228515625,6.873516845703125,1000.0,0.0,0.4,0.4,6.0,6.0,3.0,31
248.22630310058594,74.53443908691406,14.906887817382813,1000.0,0.0,0.4,0.4666666666666667,6.0,7.0,3.0,31
303.58343505859375,79.56368255615234,15.912736511230468,1000.0,0.0,0.4,0.5333333333333333,6.0,8.0,3.0,31
274.82452392578125,82.20185852050781,16.440371704101562,1000.0,0.0,0.4,0.6,6.0,9.0,3.0,31
273.5323181152344,89.39619445800781,17.879238891601563,1000.0,0.0,0.4,0.6666666666666666,6.0,10.0,3.0,31
273.9805603027344,89.5844497680664,17.916889953613282,1000.0,0.0,0.4,0.7333333333333333,6.0,11.0,3.0,31
280.0531311035156,107.15399169921875,21.43079833984375,1000.0,0.0,0.4,0.8,6.0,12.0,3.0,31
344.302978515625,124.751708984375,24.950341796875,1000.0,0.0,0.4,0.8666666666666667,6.0,13.0,3.0,31
341.0508117675781,109.8172378540039,21.96344757080078,1000.0,0.0,0.4,0.9333333333333333,6.0,14.0,3.0,31
379.1253967285156,118.53389739990234,23.70677947998047,1000.0,0.0,0.4,1.0,6.0,15.0,3.0,31
180.15875244140625,14.254682540893555,2.850936508178711,1000.0,0.0,0.4666666666666667,-1.0,7.0,-15.0,3.0,31
184.85630798339844,17.654916763305664,3.5309833526611327,1000.0,0.0,0.4666666666666667,-0.9333333333333333,7.0,-14.0,3.0,31
194.53175354003906,42.247467041015625,8.449493408203125,1000.0,0.0,0.4666666666666667,-0.8666666666666667,7.0,-13.0,3.0,31
193.98390197753906,24.211780548095703,4.842356109619141,1000.0,0.0,0.4666666666666667,-0.8,7.0,-12.0,3.0,31
204.2121124267578,26.428133010864258,5.285626602172852,1000.0,0.0,0.4666666666666667,-0.7333333333333333,7.0,-11.0,3.0,31
217.8966064453125,38.76683807373047,7.753367614746094,1000.0,0.0,0.4666666666666667,-0.6666666666666666,7.0,-10.0,3.0,31
217.48617553710938,42.962852478027344,8.592570495605468,1000.0,0.0,0.4666666666666667,-0.6,7.0,-9.0,3.0,31
214.9193878173828,24.549278259277344,4.909855651855469,1000.0,0.0,0.4666666666666667,-0.5333333333333333,7.0,-8.0,3.0,31
226.87745666503906,26.7646484375,5.3529296875,1000.0,0.0,0.4666666666666667,-0.4666666666666667,7.0,-7.0,3.0,31
212.62222290039062,42.0201416015625,8.4040283203125,1000.0,0.0,0.4666666666666667,-0.4,7.0,-6.0,3.0,31
230.4130096435547,37.88382339477539,7.576764678955078,1000.0,0.0,0.4666666666666667,-0.3333333333333333,7.0,-5.0,3.0,31
220.42613220214844,44.889122009277344,8.977824401855468,1000.0,0.0,0.4666666666666667,-0.26666666666666666,7.0,-4.0,3.0,31
194.93943786621094,27.605470657348633,5.521094131469726,1000.0,0.0,0.4666666666666667,-0.2,7.0,-3.0,3.0,31
264.5086669921875,116.06623840332031,23.21324768066406,1000.0,0.0,0.4666666666666667,-0.13333333333333333,7.0,-2.0,3.0,31
274.31915283203125,121.14131927490234,24.22826385498047,1000.0,0.0,0.4666666666666667,-0.06666666666666667,7.0,-1.0,3.0,31
202.2217559814453,46.02229309082031,9.204458618164063,1000.0,0.0,0.4666666666666667,0.0,7.0,0.0,3.0,31
261.3265380859375,86.949951171875,17.389990234375,1000.0,0.0,0.4666666666666667,0.06666666666666667,7.0,1.0,3.0,31
238.98123168945312,54.39072799682617,10.878145599365235,1000.0,0.0,0.4666666666666667,0.13333333333333333,7.0,2.0,3.0,31
209.32981872558594,38.618812561035156,7.723762512207031,1000.0,0.0,0.4666666666666667,0.2,7.0,3.0,3.0,31
198.62261962890625,26.396142959594727,5.279228591918946,1000.0,0.0,0.4666666666666667,0.26666666666666666,7.0,4.0,3.0,31
209.28582763671875,42.06264114379883,8.412528228759765,1000.0,0.0,0.4666666666666667,0.3333333333333333,7.0,5.0,3.0,31
220.75132751464844,60.576568603515625,12.115313720703124,1000.0,0.0,0.4666666666666667,0.4,7.0,6.0,3.0,31
210.25421142578125,52.92478942871094,10.584957885742188,1000.0,0.0,0.4666666666666667,0.4666666666666667,7.0,7.0,3.0,31
249.0384979248047,63.365753173828125,12.673150634765625,1000.0,0.0,0.4666666666666667,0.5333333333333333,7.0,8.0,3.0,31
242.67767333984375,68.89115905761719,13.778231811523437,1000.0,0.0,0.4666666666666667,0.6,7.0,9.0,3.0,31
308.9262390136719,93.52040100097656,18.704080200195314,1000.0,0.0,0.4666666666666667,0.6666666666666666,7.0,10.0,3.0,31
301.26483154296875,105.47691345214844,21.095382690429688,1000.0,0.0,0.4666666666666667,0.7333333333333333,7.0,11.0,3.0,31
292.0776672363281,95.86117553710938,19.172235107421876,1000.0,0.0,0.4666666666666667,0.8,7.0,12.0,3.0,31
269.2422180175781,78.0726318359375,15.6145263671875,1000.0,0.0,0.4666666666666667,0.8666666666666667,7.0,13.0,3.0,31
344.2173156738281,118.79778289794922,23.759556579589844,1000.0,0.0,0.4666666666666667,0.9333333333333333,7.0,14.0,3.0,31
303.3214111328125,91.28315734863281,18.256631469726564,1000.0,0.0,0.4666666666666667,1.0,7.0,15.0,3.0,31
181.29029846191406,15.87236499786377,3.174472999572754,1000.0,0.0,0.5333333333333333,-1.0,8.0,-15.0,3.0,31
190.99400329589844,20.04949951171875,4.00989990234375,1000.0,0.0,0.5333333333333333,-0.9333333333333333,8.0,-14.0,3.0,31
183.73031616210938,16.9652042388916,3.3930408477783205,1000.0,0.0,0.5333333333333333,-0.8666666666666667,8.0,-13.0,3.0,31
221.49407958984375,42.84731674194336,8.569463348388672,1000.0,0.0,0.5333333333333333,-0.8,8.0,-12.0,3.0,31
227.1262664794922,43.05581283569336,8.611162567138672,1000.0,0.0,0.5333333333333333,-0.7333333333333333,8.0,-11.0,3.0,31
203.23814392089844,33.20496368408203,6.640992736816406,1000.0,0.0,0.5333333333333333,-0.6666666666666666,8.0,-10.0,3.0,31
202.93353271484375,24.12494468688965,4.824988937377929,1000.0,0.0,0.5333333333333333,-0.6,8.0,-9.0,3.0,31
207.43389892578125,21.028701782226562,4.205740356445313,1000.0,0.0,0.5333333333333333,-0.5333333333333333,8.0,-8.0,3.0,31
202.6462860107422,22.36698341369629,4.473396682739258,1000.0,0.0,0.5333333333333333,-0.4666666666666667,8.0,-7.0,3.0,31
190.53475952148438,17.09650230407715,3.4193004608154296,1000.0,0.0,0.5333333333333333,-0.4,8.0,-6.0,3.0,31
219.93882751464844,39.46818161010742,7.893636322021484,1000.0,0.0,0.5333333333333333,-0.3333333333333333,8.0,-5.0,3.0,31
186.46456909179688,25.73478126525879,5.146956253051758,1000.0,0.0,0.5333333333333333,-0.26666666666666666,8.0,-4.0,3.0,31
207.9577178955078,31.26976776123047,6.253953552246093,1000.0,0.0,0.5333333333333333,-0.2,8.0,-3.0,3.0,31
332.8512878417969,132.86932373046875,26.57386474609375,1000.0,0.0,0.5333333333333333,-0.13333333333333333,8.0,-2.0,3.0,31
374.9510498046875,144.71168518066406,28.942337036132812,1000.0,0.0,0.5333333333333333,-0.06666666666666667,8.0,-1.0,3.0,31
224.16607666015625,50.48906326293945,10.09781265258789,1000.0,0.0,0.5333333333333333,0.0,8.0,0.0,3.0,31
249.53294372558594,67.64804077148438,13.529608154296875,1000.0,0.0,0.5333333333333333,0.06666666666666667,8.0,1.0,3.0,31
297.0606384277344,92.42814636230469,18.485629272460937,1000.0,0.0,0.5333333333333333,0.13333333333333333,8.0,2.0,3.0,31
234.51528930664062,39.338253021240234,7.8676506042480465,1000.0,0.0,0.5333333333333333,0.2,8.0,3.0,3.0,31
203.28985595703125,34.152099609375,6.830419921875,1000.0,0.0,0.5333333333333333,0.26666666666666666,8.0,4.0,3.0,31
201.84422302246094,42.4573860168457,8.49147720336914,1000.0,0.0,0.5333333333333333,0.3333333333333333,8.0,5.0,3.0,31
217.71803283691406,80.7880630493164,16.157612609863282,1000.0,0.0,0.5333333333333333,0.4,8.0,6.0,3.0,31
254.48387145996094,109.31080627441406,21.862161254882814,1000.0,0.0,0.5333333333333333,0.4666666666666667,8.0,7.0,3.0,31
218.0007781982422,46.99863815307617,9.399727630615235,1000.0,0.0,0.5333333333333333,0.5333333333333333,8.0,8.0,3.0,31
222.7706298828125,41.86234664916992,8.372469329833985,1000.0,0.0,0.5333333333333333,0.6,8.0,9.0,3.0,31
245.8155059814453,60.80253219604492,12.160506439208984,1000.0,0.0,0.5333333333333333,0.6666666666666666,8.0,10.0,3.0,31
258.73468017578125,72.50343322753906,14.500686645507812,1000.0,0.0,0.5333333333333333,0.7333333333333333,8.0,11.0,3.0,31
289.4360656738281,104.48516082763672,20.897032165527342,1000.0,0.0,0.5333333333333333,0.8,8.0,12.0,3.0,31
291.24005126953125,90.34432983398438,18.068865966796874,1000.0,0.0,0.5333333333333333,0.8666666666666667,8.0,13.0,3.0,31
299.0561218261719,104.36344909667969,20.87268981933594,1000.0,0.0,0.5333333333333333,0.9333333333333333,8.0,14.0,3.0,31
292.17218017578125,99.17339324951172,19.834678649902344,1000.0,0.0,0.5333333333333333,1.0,8.0,15.0,3.0,31
205.2558135986328,33.06605529785156,6.613211059570313,1000.0,0.0,0.6,-1.0,9.0,-15.0,3.0,31
209.46266174316406,26.455663681030273,5.2911327362060545,1000.0,0.0,0.6,-0.9333333333333333,9.0,-14.0,3.0,31
219.98553466796875,32.08918380737305,6.417836761474609,1000.0,0.0,0.6,-0.8666666666666667,9.0,-13.0,3.0,31
250.00341796875,52.49165344238281,10.498330688476562,1000.0,0.0,0.6,-0.8,9.0,-12.0,3.0,31
229.88079833984375,31.186119079589844,6.237223815917969,1000.0,0.0,0.6,-0.7333333333333333,9.0,-11.0,3.0,31
205.5641632080078,24.438405990600586,4.887681198120117,1000.0,0.0,0.6,-0.6666666666666666,9.0,-10.0,3.0,31
216.03329467773438,33.66975021362305,6.73395004272461,1000.0,0.0,0.6,-0.6,9.0,-9.0,3.0,31
215.8734130859375,33.95472717285156,6.790945434570313,1000.0,0.0,0.6,-0.5333333333333333,9.0,-8.0,3.0,31
190.46359252929688,18.7791748046875,3.7558349609375,1000.0,0.0,0.6,-0.4666666666666667,9.0,-7.0,3.0,31
196.26219177246094,23.251251220703125,4.650250244140625,1000.0,0.0,0.6,-0.4,9.0,-6.0,3.0,31
193.04888916015625,19.770944595336914,3.954188919067383,1000.0,0.0,0.6,-0.3333333333333333,9.0,-5.0,3.0,31
198.54074096679688,26.4605655670166,5.29211311340332,1000.0,0.0,0.6,-0.26666666666666666,9.0,-4.0,3.0,31
210.8557586669922,42.925899505615234,8.585179901123047,1000.0,0.0,0.6,-0.2,9.0,-3.0,3.0,31
272.800048828125,123.89875030517578,24.779750061035156,1000.0,0.0,0.6,-0.13333333333333333,9.0,-2.0,3.0,31
345.4345703125,150.32907104492188,30.065814208984374,1000.0,0.0,0.6,-0.06666666666666667,9.0,-1.0,3.0,31
224.3654327392578,54.33381271362305,10.86676254272461,1000.0,0.0,0.6,0.0,9.0,0.0,3.0,31
220.40762329101562,54.132808685302734,10.826561737060548,1000.0,0.0,0.6,0.06666666666666667,9.0,1.0,3.0,31
275.5683288574219,95.38617706298828,19.077235412597656,1000.0,0.0,0.6,0.13333333333333333,9.0,2.0,3.0,31
244.90769958496094,67.11959075927734,13.423918151855469,1000.0,0.0,0.6,0.2,9.0,3.0,3.0,31
208.56765747070312,29.099933624267578,5.819986724853516,1000.0,0.0,0.6,0.26666666666666666,9.0,4.0,3.0,31
232.66001892089844,60.24257278442383,12.048514556884765,1000.0,0.0,0.6,0.3333333333333333,9.0,5.0,3.0,31
222.84498596191406,66.572265625,13.314453125,1000.0,0.0,0.6,0.4,9.0,6.0,3.0,31
213.6637725830078,47.81414794921875,9.56282958984375,1000.0,0.0,0.6,0.4666666666666667,9.0,7.0,3.0,31
202.21099853515625,30.430665969848633,6.086133193969727,1000.0,0.0,0.6,0.5333333333333333,9.0,8.0,3.0,31
204.95681762695312,27.89400863647461,5.5788017272949215,1000.0,0.0,0.6,0.6,9.0,9.0,3.0,31
231.3598175048828,65.92207336425781,13.184414672851563,1000.0,0.0,0.6,0.6666666666666666,9.0,10.0,3.0,31
221.57135009765625,46.78055191040039,9.356110382080079,1000.0,0.0,0.6,0.7333333333333333,9.0,11.0,3.0,31
256.35577392578125,80.9183349609375,16.1836669921875,1000.0,0.0,0.6,0.8,9.0,12.0,3.0,31
273.26434326171875,82.59907531738281,16.519815063476564,1000.0,0.0,0.6,0.8666666666666667,9.0,13.0,3.0,31
244.25640869140625,81.37723541259766,16.27544708251953,1000.0,0.0,0.6,0.9333333333333333,9.0,14.0,3.0,31
280.4334411621094,98.07164001464844,19.61432800292969,1000.0,0.0,0.6,1.0,9.0,15.0,3.0,31
232.70933532714844,54.56414794921875,10.91282958984375,1000.0,0.0,0.6666666666666666,-1.0,10.0,-15.0,3.0,31
229.43443298339844,44.90547561645508,8.981095123291016,1000.0,0.0,0.6666666666666666,-0.9333333333333333,10.0,-14.0,3.0,31
237.12989807128906,31.656307220458984,6.331261444091797,1000.0,0.0,0.6666666666666666,-0.8666666666666667,10.0,-13.0,3.0,31
236.99337768554688,46.15380859375,9.23076171875,1000.0,0.0,0.6666666666666666,-0.8,10.0,-12.0,3.0,31
246.08204650878906,35.41190719604492,7.0823814392089846,1000.0,0.0,0.6666666666666666,-0.7333333333333333,10.0,-11.0,3.0,31
199.5132598876953,30.53580093383789,6.107160186767578,1000.0,0.0,0.6666666666666666,-0.6666666666666666,10.0,-10.0,3.0,31
201.29379272460938,19.59726333618164,3.919452667236328,1000.0,0.0,0.6666666666666666,-0.6,10.0,-9.0,3.0,31
194.2506866455078,16.564964294433594,3.3129928588867186,1000.0,0.0,0.6666666666666666,-0.5333333333333333,10.0,-8.0,3.0,31
185.9379425048828,15.015606880187988,3.0031213760375977,1000.0,0.0,0.6666666666666666,-0.4666666666666667,10.0,-7.0,3.0,31
188.2222900390625,22.89190101623535,4.57838020324707,1000.0,0.0,0.6666666666666666,-0.4,10.0,-6.0,3.0,31
186.00430297851562,15.634713172912598,3.1269426345825195,1000.0,0.0,0.6666666666666666,-0.3333333333333333,10.0,-5.0,3.0,31
194.87030029296875,19.43543243408203,3.8870864868164063,1000.0,0.0,0.6666666666666666,-0.26666666666666666,10.0,-4.0,3.0,31
227.62783813476562,61.64171600341797,12.328343200683594,1000.0,0.0,0.6666666666666666,-0.2,10.0,-3.0,3.0,31
260.51971435546875,99.12267303466797,19.824534606933593,1000.0,0.0,0.6666666666666666,-0.13333333333333333,10.0,-2.0,3.0,31
307.7090759277344,125.28722381591797,25.057444763183593,1000.0,0.0,0.6666666666666666,-0.06666666666666667,10.0,-1.0,3.0,31
303.21014404296875,108.52562713623047,21.705125427246095,1000.0,0.0,0.6666666666666666,0.0,10.0,0.0,3.0,31
243.3077392578125,67.52501678466797,13.505003356933594,1000.0,0.0,0.6666666666666666,0.06666666666666667,10.0,1.0,3.0,31
237.7597198486328,69.63520050048828,13.927040100097656,1000.0,0.0,0.6666666666666666,0.13333333333333333,10.0,2.0,3.0,31
229.49185180664062,64.1201171875,12.8240234375,1000.0,0.0,0.6666666666666666,0.2,10.0,3.0,3.0,31
227.37457275390625,51.25585174560547,10.251170349121093,1000.0,0.0,0.6666666666666666,0.26666666666666666,10.0,4.0,3.0,31
206.43057250976562,27.916019439697266,5.583203887939453,1000.0,0.0,0.6666666666666666,0.3333333333333333,10.0,5.0,3.0,31
264.0705261230469,75.95597839355469,15.191195678710937,1000.0,0.0,0.6666666666666666,0.4,10.0,6.0,3.0,31
228.62417602539062,69.23006439208984,13.84601287841797,1000.0,0.0,0.6666666666666666,0.4666666666666667,10.0,7.0,3.0,31
204.29180908203125,51.097591400146484,10.219518280029297,1000.0,0.0,0.6666666666666666,0.5333333333333333,10.0,8.0,3.0,31
217.60728454589844,65.11955261230469,13.023910522460938,1000.0,0.0,0.6666666666666666,0.6,10.0,9.0,3.0,31
222.1239471435547,38.04256820678711,7.608513641357422,1000.0,0.0,0.6666666666666666,0.6666666666666666,10.0,10.0,3.0,31
215.48138427734375,40.848758697509766,8.169751739501953,1000.0,0.0,0.6666666666666666,0.7333333333333333,10.0,11.0,3.0,31
225.47503662109375,37.9114990234375,7.5822998046875,1000.0,0.0,0.6666666666666666,0.8,10.0,12.0,3.0,31
238.4818115234375,59.83369445800781,11.966738891601562,1000.0,0.0,0.6666666666666666,0.8666666666666667,10.0,13.0,3.0,31
271.1996154785156,101.39199829101562,20.278399658203124,1000.0,0.0,0.6666666666666666,0.9333333333333333,10.0,14.0,3.0,31
249.17010498046875,67.79023742675781,13.558047485351562,1000.0,0.0,0.6666666666666666,1.0,10.0,15.0,3.0,31
232.2197723388672,42.999935150146484,8.599987030029297,1000.0,0.0,0.7333333333333333,-1.0,11.0,-15.0,3.0,31
236.544921875,41.07755661010742,8.215511322021484,1000.0,0.0,0.7333333333333333,-0.9333333333333333,11.0,-14.0,3.0,31
241.90414428710938,46.316898345947266,9.263379669189453,1000.0,0.0,0.7333333333333333,-0.8666666666666667,11.0,-13.0,3.0,31
263.5248107910156,29.991775512695312,5.998355102539063,1000.0,0.0,0.7333333333333333,-0.8,11.0,-12.0,3.0,31
221.61642456054688,27.701082229614258,5.540216445922852,1000.0,0.0,0.7333333333333333,-0.7333333333333333,11.0,-11.0,3.0,31
194.35169982910156,21.841400146484375,4.368280029296875,1000.0,0.0,0.7333333333333333,-0.6666666666666666,11.0,-10.0,3.0,31
185.5684814453125,16.069669723510742,3.2139339447021484,1000.0,0.0,0.7333333333333333,-0.6,11.0,-9.0,3.0,31
193.14137268066406,16.672616958618164,3.334523391723633,1000.0,0.0,0.7333333333333333,-0.5333333333333333,11.0,-8.0,3.0,31
197.70249938964844,24.19270133972168,4.838540267944336,1000.0,0.0,0.7333333333333333,-0.4666666666666667,11.0,-7.0,3.0,31
194.13275146484375,33.23015213012695,6.646030426025391,1000.0,0.0,0.7333333333333333,-0.4,11.0,-6.0,3.0,31
191.8136749267578,21.998872756958008,4.399774551391602,1000.0,0.0,0.7333333333333333,-0.3333333333333333,11.0,-5.0,3.0,31
204.93728637695312,38.271629333496094,7.654325866699219,1000.0,0.0,0.7333333333333333,-0.26666666666666666,11.0,-4.0,3.0,31
269.0738220214844,99.72348022460938,19.944696044921876,1000.0,0.0,0.7333333333333333,-0.2,11.0,-3.0,3.0,31
255.77342224121094,107.83320617675781,21.56664123535156,1000.0,0.0,0.7333333333333333,-0.13333333333333333,11.0,-2.0,3.0,31
323.3940734863281,131.73703002929688,26.347406005859376,1000.0,0.0,0.7333333333333333,-0.06666666666666667,11.0,-1.0,3.0,31
301.1954040527344,111.37205505371094,22.274411010742188,1000.0,0.0,0.7333333333333333,0.0,11.0,0.0,3.0,31
286.8417663574219,67.6448745727539,13.528974914550782,1000.0,0.0,0.7333333333333333,0.06666666666666667,11.0,1.0,3.0,31
248.36451721191406,55.89712905883789,11.179425811767578,1000.0,0.0,0.7333333333333333,0.13333333333333333,11.0,2.0,3.0,31
272.1122131347656,53.73999786376953,10.747999572753907,1000.0,0.0,0.7333333333333333,0.2,11.0,3.0,3.0,31
270.3774719238281,61.535457611083984,12.307091522216798,1000.0,0.0,0.7333333333333333,0.26666666666666666,11.0,4.0,3.0,31
244.52706909179688,55.08244323730469,11.016488647460937,1000.0,0.0,0.7333333333333333,0.3333333333333333,11.0,5.0,3.0,31
242.86683654785156,66.5175552368164,13.303511047363282,1000.0,0.0,0.7333333333333333,0.4,11.0,6.0,3.0,31
252.5595703125,105.0225830078125,21.0045166015625,1000.0,0.0,0.7333333333333333,0.4666666666666667,11.0,7.0,3.0,31
234.25926208496094,60.42534255981445,12.085068511962891,1000.0,0.0,0.7333333333333333,0.5333333333333333,11.0,8.0,3.0,31
205.00662231445312,31.101675033569336,6.220335006713867,1000.0,0.0,0.7333333333333333,0.6,11.0,9.0,3.0,31
216.96612548828125,43.803524017333984,8.760704803466798,1000.0,0.0,0.7333333333333333,0.6666666666666666,11.0,10.0,3.0,31
207.83399963378906,45.09366226196289,9.018732452392578,1000.0,0.0,0.7333333333333333,0.7333333333333333,11.0,11.0,3.0,31
211.9488525390625,37.234615325927734,7.446923065185547,1000.0,0.0,0.7333333333333333,0.8,11.0,12.0,3.0,31
228.64109802246094,55.11034393310547,11.022068786621094,1000.0,0.0,0.7333333333333333,0.8666666666666667,11.0,13.0,3.0,31
240.10186767578125,57.3952522277832,11.479050445556641,1000.0,0.0,0.7333333333333333,0.9333333333333333,11.0,14.0,3.0,31
246.86915588378906,64.64518737792969,12.929037475585938,1000.0,0.0,0.7333333333333333,1.0,11.0,15.0,3.0,31
246.4728546142578,48.0411491394043,9.608229827880859,1000.0,0.0,0.8,-1.0,12.0,-15.0,3.0,31
230.60076904296875,50.452606201171875,10.090521240234375,1000.0,0.0,0.8,-0.9333333333333333,12.0,-14.0,3.0,31
232.94105529785156,36.7814826965332,7.356296539306641,1000.0,0.0,0.8,-0.8666666666666667,12.0,-13.0,3.0,31
232.85629272460938,29.782888412475586,5.9565776824951175,1000.0,0.0,0.8,-0.8,12.0,-12.0,3.0,31
195.08953857421875,19.903873443603516,3.980774688720703,1000.0,0.0,0.8,-0.7333333333333333,12.0,-11.0,3.0,31
191.36605834960938,19.55271339416504,3.910542678833008,1000.0,0.0,0.8,-0.6666666666666666,12.0,-10.0,3.0,31
199.23770141601562,26.58534812927246,5.317069625854492,1000.0,0.0,0.8,-0.6,12.0,-9.0,3.0,31
198.1378173828125,20.5830020904541,4.116600418090821,1000.0,0.0,0.8,-0.5333333333333333,12.0,-8.0,3.0,31
211.0477752685547,46.796424865722656,9.359284973144531,1000.0,0.0,0.8,-0.4666666666666667,12.0,-7.0,3.0,31
198.4949188232422,27.197036743164062,5.4394073486328125,1000.0,0.0,0.8,-0.4,12.0,-6.0,3.0,31
206.59339904785156,22.4671688079834,4.4934337615966795,1000.0,0.0,0.8,-0.3333333333333333,12.0,-5.0,3.0,31
217.11874389648438,50.72924041748047,10.145848083496094,1000.0,0.0,0.8,-0.26666666666666666,12.0,-4.0,3.0,31
249.87677001953125,80.24231719970703,16.048463439941408,1000.0,0.0,0.8,-0.2,12.0,-3.0,3.0,31
266.76806640625,95.11090087890625,19.02218017578125,1000.0,0.0,0.8,-0.13333333333333333,12.0,-2.0,3.0,31
325.64373779296875,105.56302642822266,21.11260528564453,1000.0,0.0,0.8,-0.06666666666666667,12.0,-1.0,3.0,31
330.01971435546875,95.2222900390625,19.0444580078125,1000.0,0.0,0.8,0.0,12.0,0.0,3.0,31
358.8486328125,54.342254638671875,10.868450927734376,1000.0,0.0,0.8,0.06666666666666667,12.0,1.0,3.0,31
227.6934814453125,46.035362243652344,9.207072448730468,1000.0,0.0,0.8,0.13333333333333333,12.0,2.0,3.0,31
253.4601593017578,43.006988525390625,8.601397705078124,1000.0,0.0,0.8,0.2,12.0,3.0,3.0,31
248.91915893554688,33.493465423583984,6.698693084716797,1000.0,0.0,0.8,0.26666666666666666,12.0,4.0,3.0,31
245.9059600830078,37.286712646484375,7.457342529296875,1000.0,0.0,0.8,0.3333333333333333,12.0,5.0,3.0,31
240.9918212890625,66.34447479248047,13.268894958496094,1000.0,0.0,0.8,0.4,12.0,6.0,3.0,31
258.311279296875,65.64624786376953,13.129249572753906,1000.0,0.0,0.8,0.4666666666666667,12.0,7.0,3.0,31
228.57455444335938,58.125240325927734,11.625048065185547,1000.0,0.0,0.8,0.5333333333333333,12.0,8.0,3.0,31
221.49603271484375,61.59980010986328,12.319960021972657,1000.0,0.0,0.8,0.6,12.0,9.0,3.0,31
201.48843383789062,35.70134353637695,7.140268707275391,1000.0,0.0,0.8,0.6666666666666666,12.0,10.0,3.0,31
200.8609619140625,31.460187911987305,6.292037582397461,1000.0,0.0,0.8,0.7333333333333333,12.0,11.0,3.0,31
214.94969177246094,39.17874526977539,7.8357490539550785,1000.0,0.0,0.8,0.8,12.0,12.0,3.0,31
235.31695556640625,57.67680740356445,11.53536148071289,1000.0,0.0,0.8,0.8666666666666667,12.0,13.0,3.0,31
218.3390655517578,43.86908721923828,8.773817443847657,1000.0,0.0,0.8,0.9333333333333333,12.0,14.0,3.0,31
226.42034912109375,47.71700668334961,9.543401336669922,1000.0,0.0,0.8,1.0,12.0,15.0,3.0,31
247.83291625976562,50.98610305786133,10.197220611572266,1000.0,0.0,0.8666666666666667,-1.0,13.0,-15.0,3.0,31
229.38392639160156,42.338993072509766,8.467798614501953,1000.0,0.0,0.8666666666666667,-0.9333333333333333,13.0,-14.0,3.0,31
236.5634307861328,40.87331008911133,8.174662017822266,1000.0,0.0,0.8666666666666667,-0.8666666666666667,13.0,-13.0,3.0,31
213.86492919921875,49.637813568115234,9.927562713623047,1000.0,0.0,0.8666666666666667,-0.8,13.0,-12.0,3.0,31
191.3502960205078,24.66058349609375,4.93211669921875,1000.0,0.0,0.8666666666666667,-0.7333333333333333,13.0,-11.0,3.0,31
194.43630981445312,34.6645622253418,6.932912445068359,1000.0,0.0,0.8666666666666667,-0.6666666666666666,13.0,-10.0,3.0,31
198.8557586669922,19.644550323486328,3.9289100646972654,1000.0,0.0,0.8666666666666667,-0.6,13.0,-9.0,3.0,31
197.22105407714844,16.92095184326172,3.3841903686523436,1000.0,0.0,0.8666666666666667,-0.5333333333333333,13.0,-8.0,3.0,31
204.78981018066406,31.92772102355957,6.385544204711914,1000.0,0.0,0.8666666666666667,-0.4666666666666667,13.0,-7.0,3.0,31
209.17367553710938,29.51218032836914,5.902436065673828,1000.0,0.0,0.8666666666666667,-0.4,13.0,-6.0,3.0,31
221.64703369140625,32.7080078125,6.5416015625,1000.0,0.0,0.8666666666666667,-0.3333333333333333,13.0,-5.0,3.0,31
222.7066192626953,52.03311538696289,10.406623077392577,1000.0,0.0,0.8666666666666667,-0.26666666666666666,13.0,-4.0,3.0,31
260.8109130859375,85.84500885009766,17.16900177001953,1000.0,0.0,0.8666666666666667,-0.2,13.0,-3.0,3.0,31
301.16925048828125,100.28323364257812,20.056646728515624,1000.0,0.0,0.8666666666666667,-0.13333333333333333,13.0,-2.0,3.0,31
325.7149658203125,76.93275451660156,15.386550903320312,1000.0,0.0,0.8666666666666667,-0.06666666666666667,13.0,-1.0,3.0,31
240.9647674560547,43.36762619018555,8.67352523803711,1000.0,0.0,0.8666666666666667,0.0,13.0,0.0,3.0,31
308.07110595703125,66.26617431640625,13.25323486328125,1000.0,0.0,0.8666666666666667,0.06666666666666667,13.0,1.0,3.0,31
204.84422302246094,33.23954772949219,6.647909545898438,1000.0,0.0,0.8666666666666667,0.13333333333333333,13.0,2.0,3.0,31
240.1595458984375,51.726112365722656,10.345222473144531,1000.0,0.0,0.8666666666666667,0.2,13.0,3.0,3.0,31
230.67333984375,34.317588806152344,6.863517761230469,1000.0,0.0,0.8666666666666667,0.26666666666666666,13.0,4.0,3.0,31
232.5251922607422,35.0563850402832,7.0112770080566404,1000.0,0.0,0.8666666666666667,0.3333333333333333,13.0,5.0,3.0,31
244.30706787109375,43.41259002685547,8.682518005371094,1000.0,0.0,0.8666666666666667,0.4,13.0,6.0,3.0,31
257.82940673828125,60.19917678833008,12.039835357666016,1000.0,0.0,0.8666666666666667,0.4666666666666667,13.0,7.0,3.0,31
260.6973571777344,65.5685043334961,13.113700866699219,1000.0,0.0,0.8666666666666667,0.5333333333333333,13.0,8.0,3.0,31
228.06228637695312,94.10072326660156,18.820144653320312,1000.0,0.0,0.8666666666666667,0.6,13.0,9.0,3.0,31
215.9540557861328,43.41009521484375,8.68201904296875,1000.0,0.0,0.8666666666666667,0.6666666666666666,13.0,10.0,3.0,31
214.19654846191406,45.601600646972656,9.120320129394532,1000.0,0.0,0.8666666666666667,0.7333333333333333,13.0,11.0,3.0,31
219.94859313964844,63.15021514892578,12.630043029785156,1000.0,0.0,0.8666666666666667,0.8,13.0,12.0,3.0,31
201.48516845703125,27.224061965942383,5.444812393188476,1000.0,0.0,0.8666666666666667,0.8666666666666667,13.0,13.0,3.0,31
219.576171875,44.22045135498047,8.844090270996094,1000.0,0.0,0.8666666666666667,0.9333333333333333,13.0,14.0,3.0,31
236.02725219726562,58.72087097167969,11.744174194335937,1000.0,0.0,0.8666666666666667,1.0,13.0,15.0,3.0,31
258.5162353515625,52.54810333251953,10.509620666503906,1000.0,0.0,0.9333333333333333,-1.0,14.0,-15.0,3.0,31
232.58099365234375,36.59270477294922,7.318540954589844,1000.0,0.0,0.9333333333333333,-0.9333333333333333,14.0,-14.0,3.0,31
210.2498779296875,26.427061080932617,5.285412216186524,1000.0,0.0,0.9333333333333333,-0.8666666666666667,14.0,-13.0,3.0,31
197.99623107910156,33.445621490478516,6.689124298095703,1000.0,0.0,0.9333333333333333,-0.8,14.0,-12.0,3.0,31
196.7333984375,24.88893699645996,4.9777873992919925,1000.0,0.0,0.9333333333333333,-0.7333333333333333,14.0,-11.0,3.0,31
202.4318389892578,25.557151794433594,5.111430358886719,1000.0,0.0,0.9333333333333333,-0.6666666666666666,14.0,-10.0,3.0,31
193.85733032226562,18.15154266357422,3.6303085327148437,1000.0,0.0,0.9333333333333333,-0.6,14.0,-9.0,3.0,31
196.07943725585938,21.634323120117188,4.326864624023438,1000.0,0.0,0.9333333333333333,-0.5333333333333333,14.0,-8.0,3.0,31
199.58155822753906,27.290748596191406,5.458149719238281,1000.0,0.0,0.9333333333333333,-0.4666666666666667,14.0,-7.0,3.0,31
213.28289794921875,40.181339263916016,8.036267852783203,1000.0,0.0,0.9333333333333333,-0.4,14.0,-6.0,3.0,31
196.7734375,26.661476135253906,5.332295227050781,1000.0,0.0,0.9333333333333333,-0.3333333333333333,14.0,-5.0,3.0,31
218.17271423339844,43.010093688964844,8.602018737792969,1000.0,0.0,0.9333333333333333,-0.26666666666666666,14.0,-4.0,3.0,31
259.7022705078125,84.86970520019531,16.973941040039062,1000.0,0.0,0.9333333333333333,-0.2,14.0,-3.0,3.0,31
301.0391540527344,86.76766967773438,17.353533935546874,1000.0,0.0,0.9333333333333333,-0.13333333333333333,14.0,-2.0,3.0,31
300.18035888671875,90.08173370361328,18.016346740722657,1000.0,0.0,0.9333333333333333,-0.06666666666666667,14.0,-1.0,3.0,31
252.52792358398438,71.60403442382812,14.320806884765625,1000.0,0.0,0.9333333333333333,0.0,14.0,0.0,3.0,31
234.7045440673828,54.4783935546875,10.8956787109375,1000.0,0.0,0.9333333333333333,0.06666666666666667,14.0,1.0,3.0,31
223.64064025878906,51.52009201049805,10.30401840209961,1000.0,0.0,0.9333333333333333,0.13333333333333333,14.0,2.0,3.0,31
235.94281005859375,30.65738868713379,6.131477737426758,1000.0,0.0,0.9333333333333333,0.2,14.0,3.0,3.0,31
231.9556427001953,45.96369171142578,9.192738342285157,1000.0,0.0,0.9333333333333333,0.26666666666666666,14.0,4.0,3.0,31
214.31710815429688,28.2349796295166,5.646995925903321,1000.0,0.0,0.9333333333333333,0.3333333333333333,14.0,5.0,3.0,31
216.62832641601562,27.20450210571289,5.440900421142578,1000.0,0.0,0.9333333333333333,0.4,14.0,6.0,3.0,31
249.86077880859375,37.989688873291016,7.597937774658203,1000.0,0.0,0.9333333333333333,0.4666666666666667,14.0,7.0,3.0,31
249.92068481445312,51.46364212036133,10.292728424072266,1000.0,0.0,0.9333333333333333,0.5333333333333333,14.0,8.0,3.0,31
240.9296112060547,81.10143280029297,16.220286560058593,1000.0,0.0,0.9333333333333333,0.6,14.0,9.0,3.0,31
215.32040405273438,46.250953674316406,9.250190734863281,1000.0,0.0,0.9333333333333333,0.6666666666666666,14.0,10.0,3.0,31
208.45802307128906,40.685272216796875,8.137054443359375,1000.0,0.0,0.9333333333333333,0.7333333333333333,14.0,11.0,3.0,31
198.75326538085938,18.214052200317383,3.6428104400634767,1000.0,0.0,0.9333333333333333,0.8,14.0,12.0,3.0,31
190.69461059570312,18.291095733642578,3.6582191467285154,1000.0,0.0,0.9333333333333333,0.8666666666666667,14.0,13.0,3.0,31
215.9691162109375,39.00638961791992,7.801277923583984,1000.0,0.0,0.9333333333333333,0.9333333333333333,14.0,14.0,3.0,31
207.96998596191406,27.21293067932129,5.442586135864258,1000.0,0.0,0.9333333333333333,1.0,14.0,15.0,3.0,31
226.2066192626953,45.09735870361328,9.019471740722656,1000.0,0.0,1.0,-1.0,15.0,-15.0,3.0,31
198.36607360839844,27.514894485473633,5.502978897094726,1000.0,0.0,1.0,-0.9333333333333333,15.0,-14.0,3.0,31
207.5394287109375,43.996070861816406,8.799214172363282,1000.0,0.0,1.0,-0.8666666666666667,15.0,-13.0,3.0,31
206.64764404296875,31.885751724243164,6.377150344848633,1000.0,0.0,1.0,-0.8,15.0,-12.0,3.0,31
195.58328247070312,17.759601593017578,3.5519203186035155,1000.0,0.0,1.0,-0.7333333333333333,15.0,-11.0,3.0,31
199.0115203857422,26.69012451171875,5.33802490234375,1000.0,0.0,1.0,-0.6666666666666666,15.0,-10.0,3.0,31
198.22825622558594,20.70641326904297,4.141282653808593,1000.0,0.0,1.0,-0.6,15.0,-9.0,3.0,31
190.5422821044922,16.821802139282227,3.3643604278564454,1000.0,0.0,1.0,-0.5333333333333333,15.0,-8.0,3.0,31
200.68922424316406,23.675596237182617,4.735119247436524,1000.0,0.0,1.0,-0.4666666666666667,15.0,-7.0,3.0,31
199.9397430419922,28.47713851928711,5.695427703857422,1000.0,0.0,1.0,-0.4,15.0,-6.0,3.0,31
197.04624938964844,25.175352096557617,5.035070419311523,1000.0,0.0,1.0,-0.3333333333333333,15.0,-5.0,3.0,31
243.22425842285156,63.68741989135742,12.737483978271484,1000.0,0.0,1.0,-0.26666666666666666,15.0,-4.0,3.0,31
238.5986785888672,52.62247085571289,10.524494171142578,1000.0,0.0,1.0,-0.2,15.0,-3.0,3.0,31
287.6443786621094,62.128440856933594,12.425688171386719,1000.0,0.0,1.0,-0.13333333333333333,15.0,-2.0,3.0,31
263.7792053222656,70.02748107910156,14.005496215820312,1000.0,0.0,1.0,-0.06666666666666667,15.0,-1.0,3.0,31
248.7704620361328,41.1545295715332,8.230905914306641,1000.0,0.0,1.0,0.0,15.0,0.0,3.0,31
246.2068328857422,72.45563507080078,14.491127014160156,1000.0,0.0,1.0,0.06666666666666667,15.0,1.0,3.0,31
217.92674255371094,44.497074127197266,8.899414825439454,1000.0,0.0,1.0,0.13333333333333333,15.0,2.0,3.0,31
220.7637939453125,36.69712448120117,7.339424896240234,1000.0,0.0,1.0,0.2,15.0,3.0,3.0,31
229.1951904296875,28.87262725830078,5.774525451660156,1000.0,0.0,1.0,0.26666666666666666,15.0,4.0,3.0,31
211.09645080566406,25.187480926513672,5.037496185302734,1000.0,0.0,1.0,0.3333333333333333,15.0,5.0,3.0,31
218.27578735351562,29.353382110595703,5.870676422119141,1000.0,0.0,1.0,0.4,15.0,6.0,3.0,31
223.9345703125,33.30852508544922,6.661705017089844,1000.0,0.0,1.0,0.4666666666666667,15.0,7.0,3.0,31
255.7820281982422,51.638084411621094,10.327616882324218,1000.0,0.0,1.0,0.5333333333333333,15.0,8.0,3.0,31
236.35873413085938,68.16161346435547,13.632322692871094,1000.0,0.0,1.0,0.6,15.0,9.0,3.0,31
216.13632202148438,33.8126106262207,6.762522125244141,1000.0,0.0,1.0,0.6666666666666666,15.0,10.0,3.0,31
203.32931518554688,31.835430145263672,6.367086029052734,1000.0,0.0,1.0,0.7333333333333333,15.0,11.0,3.0,31
199.0917205810547,28.20516586303711,5.641033172607422,1000.0,0.0,1.0,0.8,15.0,12.0,3.0,31
204.85325622558594,46.97760009765625,9.39552001953125,1000.0,0.0,1.0,0.8666666666666667,15.0,13.0,3.0,31
204.68431091308594,38.75521469116211,7.7510429382324215,1000.0,0.0,1.0,0.9333333333333333,15.0,14.0,3.0,31
207.71449279785156,36.87422561645508,7.374845123291015,1000.0,0.0,1.0,1.0,15.0,15.0,3.0,31
