episode_rewards,episode_std_rewards,episode_stderr_rewards,episode_avg_len,episode_std_avg_len,dim0,dim1,offset1,offset2,magnitude,grid_size
185.8927001953125,14.23422908782959,2.846845817565918,1000.0,0.0,-1.0,-1.0,-15.0,-15.0,3.0,31
193.24359130859375,27.744857788085938,5.548971557617188,1000.0,0.0,-1.0,-0.9333333333333333,-15.0,-14.0,3.0,31
194.53555297851562,22.52077865600586,4.5041557312011715,1000.0,0.0,-1.0,-0.8666666666666667,-15.0,-13.0,3.0,31
191.32957458496094,18.48866081237793,3.697732162475586,1000.0,0.0,-1.0,-0.8,-15.0,-12.0,3.0,31
190.81317138671875,21.41506576538086,4.283013153076172,1000.0,0.0,-1.0,-0.7333333333333333,-15.0,-11.0,3.0,31
188.42034912109375,20.856077194213867,4.171215438842774,1000.0,0.0,-1.0,-0.6666666666666666,-15.0,-10.0,3.0,31
188.47732543945312,26.098304748535156,5.219660949707031,1000.0,0.0,-1.0,-0.6,-15.0,-9.0,3.0,31
187.87680053710938,36.61067199707031,7.322134399414063,1000.0,0.0,-1.0,-0.5333333333333333,-15.0,-8.0,3.0,31
181.9608612060547,21.91944694519043,4.383889389038086,1000.0,0.0,-1.0,-0.4666666666666667,-15.0,-7.0,3.0,31
182.7633819580078,23.325519561767578,4.665103912353516,1000.0,0.0,-1.0,-0.4,-15.0,-6.0,3.0,31
180.30413818359375,20.187091827392578,4.037418365478516,1000.0,0.0,-1.0,-0.3333333333333333,-15.0,-5.0,3.0,31
175.70425415039062,10.752681732177734,2.1505363464355467,1000.0,0.0,-1.0,-0.26666666666666666,-15.0,-4.0,3.0,31
172.57643127441406,5.8477888107299805,1.169557762145996,1000.0,0.0,-1.0,-0.2,-15.0,-3.0,3.0,31
185.11962890625,25.393280029296875,5.078656005859375,1000.0,0.0,-1.0,-0.13333333333333333,-15.0,-2.0,3.0,31
188.54672241210938,17.670757293701172,3.5341514587402343,1000.0,0.0,-1.0,-0.06666666666666667,-15.0,-1.0,3.0,31
187.3464813232422,13.34851360321045,2.66970272064209,1000.0,0.0,-1.0,0.0,-15.0,0.0,3.0,31
196.7851104736328,12.966279029846191,2.593255805969238,1000.0,0.0,-1.0,0.06666666666666667,-15.0,1.0,3.0,31
206.08828735351562,20.86766242980957,4.173532485961914,1000.0,0.0,-1.0,0.13333333333333333,-15.0,2.0,3.0,31
205.7747039794922,21.73362159729004,4.346724319458008,1000.0,0.0,-1.0,0.2,-15.0,3.0,3.0,31
214.58078002929688,33.546348571777344,6.709269714355469,1000.0,0.0,-1.0,0.26666666666666666,-15.0,4.0,3.0,31
220.6501007080078,39.78160095214844,7.956320190429688,1000.0,0.0,-1.0,0.3333333333333333,-15.0,5.0,3.0,31
223.3515167236328,45.19196701049805,9.03839340209961,1000.0,0.0,-1.0,0.4,-15.0,6.0,3.0,31
247.20143127441406,36.773040771484375,7.354608154296875,1000.0,0.0,-1.0,0.4666666666666667,-15.0,7.0,3.0,31
269.6963195800781,30.015653610229492,6.003130722045898,1000.0,0.0,-1.0,0.5333333333333333,-15.0,8.0,3.0,31
261.5350036621094,33.9184684753418,6.78369369506836,1000.0,0.0,-1.0,0.6,-15.0,9.0,3.0,31
263.8299865722656,66.36943817138672,13.273887634277344,1000.0,0.0,-1.0,0.6666666666666666,-15.0,10.0,3.0,31
236.1189422607422,39.347747802734375,7.869549560546875,1000.0,0.0,-1.0,0.7333333333333333,-15.0,11.0,3.0,31
247.47007751464844,24.205123901367188,4.841024780273438,1000.0,0.0,-1.0,0.8,-15.0,12.0,3.0,31
246.1396026611328,30.520692825317383,6.104138565063477,1000.0,0.0,-1.0,0.8666666666666667,-15.0,13.0,3.0,31
243.15887451171875,30.684289932250977,6.136857986450195,1000.0,0.0,-1.0,0.9333333333333333,-15.0,14.0,3.0,31
224.0922088623047,19.974916458129883,3.9949832916259767,1000.0,0.0,-1.0,1.0,-15.0,15.0,3.0,31
194.89035034179688,15.817492485046387,3.1634984970092774,1000.0,0.0,-0.9333333333333333,-1.0,-14.0,-15.0,3.0,31
187.71974182128906,14.5337495803833,2.9067499160766603,1000.0,0.0,-0.9333333333333333,-0.9333333333333333,-14.0,-14.0,3.0,31
189.9205322265625,23.612043380737305,4.722408676147461,1000.0,0.0,-0.9333333333333333,-0.8666666666666667,-14.0,-13.0,3.0,31
184.78822326660156,12.49176025390625,2.49835205078125,1000.0,0.0,-0.9333333333333333,-0.8,-14.0,-12.0,3.0,31
182.26385498046875,11.783852577209473,2.3567705154418945,1000.0,0.0,-0.9333333333333333,-0.7333333333333333,-14.0,-11.0,3.0,31
189.60435485839844,26.401105880737305,5.280221176147461,1000.0,0.0,-0.9333333333333333,-0.6666666666666666,-14.0,-10.0,3.0,31
190.27899169921875,19.28200340270996,3.8564006805419924,1000.0,0.0,-0.9333333333333333,-0.6,-14.0,-9.0,3.0,31
182.9102783203125,13.338483810424805,2.6676967620849608,1000.0,0.0,-0.9333333333333333,-0.5333333333333333,-14.0,-8.0,3.0,31
193.3187255859375,44.1894416809082,8.83788833618164,1000.0,0.0,-0.9333333333333333,-0.4666666666666667,-14.0,-7.0,3.0,31
177.2485809326172,13.814634323120117,2.7629268646240233,1000.0,0.0,-0.9333333333333333,-0.4,-14.0,-6.0,3.0,31
179.46401977539062,18.465177536010742,3.6930355072021483,1000.0,0.0,-0.9333333333333333,-0.3333333333333333,-14.0,-5.0,3.0,31
172.31863403320312,5.705026149749756,1.1410052299499511,1000.0,0.0,-0.9333333333333333,-0.26666666666666666,-14.0,-4.0,3.0,31
172.71873474121094,4.641418933868408,0.9282837867736816,1000.0,0.0,-0.9333333333333333,-0.2,-14.0,-3.0,3.0,31
181.1833038330078,14.160199165344238,2.8320398330688477,1000.0,0.0,-0.9333333333333333,-0.13333333333333333,-14.0,-2.0,3.0,31
186.08633422851562,15.376526832580566,3.075305366516113,1000.0,0.0,-0.9333333333333333,-0.06666666666666667,-14.0,-1.0,3.0,31
198.4501190185547,39.06470489501953,7.812940979003907,1000.0,0.0,-0.9333333333333333,0.0,-14.0,0.0,3.0,31
201.07192993164062,19.42173957824707,3.884347915649414,1000.0,0.0,-0.9333333333333333,0.06666666666666667,-14.0,1.0,3.0,31
198.17596435546875,14.3916654586792,2.87833309173584,1000.0,0.0,-0.9333333333333333,0.13333333333333333,-14.0,2.0,3.0,31
202.85963439941406,17.742942810058594,3.5485885620117186,1000.0,0.0,-0.9333333333333333,0.2,-14.0,3.0,3.0,31
205.9872589111328,19.19383430480957,3.838766860961914,1000.0,0.0,-0.9333333333333333,0.26666666666666666,-14.0,4.0,3.0,31
226.55999755859375,46.351226806640625,9.270245361328126,1000.0,0.0,-0.9333333333333333,0.3333333333333333,-14.0,5.0,3.0,31
225.95140075683594,39.55596160888672,7.911192321777344,1000.0,0.0,-0.9333333333333333,0.4,-14.0,6.0,3.0,31
250.64453125,32.082698822021484,6.4165397644042965,1000.0,0.0,-0.9333333333333333,0.4666666666666667,-14.0,7.0,3.0,31
262.57098388671875,43.82094955444336,8.764189910888671,1000.0,0.0,-0.9333333333333333,0.5333333333333333,-14.0,8.0,3.0,31
260.7700500488281,46.40787124633789,9.281574249267578,1000.0,0.0,-0.9333333333333333,0.6,-14.0,9.0,3.0,31
249.3775177001953,52.80247497558594,10.560494995117187,1000.0,0.0,-0.9333333333333333,0.6666666666666666,-14.0,10.0,3.0,31
226.02755737304688,37.485015869140625,7.497003173828125,1000.0,0.0,-0.9333333333333333,0.7333333333333333,-14.0,11.0,3.0,31
242.94833374023438,32.00215530395508,6.400431060791016,1000.0,0.0,-0.9333333333333333,0.8,-14.0,12.0,3.0,31
246.95054626464844,30.65361213684082,6.130722427368164,1000.0,0.0,-0.9333333333333333,0.8666666666666667,-14.0,13.0,3.0,31
233.58251953125,21.05868911743164,4.211737823486328,1000.0,0.0,-0.9333333333333333,0.9333333333333333,-14.0,14.0,3.0,31
206.52830505371094,9.581548690795898,1.9163097381591796,1000.0,0.0,-0.9333333333333333,1.0,-14.0,15.0,3.0,31
202.35450744628906,33.63350296020508,6.7267005920410154,1000.0,0.0,-0.8666666666666667,-1.0,-13.0,-15.0,3.0,31
190.28106689453125,15.309394836425781,3.061878967285156,1000.0,0.0,-0.8666666666666667,-0.9333333333333333,-13.0,-14.0,3.0,31
195.5847625732422,29.39482307434082,5.878964614868164,1000.0,0.0,-0.8666666666666667,-0.8666666666666667,-13.0,-13.0,3.0,31
192.5692596435547,29.33016014099121,5.8660320281982425,1000.0,0.0,-0.8666666666666667,-0.8,-13.0,-12.0,3.0,31
186.7969512939453,21.410554885864258,4.282110977172851,1000.0,0.0,-0.8666666666666667,-0.7333333333333333,-13.0,-11.0,3.0,31
198.55616760253906,37.77478790283203,7.554957580566406,1000.0,0.0,-0.8666666666666667,-0.6666666666666666,-13.0,-10.0,3.0,31
190.75904846191406,18.17761993408203,3.6355239868164064,1000.0,0.0,-0.8666666666666667,-0.6,-13.0,-9.0,3.0,31
185.17710876464844,19.04283332824707,3.808566665649414,1000.0,0.0,-0.8666666666666667,-0.5333333333333333,-13.0,-8.0,3.0,31
186.8982391357422,28.847728729248047,5.7695457458496096,1000.0,0.0,-0.8666666666666667,-0.4666666666666667,-13.0,-7.0,3.0,31
182.5400390625,19.269081115722656,3.8538162231445314,1000.0,0.0,-0.8666666666666667,-0.4,-13.0,-6.0,3.0,31
179.53240966796875,11.911595344543457,2.3823190689086915,1000.0,0.0,-0.8666666666666667,-0.3333333333333333,-13.0,-5.0,3.0,31
174.75991821289062,7.9043779373168945,1.5808755874633789,1000.0,0.0,-0.8666666666666667,-0.26666666666666666,-13.0,-4.0,3.0,31
174.05111694335938,6.19672155380249,1.239344310760498,1000.0,0.0,-0.8666666666666667,-0.2,-13.0,-3.0,3.0,31
183.63722229003906,23.66610336303711,4.7332206726074215,1000.0,0.0,-0.8666666666666667,-0.13333333333333333,-13.0,-2.0,3.0,31
186.8690948486328,13.513922691345215,2.702784538269043,1000.0,0.0,-0.8666666666666667,-0.06666666666666667,-13.0,-1.0,3.0,31
201.56381225585938,33.272193908691406,6.654438781738281,1000.0,0.0,-0.8666666666666667,0.0,-13.0,0.0,3.0,31
193.9874267578125,16.2567081451416,3.25134162902832,1000.0,0.0,-0.8666666666666667,0.06666666666666667,-13.0,1.0,3.0,31
199.06507873535156,15.236920356750488,3.0473840713500975,1000.0,0.0,-0.8666666666666667,0.13333333333333333,-13.0,2.0,3.0,31
197.29917907714844,11.59335994720459,2.318671989440918,1000.0,0.0,-0.8666666666666667,0.2,-13.0,3.0,3.0,31
203.99819946289062,21.51752281188965,4.303504562377929,1000.0,0.0,-0.8666666666666667,0.26666666666666666,-13.0,4.0,3.0,31
209.18482971191406,55.44097137451172,11.088194274902344,1000.0,0.0,-0.8666666666666667,0.3333333333333333,-13.0,5.0,3.0,31
218.7626953125,38.1786994934082,7.63573989868164,1000.0,0.0,-0.8666666666666667,0.4,-13.0,6.0,3.0,31
243.82008361816406,57.1830940246582,11.43661880493164,1000.0,0.0,-0.8666666666666667,0.4666666666666667,-13.0,7.0,3.0,31
256.8529968261719,49.17156219482422,9.834312438964844,1000.0,0.0,-0.8666666666666667,0.5333333333333333,-13.0,8.0,3.0,31
252.15696716308594,65.04552459716797,13.009104919433593,1000.0,0.0,-0.8666666666666667,0.6,-13.0,9.0,3.0,31
225.7876434326172,43.81439208984375,8.76287841796875,1000.0,0.0,-0.8666666666666667,0.6666666666666666,-13.0,10.0,3.0,31
215.5659637451172,43.84898376464844,8.769796752929688,1000.0,0.0,-0.8666666666666667,0.7333333333333333,-13.0,11.0,3.0,31
246.18768310546875,34.89057540893555,6.978115081787109,1000.0,0.0,-0.8666666666666667,0.8,-13.0,12.0,3.0,31
238.49290466308594,25.61840057373047,5.123680114746094,1000.0,0.0,-0.8666666666666667,0.8666666666666667,-13.0,13.0,3.0,31
213.8315887451172,12.66702938079834,2.533405876159668,1000.0,0.0,-0.8666666666666667,0.9333333333333333,-13.0,14.0,3.0,31
202.96994018554688,17.36257553100586,3.472515106201172,1000.0,0.0,-0.8666666666666667,1.0,-13.0,15.0,3.0,31
184.46258544921875,11.976122856140137,2.3952245712280273,1000.0,0.0,-0.8,-1.0,-12.0,-15.0,3.0,31
193.9728546142578,24.243043899536133,4.848608779907226,1000.0,0.0,-0.8,-0.9333333333333333,-12.0,-14.0,3.0,31
189.49359130859375,21.535179138183594,4.307035827636719,1000.0,0.0,-0.8,-0.8666666666666667,-12.0,-13.0,3.0,31
202.79798889160156,33.38926315307617,6.677852630615234,1000.0,0.0,-0.8,-0.8,-12.0,-12.0,3.0,31
206.87046813964844,27.931686401367188,5.586337280273438,1000.0,0.0,-0.8,-0.7333333333333333,-12.0,-11.0,3.0,31
189.49688720703125,22.75333595275879,4.550667190551758,1000.0,0.0,-0.8,-0.6666666666666666,-12.0,-10.0,3.0,31
189.99044799804688,29.291019439697266,5.858203887939453,1000.0,0.0,-0.8,-0.6,-12.0,-9.0,3.0,31
184.4686279296875,23.932613372802734,4.786522674560547,1000.0,0.0,-0.8,-0.5333333333333333,-12.0,-8.0,3.0,31
180.78289794921875,20.520771026611328,4.104154205322265,1000.0,0.0,-0.8,-0.4666666666666667,-12.0,-7.0,3.0,31
181.25225830078125,30.03142547607422,6.006285095214844,1000.0,0.0,-0.8,-0.4,-12.0,-6.0,3.0,31
183.61155700683594,28.148279190063477,5.629655838012695,1000.0,0.0,-0.8,-0.3333333333333333,-12.0,-5.0,3.0,31
176.3948211669922,15.909984588623047,3.1819969177246095,1000.0,0.0,-0.8,-0.26666666666666666,-12.0,-4.0,3.0,31
173.9547119140625,8.425561904907227,1.6851123809814452,1000.0,0.0,-0.8,-0.2,-12.0,-3.0,3.0,31
182.5585174560547,17.365400314331055,3.473080062866211,1000.0,0.0,-0.8,-0.13333333333333333,-12.0,-2.0,3.0,31
186.72869873046875,21.648929595947266,4.329785919189453,1000.0,0.0,-0.8,-0.06666666666666667,-12.0,-1.0,3.0,31
213.1841583251953,42.811134338378906,8.562226867675781,1000.0,0.0,-0.8,0.0,-12.0,0.0,3.0,31
192.45834350585938,16.62981605529785,3.3259632110595705,1000.0,0.0,-0.8,0.06666666666666667,-12.0,1.0,3.0,31
195.23045349121094,9.060322761535645,1.8120645523071288,1000.0,0.0,-0.8,0.13333333333333333,-12.0,2.0,3.0,31
197.4022979736328,21.981983184814453,4.396396636962891,1000.0,0.0,-0.8,0.2,-12.0,3.0,3.0,31
201.64190673828125,36.39228820800781,7.2784576416015625,1000.0,0.0,-0.8,0.26666666666666666,-12.0,4.0,3.0,31
207.83447265625,56.32596969604492,11.265193939208984,1000.0,0.0,-0.8,0.3333333333333333,-12.0,5.0,3.0,31
226.58937072753906,38.46184158325195,7.6923683166503904,1000.0,0.0,-0.8,0.4,-12.0,6.0,3.0,31
268.4329528808594,63.46788787841797,12.693577575683594,1000.0,0.0,-0.8,0.4666666666666667,-12.0,7.0,3.0,31
277.538330078125,63.06736373901367,12.613472747802735,1000.0,0.0,-0.8,0.5333333333333333,-12.0,8.0,3.0,31
237.86041259765625,46.66746139526367,9.333492279052734,1000.0,0.0,-0.8,0.6,-12.0,9.0,3.0,31
235.6143798828125,47.338802337646484,9.467760467529297,1000.0,0.0,-0.8,0.6666666666666666,-12.0,10.0,3.0,31
216.1133270263672,43.35414123535156,8.670828247070313,1000.0,0.0,-0.8,0.7333333333333333,-12.0,11.0,3.0,31
223.1594696044922,40.97615051269531,8.195230102539062,1000.0,0.0,-0.8,0.8,-12.0,12.0,3.0,31
213.66513061523438,11.883131980895996,2.376626396179199,1000.0,0.0,-0.8,0.8666666666666667,-12.0,13.0,3.0,31
201.8814697265625,16.665372848510742,3.3330745697021484,1000.0,0.0,-0.8,0.9333333333333333,-12.0,14.0,3.0,31
195.96722412109375,30.426166534423828,6.085233306884765,1000.0,0.0,-0.8,1.0,-12.0,15.0,3.0,31
182.7806854248047,10.033349990844727,2.0066699981689453,1000.0,0.0,-0.7333333333333333,-1.0,-11.0,-15.0,3.0,31
181.84375,8.738333702087402,1.7476667404174804,1000.0,0.0,-0.7333333333333333,-0.9333333333333333,-11.0,-14.0,3.0,31
194.39292907714844,24.4321231842041,4.88642463684082,1000.0,0.0,-0.7333333333333333,-0.8666666666666667,-11.0,-13.0,3.0,31
186.26254272460938,17.80778694152832,3.561557388305664,1000.0,0.0,-0.7333333333333333,-0.8,-11.0,-12.0,3.0,31
206.1848602294922,41.21970748901367,8.243941497802734,1000.0,0.0,-0.7333333333333333,-0.7333333333333333,-11.0,-11.0,3.0,31
193.11300659179688,31.61701011657715,6.323402023315429,1000.0,0.0,-0.7333333333333333,-0.6666666666666666,-11.0,-10.0,3.0,31
203.0848846435547,33.9123420715332,6.78246841430664,1000.0,0.0,-0.7333333333333333,-0.6,-11.0,-9.0,3.0,31
184.39402770996094,23.92514991760254,4.7850299835205075,1000.0,0.0,-0.7333333333333333,-0.5333333333333333,-11.0,-8.0,3.0,31
184.0932159423828,20.031814575195312,4.0063629150390625,1000.0,0.0,-0.7333333333333333,-0.4666666666666667,-11.0,-7.0,3.0,31
184.6918487548828,24.43427848815918,4.886855697631836,1000.0,0.0,-0.7333333333333333,-0.4,-11.0,-6.0,3.0,31
178.37567138671875,15.44410514831543,3.088821029663086,1000.0,0.0,-0.7333333333333333,-0.3333333333333333,-11.0,-5.0,3.0,31
183.0864715576172,23.53140640258789,4.706281280517578,1000.0,0.0,-0.7333333333333333,-0.26666666666666666,-11.0,-4.0,3.0,31
177.9209442138672,9.425100326538086,1.8850200653076172,1000.0,0.0,-0.7333333333333333,-0.2,-11.0,-3.0,3.0,31
183.23410034179688,17.14301300048828,3.428602600097656,1000.0,0.0,-0.7333333333333333,-0.13333333333333333,-11.0,-2.0,3.0,31
193.2781219482422,25.10028839111328,5.020057678222656,1000.0,0.0,-0.7333333333333333,-0.06666666666666667,-11.0,-1.0,3.0,31
212.79904174804688,42.882083892822266,8.576416778564454,1000.0,0.0,-0.7333333333333333,0.0,-11.0,0.0,3.0,31
191.91152954101562,13.443129539489746,2.6886259078979493,1000.0,0.0,-0.7333333333333333,0.06666666666666667,-11.0,1.0,3.0,31
193.5494384765625,21.645021438598633,4.329004287719727,1000.0,0.0,-0.7333333333333333,0.13333333333333333,-11.0,2.0,3.0,31
194.69677734375,19.9320068359375,3.9864013671875,1000.0,0.0,-0.7333333333333333,0.2,-11.0,3.0,3.0,31
201.12667846679688,45.54047393798828,9.108094787597656,1000.0,0.0,-0.7333333333333333,0.26666666666666666,-11.0,4.0,3.0,31
203.2007293701172,52.93243408203125,10.58648681640625,1000.0,0.0,-0.7333333333333333,0.3333333333333333,-11.0,5.0,3.0,31
246.5270538330078,73.57696533203125,14.71539306640625,1000.0,0.0,-0.7333333333333333,0.4,-11.0,6.0,3.0,31
273.9820861816406,62.35853576660156,12.471707153320313,1000.0,0.0,-0.7333333333333333,0.4666666666666667,-11.0,7.0,3.0,31
265.3528137207031,50.47672653198242,10.095345306396485,1000.0,0.0,-0.7333333333333333,0.5333333333333333,-11.0,8.0,3.0,31
230.94581604003906,46.66731643676758,9.333463287353515,1000.0,0.0,-0.7333333333333333,0.6,-11.0,9.0,3.0,31
243.15447998046875,44.9212760925293,8.98425521850586,1000.0,0.0,-0.7333333333333333,0.6666666666666666,-11.0,10.0,3.0,31
228.12075805664062,44.083885192871094,8.81677703857422,1000.0,0.0,-0.7333333333333333,0.7333333333333333,-11.0,11.0,3.0,31
195.3394012451172,21.52631950378418,4.305263900756836,1000.0,0.0,-0.7333333333333333,0.8,-11.0,12.0,3.0,31
190.96591186523438,24.903518676757812,4.980703735351563,1000.0,0.0,-0.7333333333333333,0.8666666666666667,-11.0,13.0,3.0,31
197.1611328125,24.073444366455078,4.814688873291016,1000.0,0.0,-0.7333333333333333,0.9333333333333333,-11.0,14.0,3.0,31
195.1600341796875,23.808258056640625,4.761651611328125,1000.0,0.0,-0.7333333333333333,1.0,-11.0,15.0,3.0,31
184.21649169921875,13.468663215637207,2.6937326431274413,1000.0,0.0,-0.6666666666666666,-1.0,-10.0,-15.0,3.0,31
191.18629455566406,25.30648422241211,5.061296844482422,1000.0,0.0,-0.6666666666666666,-0.9333333333333333,-10.0,-14.0,3.0,31
188.21450805664062,19.070695877075195,3.814139175415039,1000.0,0.0,-0.6666666666666666,-0.8666666666666667,-10.0,-13.0,3.0,31
194.19886779785156,18.83635139465332,3.7672702789306642,1000.0,0.0,-0.6666666666666666,-0.8,-10.0,-12.0,3.0,31
187.04409790039062,16.10605812072754,3.221211624145508,1000.0,0.0,-0.6666666666666666,-0.7333333333333333,-10.0,-11.0,3.0,31
214.55789184570312,44.908302307128906,8.981660461425781,1000.0,0.0,-0.6666666666666666,-0.6666666666666666,-10.0,-10.0,3.0,31
198.4961700439453,30.74635124206543,6.149270248413086,1000.0,0.0,-0.6666666666666666,-0.6,-10.0,-9.0,3.0,31
188.4564971923828,23.37933921813965,4.6758678436279295,1000.0,0.0,-0.6666666666666666,-0.5333333333333333,-10.0,-8.0,3.0,31
186.8519744873047,21.736948013305664,4.347389602661133,1000.0,0.0,-0.6666666666666666,-0.4666666666666667,-10.0,-7.0,3.0,31
192.20220947265625,43.6287956237793,8.725759124755859,1000.0,0.0,-0.6666666666666666,-0.4,-10.0,-6.0,3.0,31
183.17367553710938,23.30109214782715,4.66021842956543,1000.0,0.0,-0.6666666666666666,-0.3333333333333333,-10.0,-5.0,3.0,31
183.76148986816406,36.3267936706543,7.265358734130859,1000.0,0.0,-0.6666666666666666,-0.26666666666666666,-10.0,-4.0,3.0,31
186.35951232910156,28.846479415893555,5.769295883178711,1000.0,0.0,-0.6666666666666666,-0.2,-10.0,-3.0,3.0,31
196.2462921142578,28.96567726135254,5.793135452270508,1000.0,0.0,-0.6666666666666666,-0.13333333333333333,-10.0,-2.0,3.0,31
211.45425415039062,36.11262130737305,7.222524261474609,1000.0,0.0,-0.6666666666666666,-0.06666666666666667,-10.0,-1.0,3.0,31
219.22784423828125,37.77577590942383,7.555155181884766,1000.0,0.0,-0.6666666666666666,0.0,-10.0,0.0,3.0,31
181.93734741210938,16.842487335205078,3.3684974670410157,1000.0,0.0,-0.6666666666666666,0.06666666666666667,-10.0,1.0,3.0,31
188.85671997070312,13.874410629272461,2.774882125854492,1000.0,0.0,-0.6666666666666666,0.13333333333333333,-10.0,2.0,3.0,31
203.80914306640625,30.50999641418457,6.101999282836914,1000.0,0.0,-0.6666666666666666,0.2,-10.0,3.0,3.0,31
198.2049560546875,40.96880340576172,8.193760681152344,1000.0,0.0,-0.6666666666666666,0.26666666666666666,-10.0,4.0,3.0,31
211.1865692138672,59.5333137512207,11.906662750244141,1000.0,0.0,-0.6666666666666666,0.3333333333333333,-10.0,5.0,3.0,31
244.71371459960938,69.07465362548828,13.814930725097657,1000.0,0.0,-0.6666666666666666,0.4,-10.0,6.0,3.0,31
304.58074951171875,69.90719604492188,13.981439208984375,1000.0,0.0,-0.6666666666666666,0.4666666666666667,-10.0,7.0,3.0,31
230.2266845703125,51.65104675292969,10.330209350585937,1000.0,0.0,-0.6666666666666666,0.5333333333333333,-10.0,8.0,3.0,31
232.14981079101562,40.2962532043457,8.059250640869141,1000.0,0.0,-0.6666666666666666,0.6,-10.0,9.0,3.0,31
220.51834106445312,36.09718704223633,7.2194374084472654,1000.0,0.0,-0.6666666666666666,0.6666666666666666,-10.0,10.0,3.0,31
186.72850036621094,16.068910598754883,3.2137821197509764,1000.0,0.0,-0.6666666666666666,0.7333333333333333,-10.0,11.0,3.0,31
188.33851623535156,29.434890747070312,5.8869781494140625,1000.0,0.0,-0.6666666666666666,0.8,-10.0,12.0,3.0,31
200.56649780273438,25.67535400390625,5.13507080078125,1000.0,0.0,-0.6666666666666666,0.8666666666666667,-10.0,13.0,3.0,31
193.5571746826172,22.63705062866211,4.5274101257324215,1000.0,0.0,-0.6666666666666666,0.9333333333333333,-10.0,14.0,3.0,31
193.0606689453125,25.367006301879883,5.073401260375976,1000.0,0.0,-0.6666666666666666,1.0,-10.0,15.0,3.0,31
192.697265625,19.645654678344727,3.9291309356689452,1000.0,0.0,-0.6,-1.0,-9.0,-15.0,3.0,31
194.27377319335938,16.536840438842773,3.3073680877685545,1000.0,0.0,-0.6,-0.9333333333333333,-9.0,-14.0,3.0,31
193.38107299804688,21.693456649780273,4.338691329956054,1000.0,0.0,-0.6,-0.8666666666666667,-9.0,-13.0,3.0,31
185.5445098876953,15.276116371154785,3.055223274230957,1000.0,0.0,-0.6,-0.8,-9.0,-12.0,3.0,31
186.5919189453125,16.230257034301758,3.2460514068603517,1000.0,0.0,-0.6,-0.7333333333333333,-9.0,-11.0,3.0,31
193.38995361328125,14.496249198913574,2.8992498397827147,1000.0,0.0,-0.6,-0.6666666666666666,-9.0,-10.0,3.0,31
220.94155883789062,49.22816467285156,9.845632934570313,1000.0,0.0,-0.6,-0.6,-9.0,-9.0,3.0,31
198.1993408203125,32.732749938964844,6.546549987792969,1000.0,0.0,-0.6,-0.5333333333333333,-9.0,-8.0,3.0,31
206.18324279785156,34.2663688659668,6.85327377319336,1000.0,0.0,-0.6,-0.4666666666666667,-9.0,-7.0,3.0,31
184.19842529296875,15.132689476013184,3.0265378952026367,1000.0,0.0,-0.6,-0.4,-9.0,-6.0,3.0,31
190.00845336914062,25.28359031677246,5.056718063354492,1000.0,0.0,-0.6,-0.3333333333333333,-9.0,-5.0,3.0,31
197.5132598876953,35.19159698486328,7.038319396972656,1000.0,0.0,-0.6,-0.26666666666666666,-9.0,-4.0,3.0,31
201.783203125,45.991981506347656,9.198396301269531,1000.0,0.0,-0.6,-0.2,-9.0,-3.0,3.0,31
213.54608154296875,52.521522521972656,10.504304504394531,1000.0,0.0,-0.6,-0.13333333333333333,-9.0,-2.0,3.0,31
211.46730041503906,51.910911560058594,10.382182312011718,1000.0,0.0,-0.6,-0.06666666666666667,-9.0,-1.0,3.0,31
214.69989013671875,46.2431755065918,9.24863510131836,1000.0,0.0,-0.6,0.0,-9.0,0.0,3.0,31
199.0986328125,29.601402282714844,5.920280456542969,1000.0,0.0,-0.6,0.06666666666666667,-9.0,1.0,3.0,31
197.51947021484375,33.09440612792969,6.6188812255859375,1000.0,0.0,-0.6,0.13333333333333333,-9.0,2.0,3.0,31
189.59014892578125,25.006488800048828,5.0012977600097654,1000.0,0.0,-0.6,0.2,-9.0,3.0,3.0,31
190.72203063964844,17.111099243164062,3.4222198486328126,1000.0,0.0,-0.6,0.26666666666666666,-9.0,4.0,3.0,31
224.3643341064453,65.55038452148438,13.110076904296875,1000.0,0.0,-0.6,0.3333333333333333,-9.0,5.0,3.0,31
272.433349609375,62.874271392822266,12.574854278564453,1000.0,0.0,-0.6,0.4,-9.0,6.0,3.0,31
264.62164306640625,71.96041107177734,14.392082214355469,1000.0,0.0,-0.6,0.4666666666666667,-9.0,7.0,3.0,31
228.93214416503906,46.077415466308594,9.215483093261719,1000.0,0.0,-0.6,0.5333333333333333,-9.0,8.0,3.0,31
215.7118377685547,33.6407356262207,6.72814712524414,1000.0,0.0,-0.6,0.6,-9.0,9.0,3.0,31
197.23577880859375,34.916290283203125,6.983258056640625,1000.0,0.0,-0.6,0.6666666666666666,-9.0,10.0,3.0,31
198.87916564941406,35.96186828613281,7.192373657226563,1000.0,0.0,-0.6,0.7333333333333333,-9.0,11.0,3.0,31
184.80978393554688,16.697750091552734,3.339550018310547,1000.0,0.0,-0.6,0.8,-9.0,12.0,3.0,31
216.27622985839844,42.52198028564453,8.504396057128906,1000.0,0.0,-0.6,0.8666666666666667,-9.0,13.0,3.0,31
201.48660278320312,36.608375549316406,7.321675109863281,1000.0,0.0,-0.6,0.9333333333333333,-9.0,14.0,3.0,31
183.7546844482422,22.3144474029541,4.46288948059082,1000.0,0.0,-0.6,1.0,-9.0,15.0,3.0,31
192.53468322753906,24.631513595581055,4.926302719116211,1000.0,0.0,-0.5333333333333333,-1.0,-8.0,-15.0,3.0,31
193.04705810546875,26.031309127807617,5.206261825561524,1000.0,0.0,-0.5333333333333333,-0.9333333333333333,-8.0,-14.0,3.0,31
195.01951599121094,25.344297409057617,5.068859481811524,1000.0,0.0,-0.5333333333333333,-0.8666666666666667,-8.0,-13.0,3.0,31
187.28207397460938,15.470402717590332,3.0940805435180665,1000.0,0.0,-0.5333333333333333,-0.8,-8.0,-12.0,3.0,31
195.7470703125,29.621580123901367,5.924316024780273,1000.0,0.0,-0.5333333333333333,-0.7333333333333333,-8.0,-11.0,3.0,31
186.57644653320312,18.455801010131836,3.691160202026367,1000.0,0.0,-0.5333333333333333,-0.6666666666666666,-8.0,-10.0,3.0,31
181.28025817871094,12.338080406188965,2.467616081237793,1000.0,0.0,-0.5333333333333333,-0.6,-8.0,-9.0,3.0,31
182.29200744628906,14.510676383972168,2.9021352767944335,1000.0,0.0,-0.5333333333333333,-0.5333333333333333,-8.0,-8.0,3.0,31
186.31150817871094,11.962854385375977,2.3925708770751952,1000.0,0.0,-0.5333333333333333,-0.4666666666666667,-8.0,-7.0,3.0,31
188.9344940185547,12.869894981384277,2.5739789962768556,1000.0,0.0,-0.5333333333333333,-0.4,-8.0,-6.0,3.0,31
214.98590087890625,25.559494018554688,5.111898803710938,1000.0,0.0,-0.5333333333333333,-0.3333333333333333,-8.0,-5.0,3.0,31
220.20164489746094,47.78622817993164,9.557245635986328,1000.0,0.0,-0.5333333333333333,-0.26666666666666666,-8.0,-4.0,3.0,31
241.1322021484375,69.43598937988281,13.887197875976563,1000.0,0.0,-0.5333333333333333,-0.2,-8.0,-3.0,3.0,31
231.06304931640625,50.30484390258789,10.060968780517578,1000.0,0.0,-0.5333333333333333,-0.13333333333333333,-8.0,-2.0,3.0,31
240.56039428710938,68.1014175415039,13.620283508300782,1000.0,0.0,-0.5333333333333333,-0.06666666666666667,-8.0,-1.0,3.0,31
234.65200805664062,80.81607055664062,16.163214111328124,1000.0,0.0,-0.5333333333333333,0.0,-8.0,0.0,3.0,31
219.56605529785156,64.83164978027344,12.966329956054688,1000.0,0.0,-0.5333333333333333,0.06666666666666667,-8.0,1.0,3.0,31
197.08197021484375,36.99070358276367,7.398140716552734,1000.0,0.0,-0.5333333333333333,0.13333333333333333,-8.0,2.0,3.0,31
189.20242309570312,21.75954246520996,4.351908493041992,1000.0,0.0,-0.5333333333333333,0.2,-8.0,3.0,3.0,31
204.83363342285156,45.52971267700195,9.105942535400391,1000.0,0.0,-0.5333333333333333,0.26666666666666666,-8.0,4.0,3.0,31
255.9933624267578,83.33883666992188,16.667767333984376,1000.0,0.0,-0.5333333333333333,0.3333333333333333,-8.0,5.0,3.0,31
311.01470947265625,88.64507293701172,17.729014587402343,1000.0,0.0,-0.5333333333333333,0.4,-8.0,6.0,3.0,31
255.80682373046875,64.47386932373047,12.894773864746094,1000.0,0.0,-0.5333333333333333,0.4666666666666667,-8.0,7.0,3.0,31
197.65199279785156,26.159652709960938,5.231930541992187,1000.0,0.0,-0.5333333333333333,0.5333333333333333,-8.0,8.0,3.0,31
196.7440185546875,25.651668548583984,5.130333709716797,1000.0,0.0,-0.5333333333333333,0.6,-8.0,9.0,3.0,31
199.21839904785156,39.28443908691406,7.8568878173828125,1000.0,0.0,-0.5333333333333333,0.6666666666666666,-8.0,10.0,3.0,31
202.2213897705078,40.87466812133789,8.174933624267577,1000.0,0.0,-0.5333333333333333,0.7333333333333333,-8.0,11.0,3.0,31
237.1670379638672,75.94609069824219,15.189218139648437,1000.0,0.0,-0.5333333333333333,0.8,-8.0,12.0,3.0,31
201.78689575195312,43.96693420410156,8.793386840820313,1000.0,0.0,-0.5333333333333333,0.8666666666666667,-8.0,13.0,3.0,31
186.80564880371094,19.4273738861084,3.8854747772216798,1000.0,0.0,-0.5333333333333333,0.9333333333333333,-8.0,14.0,3.0,31
180.3714599609375,12.616235733032227,2.5232471466064452,1000.0,0.0,-0.5333333333333333,1.0,-8.0,15.0,3.0,31
201.4740753173828,30.840620040893555,6.168124008178711,1000.0,0.0,-0.4666666666666667,-1.0,-7.0,-15.0,3.0,31
201.97393798828125,33.59209060668945,6.718418121337891,1000.0,0.0,-0.4666666666666667,-0.9333333333333333,-7.0,-14.0,3.0,31
193.7347412109375,20.150144577026367,4.030028915405273,1000.0,0.0,-0.4666666666666667,-0.8666666666666667,-7.0,-13.0,3.0,31
185.2066650390625,16.098236083984375,3.219647216796875,1000.0,0.0,-0.4666666666666667,-0.8,-7.0,-12.0,3.0,31
195.8682861328125,31.300416946411133,6.260083389282227,1000.0,0.0,-0.4666666666666667,-0.7333333333333333,-7.0,-11.0,3.0,31
191.43344116210938,24.600374221801758,4.920074844360352,1000.0,0.0,-0.4666666666666667,-0.6666666666666666,-7.0,-10.0,3.0,31
187.7012481689453,25.926359176635742,5.185271835327148,1000.0,0.0,-0.4666666666666667,-0.6,-7.0,-9.0,3.0,31
184.06585693359375,29.38245391845703,5.876490783691406,1000.0,0.0,-0.4666666666666667,-0.5333333333333333,-7.0,-8.0,3.0,31
191.8568115234375,25.921907424926758,5.184381484985352,1000.0,0.0,-0.4666666666666667,-0.4666666666666667,-7.0,-7.0,3.0,31
185.04737854003906,21.27947425842285,4.2558948516845705,1000.0,0.0,-0.4666666666666667,-0.4,-7.0,-6.0,3.0,31
190.63272094726562,22.02286720275879,4.404573440551758,1000.0,0.0,-0.4666666666666667,-0.3333333333333333,-7.0,-5.0,3.0,31
239.2483367919922,57.33675765991211,11.467351531982422,1000.0,0.0,-0.4666666666666667,-0.26666666666666666,-7.0,-4.0,3.0,31
243.90805053710938,95.505126953125,19.101025390625,1000.0,0.0,-0.4666666666666667,-0.2,-7.0,-3.0,3.0,31
253.88922119140625,83.67544555664062,16.735089111328126,1000.0,0.0,-0.4666666666666667,-0.13333333333333333,-7.0,-2.0,3.0,31
276.258056640625,79.50469207763672,15.900938415527344,1000.0,0.0,-0.4666666666666667,-0.06666666666666667,-7.0,-1.0,3.0,31
285.72503662109375,97.92300415039062,19.584600830078124,1000.0,0.0,-0.4666666666666667,0.0,-7.0,0.0,3.0,31
238.63185119628906,91.63835906982422,18.327671813964844,1000.0,0.0,-0.4666666666666667,0.06666666666666667,-7.0,1.0,3.0,31
210.9343719482422,62.80720520019531,12.561441040039062,1000.0,0.0,-0.4666666666666667,0.13333333333333333,-7.0,2.0,3.0,31
190.46929931640625,23.57564926147461,4.715129852294922,1000.0,0.0,-0.4666666666666667,0.2,-7.0,3.0,3.0,31
203.1042022705078,34.97365951538086,6.994731903076172,1000.0,0.0,-0.4666666666666667,0.26666666666666666,-7.0,4.0,3.0,31
306.7132263183594,70.27896881103516,14.055793762207031,1000.0,0.0,-0.4666666666666667,0.3333333333333333,-7.0,5.0,3.0,31
302.2310485839844,83.35133361816406,16.670266723632814,1000.0,0.0,-0.4666666666666667,0.4,-7.0,6.0,3.0,31
218.58096313476562,56.142250061035156,11.22845001220703,1000.0,0.0,-0.4666666666666667,0.4666666666666667,-7.0,7.0,3.0,31
194.11280822753906,30.547073364257812,6.109414672851562,1000.0,0.0,-0.4666666666666667,0.5333333333333333,-7.0,8.0,3.0,31
189.75894165039062,23.275386810302734,4.655077362060547,1000.0,0.0,-0.4666666666666667,0.6,-7.0,9.0,3.0,31
199.0912628173828,28.561182022094727,5.712236404418945,1000.0,0.0,-0.4666666666666667,0.6666666666666666,-7.0,10.0,3.0,31
199.8716583251953,32.24921417236328,6.449842834472657,1000.0,0.0,-0.4666666666666667,0.7333333333333333,-7.0,11.0,3.0,31
206.22537231445312,46.72594451904297,9.345188903808594,1000.0,0.0,-0.4666666666666667,0.8,-7.0,12.0,3.0,31
186.45391845703125,17.437545776367188,3.4875091552734374,1000.0,0.0,-0.4666666666666667,0.8666666666666667,-7.0,13.0,3.0,31
190.60302734375,25.4605712890625,5.0921142578125,1000.0,0.0,-0.4666666666666667,0.9333333333333333,-7.0,14.0,3.0,31
184.8905487060547,22.014970779418945,4.402994155883789,1000.0,0.0,-0.4666666666666667,1.0,-7.0,15.0,3.0,31
203.8754425048828,36.034061431884766,7.2068122863769535,1000.0,0.0,-0.4,-1.0,-6.0,-15.0,3.0,31
203.50909423828125,38.46293640136719,7.692587280273438,1000.0,0.0,-0.4,-0.9333333333333333,-6.0,-14.0,3.0,31
187.19708251953125,25.8973388671875,5.1794677734375,1000.0,0.0,-0.4,-0.8666666666666667,-6.0,-13.0,3.0,31
185.95606994628906,22.905698776245117,4.581139755249024,1000.0,0.0,-0.4,-0.8,-6.0,-12.0,3.0,31
183.02662658691406,18.159835815429688,3.6319671630859376,1000.0,0.0,-0.4,-0.7333333333333333,-6.0,-11.0,3.0,31
195.51158142089844,47.33930587768555,9.46786117553711,1000.0,0.0,-0.4,-0.6666666666666666,-6.0,-10.0,3.0,31
189.1503448486328,28.2133731842041,5.6426746368408205,1000.0,0.0,-0.4,-0.6,-6.0,-9.0,3.0,31
189.1394500732422,27.85228729248047,5.570457458496094,1000.0,0.0,-0.4,-0.5333333333333333,-6.0,-8.0,3.0,31
183.0914306640625,13.966200828552246,2.7932401657104493,1000.0,0.0,-0.4,-0.4666666666666667,-6.0,-7.0,3.0,31
216.99806213378906,47.343055725097656,9.468611145019532,1000.0,0.0,-0.4,-0.4,-6.0,-6.0,3.0,31
258.06781005859375,32.305442810058594,6.461088562011719,1000.0,0.0,-0.4,-0.3333333333333333,-6.0,-5.0,3.0,31
278.6847229003906,36.678436279296875,7.335687255859375,1000.0,0.0,-0.4,-0.26666666666666666,-6.0,-4.0,3.0,31
258.9136962890625,63.318992614746094,12.663798522949218,1000.0,0.0,-0.4,-0.2,-6.0,-3.0,3.0,31
243.8602294921875,68.91638946533203,13.783277893066407,1000.0,0.0,-0.4,-0.13333333333333333,-6.0,-2.0,3.0,31
222.79806518554688,51.66915512084961,10.333831024169921,1000.0,0.0,-0.4,-0.06666666666666667,-6.0,-1.0,3.0,31
271.61968994140625,70.62236022949219,14.124472045898438,1000.0,0.0,-0.4,0.0,-6.0,0.0,3.0,31
261.7598876953125,86.23136901855469,17.246273803710938,1000.0,0.0,-0.4,0.06666666666666667,-6.0,1.0,3.0,31
216.12393188476562,75.07904815673828,15.015809631347656,1000.0,0.0,-0.4,0.13333333333333333,-6.0,2.0,3.0,31
199.35911560058594,31.3111629486084,6.2622325897216795,1000.0,0.0,-0.4,0.2,-6.0,3.0,3.0,31
275.32269287109375,84.38491821289062,16.876983642578125,1000.0,0.0,-0.4,0.26666666666666666,-6.0,4.0,3.0,31
348.07794189453125,59.5963020324707,11.919260406494141,1000.0,0.0,-0.4,0.3333333333333333,-6.0,5.0,3.0,31
272.0107116699219,64.96733856201172,12.993467712402344,1000.0,0.0,-0.4,0.4,-6.0,6.0,3.0,31
190.86557006835938,22.616008758544922,4.523201751708984,1000.0,0.0,-0.4,0.4666666666666667,-6.0,7.0,3.0,31
187.9310302734375,24.97362518310547,4.994725036621094,1000.0,0.0,-0.4,0.5333333333333333,-6.0,8.0,3.0,31
184.1798095703125,16.3189640045166,3.26379280090332,1000.0,0.0,-0.4,0.6,-6.0,9.0,3.0,31
203.65951538085938,53.32651138305664,10.665302276611328,1000.0,0.0,-0.4,0.6666666666666666,-6.0,10.0,3.0,31
217.79794311523438,58.307586669921875,11.661517333984374,1000.0,0.0,-0.4,0.7333333333333333,-6.0,11.0,3.0,31
198.57861328125,38.49147033691406,7.698294067382813,1000.0,0.0,-0.4,0.8,-6.0,12.0,3.0,31
190.97703552246094,28.311412811279297,5.662282562255859,1000.0,0.0,-0.4,0.8666666666666667,-6.0,13.0,3.0,31
195.20693969726562,42.41563034057617,8.483126068115235,1000.0,0.0,-0.4,0.9333333333333333,-6.0,14.0,3.0,31
205.06324768066406,46.625633239746094,9.325126647949219,1000.0,0.0,-0.4,1.0,-6.0,15.0,3.0,31
204.85079956054688,34.56221008300781,6.912442016601562,1000.0,0.0,-0.3333333333333333,-1.0,-5.0,-15.0,3.0,31
202.6639404296875,32.75368881225586,6.550737762451172,1000.0,0.0,-0.3333333333333333,-0.9333333333333333,-5.0,-14.0,3.0,31
198.84129333496094,26.37034034729004,5.274068069458008,1000.0,0.0,-0.3333333333333333,-0.8666666666666667,-5.0,-13.0,3.0,31
188.73023986816406,23.127592086791992,4.625518417358398,1000.0,0.0,-0.3333333333333333,-0.8,-5.0,-12.0,3.0,31
201.08294677734375,47.64525604248047,9.529051208496094,1000.0,0.0,-0.3333333333333333,-0.7333333333333333,-5.0,-11.0,3.0,31
191.47613525390625,22.891796112060547,4.578359222412109,1000.0,0.0,-0.3333333333333333,-0.6666666666666666,-5.0,-10.0,3.0,31
187.43382263183594,25.507753372192383,5.101550674438476,1000.0,0.0,-0.3333333333333333,-0.6,-5.0,-9.0,3.0,31
205.6824188232422,46.43989944458008,9.287979888916016,1000.0,0.0,-0.3333333333333333,-0.5333333333333333,-5.0,-8.0,3.0,31
187.11900329589844,21.715015411376953,4.3430030822753904,1000.0,0.0,-0.3333333333333333,-0.4666666666666667,-5.0,-7.0,3.0,31
215.51187133789062,62.580902099609375,12.516180419921875,1000.0,0.0,-0.3333333333333333,-0.4,-5.0,-6.0,3.0,31
224.22389221191406,53.00477981567383,10.600955963134766,1000.0,0.0,-0.3333333333333333,-0.3333333333333333,-5.0,-5.0,3.0,31
209.12181091308594,45.99748611450195,9.19949722290039,1000.0,0.0,-0.3333333333333333,-0.26666666666666666,-5.0,-4.0,3.0,31
229.6235809326172,90.16754913330078,18.033509826660158,1000.0,0.0,-0.3333333333333333,-0.2,-5.0,-3.0,3.0,31
305.8528747558594,109.96378326416016,21.992756652832032,1000.0,0.0,-0.3333333333333333,-0.13333333333333333,-5.0,-2.0,3.0,31
240.0284423828125,67.79266357421875,13.55853271484375,1000.0,0.0,-0.3333333333333333,-0.06666666666666667,-5.0,-1.0,3.0,31
251.4703369140625,71.08883666992188,14.217767333984375,1000.0,0.0,-0.3333333333333333,0.0,-5.0,0.0,3.0,31
277.3456115722656,96.36465454101562,19.272930908203126,1000.0,0.0,-0.3333333333333333,0.06666666666666667,-5.0,1.0,3.0,31
232.75210571289062,84.49117279052734,16.898234558105468,1000.0,0.0,-0.3333333333333333,0.13333333333333333,-5.0,2.0,3.0,31
235.44195556640625,60.204307556152344,12.040861511230469,1000.0,0.0,-0.3333333333333333,0.2,-5.0,3.0,3.0,31
350.9158630371094,65.84686279296875,13.16937255859375,1000.0,0.0,-0.3333333333333333,0.26666666666666666,-5.0,4.0,3.0,31
281.9549865722656,87.70465087890625,17.54093017578125,1000.0,0.0,-0.3333333333333333,0.3333333333333333,-5.0,5.0,3.0,31
252.58612060546875,66.38951873779297,13.277903747558593,1000.0,0.0,-0.3333333333333333,0.4,-5.0,6.0,3.0,31
196.17515563964844,33.30655288696289,6.6613105773925785,1000.0,0.0,-0.3333333333333333,0.4666666666666667,-5.0,7.0,3.0,31
194.46115112304688,31.81272315979004,6.3625446319580075,1000.0,0.0,-0.3333333333333333,0.5333333333333333,-5.0,8.0,3.0,31
209.08441162109375,51.554901123046875,10.310980224609375,1000.0,0.0,-0.3333333333333333,0.6,-5.0,9.0,3.0,31
216.96392822265625,60.49959945678711,12.099919891357422,1000.0,0.0,-0.3333333333333333,0.6666666666666666,-5.0,10.0,3.0,31
214.4810333251953,59.493690490722656,11.89873809814453,1000.0,0.0,-0.3333333333333333,0.7333333333333333,-5.0,11.0,3.0,31
211.16175842285156,53.146522521972656,10.629304504394531,1000.0,0.0,-0.3333333333333333,0.8,-5.0,12.0,3.0,31
201.388671875,41.73234939575195,8.34646987915039,1000.0,0.0,-0.3333333333333333,0.8666666666666667,-5.0,13.0,3.0,31
206.15025329589844,39.37552261352539,7.875104522705078,1000.0,0.0,-0.3333333333333333,0.9333333333333333,-5.0,14.0,3.0,31
191.73760986328125,25.099246978759766,5.019849395751953,1000.0,0.0,-0.3333333333333333,1.0,-5.0,15.0,3.0,31
206.0182647705078,36.192222595214844,7.238444519042969,1000.0,0.0,-0.26666666666666666,-1.0,-4.0,-15.0,3.0,31
209.86984252929688,36.45368957519531,7.290737915039062,1000.0,0.0,-0.26666666666666666,-0.9333333333333333,-4.0,-14.0,3.0,31
205.94483947753906,33.95148849487305,6.7902976989746096,1000.0,0.0,-0.26666666666666666,-0.8666666666666667,-4.0,-13.0,3.0,31
201.4922332763672,39.85951232910156,7.971902465820312,1000.0,0.0,-0.26666666666666666,-0.8,-4.0,-12.0,3.0,31
198.84991455078125,41.790225982666016,8.358045196533203,1000.0,0.0,-0.26666666666666666,-0.7333333333333333,-4.0,-11.0,3.0,31
198.94992065429688,39.40690994262695,7.881381988525391,1000.0,0.0,-0.26666666666666666,-0.6666666666666666,-4.0,-10.0,3.0,31
215.85484313964844,62.63772201538086,12.527544403076172,1000.0,0.0,-0.26666666666666666,-0.6,-4.0,-9.0,3.0,31
218.20285034179688,65.19085693359375,13.03817138671875,1000.0,0.0,-0.26666666666666666,-0.5333333333333333,-4.0,-8.0,3.0,31
212.90301513671875,71.92198944091797,14.384397888183594,1000.0,0.0,-0.26666666666666666,-0.4666666666666667,-4.0,-7.0,3.0,31
283.343994140625,119.5843734741211,23.91687469482422,1000.0,0.0,-0.26666666666666666,-0.4,-4.0,-6.0,3.0,31
273.80181884765625,112.29556274414062,22.459112548828124,1000.0,0.0,-0.26666666666666666,-0.3333333333333333,-4.0,-5.0,3.0,31
212.45199584960938,47.981475830078125,9.596295166015626,1000.0,0.0,-0.26666666666666666,-0.26666666666666666,-4.0,-4.0,3.0,31
202.61489868164062,55.06997299194336,11.013994598388672,1000.0,0.0,-0.26666666666666666,-0.2,-4.0,-3.0,3.0,31
202.27928161621094,38.458011627197266,7.691602325439453,1000.0,0.0,-0.26666666666666666,-0.13333333333333333,-4.0,-2.0,3.0,31
196.01495361328125,26.28522300720215,5.2570446014404295,1000.0,0.0,-0.26666666666666666,-0.06666666666666667,-4.0,-1.0,3.0,31
280.07891845703125,81.07173156738281,16.21434631347656,1000.0,0.0,-0.26666666666666666,0.0,-4.0,0.0,3.0,31
224.36634826660156,67.54640197753906,13.509280395507812,1000.0,0.0,-0.26666666666666666,0.06666666666666667,-4.0,1.0,3.0,31
270.2183532714844,120.81610870361328,24.163221740722655,1000.0,0.0,-0.26666666666666666,0.13333333333333333,-4.0,2.0,3.0,31
213.84652709960938,47.46296691894531,9.492593383789062,1000.0,0.0,-0.26666666666666666,0.2,-4.0,3.0,3.0,31
296.382568359375,60.8116340637207,12.16232681274414,1000.0,0.0,-0.26666666666666666,0.26666666666666666,-4.0,4.0,3.0,31
278.2092590332031,85.53581237792969,17.107162475585938,1000.0,0.0,-0.26666666666666666,0.3333333333333333,-4.0,5.0,3.0,31
258.5864562988281,76.86477661132812,15.372955322265625,1000.0,0.0,-0.26666666666666666,0.4,-4.0,6.0,3.0,31
198.63685607910156,28.217884063720703,5.643576812744141,1000.0,0.0,-0.26666666666666666,0.4666666666666667,-4.0,7.0,3.0,31
205.04327392578125,21.99738311767578,4.399476623535156,1000.0,0.0,-0.26666666666666666,0.5333333333333333,-4.0,8.0,3.0,31
233.1839599609375,53.58479690551758,10.716959381103516,1000.0,0.0,-0.26666666666666666,0.6,-4.0,9.0,3.0,31
237.64678955078125,71.93247985839844,14.386495971679688,1000.0,0.0,-0.26666666666666666,0.6666666666666666,-4.0,10.0,3.0,31
250.63763427734375,92.64863586425781,18.529727172851562,1000.0,0.0,-0.26666666666666666,0.7333333333333333,-4.0,11.0,3.0,31
206.01951599121094,55.72279357910156,11.144558715820313,1000.0,0.0,-0.26666666666666666,0.8,-4.0,12.0,3.0,31
214.01597595214844,54.902374267578125,10.980474853515625,1000.0,0.0,-0.26666666666666666,0.8666666666666667,-4.0,13.0,3.0,31
205.74095153808594,41.538360595703125,8.307672119140625,1000.0,0.0,-0.26666666666666666,0.9333333333333333,-4.0,14.0,3.0,31
202.5573272705078,38.8689079284668,7.773781585693359,1000.0,0.0,-0.26666666666666666,1.0,-4.0,15.0,3.0,31
233.75460815429688,65.27713012695312,13.055426025390625,1000.0,0.0,-0.2,-1.0,-3.0,-15.0,3.0,31
223.14210510253906,63.26073455810547,12.652146911621093,1000.0,0.0,-0.2,-0.9333333333333333,-3.0,-14.0,3.0,31
222.72686767578125,67.7054214477539,13.541084289550781,1000.0,0.0,-0.2,-0.8666666666666667,-3.0,-13.0,3.0,31
216.57115173339844,72.85677337646484,14.57135467529297,1000.0,0.0,-0.2,-0.8,-3.0,-12.0,3.0,31
210.48902893066406,70.13764953613281,14.027529907226562,1000.0,0.0,-0.2,-0.7333333333333333,-3.0,-11.0,3.0,31
228.28221130371094,52.38624572753906,10.477249145507812,1000.0,0.0,-0.2,-0.6666666666666666,-3.0,-10.0,3.0,31
219.4478759765625,51.40337371826172,10.280674743652344,1000.0,0.0,-0.2,-0.6,-3.0,-9.0,3.0,31
236.4556427001953,85.67037200927734,17.134074401855468,1000.0,0.0,-0.2,-0.5333333333333333,-3.0,-8.0,3.0,31
258.7206726074219,133.86029052734375,26.77205810546875,1000.0,0.0,-0.2,-0.4666666666666667,-3.0,-7.0,3.0,31
306.34954833984375,152.98910522460938,30.597821044921876,1000.0,0.0,-0.2,-0.4,-3.0,-6.0,3.0,31
315.12225341796875,185.4530029296875,37.0906005859375,1000.0,0.0,-0.2,-0.3333333333333333,-3.0,-5.0,3.0,31
284.44696044921875,136.33612060546875,27.26722412109375,1000.0,0.0,-0.2,-0.26666666666666666,-3.0,-4.0,3.0,31
228.05722045898438,32.413150787353516,6.4826301574707035,1000.0,0.0,-0.2,-0.2,-3.0,-3.0,3.0,31
196.97508239746094,28.543888092041016,5.708777618408203,1000.0,0.0,-0.2,-0.13333333333333333,-3.0,-2.0,3.0,31
254.70669555664062,48.861690521240234,9.772338104248046,1000.0,0.0,-0.2,-0.06666666666666667,-3.0,-1.0,3.0,31
285.0840148925781,113.90187072753906,22.780374145507814,1000.0,0.0,-0.2,0.0,-3.0,0.0,3.0,31
269.4186096191406,82.84571075439453,16.569142150878907,1000.0,0.0,-0.2,0.06666666666666667,-3.0,1.0,3.0,31
324.4931945800781,74.57758331298828,14.915516662597657,1000.0,0.0,-0.2,0.13333333333333333,-3.0,2.0,3.0,31
281.3735656738281,123.26009368896484,24.652018737792968,1000.0,0.0,-0.2,0.2,-3.0,3.0,3.0,31
324.9417724609375,82.8474349975586,16.569486999511717,1000.0,0.0,-0.2,0.26666666666666666,-3.0,4.0,3.0,31
274.4381103515625,80.73574829101562,16.147149658203126,1000.0,0.0,-0.2,0.3333333333333333,-3.0,5.0,3.0,31
262.4644470214844,55.55940246582031,11.111880493164062,1000.0,0.0,-0.2,0.4,-3.0,6.0,3.0,31
229.7576141357422,48.669036865234375,9.733807373046876,1000.0,0.0,-0.2,0.4666666666666667,-3.0,7.0,3.0,31
249.9828643798828,68.58845520019531,13.717691040039062,1000.0,0.0,-0.2,0.5333333333333333,-3.0,8.0,3.0,31
260.93701171875,94.84516143798828,18.969032287597656,1000.0,0.0,-0.2,0.6,-3.0,9.0,3.0,31
256.15020751953125,87.98796844482422,17.597593688964842,1000.0,0.0,-0.2,0.6666666666666666,-3.0,10.0,3.0,31
239.26707458496094,91.29434204101562,18.258868408203124,1000.0,0.0,-0.2,0.7333333333333333,-3.0,11.0,3.0,31
213.3454132080078,55.719757080078125,11.143951416015625,1000.0,0.0,-0.2,0.8,-3.0,12.0,3.0,31
208.1956024169922,51.3731689453125,10.2746337890625,1000.0,0.0,-0.2,0.8666666666666667,-3.0,13.0,3.0,31
211.71238708496094,40.3931770324707,8.07863540649414,1000.0,0.0,-0.2,0.9333333333333333,-3.0,14.0,3.0,31
203.0810546875,37.33580780029297,7.467161560058594,1000.0,0.0,-0.2,1.0,-3.0,15.0,3.0,31
202.34390258789062,39.91156005859375,7.98231201171875,1000.0,0.0,-0.13333333333333333,-1.0,-2.0,-15.0,3.0,31
205.0863494873047,52.522056579589844,10.504411315917968,1000.0,0.0,-0.13333333333333333,-0.9333333333333333,-2.0,-14.0,3.0,31
247.3720703125,84.12709045410156,16.825418090820314,1000.0,0.0,-0.13333333333333333,-0.8666666666666667,-2.0,-13.0,3.0,31
235.01504516601562,76.62741088867188,15.325482177734376,1000.0,0.0,-0.13333333333333333,-0.8,-2.0,-12.0,3.0,31
222.58226013183594,78.35172271728516,15.67034454345703,1000.0,0.0,-0.13333333333333333,-0.7333333333333333,-2.0,-11.0,3.0,31
233.15057373046875,94.89317321777344,18.978634643554688,1000.0,0.0,-0.13333333333333333,-0.6666666666666666,-2.0,-10.0,3.0,31
231.49659729003906,95.79874420166016,19.159748840332032,1000.0,0.0,-0.13333333333333333,-0.6,-2.0,-9.0,3.0,31
215.7559356689453,84.94567108154297,16.989134216308592,1000.0,0.0,-0.13333333333333333,-0.5333333333333333,-2.0,-8.0,3.0,31
271.1844787597656,133.87596130371094,26.775192260742188,1000.0,0.0,-0.13333333333333333,-0.4666666666666667,-2.0,-7.0,3.0,31
250.8873291015625,115.40234375,23.08046875,1000.0,0.0,-0.13333333333333333,-0.4,-2.0,-6.0,3.0,31
305.78106689453125,181.65603637695312,36.331207275390625,1000.0,0.0,-0.13333333333333333,-0.3333333333333333,-2.0,-5.0,3.0,31
214.1771240234375,75.1136245727539,15.022724914550782,1000.0,0.0,-0.13333333333333333,-0.26666666666666666,-2.0,-4.0,3.0,31
205.9317169189453,36.01372528076172,7.202745056152343,1000.0,0.0,-0.13333333333333333,-0.2,-2.0,-3.0,3.0,31
201.19239807128906,18.887279510498047,3.7774559020996095,1000.0,0.0,-0.13333333333333333,-0.13333333333333333,-2.0,-2.0,3.0,31
606.412353515625,252.48434448242188,50.49686889648437,1000.0,0.0,-0.13333333333333333,-0.06666666666666667,-2.0,-1.0,3.0,31
904.484375,58.878990173339844,11.775798034667968,1000.0,0.0,-0.13333333333333333,0.0,-2.0,0.0,3.0,31
666.7122802734375,202.1271514892578,40.42543029785156,1000.0,0.0,-0.13333333333333333,0.06666666666666667,-2.0,1.0,3.0,31
373.00018310546875,139.74508666992188,27.949017333984376,1000.0,0.0,-0.13333333333333333,0.13333333333333333,-2.0,2.0,3.0,31
363.429443359375,153.55165100097656,30.710330200195312,1000.0,0.0,-0.13333333333333333,0.2,-2.0,3.0,3.0,31
344.0584716796875,135.22021484375,27.04404296875,1000.0,0.0,-0.13333333333333333,0.26666666666666666,-2.0,4.0,3.0,31
271.3045959472656,82.8224868774414,16.56449737548828,1000.0,0.0,-0.13333333333333333,0.3333333333333333,-2.0,5.0,3.0,31
248.75125122070312,73.39777374267578,14.679554748535157,1000.0,0.0,-0.13333333333333333,0.4,-2.0,6.0,3.0,31
275.77325439453125,68.3580322265625,13.6716064453125,1000.0,0.0,-0.13333333333333333,0.4666666666666667,-2.0,7.0,3.0,31
311.56134033203125,64.67985534667969,12.935971069335938,1000.0,0.0,-0.13333333333333333,0.5333333333333333,-2.0,8.0,3.0,31
275.7170104980469,108.55686950683594,21.71137390136719,1000.0,0.0,-0.13333333333333333,0.6,-2.0,9.0,3.0,31
249.3612060546875,98.6626205444336,19.732524108886718,1000.0,0.0,-0.13333333333333333,0.6666666666666666,-2.0,10.0,3.0,31
235.96163940429688,79.98548889160156,15.997097778320313,1000.0,0.0,-0.13333333333333333,0.7333333333333333,-2.0,11.0,3.0,31
215.42800903320312,40.52570724487305,8.10514144897461,1000.0,0.0,-0.13333333333333333,0.8,-2.0,12.0,3.0,31
193.58370971679688,25.57569694519043,5.115139389038086,1000.0,0.0,-0.13333333333333333,0.8666666666666667,-2.0,13.0,3.0,31
213.27993774414062,45.9161491394043,9.18322982788086,1000.0,0.0,-0.13333333333333333,0.9333333333333333,-2.0,14.0,3.0,31
191.3519744873047,31.861194610595703,6.3722389221191404,1000.0,0.0,-0.13333333333333333,1.0,-2.0,15.0,3.0,31
186.13778686523438,30.603302001953125,6.120660400390625,1000.0,0.0,-0.06666666666666667,-1.0,-1.0,-15.0,3.0,31
197.35418701171875,41.400489807128906,8.280097961425781,1000.0,0.0,-0.06666666666666667,-0.9333333333333333,-1.0,-14.0,3.0,31
186.22454833984375,26.002878189086914,5.200575637817383,1000.0,0.0,-0.06666666666666667,-0.8666666666666667,-1.0,-13.0,3.0,31
206.794921875,47.18070983886719,9.436141967773438,1000.0,0.0,-0.06666666666666667,-0.8,-1.0,-12.0,3.0,31
217.34829711914062,60.152381896972656,12.030476379394532,1000.0,0.0,-0.06666666666666667,-0.7333333333333333,-1.0,-11.0,3.0,31
213.5826416015625,64.69219207763672,12.938438415527344,1000.0,0.0,-0.06666666666666667,-0.6666666666666666,-1.0,-10.0,3.0,31
223.6434783935547,76.19817352294922,15.239634704589843,1000.0,0.0,-0.06666666666666667,-0.6,-1.0,-9.0,3.0,31
250.15597534179688,111.95536804199219,22.391073608398436,1000.0,0.0,-0.06666666666666667,-0.5333333333333333,-1.0,-8.0,3.0,31
218.96263122558594,57.935455322265625,11.587091064453125,1000.0,0.0,-0.06666666666666667,-0.4666666666666667,-1.0,-7.0,3.0,31
199.02801513671875,30.53911781311035,6.1078235626220705,1000.0,0.0,-0.06666666666666667,-0.4,-1.0,-6.0,3.0,31
247.1093292236328,99.11100769042969,19.822201538085938,1000.0,0.0,-0.06666666666666667,-0.3333333333333333,-1.0,-5.0,3.0,31
257.9634094238281,114.33464050292969,22.866928100585938,1000.0,0.0,-0.06666666666666667,-0.26666666666666666,-1.0,-4.0,3.0,31
438.2855529785156,258.09796142578125,51.61959228515625,1000.0,0.0,-0.06666666666666667,-0.2,-1.0,-3.0,3.0,31
527.9224853515625,371.5048828125,74.3009765625,1000.0,0.0,-0.06666666666666667,-0.13333333333333333,-1.0,-2.0,3.0,31
922.4722900390625,66.1351089477539,13.227021789550781,1000.0,0.0,-0.06666666666666667,-0.06666666666666667,-1.0,-1.0,3.0,31
976.614501953125,11.47442626953125,2.29488525390625,1000.0,0.0,-0.06666666666666667,0.0,-1.0,0.0,3.0,31
966.3284912109375,16.70943260192871,3.341886520385742,1000.0,0.0,-0.06666666666666667,0.06666666666666667,-1.0,1.0,3.0,31
555.5517578125,217.90634155273438,43.581268310546875,1000.0,0.0,-0.06666666666666667,0.13333333333333333,-1.0,2.0,3.0,31
491.6500244140625,114.32728576660156,22.865457153320314,1000.0,0.0,-0.06666666666666667,0.2,-1.0,3.0,3.0,31
331.0164794921875,103.29066467285156,20.65813293457031,1000.0,0.0,-0.06666666666666667,0.26666666666666666,-1.0,4.0,3.0,31
264.6880187988281,94.42240905761719,18.884481811523436,1000.0,0.0,-0.06666666666666667,0.3333333333333333,-1.0,5.0,3.0,31
239.41775512695312,55.77549743652344,11.155099487304687,1000.0,0.0,-0.06666666666666667,0.4,-1.0,6.0,3.0,31
249.93988037109375,69.87381744384766,13.974763488769531,1000.0,0.0,-0.06666666666666667,0.4666666666666667,-1.0,7.0,3.0,31
250.47633361816406,61.98407745361328,12.396815490722656,1000.0,0.0,-0.06666666666666667,0.5333333333333333,-1.0,8.0,3.0,31
245.5615234375,81.93697357177734,16.38739471435547,1000.0,0.0,-0.06666666666666667,0.6,-1.0,9.0,3.0,31
276.3696594238281,83.18359375,16.63671875,1000.0,0.0,-0.06666666666666667,0.6666666666666666,-1.0,10.0,3.0,31
250.4872589111328,82.50447082519531,16.500894165039064,1000.0,0.0,-0.06666666666666667,0.7333333333333333,-1.0,11.0,3.0,31
201.8454132080078,45.506649017333984,9.101329803466797,1000.0,0.0,-0.06666666666666667,0.8,-1.0,12.0,3.0,31
224.04061889648438,57.7474365234375,11.5494873046875,1000.0,0.0,-0.06666666666666667,0.8666666666666667,-1.0,13.0,3.0,31
212.8464813232422,62.856685638427734,12.571337127685547,1000.0,0.0,-0.06666666666666667,0.9333333333333333,-1.0,14.0,3.0,31
202.4351806640625,36.228797912597656,7.245759582519531,1000.0,0.0,-0.06666666666666667,1.0,-1.0,15.0,3.0,31
207.0299835205078,58.77353286743164,11.754706573486327,1000.0,0.0,0.0,-1.0,0.0,-15.0,3.0,31
206.8481903076172,55.38639831542969,11.077279663085937,1000.0,0.0,0.0,-0.9333333333333333,0.0,-14.0,3.0,31
192.1671905517578,28.74675941467285,5.749351882934571,1000.0,0.0,0.0,-0.8666666666666667,0.0,-13.0,3.0,31
188.59500122070312,35.915855407714844,7.183171081542969,1000.0,0.0,0.0,-0.8,0.0,-12.0,3.0,31
188.8338623046875,27.458398818969727,5.491679763793945,1000.0,0.0,0.0,-0.7333333333333333,0.0,-11.0,3.0,31
189.38148498535156,29.367958068847656,5.873591613769531,1000.0,0.0,0.0,-0.6666666666666666,0.0,-10.0,3.0,31
202.1446533203125,38.74093246459961,7.748186492919922,1000.0,0.0,0.0,-0.6,0.0,-9.0,3.0,31
201.1674346923828,48.771453857421875,9.754290771484374,1000.0,0.0,0.0,-0.5333333333333333,0.0,-8.0,3.0,31
209.48983764648438,53.88702392578125,10.77740478515625,1000.0,0.0,0.0,-0.4666666666666667,0.0,-7.0,3.0,31
214.13198852539062,39.14073944091797,7.828147888183594,1000.0,0.0,0.0,-0.4,0.0,-6.0,3.0,31
209.61851501464844,53.82936477661133,10.765872955322266,1000.0,0.0,0.0,-0.3333333333333333,0.0,-5.0,3.0,31
374.828369140625,222.51402282714844,44.502804565429685,1000.0,0.0,0.0,-0.26666666666666666,0.0,-4.0,3.0,31
481.98297119140625,288.42828369140625,57.68565673828125,1000.0,0.0,0.0,-0.2,0.0,-3.0,3.0,31
710.45703125,237.40455627441406,47.48091125488281,1000.0,0.0,0.0,-0.13333333333333333,0.0,-2.0,3.0,31
978.369140625,11.563443183898926,2.312688636779785,1000.0,0.0,0.0,-0.06666666666666667,0.0,-1.0,3.0,31
976.0555419921875,14.72614574432373,2.945229148864746,1000.0,0.0,0.0,0.0,0.0,0.0,3.0,31
973.8595581054688,15.604724884033203,3.1209449768066406,1000.0,0.0,0.0,0.06666666666666667,0.0,1.0,3.0,31
888.935546875,155.37942504882812,31.075885009765624,1000.0,0.0,0.0,0.13333333333333333,0.0,2.0,3.0,31
255.3858184814453,73.43754577636719,14.687509155273437,1000.0,0.0,0.0,0.2,0.0,3.0,3.0,31
409.31890869140625,115.43939971923828,23.087879943847657,1000.0,0.0,0.0,0.26666666666666666,0.0,4.0,3.0,31
326.2367248535156,109.26160430908203,21.852320861816406,1000.0,0.0,0.0,0.3333333333333333,0.0,5.0,3.0,31
234.3404541015625,58.699588775634766,11.739917755126953,1000.0,0.0,0.0,0.4,0.0,6.0,3.0,31
255.54672241210938,82.12755584716797,16.425511169433594,1000.0,0.0,0.0,0.4666666666666667,0.0,7.0,3.0,31
232.38450622558594,46.140140533447266,9.228028106689454,1000.0,0.0,0.0,0.5333333333333333,0.0,8.0,3.0,31
261.7920227050781,70.438232421875,14.087646484375,1000.0,0.0,0.0,0.6,0.0,9.0,3.0,31
235.25741577148438,64.053466796875,12.810693359375,1000.0,0.0,0.0,0.6666666666666666,0.0,10.0,3.0,31
219.30955505371094,60.72102737426758,12.144205474853516,1000.0,0.0,0.0,0.7333333333333333,0.0,11.0,3.0,31
236.55685424804688,57.533592224121094,11.50671844482422,1000.0,0.0,0.0,0.8,0.0,12.0,3.0,31
228.18756103515625,72.23983764648438,14.447967529296875,1000.0,0.0,0.0,0.8666666666666667,0.0,13.0,3.0,31
215.81361389160156,67.63009643554688,13.526019287109374,1000.0,0.0,0.0,0.9333333333333333,0.0,14.0,3.0,31
217.5718231201172,51.98450469970703,10.396900939941407,1000.0,0.0,0.0,1.0,0.0,15.0,3.0,31
204.4927520751953,48.45396041870117,9.690792083740234,1000.0,0.0,0.06666666666666667,-1.0,1.0,-15.0,3.0,31
225.87135314941406,65.74540710449219,13.149081420898437,1000.0,0.0,0.06666666666666667,-0.9333333333333333,1.0,-14.0,3.0,31
220.86309814453125,71.79342651367188,14.358685302734376,1000.0,0.0,0.06666666666666667,-0.8666666666666667,1.0,-13.0,3.0,31
191.77322387695312,49.06120681762695,9.812241363525391,1000.0,0.0,0.06666666666666667,-0.8,1.0,-12.0,3.0,31
200.13653564453125,45.99588394165039,9.199176788330078,1000.0,0.0,0.06666666666666667,-0.7333333333333333,1.0,-11.0,3.0,31
190.1776885986328,31.28744888305664,6.257489776611328,1000.0,0.0,0.06666666666666667,-0.6666666666666666,1.0,-10.0,3.0,31
200.41864013671875,41.93416213989258,8.386832427978515,1000.0,0.0,0.06666666666666667,-0.6,1.0,-9.0,3.0,31
204.63226318359375,45.064613342285156,9.012922668457032,1000.0,0.0,0.06666666666666667,-0.5333333333333333,1.0,-8.0,3.0,31
217.14451599121094,69.81497955322266,13.962995910644532,1000.0,0.0,0.06666666666666667,-0.4666666666666667,1.0,-7.0,3.0,31
222.43336486816406,43.38021469116211,8.676042938232422,1000.0,0.0,0.06666666666666667,-0.4,1.0,-6.0,3.0,31
299.8355407714844,123.66455078125,24.73291015625,1000.0,0.0,0.06666666666666667,-0.3333333333333333,1.0,-5.0,3.0,31
344.9383850097656,182.58627319335938,36.51725463867187,1000.0,0.0,0.06666666666666667,-0.26666666666666666,1.0,-4.0,3.0,31
332.8056335449219,134.58119201660156,26.916238403320314,1000.0,0.0,0.06666666666666667,-0.2,1.0,-3.0,3.0,31
565.5692138671875,219.67361450195312,43.934722900390625,1000.0,0.0,0.06666666666666667,-0.13333333333333333,1.0,-2.0,3.0,31
967.553466796875,21.784421920776367,4.356884384155274,1000.0,0.0,0.06666666666666667,-0.06666666666666667,1.0,-1.0,3.0,31
940.3471069335938,160.66793823242188,32.13358764648437,1000.0,0.0,0.06666666666666667,0.0,1.0,0.0,3.0,31
944.6671752929688,118.78194427490234,23.756388854980468,1000.0,0.0,0.06666666666666667,0.06666666666666667,1.0,1.0,3.0,31
937.3732299804688,47.05998611450195,9.411997222900391,1000.0,0.0,0.06666666666666667,0.13333333333333333,1.0,2.0,3.0,31
513.23681640625,105.1449203491211,21.02898406982422,1000.0,0.0,0.06666666666666667,0.2,1.0,3.0,3.0,31
285.5680236816406,93.82502746582031,18.76500549316406,1000.0,0.0,0.06666666666666667,0.26666666666666666,1.0,4.0,3.0,31
359.67718505859375,129.24705505371094,25.849411010742188,1000.0,0.0,0.06666666666666667,0.3333333333333333,1.0,5.0,3.0,31
265.4190673828125,95.12698364257812,19.025396728515624,1000.0,0.0,0.06666666666666667,0.4,1.0,6.0,3.0,31
270.4602355957031,81.19966888427734,16.23993377685547,1000.0,0.0,0.06666666666666667,0.4666666666666667,1.0,7.0,3.0,31
281.5240173339844,82.58940124511719,16.517880249023438,1000.0,0.0,0.06666666666666667,0.5333333333333333,1.0,8.0,3.0,31
262.5118713378906,78.08929443359375,15.61785888671875,1000.0,0.0,0.06666666666666667,0.6,1.0,9.0,3.0,31
261.7022705078125,66.87783813476562,13.375567626953124,1000.0,0.0,0.06666666666666667,0.6666666666666666,1.0,10.0,3.0,31
237.11273193359375,55.806575775146484,11.161315155029296,1000.0,0.0,0.06666666666666667,0.7333333333333333,1.0,11.0,3.0,31
252.82855224609375,63.189674377441406,12.63793487548828,1000.0,0.0,0.06666666666666667,0.8,1.0,12.0,3.0,31
226.81039428710938,45.87364959716797,9.174729919433593,1000.0,0.0,0.06666666666666667,0.8666666666666667,1.0,13.0,3.0,31
224.85281372070312,45.35297393798828,9.070594787597656,1000.0,0.0,0.06666666666666667,0.9333333333333333,1.0,14.0,3.0,31
212.0654296875,45.76597213745117,9.153194427490234,1000.0,0.0,0.06666666666666667,1.0,1.0,15.0,3.0,31
203.9082489013672,53.69935607910156,10.739871215820312,1000.0,0.0,0.13333333333333333,-1.0,2.0,-15.0,3.0,31
226.0040283203125,72.74656677246094,14.549313354492188,1000.0,0.0,0.13333333333333333,-0.9333333333333333,2.0,-14.0,3.0,31
220.5435028076172,65.3229751586914,13.064595031738282,1000.0,0.0,0.13333333333333333,-0.8666666666666667,2.0,-13.0,3.0,31
232.1709747314453,83.9209213256836,16.78418426513672,1000.0,0.0,0.13333333333333333,-0.8,2.0,-12.0,3.0,31
210.38101196289062,58.75862503051758,11.751725006103516,1000.0,0.0,0.13333333333333333,-0.7333333333333333,2.0,-11.0,3.0,31
199.36549377441406,38.09586715698242,7.619173431396485,1000.0,0.0,0.13333333333333333,-0.6666666666666666,2.0,-10.0,3.0,31
195.74900817871094,45.7436637878418,9.148732757568359,1000.0,0.0,0.13333333333333333,-0.6,2.0,-9.0,3.0,31
188.5493621826172,19.197673797607422,3.8395347595214844,1000.0,0.0,0.13333333333333333,-0.5333333333333333,2.0,-8.0,3.0,31
190.9373016357422,22.512683868408203,4.502536773681641,1000.0,0.0,0.13333333333333333,-0.4666666666666667,2.0,-7.0,3.0,31
243.8013153076172,66.12239074707031,13.224478149414063,1000.0,0.0,0.13333333333333333,-0.4,2.0,-6.0,3.0,31
269.68731689453125,95.6282958984375,19.1256591796875,1000.0,0.0,0.13333333333333333,-0.3333333333333333,2.0,-5.0,3.0,31
294.00164794921875,130.1360321044922,26.027206420898438,1000.0,0.0,0.13333333333333333,-0.26666666666666666,2.0,-4.0,3.0,31
295.2191162109375,86.3365249633789,17.267304992675783,1000.0,0.0,0.13333333333333333,-0.2,2.0,-3.0,3.0,31
342.0776062011719,161.59828186035156,32.31965637207031,1000.0,0.0,0.13333333333333333,-0.13333333333333333,2.0,-2.0,3.0,31
657.8531494140625,298.6304626464844,59.72609252929688,1000.0,0.0,0.13333333333333333,-0.06666666666666667,2.0,-1.0,3.0,31
803.64892578125,250.61141967773438,50.122283935546875,1000.0,0.0,0.13333333333333333,0.0,2.0,0.0,3.0,31
807.25146484375,179.33544921875,35.86708984375,1000.0,0.0,0.13333333333333333,0.06666666666666667,2.0,1.0,3.0,31
767.7323608398438,183.40084838867188,36.680169677734376,1000.0,0.0,0.13333333333333333,0.13333333333333333,2.0,2.0,3.0,31
520.1554565429688,178.20712280273438,35.641424560546874,1000.0,0.0,0.13333333333333333,0.2,2.0,3.0,3.0,31
275.4687805175781,117.16694641113281,23.433389282226564,1000.0,0.0,0.13333333333333333,0.26666666666666666,2.0,4.0,3.0,31
227.40066528320312,54.09286880493164,10.818573760986329,1000.0,0.0,0.13333333333333333,0.3333333333333333,2.0,5.0,3.0,31
260.3544006347656,84.57565307617188,16.915130615234375,1000.0,0.0,0.13333333333333333,0.4,2.0,6.0,3.0,31
294.80804443359375,116.81521606445312,23.363043212890624,1000.0,0.0,0.13333333333333333,0.4666666666666667,2.0,7.0,3.0,31
291.7996826171875,72.1478500366211,14.42957000732422,1000.0,0.0,0.13333333333333333,0.5333333333333333,2.0,8.0,3.0,31
314.3876037597656,66.46601104736328,13.293202209472657,1000.0,0.0,0.13333333333333333,0.6,2.0,9.0,3.0,31
283.4089050292969,63.235469818115234,12.647093963623046,1000.0,0.0,0.13333333333333333,0.6666666666666666,2.0,10.0,3.0,31
258.0555725097656,58.27061080932617,11.654122161865235,1000.0,0.0,0.13333333333333333,0.7333333333333333,2.0,11.0,3.0,31
235.42266845703125,47.654296875,9.530859375,1000.0,0.0,0.13333333333333333,0.8,2.0,12.0,3.0,31
232.20352172851562,56.44027328491211,11.288054656982421,1000.0,0.0,0.13333333333333333,0.8666666666666667,2.0,13.0,3.0,31
226.39125061035156,51.78559494018555,10.35711898803711,1000.0,0.0,0.13333333333333333,0.9333333333333333,2.0,14.0,3.0,31
218.89663696289062,55.6946907043457,11.13893814086914,1000.0,0.0,0.13333333333333333,1.0,2.0,15.0,3.0,31
226.1456298828125,79.3782730102539,15.875654602050782,1000.0,0.0,0.2,-1.0,3.0,-15.0,3.0,31
226.72393798828125,88.34992980957031,17.669985961914062,1000.0,0.0,0.2,-0.9333333333333333,3.0,-14.0,3.0,31
215.60350036621094,96.38483428955078,19.276966857910157,1000.0,0.0,0.2,-0.8666666666666667,3.0,-13.0,3.0,31
224.1426544189453,96.45294952392578,19.290589904785158,1000.0,0.0,0.2,-0.8,3.0,-12.0,3.0,31
194.04302978515625,34.95218276977539,6.990436553955078,1000.0,0.0,0.2,-0.7333333333333333,3.0,-11.0,3.0,31
216.73406982421875,58.35926055908203,11.671852111816406,1000.0,0.0,0.2,-0.6666666666666666,3.0,-10.0,3.0,31
200.0275421142578,41.86484909057617,8.372969818115234,1000.0,0.0,0.2,-0.6,3.0,-9.0,3.0,31
191.28883361816406,26.73701286315918,5.347402572631836,1000.0,0.0,0.2,-0.5333333333333333,3.0,-8.0,3.0,31
214.1303253173828,46.50767517089844,9.301535034179688,1000.0,0.0,0.2,-0.4666666666666667,3.0,-7.0,3.0,31
240.57025146484375,37.40658187866211,7.481316375732422,1000.0,0.0,0.2,-0.4,3.0,-6.0,3.0,31
298.0235290527344,98.22962951660156,19.64592590332031,1000.0,0.0,0.2,-0.3333333333333333,3.0,-5.0,3.0,31
257.9341125488281,61.823211669921875,12.364642333984374,1000.0,0.0,0.2,-0.26666666666666666,3.0,-4.0,3.0,31
350.1714172363281,59.79560089111328,11.959120178222657,1000.0,0.0,0.2,-0.2,3.0,-3.0,3.0,31
374.0513000488281,115.56012725830078,23.112025451660156,1000.0,0.0,0.2,-0.13333333333333333,3.0,-2.0,3.0,31
451.85186767578125,152.58221435546875,30.51644287109375,1000.0,0.0,0.2,-0.06666666666666667,3.0,-1.0,3.0,31
429.50457763671875,303.68896484375,60.73779296875,1000.0,0.0,0.2,0.0,3.0,0.0,3.0,31
444.3092956542969,311.5331115722656,62.30662231445312,1000.0,0.0,0.2,0.06666666666666667,3.0,1.0,3.0,31
469.90875244140625,283.96600341796875,56.79320068359375,1000.0,0.0,0.2,0.13333333333333333,3.0,2.0,3.0,31
342.4442443847656,121.23735809326172,24.247471618652344,1000.0,0.0,0.2,0.2,3.0,3.0,3.0,31
249.69500732421875,114.7721939086914,22.954438781738283,1000.0,0.0,0.2,0.26666666666666666,3.0,4.0,3.0,31
231.66494750976562,110.95189666748047,22.190379333496093,1000.0,0.0,0.2,0.3333333333333333,3.0,5.0,3.0,31
257.0849304199219,92.50045013427734,18.500090026855467,1000.0,0.0,0.2,0.4,3.0,6.0,3.0,31
281.8350524902344,106.39280700683594,21.278561401367188,1000.0,0.0,0.2,0.4666666666666667,3.0,7.0,3.0,31
215.6951904296875,56.77253723144531,11.354507446289062,1000.0,0.0,0.2,0.5333333333333333,3.0,8.0,3.0,31
242.41299438476562,76.53498840332031,15.306997680664063,1000.0,0.0,0.2,0.6,3.0,9.0,3.0,31
289.771240234375,78.3241195678711,15.664823913574219,1000.0,0.0,0.2,0.6666666666666666,3.0,10.0,3.0,31
276.9775390625,71.19624328613281,14.239248657226563,1000.0,0.0,0.2,0.7333333333333333,3.0,11.0,3.0,31
288.9173889160156,44.52002716064453,8.904005432128907,1000.0,0.0,0.2,0.8,3.0,12.0,3.0,31
275.2626953125,56.626827239990234,11.325365447998047,1000.0,0.0,0.2,0.8666666666666667,3.0,13.0,3.0,31
239.85186767578125,48.846744537353516,9.769348907470704,1000.0,0.0,0.2,0.9333333333333333,3.0,14.0,3.0,31
235.1823272705078,54.84343338012695,10.96868667602539,1000.0,0.0,0.2,1.0,3.0,15.0,3.0,31
214.36773681640625,99.85359954833984,19.97071990966797,1000.0,0.0,0.26666666666666666,-1.0,4.0,-15.0,3.0,31
194.62306213378906,44.48012161254883,8.896024322509765,1000.0,0.0,0.26666666666666666,-0.9333333333333333,4.0,-14.0,3.0,31
222.12142944335938,81.91751861572266,16.383503723144532,1000.0,0.0,0.26666666666666666,-0.8666666666666667,4.0,-13.0,3.0,31
198.76316833496094,41.68321990966797,8.336643981933594,1000.0,0.0,0.26666666666666666,-0.8,4.0,-12.0,3.0,31
197.01124572753906,43.081878662109375,8.616375732421876,1000.0,0.0,0.26666666666666666,-0.7333333333333333,4.0,-11.0,3.0,31
212.97682189941406,53.56840515136719,10.713681030273438,1000.0,0.0,0.26666666666666666,-0.6666666666666666,4.0,-10.0,3.0,31
202.60232543945312,55.592960357666016,11.118592071533204,1000.0,0.0,0.26666666666666666,-0.6,4.0,-9.0,3.0,31
232.4779815673828,83.29070281982422,16.658140563964842,1000.0,0.0,0.26666666666666666,-0.5333333333333333,4.0,-8.0,3.0,31
214.57505798339844,40.05270004272461,8.010540008544922,1000.0,0.0,0.26666666666666666,-0.4666666666666667,4.0,-7.0,3.0,31
259.91265869140625,57.962947845458984,11.592589569091796,1000.0,0.0,0.26666666666666666,-0.4,4.0,-6.0,3.0,31
272.2963562011719,49.24724578857422,9.849449157714844,1000.0,0.0,0.26666666666666666,-0.3333333333333333,4.0,-5.0,3.0,31
282.03594970703125,79.0157470703125,15.8031494140625,1000.0,0.0,0.26666666666666666,-0.26666666666666666,4.0,-4.0,3.0,31
284.7641296386719,71.9660873413086,14.393217468261719,1000.0,0.0,0.26666666666666666,-0.2,4.0,-3.0,3.0,31
325.3799743652344,89.67963409423828,17.935926818847655,1000.0,0.0,0.26666666666666666,-0.13333333333333333,4.0,-2.0,3.0,31
363.64239501953125,120.37203979492188,24.074407958984374,1000.0,0.0,0.26666666666666666,-0.06666666666666667,4.0,-1.0,3.0,31
261.9175720214844,78.47594451904297,15.695188903808594,1000.0,0.0,0.26666666666666666,0.0,4.0,0.0,3.0,31
346.1405029296875,197.987060546875,39.597412109375,1000.0,0.0,0.26666666666666666,0.06666666666666667,4.0,1.0,3.0,31
290.7912292480469,151.7291717529297,30.34583435058594,1000.0,0.0,0.26666666666666666,0.13333333333333333,4.0,2.0,3.0,31
226.89544677734375,76.03314971923828,15.206629943847656,1000.0,0.0,0.26666666666666666,0.2,4.0,3.0,3.0,31
256.88458251953125,104.78170776367188,20.956341552734376,1000.0,0.0,0.26666666666666666,0.26666666666666666,4.0,4.0,3.0,31
296.5164489746094,137.8775177001953,27.575503540039062,1000.0,0.0,0.26666666666666666,0.3333333333333333,4.0,5.0,3.0,31
242.58055114746094,85.46171569824219,17.092343139648438,1000.0,0.0,0.26666666666666666,0.4,4.0,6.0,3.0,31
237.56231689453125,101.17001342773438,20.234002685546876,1000.0,0.0,0.26666666666666666,0.4666666666666667,4.0,7.0,3.0,31
220.21945190429688,80.87879180908203,16.175758361816406,1000.0,0.0,0.26666666666666666,0.5333333333333333,4.0,8.0,3.0,31
232.72747802734375,75.76251983642578,15.152503967285156,1000.0,0.0,0.26666666666666666,0.6,4.0,9.0,3.0,31
265.1127014160156,81.66789245605469,16.333578491210936,1000.0,0.0,0.26666666666666666,0.6666666666666666,4.0,10.0,3.0,31
261.8574523925781,75.55001068115234,15.110002136230468,1000.0,0.0,0.26666666666666666,0.7333333333333333,4.0,11.0,3.0,31
304.5189208984375,64.14189910888672,12.828379821777343,1000.0,0.0,0.26666666666666666,0.8,4.0,12.0,3.0,31
280.0277404785156,53.03691101074219,10.607382202148438,1000.0,0.0,0.26666666666666666,0.8666666666666667,4.0,13.0,3.0,31
282.6822509765625,50.674991607666016,10.134998321533203,1000.0,0.0,0.26666666666666666,0.9333333333333333,4.0,14.0,3.0,31
282.99578857421875,60.766868591308594,12.153373718261719,1000.0,0.0,0.26666666666666666,1.0,4.0,15.0,3.0,31
185.53543090820312,20.195520401000977,4.039104080200195,1000.0,0.0,0.3333333333333333,-1.0,5.0,-15.0,3.0,31
185.1134033203125,21.06898307800293,4.213796615600586,1000.0,0.0,0.3333333333333333,-0.9333333333333333,5.0,-14.0,3.0,31
190.19805908203125,30.622568130493164,6.124513626098633,1000.0,0.0,0.3333333333333333,-0.8666666666666667,5.0,-13.0,3.0,31
199.65626525878906,39.23347091674805,7.8466941833496096,1000.0,0.0,0.3333333333333333,-0.8,5.0,-12.0,3.0,31
200.77296447753906,48.51080322265625,9.70216064453125,1000.0,0.0,0.3333333333333333,-0.7333333333333333,5.0,-11.0,3.0,31
198.1950225830078,43.292659759521484,8.658531951904298,1000.0,0.0,0.3333333333333333,-0.6666666666666666,5.0,-10.0,3.0,31
223.9785614013672,66.84783172607422,13.369566345214844,1000.0,0.0,0.3333333333333333,-0.6,5.0,-9.0,3.0,31
218.7611846923828,66.34064483642578,13.268128967285156,1000.0,0.0,0.3333333333333333,-0.5333333333333333,5.0,-8.0,3.0,31
232.0338134765625,56.106292724609375,11.221258544921875,1000.0,0.0,0.3333333333333333,-0.4666666666666667,5.0,-7.0,3.0,31
242.0203094482422,48.436866760253906,9.68737335205078,1000.0,0.0,0.3333333333333333,-0.4,5.0,-6.0,3.0,31
213.96873474121094,54.01982498168945,10.803964996337891,1000.0,0.0,0.3333333333333333,-0.3333333333333333,5.0,-5.0,3.0,31
246.22772216796875,42.196224212646484,8.439244842529297,1000.0,0.0,0.3333333333333333,-0.26666666666666666,5.0,-4.0,3.0,31
266.0252990722656,63.93552780151367,12.787105560302734,1000.0,0.0,0.3333333333333333,-0.2,5.0,-3.0,3.0,31
291.00665283203125,81.30166625976562,16.260333251953124,1000.0,0.0,0.3333333333333333,-0.13333333333333333,5.0,-2.0,3.0,31
280.8430480957031,91.81470489501953,18.362940979003906,1000.0,0.0,0.3333333333333333,-0.06666666666666667,5.0,-1.0,3.0,31
321.0237731933594,76.48451232910156,15.296902465820313,1000.0,0.0,0.3333333333333333,0.0,5.0,0.0,3.0,31
300.45703125,100.69903564453125,20.13980712890625,1000.0,0.0,0.3333333333333333,0.06666666666666667,5.0,1.0,3.0,31
224.07708740234375,56.53626251220703,11.307252502441406,1000.0,0.0,0.3333333333333333,0.13333333333333333,5.0,2.0,3.0,31
262.4420471191406,97.04630279541016,19.409260559082032,1000.0,0.0,0.3333333333333333,0.2,5.0,3.0,3.0,31
294.5118713378906,145.75831604003906,29.15166320800781,1000.0,0.0,0.3333333333333333,0.26666666666666666,5.0,4.0,3.0,31
302.6352233886719,167.53941345214844,33.50788269042969,1000.0,0.0,0.3333333333333333,0.3333333333333333,5.0,5.0,3.0,31
219.94210815429688,65.86494445800781,13.172988891601562,1000.0,0.0,0.3333333333333333,0.4,5.0,6.0,3.0,31
261.27618408203125,110.74999237060547,22.149998474121094,1000.0,0.0,0.3333333333333333,0.4666666666666667,5.0,7.0,3.0,31
264.56500244140625,120.00521850585938,24.001043701171874,1000.0,0.0,0.3333333333333333,0.5333333333333333,5.0,8.0,3.0,31
224.18919372558594,93.52622985839844,18.705245971679688,1000.0,0.0,0.3333333333333333,0.6,5.0,9.0,3.0,31
234.89413452148438,79.6171875,15.9234375,1000.0,0.0,0.3333333333333333,0.6666666666666666,5.0,10.0,3.0,31
250.00355529785156,51.409603118896484,10.281920623779296,1000.0,0.0,0.3333333333333333,0.7333333333333333,5.0,11.0,3.0,31
278.248046875,50.25563430786133,10.051126861572266,1000.0,0.0,0.3333333333333333,0.8,5.0,12.0,3.0,31
264.4187927246094,55.00423049926758,11.000846099853515,1000.0,0.0,0.3333333333333333,0.8666666666666667,5.0,13.0,3.0,31
280.6705017089844,67.00867462158203,13.401734924316406,1000.0,0.0,0.3333333333333333,0.9333333333333333,5.0,14.0,3.0,31
294.1702880859375,57.438377380371094,11.48767547607422,1000.0,0.0,0.3333333333333333,1.0,5.0,15.0,3.0,31
187.7388153076172,20.13651466369629,4.027302932739258,1000.0,0.0,0.4,-1.0,6.0,-15.0,3.0,31
187.50872802734375,21.296417236328125,4.259283447265625,1000.0,0.0,0.4,-0.9333333333333333,6.0,-14.0,3.0,31
187.36585998535156,24.900802612304688,4.980160522460937,1000.0,0.0,0.4,-0.8666666666666667,6.0,-13.0,3.0,31
189.6347198486328,24.702789306640625,4.940557861328125,1000.0,0.0,0.4,-0.8,6.0,-12.0,3.0,31
214.1605224609375,58.78947067260742,11.757894134521484,1000.0,0.0,0.4,-0.7333333333333333,6.0,-11.0,3.0,31
199.05308532714844,36.89412307739258,7.378824615478516,1000.0,0.0,0.4,-0.6666666666666666,6.0,-10.0,3.0,31
213.11012268066406,58.64683532714844,11.729367065429688,1000.0,0.0,0.4,-0.6,6.0,-9.0,3.0,31
217.8845672607422,53.89326477050781,10.778652954101563,1000.0,0.0,0.4,-0.5333333333333333,6.0,-8.0,3.0,31
230.5503692626953,38.97878646850586,7.795757293701172,1000.0,0.0,0.4,-0.4666666666666667,6.0,-7.0,3.0,31
235.48187255859375,38.14332962036133,7.628665924072266,1000.0,0.0,0.4,-0.4,6.0,-6.0,3.0,31
220.78741455078125,32.123653411865234,6.424730682373047,1000.0,0.0,0.4,-0.3333333333333333,6.0,-5.0,3.0,31
247.80532836914062,47.95401382446289,9.590802764892578,1000.0,0.0,0.4,-0.26666666666666666,6.0,-4.0,3.0,31
222.40150451660156,52.12616729736328,10.425233459472656,1000.0,0.0,0.4,-0.2,6.0,-3.0,3.0,31
192.86453247070312,25.396669387817383,5.079333877563476,1000.0,0.0,0.4,-0.13333333333333333,6.0,-2.0,3.0,31
259.1820068359375,121.72694396972656,24.34538879394531,1000.0,0.0,0.4,-0.06666666666666667,6.0,-1.0,3.0,31
225.02139282226562,75.5749282836914,15.11498565673828,1000.0,0.0,0.4,0.0,6.0,0.0,3.0,31
237.61424255371094,90.36064910888672,18.072129821777345,1000.0,0.0,0.4,0.06666666666666667,6.0,1.0,3.0,31
228.2884521484375,71.02978515625,14.20595703125,1000.0,0.0,0.4,0.13333333333333333,6.0,2.0,3.0,31
277.00994873046875,109.4257583618164,21.885151672363282,1000.0,0.0,0.4,0.2,6.0,3.0,3.0,31
281.4413757324219,118.0790786743164,23.615815734863283,1000.0,0.0,0.4,0.26666666666666666,6.0,4.0,3.0,31
250.8402557373047,96.57474517822266,19.31494903564453,1000.0,0.0,0.4,0.3333333333333333,6.0,5.0,3.0,31
246.1532745361328,120.55269622802734,24.11053924560547,1000.0,0.0,0.4,0.4,6.0,6.0,3.0,31
273.34307861328125,131.36749267578125,26.27349853515625,1000.0,0.0,0.4,0.4666666666666667,6.0,7.0,3.0,31
235.5142059326172,94.6366195678711,18.92732391357422,1000.0,0.0,0.4,0.5333333333333333,6.0,8.0,3.0,31
218.98223876953125,68.0837173461914,13.616743469238282,1000.0,0.0,0.4,0.6,6.0,9.0,3.0,31
271.3409423828125,92.45986938476562,18.491973876953125,1000.0,0.0,0.4,0.6666666666666666,6.0,10.0,3.0,31
264.8792419433594,62.17000198364258,12.434000396728516,1000.0,0.0,0.4,0.7333333333333333,6.0,11.0,3.0,31
268.9380187988281,58.169349670410156,11.633869934082032,1000.0,0.0,0.4,0.8,6.0,12.0,3.0,31
280.0539245605469,71.91590118408203,14.383180236816406,1000.0,0.0,0.4,0.8666666666666667,6.0,13.0,3.0,31
254.17941284179688,60.015018463134766,12.003003692626953,1000.0,0.0,0.4,0.9333333333333333,6.0,14.0,3.0,31
279.5337829589844,59.17005157470703,11.834010314941406,1000.0,0.0,0.4,1.0,6.0,15.0,3.0,31
186.80540466308594,20.949745178222656,4.189949035644531,1000.0,0.0,0.4666666666666667,-1.0,7.0,-15.0,3.0,31
188.74972534179688,25.461624145507812,5.092324829101562,1000.0,0.0,0.4666666666666667,-0.9333333333333333,7.0,-14.0,3.0,31
201.01104736328125,40.48272705078125,8.09654541015625,1000.0,0.0,0.4666666666666667,-0.8666666666666667,7.0,-13.0,3.0,31
196.35086059570312,35.18301010131836,7.036602020263672,1000.0,0.0,0.4666666666666667,-0.8,7.0,-12.0,3.0,31
198.5580596923828,44.78260040283203,8.956520080566406,1000.0,0.0,0.4666666666666667,-0.7333333333333333,7.0,-11.0,3.0,31
204.68988037109375,49.54967498779297,9.909934997558594,1000.0,0.0,0.4666666666666667,-0.6666666666666666,7.0,-10.0,3.0,31
205.48193359375,39.89929962158203,7.979859924316406,1000.0,0.0,0.4666666666666667,-0.6,7.0,-9.0,3.0,31
236.12078857421875,34.679176330566406,6.935835266113282,1000.0,0.0,0.4666666666666667,-0.5333333333333333,7.0,-8.0,3.0,31
213.8381805419922,22.24583625793457,4.449167251586914,1000.0,0.0,0.4666666666666667,-0.4666666666666667,7.0,-7.0,3.0,31
246.0057830810547,32.75388717651367,6.550777435302734,1000.0,0.0,0.4666666666666667,-0.4,7.0,-6.0,3.0,31
225.8184356689453,44.89174270629883,8.978348541259766,1000.0,0.0,0.4666666666666667,-0.3333333333333333,7.0,-5.0,3.0,31
201.3197784423828,27.100740432739258,5.420148086547852,1000.0,0.0,0.4666666666666667,-0.26666666666666666,7.0,-4.0,3.0,31
195.38917541503906,26.686037063598633,5.337207412719726,1000.0,0.0,0.4666666666666667,-0.2,7.0,-3.0,3.0,31
196.79051208496094,32.28083419799805,6.456166839599609,1000.0,0.0,0.4666666666666667,-0.13333333333333333,7.0,-2.0,3.0,31
204.3392791748047,36.77783966064453,7.355567932128906,1000.0,0.0,0.4666666666666667,-0.06666666666666667,7.0,-1.0,3.0,31
231.47402954101562,71.22402954101562,14.244805908203125,1000.0,0.0,0.4666666666666667,0.0,7.0,0.0,3.0,31
239.2006378173828,76.32594299316406,15.265188598632813,1000.0,0.0,0.4666666666666667,0.06666666666666667,7.0,1.0,3.0,31
253.74032592773438,96.51226806640625,19.30245361328125,1000.0,0.0,0.4666666666666667,0.13333333333333333,7.0,2.0,3.0,31
264.27960205078125,104.1740493774414,20.834809875488283,1000.0,0.0,0.4666666666666667,0.2,7.0,3.0,3.0,31
302.17315673828125,133.00790405273438,26.601580810546874,1000.0,0.0,0.4666666666666667,0.26666666666666666,7.0,4.0,3.0,31
286.8872985839844,130.02166748046875,26.00433349609375,1000.0,0.0,0.4666666666666667,0.3333333333333333,7.0,5.0,3.0,31
239.94882202148438,81.24642944335938,16.249285888671874,1000.0,0.0,0.4666666666666667,0.4,7.0,6.0,3.0,31
248.1807403564453,108.75995635986328,21.751991271972656,1000.0,0.0,0.4666666666666667,0.4666666666666667,7.0,7.0,3.0,31
259.6045837402344,145.32313537597656,29.06462707519531,1000.0,0.0,0.4666666666666667,0.5333333333333333,7.0,8.0,3.0,31
280.7912292480469,117.33686828613281,23.467373657226563,1000.0,0.0,0.4666666666666667,0.6,7.0,9.0,3.0,31
234.0501708984375,75.85964965820312,15.171929931640625,1000.0,0.0,0.4666666666666667,0.6666666666666666,7.0,10.0,3.0,31
228.08692932128906,86.52246856689453,17.304493713378907,1000.0,0.0,0.4666666666666667,0.7333333333333333,7.0,11.0,3.0,31
256.62420654296875,51.692352294921875,10.338470458984375,1000.0,0.0,0.4666666666666667,0.8,7.0,12.0,3.0,31
275.0668640136719,65.56338500976562,13.112677001953125,1000.0,0.0,0.4666666666666667,0.8666666666666667,7.0,13.0,3.0,31
278.12384033203125,89.06673431396484,17.81334686279297,1000.0,0.0,0.4666666666666667,0.9333333333333333,7.0,14.0,3.0,31
279.33538818359375,66.72840881347656,13.345681762695312,1000.0,0.0,0.4666666666666667,1.0,7.0,15.0,3.0,31
186.16204833984375,23.198402404785156,4.639680480957031,1000.0,0.0,0.5333333333333333,-1.0,8.0,-15.0,3.0,31
187.6655731201172,26.7353458404541,5.347069168090821,1000.0,0.0,0.5333333333333333,-0.9333333333333333,8.0,-14.0,3.0,31
195.6459503173828,34.295101165771484,6.859020233154297,1000.0,0.0,0.5333333333333333,-0.8666666666666667,8.0,-13.0,3.0,31
192.85659790039062,31.613367080688477,6.322673416137695,1000.0,0.0,0.5333333333333333,-0.8,8.0,-12.0,3.0,31
192.9289093017578,35.69163513183594,7.138327026367188,1000.0,0.0,0.5333333333333333,-0.7333333333333333,8.0,-11.0,3.0,31
207.17117309570312,51.18365478515625,10.23673095703125,1000.0,0.0,0.5333333333333333,-0.6666666666666666,8.0,-10.0,3.0,31
260.55755615234375,40.0967903137207,8.019358062744141,1000.0,0.0,0.5333333333333333,-0.6,8.0,-9.0,3.0,31
240.7139434814453,43.36316680908203,8.672633361816406,1000.0,0.0,0.5333333333333333,-0.5333333333333333,8.0,-8.0,3.0,31
256.5403137207031,51.5072021484375,10.3014404296875,1000.0,0.0,0.5333333333333333,-0.4666666666666667,8.0,-7.0,3.0,31
242.7705078125,47.24625015258789,9.449250030517579,1000.0,0.0,0.5333333333333333,-0.4,8.0,-6.0,3.0,31
203.17515563964844,34.81120681762695,6.962241363525391,1000.0,0.0,0.5333333333333333,-0.3333333333333333,8.0,-5.0,3.0,31
198.11831665039062,33.70088577270508,6.740177154541016,1000.0,0.0,0.5333333333333333,-0.26666666666666666,8.0,-4.0,3.0,31
190.59298706054688,17.42066764831543,3.4841335296630858,1000.0,0.0,0.5333333333333333,-0.2,8.0,-3.0,3.0,31
187.5170440673828,22.06929588317871,4.413859176635742,1000.0,0.0,0.5333333333333333,-0.13333333333333333,8.0,-2.0,3.0,31
215.94268798828125,60.52478790283203,12.104957580566406,1000.0,0.0,0.5333333333333333,-0.06666666666666667,8.0,-1.0,3.0,31
249.33203125,95.75128936767578,19.150257873535157,1000.0,0.0,0.5333333333333333,0.0,8.0,0.0,3.0,31
255.99581909179688,96.41981506347656,19.283963012695313,1000.0,0.0,0.5333333333333333,0.06666666666666667,8.0,1.0,3.0,31
293.4456787109375,106.42127227783203,21.284254455566405,1000.0,0.0,0.5333333333333333,0.13333333333333333,8.0,2.0,3.0,31
276.8399658203125,96.40480041503906,19.280960083007812,1000.0,0.0,0.5333333333333333,0.2,8.0,3.0,3.0,31
276.2342224121094,116.27025604248047,23.254051208496094,1000.0,0.0,0.5333333333333333,0.26666666666666666,8.0,4.0,3.0,31
255.01129150390625,114.61959075927734,22.923918151855467,1000.0,0.0,0.5333333333333333,0.3333333333333333,8.0,5.0,3.0,31
267.335205078125,106.44513702392578,21.289027404785156,1000.0,0.0,0.5333333333333333,0.4,8.0,6.0,3.0,31
231.76348876953125,98.02352905273438,19.604705810546875,1000.0,0.0,0.5333333333333333,0.4666666666666667,8.0,7.0,3.0,31
266.2325134277344,132.68331909179688,26.536663818359376,1000.0,0.0,0.5333333333333333,0.5333333333333333,8.0,8.0,3.0,31
267.6922607421875,122.88861846923828,24.577723693847656,1000.0,0.0,0.5333333333333333,0.6,8.0,9.0,3.0,31
280.0257873535156,68.3067398071289,13.661347961425781,1000.0,0.0,0.5333333333333333,0.6666666666666666,8.0,10.0,3.0,31
259.8634948730469,72.24028778076172,14.448057556152344,1000.0,0.0,0.5333333333333333,0.7333333333333333,8.0,11.0,3.0,31
225.78990173339844,46.10050582885742,9.220101165771485,1000.0,0.0,0.5333333333333333,0.8,8.0,12.0,3.0,31
250.47531127929688,66.34598541259766,13.269197082519531,1000.0,0.0,0.5333333333333333,0.8666666666666667,8.0,13.0,3.0,31
269.1229248046875,58.27714538574219,11.655429077148437,1000.0,0.0,0.5333333333333333,0.9333333333333333,8.0,14.0,3.0,31
250.38775634765625,51.52040481567383,10.304080963134766,1000.0,0.0,0.5333333333333333,1.0,8.0,15.0,3.0,31
188.53131103515625,25.85227394104004,5.170454788208008,1000.0,0.0,0.6,-1.0,9.0,-15.0,3.0,31
187.76800537109375,25.458955764770508,5.091791152954102,1000.0,0.0,0.6,-0.9333333333333333,9.0,-14.0,3.0,31
196.17098999023438,40.05044937133789,8.010089874267578,1000.0,0.0,0.6,-0.8666666666666667,9.0,-13.0,3.0,31
197.42066955566406,34.642921447753906,6.928584289550781,1000.0,0.0,0.6,-0.8,9.0,-12.0,3.0,31
215.720703125,48.124732971191406,9.624946594238281,1000.0,0.0,0.6,-0.7333333333333333,9.0,-11.0,3.0,31
242.6186981201172,37.623046875,7.524609375,1000.0,0.0,0.6,-0.6666666666666666,9.0,-10.0,3.0,31
254.0746612548828,42.89813995361328,8.579627990722656,1000.0,0.0,0.6,-0.6,9.0,-9.0,3.0,31
270.427490234375,39.95357894897461,7.990715789794922,1000.0,0.0,0.6,-0.5333333333333333,9.0,-8.0,3.0,31
254.56307983398438,54.42353439331055,10.88470687866211,1000.0,0.0,0.6,-0.4666666666666667,9.0,-7.0,3.0,31
240.0574188232422,49.962440490722656,9.99248809814453,1000.0,0.0,0.6,-0.4,9.0,-6.0,3.0,31
215.41912841796875,42.86052322387695,8.57210464477539,1000.0,0.0,0.6,-0.3333333333333333,9.0,-5.0,3.0,31
194.55508422851562,25.203899383544922,5.040779876708984,1000.0,0.0,0.6,-0.26666666666666666,9.0,-4.0,3.0,31
190.35726928710938,22.04568099975586,4.409136199951172,1000.0,0.0,0.6,-0.2,9.0,-3.0,3.0,31
198.36892700195312,28.448532104492188,5.689706420898437,1000.0,0.0,0.6,-0.13333333333333333,9.0,-2.0,3.0,31
205.6656494140625,46.13288879394531,9.226577758789062,1000.0,0.0,0.6,-0.06666666666666667,9.0,-1.0,3.0,31
251.56063842773438,83.8859634399414,16.777192687988283,1000.0,0.0,0.6,0.0,9.0,0.0,3.0,31
269.8441162109375,115.45660400390625,23.09132080078125,1000.0,0.0,0.6,0.06666666666666667,9.0,1.0,3.0,31
285.8916320800781,97.52021789550781,19.504043579101562,1000.0,0.0,0.6,0.13333333333333333,9.0,2.0,3.0,31
282.109619140625,107.25167846679688,21.450335693359374,1000.0,0.0,0.6,0.2,9.0,3.0,3.0,31
297.48712158203125,127.36101531982422,25.472203063964844,1000.0,0.0,0.6,0.26666666666666666,9.0,4.0,3.0,31
306.4911804199219,142.95062255859375,28.59012451171875,1000.0,0.0,0.6,0.3333333333333333,9.0,5.0,3.0,31
293.2359619140625,130.0565948486328,26.011318969726563,1000.0,0.0,0.6,0.4,9.0,6.0,3.0,31
305.2120361328125,114.19441986083984,22.83888397216797,1000.0,0.0,0.6,0.4666666666666667,9.0,7.0,3.0,31
287.3296813964844,110.748291015625,22.149658203125,1000.0,0.0,0.6,0.5333333333333333,9.0,8.0,3.0,31
270.5372314453125,104.96571350097656,20.993142700195314,1000.0,0.0,0.6,0.6,9.0,9.0,3.0,31
306.0229187011719,95.55628967285156,19.11125793457031,1000.0,0.0,0.6,0.6666666666666666,9.0,10.0,3.0,31
256.9051818847656,66.41275024414062,13.282550048828124,1000.0,0.0,0.6,0.7333333333333333,9.0,11.0,3.0,31
258.40380859375,50.84877395629883,10.169754791259766,1000.0,0.0,0.6,0.8,9.0,12.0,3.0,31
266.7847900390625,58.073543548583984,11.614708709716798,1000.0,0.0,0.6,0.8666666666666667,9.0,13.0,3.0,31
271.4068603515625,48.455894470214844,9.691178894042968,1000.0,0.0,0.6,0.9333333333333333,9.0,14.0,3.0,31
293.6655578613281,78.27686309814453,15.655372619628906,1000.0,0.0,0.6,1.0,9.0,15.0,3.0,31
188.38734436035156,24.00188636779785,4.800377273559571,1000.0,0.0,0.6666666666666666,-1.0,10.0,-15.0,3.0,31
189.17234802246094,24.965274810791016,4.993054962158203,1000.0,0.0,0.6666666666666666,-0.9333333333333333,10.0,-14.0,3.0,31
194.66273498535156,25.04475212097168,5.008950424194336,1000.0,0.0,0.6666666666666666,-0.8666666666666667,10.0,-13.0,3.0,31
243.94058227539062,64.1679916381836,12.833598327636718,1000.0,0.0,0.6666666666666666,-0.8,10.0,-12.0,3.0,31
238.3075714111328,33.48078155517578,6.696156311035156,1000.0,0.0,0.6666666666666666,-0.7333333333333333,10.0,-11.0,3.0,31
268.9002685546875,43.91663360595703,8.783326721191406,1000.0,0.0,0.6666666666666666,-0.6666666666666666,10.0,-10.0,3.0,31
270.08526611328125,42.088863372802734,8.417772674560547,1000.0,0.0,0.6666666666666666,-0.6,10.0,-9.0,3.0,31
253.64060974121094,48.62971115112305,9.725942230224609,1000.0,0.0,0.6666666666666666,-0.5333333333333333,10.0,-8.0,3.0,31
240.07748413085938,41.21029281616211,8.242058563232423,1000.0,0.0,0.6666666666666666,-0.4666666666666667,10.0,-7.0,3.0,31
221.9608154296875,43.5958366394043,8.719167327880859,1000.0,0.0,0.6666666666666666,-0.4,10.0,-6.0,3.0,31
222.60433959960938,53.88718032836914,10.777436065673829,1000.0,0.0,0.6666666666666666,-0.3333333333333333,10.0,-5.0,3.0,31
203.0179901123047,30.421085357666016,6.084217071533203,1000.0,0.0,0.6666666666666666,-0.26666666666666666,10.0,-4.0,3.0,31
189.91217041015625,17.863391876220703,3.5726783752441404,1000.0,0.0,0.6666666666666666,-0.2,10.0,-3.0,3.0,31
190.28546142578125,21.951519012451172,4.3903038024902346,1000.0,0.0,0.6666666666666666,-0.13333333333333333,10.0,-2.0,3.0,31
216.5346221923828,56.910118103027344,11.38202362060547,1000.0,0.0,0.6666666666666666,-0.06666666666666667,10.0,-1.0,3.0,31
254.77517700195312,89.9395751953125,17.9879150390625,1000.0,0.0,0.6666666666666666,0.0,10.0,0.0,3.0,31
267.8513488769531,91.83411407470703,18.366822814941408,1000.0,0.0,0.6666666666666666,0.06666666666666667,10.0,1.0,3.0,31
253.07919311523438,86.57567596435547,17.315135192871093,1000.0,0.0,0.6666666666666666,0.13333333333333333,10.0,2.0,3.0,31
262.0874938964844,83.24427795410156,16.64885559082031,1000.0,0.0,0.6666666666666666,0.2,10.0,3.0,3.0,31
258.1606750488281,92.52484130859375,18.50496826171875,1000.0,0.0,0.6666666666666666,0.26666666666666666,10.0,4.0,3.0,31
273.6416320800781,111.874755859375,22.374951171875,1000.0,0.0,0.6666666666666666,0.3333333333333333,10.0,5.0,3.0,31
266.411376953125,124.67127227783203,24.934254455566407,1000.0,0.0,0.6666666666666666,0.4,10.0,6.0,3.0,31
245.0825958251953,87.3887710571289,17.477754211425783,1000.0,0.0,0.6666666666666666,0.4666666666666667,10.0,7.0,3.0,31
267.69500732421875,106.36420440673828,21.272840881347655,1000.0,0.0,0.6666666666666666,0.5333333333333333,10.0,8.0,3.0,31
307.0875244140625,133.6956787109375,26.7391357421875,1000.0,0.0,0.6666666666666666,0.6,10.0,9.0,3.0,31
355.01605224609375,117.47521209716797,23.495042419433595,1000.0,0.0,0.6666666666666666,0.6666666666666666,10.0,10.0,3.0,31
336.8573303222656,85.44259643554688,17.088519287109374,1000.0,0.0,0.6666666666666666,0.7333333333333333,10.0,11.0,3.0,31
275.85711669921875,89.062744140625,17.812548828125,1000.0,0.0,0.6666666666666666,0.8,10.0,12.0,3.0,31
283.14202880859375,45.51150131225586,9.102300262451172,1000.0,0.0,0.6666666666666666,0.8666666666666667,10.0,13.0,3.0,31
301.0984191894531,63.560142517089844,12.712028503417969,1000.0,0.0,0.6666666666666666,0.9333333333333333,10.0,14.0,3.0,31
278.8787841796875,56.67266082763672,11.334532165527344,1000.0,0.0,0.6666666666666666,1.0,10.0,15.0,3.0,31
196.8846893310547,33.489009857177734,6.697801971435547,1000.0,0.0,0.7333333333333333,-1.0,11.0,-15.0,3.0,31
194.40382385253906,21.607162475585938,4.321432495117188,1000.0,0.0,0.7333333333333333,-0.9333333333333333,11.0,-14.0,3.0,31
204.14820861816406,27.874303817749023,5.574860763549805,1000.0,0.0,0.7333333333333333,-0.8666666666666667,11.0,-13.0,3.0,31
242.41543579101562,30.692790985107422,6.138558197021484,1000.0,0.0,0.7333333333333333,-0.8,11.0,-12.0,3.0,31
274.2987365722656,45.400794982910156,9.080158996582032,1000.0,0.0,0.7333333333333333,-0.7333333333333333,11.0,-11.0,3.0,31
292.3992614746094,49.20245361328125,9.84049072265625,1000.0,0.0,0.7333333333333333,-0.6666666666666666,11.0,-10.0,3.0,31
253.20335388183594,44.33433532714844,8.866867065429688,1000.0,0.0,0.7333333333333333,-0.6,11.0,-9.0,3.0,31
238.52879333496094,40.72660446166992,8.145320892333984,1000.0,0.0,0.7333333333333333,-0.5333333333333333,11.0,-8.0,3.0,31
228.1332244873047,35.03071212768555,7.006142425537109,1000.0,0.0,0.7333333333333333,-0.4666666666666667,11.0,-7.0,3.0,31
231.04344177246094,54.568809509277344,10.91376190185547,1000.0,0.0,0.7333333333333333,-0.4,11.0,-6.0,3.0,31
213.49415588378906,35.12086868286133,7.024173736572266,1000.0,0.0,0.7333333333333333,-0.3333333333333333,11.0,-5.0,3.0,31
193.77796936035156,20.129112243652344,4.025822448730469,1000.0,0.0,0.7333333333333333,-0.26666666666666666,11.0,-4.0,3.0,31
184.3491668701172,19.117021560668945,3.823404312133789,1000.0,0.0,0.7333333333333333,-0.2,11.0,-3.0,3.0,31
192.61558532714844,30.082439422607422,6.016487884521484,1000.0,0.0,0.7333333333333333,-0.13333333333333333,11.0,-2.0,3.0,31
206.97451782226562,40.078125,8.015625,1000.0,0.0,0.7333333333333333,-0.06666666666666667,11.0,-1.0,3.0,31
218.17257690429688,60.905601501464844,12.181120300292969,1000.0,0.0,0.7333333333333333,0.0,11.0,0.0,3.0,31
244.37059020996094,72.59028625488281,14.518057250976563,1000.0,0.0,0.7333333333333333,0.06666666666666667,11.0,1.0,3.0,31
251.09799194335938,76.69395446777344,15.338790893554688,1000.0,0.0,0.7333333333333333,0.13333333333333333,11.0,2.0,3.0,31
250.9160614013672,65.12483978271484,13.02496795654297,1000.0,0.0,0.7333333333333333,0.2,11.0,3.0,3.0,31
250.54559326171875,67.84086608886719,13.568173217773438,1000.0,0.0,0.7333333333333333,0.26666666666666666,11.0,4.0,3.0,31
255.2994384765625,85.70560455322266,17.14112091064453,1000.0,0.0,0.7333333333333333,0.3333333333333333,11.0,5.0,3.0,31
258.8814392089844,96.21294403076172,19.242588806152344,1000.0,0.0,0.7333333333333333,0.4,11.0,6.0,3.0,31
234.54127502441406,103.19342803955078,20.638685607910155,1000.0,0.0,0.7333333333333333,0.4666666666666667,11.0,7.0,3.0,31
256.91827392578125,110.65699005126953,22.131398010253907,1000.0,0.0,0.7333333333333333,0.5333333333333333,11.0,8.0,3.0,31
252.37596130371094,96.31635284423828,19.263270568847656,1000.0,0.0,0.7333333333333333,0.6,11.0,9.0,3.0,31
315.030029296875,94.91070556640625,18.98214111328125,1000.0,0.0,0.7333333333333333,0.6666666666666666,11.0,10.0,3.0,31
339.0615234375,101.85372924804688,20.370745849609374,1000.0,0.0,0.7333333333333333,0.7333333333333333,11.0,11.0,3.0,31
302.68084716796875,79.14933776855469,15.829867553710937,1000.0,0.0,0.7333333333333333,0.8,11.0,12.0,3.0,31
285.17706298828125,68.3940658569336,13.678813171386718,1000.0,0.0,0.7333333333333333,0.8666666666666667,11.0,13.0,3.0,31
321.4788818359375,79.44000244140625,15.88800048828125,1000.0,0.0,0.7333333333333333,0.9333333333333333,11.0,14.0,3.0,31
301.5705871582031,74.8909683227539,14.978193664550782,1000.0,0.0,0.7333333333333333,1.0,11.0,15.0,3.0,31
209.64146423339844,33.56241989135742,6.712483978271484,1000.0,0.0,0.8,-1.0,12.0,-15.0,3.0,31
230.89878845214844,40.50338363647461,8.100676727294921,1000.0,0.0,0.8,-0.9333333333333333,12.0,-14.0,3.0,31
250.9840850830078,54.67495346069336,10.934990692138673,1000.0,0.0,0.8,-0.8666666666666667,12.0,-13.0,3.0,31
279.3268737792969,66.57054901123047,13.314109802246094,1000.0,0.0,0.8,-0.8,12.0,-12.0,3.0,31
276.164306640625,52.10264587402344,10.420529174804688,1000.0,0.0,0.8,-0.7333333333333333,12.0,-11.0,3.0,31
255.99526977539062,49.333518981933594,9.86670379638672,1000.0,0.0,0.8,-0.6666666666666666,12.0,-10.0,3.0,31
270.6930847167969,56.04075622558594,11.208151245117188,1000.0,0.0,0.8,-0.6,12.0,-9.0,3.0,31
244.33314514160156,55.159820556640625,11.031964111328126,1000.0,0.0,0.8,-0.5333333333333333,12.0,-8.0,3.0,31
220.4835968017578,40.85038757324219,8.170077514648437,1000.0,0.0,0.8,-0.4666666666666667,12.0,-7.0,3.0,31
216.3032684326172,44.36674880981445,8.87334976196289,1000.0,0.0,0.8,-0.4,12.0,-6.0,3.0,31
195.61419677734375,25.964059829711914,5.192811965942383,1000.0,0.0,0.8,-0.3333333333333333,12.0,-5.0,3.0,31
187.34962463378906,16.915876388549805,3.383175277709961,1000.0,0.0,0.8,-0.26666666666666666,12.0,-4.0,3.0,31
192.5565948486328,23.209928512573242,4.641985702514648,1000.0,0.0,0.8,-0.2,12.0,-3.0,3.0,31
197.5778350830078,33.158573150634766,6.631714630126953,1000.0,0.0,0.8,-0.13333333333333333,12.0,-2.0,3.0,31
218.94578552246094,47.165077209472656,9.433015441894531,1000.0,0.0,0.8,-0.06666666666666667,12.0,-1.0,3.0,31
224.30300903320312,48.3437385559082,9.668747711181641,1000.0,0.0,0.8,0.0,12.0,0.0,3.0,31
230.46604919433594,63.371280670166016,12.674256134033204,1000.0,0.0,0.8,0.06666666666666667,12.0,1.0,3.0,31
243.17271423339844,58.67232894897461,11.734465789794921,1000.0,0.0,0.8,0.13333333333333333,12.0,2.0,3.0,31
238.25665283203125,60.970550537109375,12.194110107421874,1000.0,0.0,0.8,0.2,12.0,3.0,3.0,31
246.72314453125,58.33784866333008,11.667569732666015,1000.0,0.0,0.8,0.26666666666666666,12.0,4.0,3.0,31
247.7655487060547,74.52808380126953,14.905616760253906,1000.0,0.0,0.8,0.3333333333333333,12.0,5.0,3.0,31
231.64544677734375,69.17277526855469,13.834555053710938,1000.0,0.0,0.8,0.4,12.0,6.0,3.0,31
250.02093505859375,88.39563751220703,17.679127502441407,1000.0,0.0,0.8,0.4666666666666667,12.0,7.0,3.0,31
253.59352111816406,96.67924499511719,19.335848999023437,1000.0,0.0,0.8,0.5333333333333333,12.0,8.0,3.0,31
237.7666015625,90.76394653320312,18.152789306640624,1000.0,0.0,0.8,0.6,12.0,9.0,3.0,31
249.04388427734375,114.93701934814453,22.987403869628906,1000.0,0.0,0.8,0.6666666666666666,12.0,10.0,3.0,31
324.3105773925781,72.33885955810547,14.467771911621094,1000.0,0.0,0.8,0.7333333333333333,12.0,11.0,3.0,31
327.77398681640625,86.31529235839844,17.263058471679688,1000.0,0.0,0.8,0.8,12.0,12.0,3.0,31
303.3771667480469,74.6347885131836,14.926957702636718,1000.0,0.0,0.8,0.8666666666666667,12.0,13.0,3.0,31
295.51763916015625,71.72449493408203,14.344898986816407,1000.0,0.0,0.8,0.9333333333333333,12.0,14.0,3.0,31
300.98760986328125,68.05928039550781,13.611856079101562,1000.0,0.0,0.8,1.0,12.0,15.0,3.0,31
251.81703186035156,45.989524841308594,9.197904968261719,1000.0,0.0,0.8666666666666667,-1.0,13.0,-15.0,3.0,31
233.8949432373047,34.607810974121094,6.921562194824219,1000.0,0.0,0.8666666666666667,-0.9333333333333333,13.0,-14.0,3.0,31
270.8559875488281,53.85420608520508,10.770841217041015,1000.0,0.0,0.8666666666666667,-0.8666666666666667,13.0,-13.0,3.0,31
256.2359313964844,58.33323287963867,11.666646575927734,1000.0,0.0,0.8666666666666667,-0.8,13.0,-12.0,3.0,31
270.5346374511719,57.46993637084961,11.493987274169921,1000.0,0.0,0.8666666666666667,-0.7333333333333333,13.0,-11.0,3.0,31
271.6113586425781,63.542930603027344,12.708586120605469,1000.0,0.0,0.8666666666666667,-0.6666666666666666,13.0,-10.0,3.0,31
254.12646484375,57.079811096191406,11.415962219238281,1000.0,0.0,0.8666666666666667,-0.6,13.0,-9.0,3.0,31
237.0478515625,43.6573600769043,8.73147201538086,1000.0,0.0,0.8666666666666667,-0.5333333333333333,13.0,-8.0,3.0,31
217.68380737304688,45.0948371887207,9.018967437744141,1000.0,0.0,0.8666666666666667,-0.4666666666666667,13.0,-7.0,3.0,31
196.95614624023438,31.35670280456543,6.271340560913086,1000.0,0.0,0.8666666666666667,-0.4,13.0,-6.0,3.0,31
201.90115356445312,20.949710845947266,4.189942169189453,1000.0,0.0,0.8666666666666667,-0.3333333333333333,13.0,-5.0,3.0,31
204.92117309570312,30.439163208007812,6.087832641601563,1000.0,0.0,0.8666666666666667,-0.26666666666666666,13.0,-4.0,3.0,31
223.9097900390625,42.41551971435547,8.483103942871093,1000.0,0.0,0.8666666666666667,-0.2,13.0,-3.0,3.0,31
204.9715576171875,38.34654235839844,7.669308471679687,1000.0,0.0,0.8666666666666667,-0.13333333333333333,13.0,-2.0,3.0,31
204.8949737548828,38.15435028076172,7.630870056152344,1000.0,0.0,0.8666666666666667,-0.06666666666666667,13.0,-1.0,3.0,31
211.25625610351562,39.117313385009766,7.823462677001953,1000.0,0.0,0.8666666666666667,0.0,13.0,0.0,3.0,31
222.1248779296875,52.78602981567383,10.557205963134766,1000.0,0.0,0.8666666666666667,0.06666666666666667,13.0,1.0,3.0,31
232.70494079589844,52.17150115966797,10.434300231933594,1000.0,0.0,0.8666666666666667,0.13333333333333333,13.0,2.0,3.0,31
230.8067626953125,53.46256637573242,10.692513275146485,1000.0,0.0,0.8666666666666667,0.2,13.0,3.0,3.0,31
233.43414306640625,51.743587493896484,10.348717498779298,1000.0,0.0,0.8666666666666667,0.26666666666666666,13.0,4.0,3.0,31
234.9290008544922,55.162086486816406,11.032417297363281,1000.0,0.0,0.8666666666666667,0.3333333333333333,13.0,5.0,3.0,31
238.02490234375,66.57743835449219,13.315487670898438,1000.0,0.0,0.8666666666666667,0.4,13.0,6.0,3.0,31
236.2760772705078,82.68775939941406,16.537551879882812,1000.0,0.0,0.8666666666666667,0.4666666666666667,13.0,7.0,3.0,31
245.11578369140625,93.53317260742188,18.706634521484375,1000.0,0.0,0.8666666666666667,0.5333333333333333,13.0,8.0,3.0,31
249.8911590576172,100.68434143066406,20.136868286132813,1000.0,0.0,0.8666666666666667,0.6,13.0,9.0,3.0,31
260.91717529296875,110.44536590576172,22.089073181152344,1000.0,0.0,0.8666666666666667,0.6666666666666666,13.0,10.0,3.0,31
295.4018859863281,109.29459381103516,21.858918762207033,1000.0,0.0,0.8666666666666667,0.7333333333333333,13.0,11.0,3.0,31
267.1142272949219,72.43535614013672,14.487071228027343,1000.0,0.0,0.8666666666666667,0.8,13.0,12.0,3.0,31
268.24993896484375,58.097984313964844,11.619596862792969,1000.0,0.0,0.8666666666666667,0.8666666666666667,13.0,13.0,3.0,31
272.3465576171875,62.834232330322266,12.566846466064453,1000.0,0.0,0.8666666666666667,0.9333333333333333,13.0,14.0,3.0,31
298.56134033203125,60.0667610168457,12.013352203369141,1000.0,0.0,0.8666666666666667,1.0,13.0,15.0,3.0,31
259.2609558105469,46.23551940917969,9.247103881835937,1000.0,0.0,0.9333333333333333,-1.0,14.0,-15.0,3.0,31
263.24139404296875,62.69994354248047,12.539988708496093,1000.0,0.0,0.9333333333333333,-0.9333333333333333,14.0,-14.0,3.0,31
266.8431091308594,62.93426513671875,12.58685302734375,1000.0,0.0,0.9333333333333333,-0.8666666666666667,14.0,-13.0,3.0,31
247.41036987304688,64.25817108154297,12.851634216308593,1000.0,0.0,0.9333333333333333,-0.8,14.0,-12.0,3.0,31
282.2105712890625,72.25469207763672,14.450938415527343,1000.0,0.0,0.9333333333333333,-0.7333333333333333,14.0,-11.0,3.0,31
264.01690673828125,67.16227722167969,13.432455444335938,1000.0,0.0,0.9333333333333333,-0.6666666666666666,14.0,-10.0,3.0,31
262.8509521484375,64.49446868896484,12.898893737792969,1000.0,0.0,0.9333333333333333,-0.6,14.0,-9.0,3.0,31
240.11964416503906,35.689266204833984,7.1378532409667965,1000.0,0.0,0.9333333333333333,-0.5333333333333333,14.0,-8.0,3.0,31
215.5200653076172,38.42131805419922,7.684263610839844,1000.0,0.0,0.9333333333333333,-0.4666666666666667,14.0,-7.0,3.0,31
216.97044372558594,29.35858154296875,5.87171630859375,1000.0,0.0,0.9333333333333333,-0.4,14.0,-6.0,3.0,31
205.47991943359375,27.290998458862305,5.458199691772461,1000.0,0.0,0.9333333333333333,-0.3333333333333333,14.0,-5.0,3.0,31
212.73941040039062,28.27906608581543,5.655813217163086,1000.0,0.0,0.9333333333333333,-0.26666666666666666,14.0,-4.0,3.0,31
227.3775634765625,32.36247634887695,6.472495269775391,1000.0,0.0,0.9333333333333333,-0.2,14.0,-3.0,3.0,31
202.54478454589844,29.76420783996582,5.952841567993164,1000.0,0.0,0.9333333333333333,-0.13333333333333333,14.0,-2.0,3.0,31
199.02569580078125,27.098892211914062,5.419778442382812,1000.0,0.0,0.9333333333333333,-0.06666666666666667,14.0,-1.0,3.0,31
208.37403869628906,32.98487854003906,6.596975708007813,1000.0,0.0,0.9333333333333333,0.0,14.0,0.0,3.0,31
230.24330139160156,54.33314514160156,10.866629028320313,1000.0,0.0,0.9333333333333333,0.06666666666666667,14.0,1.0,3.0,31
228.26072692871094,38.89484786987305,7.778969573974609,1000.0,0.0,0.9333333333333333,0.13333333333333333,14.0,2.0,3.0,31
216.82081604003906,45.11196517944336,9.022393035888673,1000.0,0.0,0.9333333333333333,0.2,14.0,3.0,3.0,31
229.14202880859375,47.13470458984375,9.42694091796875,1000.0,0.0,0.9333333333333333,0.26666666666666666,14.0,4.0,3.0,31
224.15850830078125,46.78370666503906,9.356741333007813,1000.0,0.0,0.9333333333333333,0.3333333333333333,14.0,5.0,3.0,31
224.64419555664062,53.6479606628418,10.72959213256836,1000.0,0.0,0.9333333333333333,0.4,14.0,6.0,3.0,31
237.17095947265625,61.57710647583008,12.315421295166015,1000.0,0.0,0.9333333333333333,0.4666666666666667,14.0,7.0,3.0,31
252.0163116455078,80.95630645751953,16.191261291503906,1000.0,0.0,0.9333333333333333,0.5333333333333333,14.0,8.0,3.0,31
218.39776611328125,64.5047607421875,12.9009521484375,1000.0,0.0,0.9333333333333333,0.6,14.0,9.0,3.0,31
242.0430908203125,89.17606353759766,17.83521270751953,1000.0,0.0,0.9333333333333333,0.6666666666666666,14.0,10.0,3.0,31
251.82911682128906,99.89225006103516,19.97845001220703,1000.0,0.0,0.9333333333333333,0.7333333333333333,14.0,11.0,3.0,31
293.7275695800781,102.98290252685547,20.596580505371094,1000.0,0.0,0.9333333333333333,0.8,14.0,12.0,3.0,31
316.66705322265625,112.64115142822266,22.528230285644533,1000.0,0.0,0.9333333333333333,0.8666666666666667,14.0,13.0,3.0,31
291.8611755371094,76.29226684570312,15.258453369140625,1000.0,0.0,0.9333333333333333,0.9333333333333333,14.0,14.0,3.0,31
318.90814208984375,108.79694366455078,21.759388732910157,1000.0,0.0,0.9333333333333333,1.0,14.0,15.0,3.0,31
249.3606414794922,50.1058464050293,10.021169281005859,1000.0,0.0,1.0,-1.0,15.0,-15.0,3.0,31
278.7174377441406,62.3596076965332,12.47192153930664,1000.0,0.0,1.0,-0.9333333333333333,15.0,-14.0,3.0,31
284.1018371582031,71.07933044433594,14.215866088867188,1000.0,0.0,1.0,-0.8666666666666667,15.0,-13.0,3.0,31
267.67742919921875,78.474365234375,15.694873046875,1000.0,0.0,1.0,-0.8,15.0,-12.0,3.0,31
261.1812744140625,64.16812896728516,12.833625793457031,1000.0,0.0,1.0,-0.7333333333333333,15.0,-11.0,3.0,31
254.04290771484375,55.069610595703125,11.013922119140625,1000.0,0.0,1.0,-0.6666666666666666,15.0,-10.0,3.0,31
256.5450744628906,54.894065856933594,10.978813171386719,1000.0,0.0,1.0,-0.6,15.0,-9.0,3.0,31
243.0458526611328,54.163936614990234,10.832787322998048,1000.0,0.0,1.0,-0.5333333333333333,15.0,-8.0,3.0,31
221.14236450195312,38.25137710571289,7.650275421142578,1000.0,0.0,1.0,-0.4666666666666667,15.0,-7.0,3.0,31
214.8057403564453,34.95273971557617,6.990547943115234,1000.0,0.0,1.0,-0.4,15.0,-6.0,3.0,31
208.93141174316406,37.92976760864258,7.5859535217285154,1000.0,0.0,1.0,-0.3333333333333333,15.0,-5.0,3.0,31
210.96621704101562,39.234683990478516,7.846936798095703,1000.0,0.0,1.0,-0.26666666666666666,15.0,-4.0,3.0,31
236.10987854003906,37.46012878417969,7.492025756835938,1000.0,0.0,1.0,-0.2,15.0,-3.0,3.0,31
214.86663818359375,36.25336837768555,7.25067367553711,1000.0,0.0,1.0,-0.13333333333333333,15.0,-2.0,3.0,31
215.94187927246094,45.74235534667969,9.148471069335937,1000.0,0.0,1.0,-0.06666666666666667,15.0,-1.0,3.0,31
204.37429809570312,37.310794830322266,7.462158966064453,1000.0,0.0,1.0,0.0,15.0,0.0,3.0,31
237.9936065673828,46.02180099487305,9.204360198974609,1000.0,0.0,1.0,0.06666666666666667,15.0,1.0,3.0,31
227.14828491210938,42.3402099609375,8.4680419921875,1000.0,0.0,1.0,0.13333333333333333,15.0,2.0,3.0,31
222.1919708251953,44.01137161254883,8.802274322509765,1000.0,0.0,1.0,0.2,15.0,3.0,3.0,31
213.24461364746094,37.624324798583984,7.524864959716797,1000.0,0.0,1.0,0.26666666666666666,15.0,4.0,3.0,31
215.19903564453125,37.38612365722656,7.477224731445313,1000.0,0.0,1.0,0.3333333333333333,15.0,5.0,3.0,31
219.35623168945312,42.98883819580078,8.597767639160157,1000.0,0.0,1.0,0.4,15.0,6.0,3.0,31
221.06883239746094,51.57726287841797,10.315452575683594,1000.0,0.0,1.0,0.4666666666666667,15.0,7.0,3.0,31
232.31939697265625,67.67144775390625,13.53428955078125,1000.0,0.0,1.0,0.5333333333333333,15.0,8.0,3.0,31
240.39320373535156,84.13018798828125,16.82603759765625,1000.0,0.0,1.0,0.6,15.0,9.0,3.0,31
235.74464416503906,76.91960144042969,15.383920288085937,1000.0,0.0,1.0,0.6666666666666666,15.0,10.0,3.0,31
249.5718994140625,101.04669189453125,20.20933837890625,1000.0,0.0,1.0,0.7333333333333333,15.0,11.0,3.0,31
260.1421203613281,110.60324096679688,22.120648193359376,1000.0,0.0,1.0,0.8,15.0,12.0,3.0,31
331.8423156738281,103.67185974121094,20.734371948242188,1000.0,0.0,1.0,0.8666666666666667,15.0,13.0,3.0,31
306.6332702636719,71.5452651977539,14.309053039550781,1000.0,0.0,1.0,0.9333333333333333,15.0,14.0,3.0,31
285.2343444824219,65.32577514648438,13.065155029296875,1000.0,0.0,1.0,1.0,15.0,15.0,3.0,31
