episode_rewards,episode_std_rewards,episode_stderr_rewards,episode_avg_len,episode_std_avg_len,dim0,dim1,offset1,offset2,magnitude,grid_size
240.74232482910156,71.75933074951172,14.351866149902344,1000.0,0.0,-1.0,-1.0,-15.0,-15.0,3.0,31
249.66009521484375,77.33845520019531,15.467691040039062,1000.0,0.0,-1.0,-0.9333333333333333,-15.0,-14.0,3.0,31
182.13763427734375,13.701449394226074,2.740289878845215,1000.0,0.0,-1.0,-0.8666666666666667,-15.0,-13.0,3.0,31
179.92662048339844,10.347243309020996,2.0694486618041994,1000.0,0.0,-1.0,-0.8,-15.0,-12.0,3.0,31
188.4783172607422,30.04018211364746,6.008036422729492,1000.0,0.0,-1.0,-0.7333333333333333,-15.0,-11.0,3.0,31
187.61874389648438,29.836502075195312,5.9673004150390625,1000.0,0.0,-1.0,-0.6666666666666666,-15.0,-10.0,3.0,31
200.39012145996094,41.70133972167969,8.340267944335938,1000.0,0.0,-1.0,-0.6,-15.0,-9.0,3.0,31
211.13247680664062,48.63207244873047,9.726414489746094,1000.0,0.0,-1.0,-0.5333333333333333,-15.0,-8.0,3.0,31
234.0719757080078,70.0147705078125,14.0029541015625,1000.0,0.0,-1.0,-0.4666666666666667,-15.0,-7.0,3.0,31
244.09556579589844,77.318603515625,15.463720703125,1000.0,0.0,-1.0,-0.4,-15.0,-6.0,3.0,31
256.5037841796875,68.99444580078125,13.79888916015625,1000.0,0.0,-1.0,-0.3333333333333333,-15.0,-5.0,3.0,31
243.30010986328125,62.6207275390625,12.5241455078125,1000.0,0.0,-1.0,-0.26666666666666666,-15.0,-4.0,3.0,31
225.5580596923828,48.816314697265625,9.763262939453124,1000.0,0.0,-1.0,-0.2,-15.0,-3.0,3.0,31
221.72117614746094,56.39673614501953,11.279347229003907,1000.0,0.0,-1.0,-0.13333333333333333,-15.0,-2.0,3.0,31
218.78614807128906,50.00493621826172,10.000987243652343,1000.0,0.0,-1.0,-0.06666666666666667,-15.0,-1.0,3.0,31
222.88844299316406,54.19938278198242,10.839876556396485,1000.0,0.0,-1.0,0.0,-15.0,0.0,3.0,31
218.52748107910156,53.743350982666016,10.748670196533203,1000.0,0.0,-1.0,0.06666666666666667,-15.0,1.0,3.0,31
231.21986389160156,69.96350860595703,13.992701721191406,1000.0,0.0,-1.0,0.13333333333333333,-15.0,2.0,3.0,31
217.29652404785156,58.67606735229492,11.735213470458984,1000.0,0.0,-1.0,0.2,-15.0,3.0,3.0,31
201.8601531982422,37.16021728515625,7.43204345703125,1000.0,0.0,-1.0,0.26666666666666666,-15.0,4.0,3.0,31
200.21844482421875,27.31536865234375,5.46307373046875,1000.0,0.0,-1.0,0.3333333333333333,-15.0,5.0,3.0,31
215.05271911621094,29.332866668701172,5.866573333740234,1000.0,0.0,-1.0,0.4,-15.0,6.0,3.0,31
204.25302124023438,22.24640655517578,4.449281311035156,1000.0,0.0,-1.0,0.4666666666666667,-15.0,7.0,3.0,31
195.93032836914062,16.452190399169922,3.2904380798339843,1000.0,0.0,-1.0,0.5333333333333333,-15.0,8.0,3.0,31
197.7748260498047,17.922542572021484,3.584508514404297,1000.0,0.0,-1.0,0.6,-15.0,9.0,3.0,31
197.26925659179688,19.8070125579834,3.9614025115966798,1000.0,0.0,-1.0,0.6666666666666666,-15.0,10.0,3.0,31
233.58334350585938,38.3997688293457,7.679953765869141,1000.0,0.0,-1.0,0.7333333333333333,-15.0,11.0,3.0,31
205.7596435546875,30.32297706604004,6.064595413208008,1000.0,0.0,-1.0,0.8,-15.0,12.0,3.0,31
182.60008239746094,14.691035270690918,2.9382070541381835,1000.0,0.0,-1.0,0.8666666666666667,-15.0,13.0,3.0,31
198.29750061035156,33.40726852416992,6.681453704833984,1000.0,0.0,-1.0,0.9333333333333333,-15.0,14.0,3.0,31
194.38002014160156,21.839561462402344,4.367912292480469,1000.0,0.0,-1.0,1.0,-15.0,15.0,3.0,31
242.36468505859375,74.80750274658203,14.961500549316407,1000.0,0.0,-0.9333333333333333,-1.0,-14.0,-15.0,3.0,31
254.75961303710938,72.03321075439453,14.406642150878906,1000.0,0.0,-0.9333333333333333,-0.9333333333333333,-14.0,-14.0,3.0,31
263.3827209472656,79.41948699951172,15.883897399902343,1000.0,0.0,-0.9333333333333333,-0.8666666666666667,-14.0,-13.0,3.0,31
181.74234008789062,16.165918350219727,3.233183670043945,1000.0,0.0,-0.9333333333333333,-0.8,-14.0,-12.0,3.0,31
183.59165954589844,15.6328763961792,3.1265752792358397,1000.0,0.0,-0.9333333333333333,-0.7333333333333333,-14.0,-11.0,3.0,31
185.18846130371094,22.906414031982422,4.5812828063964846,1000.0,0.0,-0.9333333333333333,-0.6666666666666666,-14.0,-10.0,3.0,31
194.2757568359375,36.574153900146484,7.314830780029297,1000.0,0.0,-0.9333333333333333,-0.6,-14.0,-9.0,3.0,31
198.6876983642578,32.02539825439453,6.405079650878906,1000.0,0.0,-0.9333333333333333,-0.5333333333333333,-14.0,-8.0,3.0,31
227.48556518554688,67.87205505371094,13.574411010742187,1000.0,0.0,-0.9333333333333333,-0.4666666666666667,-14.0,-7.0,3.0,31
246.06248474121094,63.68184280395508,12.736368560791016,1000.0,0.0,-0.9333333333333333,-0.4,-14.0,-6.0,3.0,31
262.1795654296875,69.99556732177734,13.999113464355469,1000.0,0.0,-0.9333333333333333,-0.3333333333333333,-14.0,-5.0,3.0,31
258.147216796875,64.72254943847656,12.944509887695313,1000.0,0.0,-0.9333333333333333,-0.26666666666666666,-14.0,-4.0,3.0,31
217.48374938964844,56.578433990478516,11.315686798095703,1000.0,0.0,-0.9333333333333333,-0.2,-14.0,-3.0,3.0,31
227.84393310546875,47.91448211669922,9.582896423339843,1000.0,0.0,-0.9333333333333333,-0.13333333333333333,-14.0,-2.0,3.0,31
214.74160766601562,41.73196029663086,8.346392059326172,1000.0,0.0,-0.9333333333333333,-0.06666666666666667,-14.0,-1.0,3.0,31
232.20034790039062,50.65514373779297,10.131028747558593,1000.0,0.0,-0.9333333333333333,0.0,-14.0,0.0,3.0,31
228.42601013183594,60.80263137817383,12.160526275634766,1000.0,0.0,-0.9333333333333333,0.06666666666666667,-14.0,1.0,3.0,31
235.2507781982422,75.86542510986328,15.173085021972657,1000.0,0.0,-0.9333333333333333,0.13333333333333333,-14.0,2.0,3.0,31
233.6506805419922,66.54002380371094,13.308004760742188,1000.0,0.0,-0.9333333333333333,0.2,-14.0,3.0,3.0,31
204.9827880859375,29.094221115112305,5.818844223022461,1000.0,0.0,-0.9333333333333333,0.26666666666666666,-14.0,4.0,3.0,31
208.4110565185547,24.641345977783203,4.9282691955566404,1000.0,0.0,-0.9333333333333333,0.3333333333333333,-14.0,5.0,3.0,31
199.60281372070312,22.50370216369629,4.500740432739258,1000.0,0.0,-0.9333333333333333,0.4,-14.0,6.0,3.0,31
198.86424255371094,22.34109878540039,4.468219757080078,1000.0,0.0,-0.9333333333333333,0.4666666666666667,-14.0,7.0,3.0,31
205.49755859375,25.46990394592285,5.09398078918457,1000.0,0.0,-0.9333333333333333,0.5333333333333333,-14.0,8.0,3.0,31
198.8474578857422,24.60114097595215,4.92022819519043,1000.0,0.0,-0.9333333333333333,0.6,-14.0,9.0,3.0,31
203.6411895751953,19.755952835083008,3.9511905670166017,1000.0,0.0,-0.9333333333333333,0.6666666666666666,-14.0,10.0,3.0,31
216.87261962890625,45.10697555541992,9.021395111083985,1000.0,0.0,-0.9333333333333333,0.7333333333333333,-14.0,11.0,3.0,31
197.13607788085938,18.465925216674805,3.693185043334961,1000.0,0.0,-0.9333333333333333,0.8,-14.0,12.0,3.0,31
199.1693878173828,28.858335494995117,5.771667098999023,1000.0,0.0,-0.9333333333333333,0.8666666666666667,-14.0,13.0,3.0,31
197.2664031982422,31.266660690307617,6.253332138061523,1000.0,0.0,-0.9333333333333333,0.9333333333333333,-14.0,14.0,3.0,31
208.4174346923828,42.105308532714844,8.421061706542968,1000.0,0.0,-0.9333333333333333,1.0,-14.0,15.0,3.0,31
272.3104553222656,78.32415771484375,15.66483154296875,1000.0,0.0,-0.8666666666666667,-1.0,-13.0,-15.0,3.0,31
254.3524932861328,76.8216552734375,15.3643310546875,1000.0,0.0,-0.8666666666666667,-0.9333333333333333,-13.0,-14.0,3.0,31
252.13148498535156,71.24993133544922,14.249986267089843,1000.0,0.0,-0.8666666666666667,-0.8666666666666667,-13.0,-13.0,3.0,31
268.7083740234375,86.21843719482422,17.243687438964844,1000.0,0.0,-0.8666666666666667,-0.8,-13.0,-12.0,3.0,31
185.99041748046875,19.72454261779785,3.9449085235595702,1000.0,0.0,-0.8666666666666667,-0.7333333333333333,-13.0,-11.0,3.0,31
191.33245849609375,28.093400955200195,5.618680191040039,1000.0,0.0,-0.8666666666666667,-0.6666666666666666,-13.0,-10.0,3.0,31
199.75161743164062,43.68740463256836,8.737480926513673,1000.0,0.0,-0.8666666666666667,-0.6,-13.0,-9.0,3.0,31
217.42550659179688,45.003475189208984,9.000695037841798,1000.0,0.0,-0.8666666666666667,-0.5333333333333333,-13.0,-8.0,3.0,31
221.88560485839844,49.384681701660156,9.876936340332032,1000.0,0.0,-0.8666666666666667,-0.4666666666666667,-13.0,-7.0,3.0,31
234.21566772460938,60.282711029052734,12.056542205810548,1000.0,0.0,-0.8666666666666667,-0.4,-13.0,-6.0,3.0,31
258.02166748046875,74.24568939208984,14.849137878417968,1000.0,0.0,-0.8666666666666667,-0.3333333333333333,-13.0,-5.0,3.0,31
258.6448669433594,77.80882263183594,15.561764526367188,1000.0,0.0,-0.8666666666666667,-0.26666666666666666,-13.0,-4.0,3.0,31
247.76724243164062,62.217376708984375,12.443475341796875,1000.0,0.0,-0.8666666666666667,-0.2,-13.0,-3.0,3.0,31
209.13067626953125,46.970458984375,9.394091796875,1000.0,0.0,-0.8666666666666667,-0.13333333333333333,-13.0,-2.0,3.0,31
221.3949432373047,45.313941955566406,9.062788391113282,1000.0,0.0,-0.8666666666666667,-0.06666666666666667,-13.0,-1.0,3.0,31
237.95359802246094,61.187068939208984,12.237413787841797,1000.0,0.0,-0.8666666666666667,0.0,-13.0,0.0,3.0,31
235.25601196289062,66.81783294677734,13.363566589355468,1000.0,0.0,-0.8666666666666667,0.06666666666666667,-13.0,1.0,3.0,31
242.0785675048828,76.8423080444336,15.368461608886719,1000.0,0.0,-0.8666666666666667,0.13333333333333333,-13.0,2.0,3.0,31
201.6558074951172,39.23917007446289,7.8478340148925785,1000.0,0.0,-0.8666666666666667,0.2,-13.0,3.0,3.0,31
204.17645263671875,29.259740829467773,5.851948165893555,1000.0,0.0,-0.8666666666666667,0.26666666666666666,-13.0,4.0,3.0,31
203.44432067871094,18.86911964416504,3.773823928833008,1000.0,0.0,-0.8666666666666667,0.3333333333333333,-13.0,5.0,3.0,31
215.43504333496094,18.6668758392334,3.7333751678466798,1000.0,0.0,-0.8666666666666667,0.4,-13.0,6.0,3.0,31
199.89088439941406,23.077285766601562,4.615457153320312,1000.0,0.0,-0.8666666666666667,0.4666666666666667,-13.0,7.0,3.0,31
206.54510498046875,22.558420181274414,4.5116840362548825,1000.0,0.0,-0.8666666666666667,0.5333333333333333,-13.0,8.0,3.0,31
200.0175323486328,21.773841857910156,4.354768371582031,1000.0,0.0,-0.8666666666666667,0.6,-13.0,9.0,3.0,31
196.6315460205078,33.692447662353516,6.7384895324707035,1000.0,0.0,-0.8666666666666667,0.6666666666666666,-13.0,10.0,3.0,31
210.67071533203125,48.83556365966797,9.767112731933594,1000.0,0.0,-0.8666666666666667,0.7333333333333333,-13.0,11.0,3.0,31
202.97738647460938,26.606416702270508,5.321283340454102,1000.0,0.0,-0.8666666666666667,0.8,-13.0,12.0,3.0,31
191.20680236816406,21.391704559326172,4.278340911865234,1000.0,0.0,-0.8666666666666667,0.8666666666666667,-13.0,13.0,3.0,31
209.9907989501953,37.94319534301758,7.5886390686035154,1000.0,0.0,-0.8666666666666667,0.9333333333333333,-13.0,14.0,3.0,31
213.44903564453125,52.44874572753906,10.489749145507812,1000.0,0.0,-0.8666666666666667,1.0,-13.0,15.0,3.0,31
247.31143188476562,74.6087646484375,14.9217529296875,1000.0,0.0,-0.8,-1.0,-12.0,-15.0,3.0,31
271.4959411621094,84.44581604003906,16.889163208007812,1000.0,0.0,-0.8,-0.9333333333333333,-12.0,-14.0,3.0,31
242.70590209960938,81.13018035888672,16.226036071777344,1000.0,0.0,-0.8,-0.8666666666666667,-12.0,-13.0,3.0,31
246.7014617919922,70.1480712890625,14.0296142578125,1000.0,0.0,-0.8,-0.8,-12.0,-12.0,3.0,31
244.72186279296875,76.06487274169922,15.212974548339844,1000.0,0.0,-0.8,-0.7333333333333333,-12.0,-11.0,3.0,31
185.27044677734375,20.94529914855957,4.189059829711914,1000.0,0.0,-0.8,-0.6666666666666666,-12.0,-10.0,3.0,31
185.06216430664062,24.06073570251465,4.81214714050293,1000.0,0.0,-0.8,-0.6,-12.0,-9.0,3.0,31
206.0000762939453,48.38982391357422,9.677964782714843,1000.0,0.0,-0.8,-0.5333333333333333,-12.0,-8.0,3.0,31
238.4835968017578,56.39228057861328,11.278456115722657,1000.0,0.0,-0.8,-0.4666666666666667,-12.0,-7.0,3.0,31
232.32315063476562,60.544921875,12.108984375,1000.0,0.0,-0.8,-0.4,-12.0,-6.0,3.0,31
230.73472595214844,60.668304443359375,12.133660888671875,1000.0,0.0,-0.8,-0.3333333333333333,-12.0,-5.0,3.0,31
256.9184265136719,77.70037078857422,15.540074157714844,1000.0,0.0,-0.8,-0.26666666666666666,-12.0,-4.0,3.0,31
244.34619140625,69.59841918945312,13.919683837890625,1000.0,0.0,-0.8,-0.2,-12.0,-3.0,3.0,31
213.13113403320312,44.5775032043457,8.91550064086914,1000.0,0.0,-0.8,-0.13333333333333333,-12.0,-2.0,3.0,31
219.7978515625,48.334415435791016,9.666883087158203,1000.0,0.0,-0.8,-0.06666666666666667,-12.0,-1.0,3.0,31
249.91209411621094,63.12696838378906,12.625393676757813,1000.0,0.0,-0.8,0.0,-12.0,0.0,3.0,31
238.7715606689453,78.85151672363281,15.770303344726562,1000.0,0.0,-0.8,0.06666666666666667,-12.0,1.0,3.0,31
237.3411102294922,82.634765625,16.526953125,1000.0,0.0,-0.8,0.13333333333333333,-12.0,2.0,3.0,31
185.47901916503906,14.626255989074707,2.9252511978149416,1000.0,0.0,-0.8,0.2,-12.0,3.0,3.0,31
194.7579345703125,24.827247619628906,4.965449523925781,1000.0,0.0,-0.8,0.26666666666666666,-12.0,4.0,3.0,31
202.29615783691406,24.501502990722656,4.900300598144531,1000.0,0.0,-0.8,0.3333333333333333,-12.0,5.0,3.0,31
199.68263244628906,24.662717819213867,4.932543563842773,1000.0,0.0,-0.8,0.4,-12.0,6.0,3.0,31
204.9762725830078,25.309843063354492,5.061968612670898,1000.0,0.0,-0.8,0.4666666666666667,-12.0,7.0,3.0,31
203.7146453857422,28.64039421081543,5.728078842163086,1000.0,0.0,-0.8,0.5333333333333333,-12.0,8.0,3.0,31
214.6074981689453,51.73640060424805,10.347280120849609,1000.0,0.0,-0.8,0.6,-12.0,9.0,3.0,31
202.97735595703125,34.17349624633789,6.834699249267578,1000.0,0.0,-0.8,0.6666666666666666,-12.0,10.0,3.0,31
202.8472900390625,42.6219596862793,8.52439193725586,1000.0,0.0,-0.8,0.7333333333333333,-12.0,11.0,3.0,31
212.5797119140625,36.021942138671875,7.204388427734375,1000.0,0.0,-0.8,0.8,-12.0,12.0,3.0,31
210.00347900390625,43.88553237915039,8.777106475830077,1000.0,0.0,-0.8,0.8666666666666667,-12.0,13.0,3.0,31
212.20974731445312,43.72283935546875,8.74456787109375,1000.0,0.0,-0.8,0.9333333333333333,-12.0,14.0,3.0,31
220.80364990234375,51.48828125,10.29765625,1000.0,0.0,-0.8,1.0,-12.0,15.0,3.0,31
215.3524932861328,41.23691940307617,8.247383880615235,1000.0,0.0,-0.7333333333333333,-1.0,-11.0,-15.0,3.0,31
234.0325164794922,65.23616790771484,13.047233581542969,1000.0,0.0,-0.7333333333333333,-0.9333333333333333,-11.0,-14.0,3.0,31
265.236328125,97.1961898803711,19.439237976074217,1000.0,0.0,-0.7333333333333333,-0.8666666666666667,-11.0,-13.0,3.0,31
244.79954528808594,69.77910614013672,13.955821228027343,1000.0,0.0,-0.7333333333333333,-0.8,-11.0,-12.0,3.0,31
218.09251403808594,57.94062423706055,11.588124847412109,1000.0,0.0,-0.7333333333333333,-0.7333333333333333,-11.0,-11.0,3.0,31
244.99049377441406,85.97358703613281,17.194717407226562,1000.0,0.0,-0.7333333333333333,-0.6666666666666666,-11.0,-10.0,3.0,31
188.31277465820312,19.086027145385742,3.8172054290771484,1000.0,0.0,-0.7333333333333333,-0.6,-11.0,-9.0,3.0,31
205.44400024414062,51.48148727416992,10.296297454833985,1000.0,0.0,-0.7333333333333333,-0.5333333333333333,-11.0,-8.0,3.0,31
245.57318115234375,72.88455200195312,14.576910400390625,1000.0,0.0,-0.7333333333333333,-0.4666666666666667,-11.0,-7.0,3.0,31
243.40338134765625,62.308937072753906,12.46178741455078,1000.0,0.0,-0.7333333333333333,-0.4,-11.0,-6.0,3.0,31
239.07666015625,69.38672637939453,13.877345275878906,1000.0,0.0,-0.7333333333333333,-0.3333333333333333,-11.0,-5.0,3.0,31
261.24676513671875,75.39900207519531,15.079800415039063,1000.0,0.0,-0.7333333333333333,-0.26666666666666666,-11.0,-4.0,3.0,31
229.69464111328125,58.181297302246094,11.636259460449219,1000.0,0.0,-0.7333333333333333,-0.2,-11.0,-3.0,3.0,31
230.63551330566406,52.26881408691406,10.453762817382813,1000.0,0.0,-0.7333333333333333,-0.13333333333333333,-11.0,-2.0,3.0,31
225.12960815429688,41.34922790527344,8.269845581054687,1000.0,0.0,-0.7333333333333333,-0.06666666666666667,-11.0,-1.0,3.0,31
242.3031463623047,65.48363494873047,13.096726989746093,1000.0,0.0,-0.7333333333333333,0.0,-11.0,0.0,3.0,31
243.96963500976562,77.87146759033203,15.574293518066407,1000.0,0.0,-0.7333333333333333,0.06666666666666667,-11.0,1.0,3.0,31
225.9199676513672,65.93769073486328,13.187538146972656,1000.0,0.0,-0.7333333333333333,0.13333333333333333,-11.0,2.0,3.0,31
199.7151336669922,32.42143630981445,6.484287261962891,1000.0,0.0,-0.7333333333333333,0.2,-11.0,3.0,3.0,31
196.08328247070312,24.606121063232422,4.921224212646484,1000.0,0.0,-0.7333333333333333,0.26666666666666666,-11.0,4.0,3.0,31
205.1276397705078,24.848543167114258,4.969708633422852,1000.0,0.0,-0.7333333333333333,0.3333333333333333,-11.0,5.0,3.0,31
204.79396057128906,18.273883819580078,3.654776763916016,1000.0,0.0,-0.7333333333333333,0.4,-11.0,6.0,3.0,31
203.61181640625,26.815702438354492,5.363140487670899,1000.0,0.0,-0.7333333333333333,0.4666666666666667,-11.0,7.0,3.0,31
215.4524383544922,45.36180877685547,9.072361755371094,1000.0,0.0,-0.7333333333333333,0.5333333333333333,-11.0,8.0,3.0,31
201.86900329589844,36.928863525390625,7.385772705078125,1000.0,0.0,-0.7333333333333333,0.6,-11.0,9.0,3.0,31
205.17782592773438,39.68279266357422,7.936558532714844,1000.0,0.0,-0.7333333333333333,0.6666666666666666,-11.0,10.0,3.0,31
212.0381317138672,37.14482116699219,7.428964233398437,1000.0,0.0,-0.7333333333333333,0.7333333333333333,-11.0,11.0,3.0,31
222.40855407714844,58.994075775146484,11.798815155029297,1000.0,0.0,-0.7333333333333333,0.8,-11.0,12.0,3.0,31
218.05755615234375,68.87779998779297,13.775559997558593,1000.0,0.0,-0.7333333333333333,0.8666666666666667,-11.0,13.0,3.0,31
212.14434814453125,45.992042541503906,9.198408508300782,1000.0,0.0,-0.7333333333333333,0.9333333333333333,-11.0,14.0,3.0,31
232.00083923339844,57.942840576171875,11.588568115234375,1000.0,0.0,-0.7333333333333333,1.0,-11.0,15.0,3.0,31
210.48130798339844,35.3706169128418,7.074123382568359,1000.0,0.0,-0.6666666666666666,-1.0,-10.0,-15.0,3.0,31
217.73162841796875,50.982421875,10.196484375,1000.0,0.0,-0.6666666666666666,-0.9333333333333333,-10.0,-14.0,3.0,31
267.4991760253906,95.36904907226562,19.073809814453124,1000.0,0.0,-0.6666666666666666,-0.8666666666666667,-10.0,-13.0,3.0,31
279.3927307128906,103.67744445800781,20.735488891601562,1000.0,0.0,-0.6666666666666666,-0.8,-10.0,-12.0,3.0,31
287.7864990234375,106.26518249511719,21.253036499023438,1000.0,0.0,-0.6666666666666666,-0.7333333333333333,-10.0,-11.0,3.0,31
221.73345947265625,55.503143310546875,11.100628662109376,1000.0,0.0,-0.6666666666666666,-0.6666666666666666,-10.0,-10.0,3.0,31
261.9701843261719,78.95928955078125,15.79185791015625,1000.0,0.0,-0.6666666666666666,-0.6,-10.0,-9.0,3.0,31
215.53890991210938,49.371681213378906,9.874336242675781,1000.0,0.0,-0.6666666666666666,-0.5333333333333333,-10.0,-8.0,3.0,31
224.9829559326172,75.56306457519531,15.112612915039062,1000.0,0.0,-0.6666666666666666,-0.4666666666666667,-10.0,-7.0,3.0,31
239.58609008789062,56.97527313232422,11.395054626464844,1000.0,0.0,-0.6666666666666666,-0.4,-10.0,-6.0,3.0,31
237.05044555664062,63.43636703491211,12.687273406982422,1000.0,0.0,-0.6666666666666666,-0.3333333333333333,-10.0,-5.0,3.0,31
234.11671447753906,60.583412170410156,12.116682434082032,1000.0,0.0,-0.6666666666666666,-0.26666666666666666,-10.0,-4.0,3.0,31
235.20103454589844,64.0146713256836,12.802934265136718,1000.0,0.0,-0.6666666666666666,-0.2,-10.0,-3.0,3.0,31
238.96414184570312,56.863094329833984,11.372618865966796,1000.0,0.0,-0.6666666666666666,-0.13333333333333333,-10.0,-2.0,3.0,31
219.71888732910156,43.35371398925781,8.670742797851563,1000.0,0.0,-0.6666666666666666,-0.06666666666666667,-10.0,-1.0,3.0,31
233.55191040039062,58.75594711303711,11.751189422607421,1000.0,0.0,-0.6666666666666666,0.0,-10.0,0.0,3.0,31
234.89353942871094,73.90972137451172,14.781944274902344,1000.0,0.0,-0.6666666666666666,0.06666666666666667,-10.0,1.0,3.0,31
196.81118774414062,34.16432571411133,6.832865142822266,1000.0,0.0,-0.6666666666666666,0.13333333333333333,-10.0,2.0,3.0,31
187.02581787109375,15.435898780822754,3.087179756164551,1000.0,0.0,-0.6666666666666666,0.2,-10.0,3.0,3.0,31
187.5676727294922,16.475990295410156,3.2951980590820313,1000.0,0.0,-0.6666666666666666,0.26666666666666666,-10.0,4.0,3.0,31
200.1465301513672,25.804584503173828,5.160916900634765,1000.0,0.0,-0.6666666666666666,0.3333333333333333,-10.0,5.0,3.0,31
204.005859375,25.13488006591797,5.026976013183594,1000.0,0.0,-0.6666666666666666,0.4,-10.0,6.0,3.0,31
201.11007690429688,35.479129791259766,7.095825958251953,1000.0,0.0,-0.6666666666666666,0.4666666666666667,-10.0,7.0,3.0,31
221.99317932128906,58.13334274291992,11.626668548583984,1000.0,0.0,-0.6666666666666666,0.5333333333333333,-10.0,8.0,3.0,31
205.0662841796875,37.178466796875,7.435693359375,1000.0,0.0,-0.6666666666666666,0.6,-10.0,9.0,3.0,31
198.10511779785156,39.017520904541016,7.803504180908203,1000.0,0.0,-0.6666666666666666,0.6666666666666666,-10.0,10.0,3.0,31
223.55642700195312,45.951351165771484,9.190270233154298,1000.0,0.0,-0.6666666666666666,0.7333333333333333,-10.0,11.0,3.0,31
213.64614868164062,47.08977508544922,9.417955017089843,1000.0,0.0,-0.6666666666666666,0.8,-10.0,12.0,3.0,31
209.0877685546875,45.179073333740234,9.035814666748047,1000.0,0.0,-0.6666666666666666,0.8666666666666667,-10.0,13.0,3.0,31
227.5950927734375,58.73445510864258,11.746891021728516,1000.0,0.0,-0.6666666666666666,0.9333333333333333,-10.0,14.0,3.0,31
225.8235321044922,52.32579040527344,10.465158081054687,1000.0,0.0,-0.6666666666666666,1.0,-10.0,15.0,3.0,31
199.42666625976562,27.747772216796875,5.549554443359375,1000.0,0.0,-0.6,-1.0,-9.0,-15.0,3.0,31
214.5903778076172,36.704586029052734,7.3409172058105465,1000.0,0.0,-0.6,-0.9333333333333333,-9.0,-14.0,3.0,31
221.90403747558594,47.22917556762695,9.44583511352539,1000.0,0.0,-0.6,-0.8666666666666667,-9.0,-13.0,3.0,31
269.1492614746094,94.97312927246094,18.994625854492188,1000.0,0.0,-0.6,-0.8,-9.0,-12.0,3.0,31
280.83953857421875,113.390625,22.678125,1000.0,0.0,-0.6,-0.7333333333333333,-9.0,-11.0,3.0,31
292.9035949707031,115.4449462890625,23.0889892578125,1000.0,0.0,-0.6,-0.6666666666666666,-9.0,-10.0,3.0,31
251.63458251953125,74.10770416259766,14.821540832519531,1000.0,0.0,-0.6,-0.6,-9.0,-9.0,3.0,31
280.48126220703125,88.14725494384766,17.62945098876953,1000.0,0.0,-0.6,-0.5333333333333333,-9.0,-8.0,3.0,31
325.1773681640625,94.60327911376953,18.920655822753908,1000.0,0.0,-0.6,-0.4666666666666667,-9.0,-7.0,3.0,31
252.88433837890625,73.84491729736328,14.768983459472656,1000.0,0.0,-0.6,-0.4,-9.0,-6.0,3.0,31
233.5539093017578,52.13045120239258,10.426090240478516,1000.0,0.0,-0.6,-0.3333333333333333,-9.0,-5.0,3.0,31
249.05023193359375,57.85037612915039,11.570075225830077,1000.0,0.0,-0.6,-0.26666666666666666,-9.0,-4.0,3.0,31
236.5850067138672,63.84090805053711,12.768181610107423,1000.0,0.0,-0.6,-0.2,-9.0,-3.0,3.0,31
205.38084411621094,40.500526428222656,8.100105285644531,1000.0,0.0,-0.6,-0.13333333333333333,-9.0,-2.0,3.0,31
216.07888793945312,44.163658142089844,8.832731628417969,1000.0,0.0,-0.6,-0.06666666666666667,-9.0,-1.0,3.0,31
193.89682006835938,26.992507934570312,5.398501586914063,1000.0,0.0,-0.6,0.0,-9.0,0.0,3.0,31
229.96351623535156,69.16738891601562,13.833477783203126,1000.0,0.0,-0.6,0.06666666666666667,-9.0,1.0,3.0,31
190.93556213378906,29.23428726196289,5.8468574523925785,1000.0,0.0,-0.6,0.13333333333333333,-9.0,2.0,3.0,31
187.2560577392578,14.131902694702148,2.8263805389404295,1000.0,0.0,-0.6,0.2,-9.0,3.0,3.0,31
185.33168029785156,17.212390899658203,3.4424781799316406,1000.0,0.0,-0.6,0.26666666666666666,-9.0,4.0,3.0,31
198.74374389648438,24.902902603149414,4.980580520629883,1000.0,0.0,-0.6,0.3333333333333333,-9.0,5.0,3.0,31
198.3457489013672,24.3094539642334,4.86189079284668,1000.0,0.0,-0.6,0.4,-9.0,6.0,3.0,31
208.38848876953125,41.236515045166016,8.247303009033203,1000.0,0.0,-0.6,0.4666666666666667,-9.0,7.0,3.0,31
229.51971435546875,56.20186996459961,11.240373992919922,1000.0,0.0,-0.6,0.5333333333333333,-9.0,8.0,3.0,31
200.9741973876953,36.24441909790039,7.248883819580078,1000.0,0.0,-0.6,0.6,-9.0,9.0,3.0,31
209.77667236328125,37.88022232055664,7.5760444641113285,1000.0,0.0,-0.6,0.6666666666666666,-9.0,10.0,3.0,31
226.4805145263672,51.163047790527344,10.23260955810547,1000.0,0.0,-0.6,0.7333333333333333,-9.0,11.0,3.0,31
223.0527801513672,52.10588836669922,10.421177673339844,1000.0,0.0,-0.6,0.8,-9.0,12.0,3.0,31
235.2831573486328,60.85783004760742,12.171566009521484,1000.0,0.0,-0.6,0.8666666666666667,-9.0,13.0,3.0,31
212.05540466308594,41.97188186645508,8.394376373291015,1000.0,0.0,-0.6,0.9333333333333333,-9.0,14.0,3.0,31
204.82537841796875,33.73280715942383,6.746561431884766,1000.0,0.0,-0.6,1.0,-9.0,15.0,3.0,31
205.13671875,31.87747573852539,6.375495147705078,1000.0,0.0,-0.5333333333333333,-1.0,-8.0,-15.0,3.0,31
206.22894287109375,33.32255935668945,6.664511871337891,1000.0,0.0,-0.5333333333333333,-0.9333333333333333,-8.0,-14.0,3.0,31
212.8557586669922,39.142051696777344,7.828410339355469,1000.0,0.0,-0.5333333333333333,-0.8666666666666667,-8.0,-13.0,3.0,31
211.78858947753906,40.83721160888672,8.167442321777344,1000.0,0.0,-0.5333333333333333,-0.8,-8.0,-12.0,3.0,31
243.4145965576172,83.79549407958984,16.75909881591797,1000.0,0.0,-0.5333333333333333,-0.7333333333333333,-8.0,-11.0,3.0,31
242.6371307373047,74.79039764404297,14.958079528808593,1000.0,0.0,-0.5333333333333333,-0.6666666666666666,-8.0,-10.0,3.0,31
320.5354919433594,167.16854858398438,33.433709716796876,1000.0,0.0,-0.5333333333333333,-0.6,-8.0,-9.0,3.0,31
312.37762451171875,134.8431854248047,26.96863708496094,1000.0,0.0,-0.5333333333333333,-0.5333333333333333,-8.0,-8.0,3.0,31
304.048095703125,112.3179931640625,22.4635986328125,1000.0,0.0,-0.5333333333333333,-0.4666666666666667,-8.0,-7.0,3.0,31
270.9429016113281,81.360107421875,16.272021484375,1000.0,0.0,-0.5333333333333333,-0.4,-8.0,-6.0,3.0,31
265.8598937988281,62.693939208984375,12.538787841796875,1000.0,0.0,-0.5333333333333333,-0.3333333333333333,-8.0,-5.0,3.0,31
267.4519348144531,55.218711853027344,11.043742370605468,1000.0,0.0,-0.5333333333333333,-0.26666666666666666,-8.0,-4.0,3.0,31
261.33111572265625,68.37474822998047,13.674949645996094,1000.0,0.0,-0.5333333333333333,-0.2,-8.0,-3.0,3.0,31
197.28932189941406,24.367481231689453,4.873496246337891,1000.0,0.0,-0.5333333333333333,-0.13333333333333333,-8.0,-2.0,3.0,31
221.8291015625,51.86951446533203,10.373902893066406,1000.0,0.0,-0.5333333333333333,-0.06666666666666667,-8.0,-1.0,3.0,31
194.36349487304688,20.719026565551758,4.143805313110351,1000.0,0.0,-0.5333333333333333,0.0,-8.0,0.0,3.0,31
184.76895141601562,16.42945098876953,3.2858901977539063,1000.0,0.0,-0.5333333333333333,0.06666666666666667,-8.0,1.0,3.0,31
185.31080627441406,17.808374404907227,3.561674880981445,1000.0,0.0,-0.5333333333333333,0.13333333333333333,-8.0,2.0,3.0,31
189.2347869873047,16.009334564208984,3.2018669128417967,1000.0,0.0,-0.5333333333333333,0.2,-8.0,3.0,3.0,31
190.85568237304688,21.095619201660156,4.219123840332031,1000.0,0.0,-0.5333333333333333,0.26666666666666666,-8.0,4.0,3.0,31
186.7453155517578,28.810455322265625,5.762091064453125,1000.0,0.0,-0.5333333333333333,0.3333333333333333,-8.0,5.0,3.0,31
238.22442626953125,66.1561050415039,13.231221008300782,1000.0,0.0,-0.5333333333333333,0.4,-8.0,6.0,3.0,31
216.79176330566406,61.09290313720703,12.218580627441407,1000.0,0.0,-0.5333333333333333,0.4666666666666667,-8.0,7.0,3.0,31
211.22967529296875,41.54899215698242,8.309798431396484,1000.0,0.0,-0.5333333333333333,0.5333333333333333,-8.0,8.0,3.0,31
197.6279296875,40.258975982666016,8.051795196533202,1000.0,0.0,-0.5333333333333333,0.6,-8.0,9.0,3.0,31
204.857421875,44.59075927734375,8.91815185546875,1000.0,0.0,-0.5333333333333333,0.6666666666666666,-8.0,10.0,3.0,31
207.87135314941406,43.641937255859375,8.728387451171875,1000.0,0.0,-0.5333333333333333,0.7333333333333333,-8.0,11.0,3.0,31
205.8299560546875,44.30926513671875,8.86185302734375,1000.0,0.0,-0.5333333333333333,0.8,-8.0,12.0,3.0,31
216.31463623046875,36.763240814208984,7.352648162841797,1000.0,0.0,-0.5333333333333333,0.8666666666666667,-8.0,13.0,3.0,31
203.9043426513672,39.8155403137207,7.963108062744141,1000.0,0.0,-0.5333333333333333,0.9333333333333333,-8.0,14.0,3.0,31
220.0318603515625,38.824615478515625,7.764923095703125,1000.0,0.0,-0.5333333333333333,1.0,-8.0,15.0,3.0,31
220.96897888183594,34.46173858642578,6.892347717285157,1000.0,0.0,-0.4666666666666667,-1.0,-7.0,-15.0,3.0,31
204.18173217773438,26.974992752075195,5.394998550415039,1000.0,0.0,-0.4666666666666667,-0.9333333333333333,-7.0,-14.0,3.0,31
203.0780792236328,25.434951782226562,5.0869903564453125,1000.0,0.0,-0.4666666666666667,-0.8666666666666667,-7.0,-13.0,3.0,31
206.38638305664062,32.356136322021484,6.4712272644042965,1000.0,0.0,-0.4666666666666667,-0.8,-7.0,-12.0,3.0,31
226.4901580810547,39.750343322753906,7.950068664550781,1000.0,0.0,-0.4666666666666667,-0.7333333333333333,-7.0,-11.0,3.0,31
269.4271240234375,119.54102325439453,23.908204650878908,1000.0,0.0,-0.4666666666666667,-0.6666666666666666,-7.0,-10.0,3.0,31
276.050048828125,143.83680725097656,28.767361450195313,1000.0,0.0,-0.4666666666666667,-0.6,-7.0,-9.0,3.0,31
289.0967712402344,195.3588409423828,39.07176818847656,1000.0,0.0,-0.4666666666666667,-0.5333333333333333,-7.0,-8.0,3.0,31
274.975341796875,140.59381103515625,28.11876220703125,1000.0,0.0,-0.4666666666666667,-0.4666666666666667,-7.0,-7.0,3.0,31
233.09515380859375,79.41100311279297,15.882200622558594,1000.0,0.0,-0.4666666666666667,-0.4,-7.0,-6.0,3.0,31
262.8787841796875,64.64981842041016,12.929963684082031,1000.0,0.0,-0.4666666666666667,-0.3333333333333333,-7.0,-5.0,3.0,31
271.5309753417969,54.869991302490234,10.973998260498046,1000.0,0.0,-0.4666666666666667,-0.26666666666666666,-7.0,-4.0,3.0,31
248.1457977294922,51.83352279663086,10.366704559326172,1000.0,0.0,-0.4666666666666667,-0.2,-7.0,-3.0,3.0,31
235.49139404296875,70.16641235351562,14.033282470703124,1000.0,0.0,-0.4666666666666667,-0.13333333333333333,-7.0,-2.0,3.0,31
213.14405822753906,44.27301788330078,8.854603576660157,1000.0,0.0,-0.4666666666666667,-0.06666666666666667,-7.0,-1.0,3.0,31
196.31097412109375,36.49595260620117,7.299190521240234,1000.0,0.0,-0.4666666666666667,0.0,-7.0,0.0,3.0,31
187.71218872070312,23.448184967041016,4.689636993408203,1000.0,0.0,-0.4666666666666667,0.06666666666666667,-7.0,1.0,3.0,31
182.40625,11.750350952148438,2.3500701904296877,1000.0,0.0,-0.4666666666666667,0.13333333333333333,-7.0,2.0,3.0,31
182.68609619140625,15.275381088256836,3.0550762176513673,1000.0,0.0,-0.4666666666666667,0.2,-7.0,3.0,3.0,31
184.55340576171875,20.88125991821289,4.176251983642578,1000.0,0.0,-0.4666666666666667,0.26666666666666666,-7.0,4.0,3.0,31
204.2733154296875,30.656810760498047,6.1313621520996096,1000.0,0.0,-0.4666666666666667,0.3333333333333333,-7.0,5.0,3.0,31
247.23080444335938,82.48888397216797,16.497776794433594,1000.0,0.0,-0.4666666666666667,0.4,-7.0,6.0,3.0,31
228.31436157226562,66.2879409790039,13.257588195800782,1000.0,0.0,-0.4666666666666667,0.4666666666666667,-7.0,7.0,3.0,31
194.92291259765625,31.498075485229492,6.299615097045899,1000.0,0.0,-0.4666666666666667,0.5333333333333333,-7.0,8.0,3.0,31
205.56362915039062,35.92494583129883,7.184989166259766,1000.0,0.0,-0.4666666666666667,0.6,-7.0,9.0,3.0,31
209.9570770263672,48.098052978515625,9.619610595703126,1000.0,0.0,-0.4666666666666667,0.6666666666666666,-7.0,10.0,3.0,31
212.74053955078125,42.916622161865234,8.583324432373047,1000.0,0.0,-0.4666666666666667,0.7333333333333333,-7.0,11.0,3.0,31
205.74879455566406,28.582983016967773,5.716596603393555,1000.0,0.0,-0.4666666666666667,0.8,-7.0,12.0,3.0,31
213.71450805664062,46.03699493408203,9.207398986816406,1000.0,0.0,-0.4666666666666667,0.8666666666666667,-7.0,13.0,3.0,31
209.39181518554688,37.44379806518555,7.488759613037109,1000.0,0.0,-0.4666666666666667,0.9333333333333333,-7.0,14.0,3.0,31
227.21197509765625,49.86273956298828,9.972547912597657,1000.0,0.0,-0.4666666666666667,1.0,-7.0,15.0,3.0,31
212.2891845703125,33.66535949707031,6.733071899414062,1000.0,0.0,-0.4,-1.0,-6.0,-15.0,3.0,31
209.244140625,30.298389434814453,6.0596778869628904,1000.0,0.0,-0.4,-0.9333333333333333,-6.0,-14.0,3.0,31
212.14202880859375,37.39094924926758,7.478189849853516,1000.0,0.0,-0.4,-0.8666666666666667,-6.0,-13.0,3.0,31
211.6475830078125,38.2637939453125,7.6527587890625,1000.0,0.0,-0.4,-0.8,-6.0,-12.0,3.0,31
211.94842529296875,29.95162582397461,5.990325164794922,1000.0,0.0,-0.4,-0.7333333333333333,-6.0,-11.0,3.0,31
212.18707275390625,26.98626136779785,5.3972522735595705,1000.0,0.0,-0.4,-0.6666666666666666,-6.0,-10.0,3.0,31
258.3917541503906,125.79722595214844,25.159445190429686,1000.0,0.0,-0.4,-0.6,-6.0,-9.0,3.0,31
312.4782409667969,192.48190307617188,38.49638061523437,1000.0,0.0,-0.4,-0.5333333333333333,-6.0,-8.0,3.0,31
222.1214599609375,94.64146423339844,18.92829284667969,1000.0,0.0,-0.4,-0.4666666666666667,-6.0,-7.0,3.0,31
223.80226135253906,57.51047134399414,11.502094268798828,1000.0,0.0,-0.4,-0.4,-6.0,-6.0,3.0,31
228.03262329101562,58.70405578613281,11.740811157226563,1000.0,0.0,-0.4,-0.3333333333333333,-6.0,-5.0,3.0,31
280.9510498046875,68.86797332763672,13.773594665527344,1000.0,0.0,-0.4,-0.26666666666666666,-6.0,-4.0,3.0,31
260.07196044921875,58.73642349243164,11.747284698486329,1000.0,0.0,-0.4,-0.2,-6.0,-3.0,3.0,31
234.6198272705078,64.92298889160156,12.984597778320312,1000.0,0.0,-0.4,-0.13333333333333333,-6.0,-2.0,3.0,31
215.67300415039062,56.44523620605469,11.289047241210938,1000.0,0.0,-0.4,-0.06666666666666667,-6.0,-1.0,3.0,31
193.88510131835938,30.10425567626953,6.020851135253906,1000.0,0.0,-0.4,0.0,-6.0,0.0,3.0,31
189.99325561523438,32.57395935058594,6.514791870117188,1000.0,0.0,-0.4,0.06666666666666667,-6.0,1.0,3.0,31
193.54078674316406,23.754117965698242,4.750823593139648,1000.0,0.0,-0.4,0.13333333333333333,-6.0,2.0,3.0,31
192.0320281982422,22.788915634155273,4.557783126831055,1000.0,0.0,-0.4,0.2,-6.0,3.0,3.0,31
201.00880432128906,40.07216262817383,8.014432525634765,1000.0,0.0,-0.4,0.26666666666666666,-6.0,4.0,3.0,31
208.6562042236328,37.14701843261719,7.429403686523438,1000.0,0.0,-0.4,0.3333333333333333,-6.0,5.0,3.0,31
213.44454956054688,53.84005355834961,10.768010711669922,1000.0,0.0,-0.4,0.4,-6.0,6.0,3.0,31
234.8404541015625,65.93090057373047,13.186180114746094,1000.0,0.0,-0.4,0.4666666666666667,-6.0,7.0,3.0,31
199.7603302001953,34.451595306396484,6.890319061279297,1000.0,0.0,-0.4,0.5333333333333333,-6.0,8.0,3.0,31
201.96810913085938,41.3065071105957,8.261301422119141,1000.0,0.0,-0.4,0.6,-6.0,9.0,3.0,31
201.21746826171875,36.74580001831055,7.349160003662109,1000.0,0.0,-0.4,0.6666666666666666,-6.0,10.0,3.0,31
199.5609588623047,34.72331619262695,6.944663238525391,1000.0,0.0,-0.4,0.7333333333333333,-6.0,11.0,3.0,31
204.96051025390625,31.930574417114258,6.386114883422851,1000.0,0.0,-0.4,0.8,-6.0,12.0,3.0,31
221.26531982421875,45.035797119140625,9.007159423828124,1000.0,0.0,-0.4,0.8666666666666667,-6.0,13.0,3.0,31
216.79412841796875,44.635414123535156,8.927082824707032,1000.0,0.0,-0.4,0.9333333333333333,-6.0,14.0,3.0,31
224.69822692871094,45.65045166015625,9.13009033203125,1000.0,0.0,-0.4,1.0,-6.0,15.0,3.0,31
215.72354125976562,36.67930221557617,7.3358604431152346,1000.0,0.0,-0.3333333333333333,-1.0,-5.0,-15.0,3.0,31
210.48410034179688,36.21684265136719,7.243368530273438,1000.0,0.0,-0.3333333333333333,-0.9333333333333333,-5.0,-14.0,3.0,31
201.5030059814453,30.713287353515625,6.142657470703125,1000.0,0.0,-0.3333333333333333,-0.8666666666666667,-5.0,-13.0,3.0,31
204.70875549316406,31.671995162963867,6.334399032592773,1000.0,0.0,-0.3333333333333333,-0.8,-5.0,-12.0,3.0,31
204.77198791503906,34.00227737426758,6.800455474853516,1000.0,0.0,-0.3333333333333333,-0.7333333333333333,-5.0,-11.0,3.0,31
218.65664672851562,33.111976623535156,6.622395324707031,1000.0,0.0,-0.3333333333333333,-0.6666666666666666,-5.0,-10.0,3.0,31
238.82081604003906,91.22463989257812,18.244927978515626,1000.0,0.0,-0.3333333333333333,-0.6,-5.0,-9.0,3.0,31
276.8576965332031,160.6194305419922,32.12388610839844,1000.0,0.0,-0.3333333333333333,-0.5333333333333333,-5.0,-8.0,3.0,31
237.54995727539062,93.86673736572266,18.773347473144533,1000.0,0.0,-0.3333333333333333,-0.4666666666666667,-5.0,-7.0,3.0,31
219.98220825195312,65.46936798095703,13.093873596191406,1000.0,0.0,-0.3333333333333333,-0.4,-5.0,-6.0,3.0,31
209.9614715576172,40.874267578125,8.174853515625,1000.0,0.0,-0.3333333333333333,-0.3333333333333333,-5.0,-5.0,3.0,31
214.5706024169922,44.148651123046875,8.829730224609374,1000.0,0.0,-0.3333333333333333,-0.26666666666666666,-5.0,-4.0,3.0,31
230.6247100830078,56.2321662902832,11.24643325805664,1000.0,0.0,-0.3333333333333333,-0.2,-5.0,-3.0,3.0,31
225.5599365234375,54.314178466796875,10.862835693359376,1000.0,0.0,-0.3333333333333333,-0.13333333333333333,-5.0,-2.0,3.0,31
196.16522216796875,29.715566635131836,5.943113327026367,1000.0,0.0,-0.3333333333333333,-0.06666666666666667,-5.0,-1.0,3.0,31
191.8808135986328,23.26569938659668,4.653139877319336,1000.0,0.0,-0.3333333333333333,0.0,-5.0,0.0,3.0,31
206.43894958496094,32.18976974487305,6.437953948974609,1000.0,0.0,-0.3333333333333333,0.06666666666666667,-5.0,1.0,3.0,31
220.30352783203125,63.46955490112305,12.69391098022461,1000.0,0.0,-0.3333333333333333,0.13333333333333333,-5.0,2.0,3.0,31
191.5653533935547,24.314014434814453,4.862802886962891,1000.0,0.0,-0.3333333333333333,0.2,-5.0,3.0,3.0,31
212.62620544433594,53.3997802734375,10.6799560546875,1000.0,0.0,-0.3333333333333333,0.26666666666666666,-5.0,4.0,3.0,31
211.08656311035156,50.81393051147461,10.162786102294922,1000.0,0.0,-0.3333333333333333,0.3333333333333333,-5.0,5.0,3.0,31
230.0653839111328,66.74494934082031,13.348989868164063,1000.0,0.0,-0.3333333333333333,0.4,-5.0,6.0,3.0,31
222.94483947753906,61.4505729675293,12.290114593505859,1000.0,0.0,-0.3333333333333333,0.4666666666666667,-5.0,7.0,3.0,31
203.57220458984375,39.35493469238281,7.8709869384765625,1000.0,0.0,-0.3333333333333333,0.5333333333333333,-5.0,8.0,3.0,31
204.65115356445312,27.666065216064453,5.533213043212891,1000.0,0.0,-0.3333333333333333,0.6,-5.0,9.0,3.0,31
207.7957000732422,37.91533660888672,7.583067321777344,1000.0,0.0,-0.3333333333333333,0.6666666666666666,-5.0,10.0,3.0,31
207.02822875976562,37.67159652709961,7.534319305419922,1000.0,0.0,-0.3333333333333333,0.7333333333333333,-5.0,11.0,3.0,31
225.0796356201172,44.76068878173828,8.952137756347657,1000.0,0.0,-0.3333333333333333,0.8,-5.0,12.0,3.0,31
206.9973602294922,31.996858596801758,6.399371719360351,1000.0,0.0,-0.3333333333333333,0.8666666666666667,-5.0,13.0,3.0,31
206.47998046875,29.846454620361328,5.969290924072266,1000.0,0.0,-0.3333333333333333,0.9333333333333333,-5.0,14.0,3.0,31
201.2165069580078,31.906475067138672,6.381295013427734,1000.0,0.0,-0.3333333333333333,1.0,-5.0,15.0,3.0,31
209.11355590820312,35.465450286865234,7.093090057373047,1000.0,0.0,-0.26666666666666666,-1.0,-4.0,-15.0,3.0,31
205.52462768554688,31.1606388092041,6.23212776184082,1000.0,0.0,-0.26666666666666666,-0.9333333333333333,-4.0,-14.0,3.0,31
204.5976104736328,29.230083465576172,5.846016693115234,1000.0,0.0,-0.26666666666666666,-0.8666666666666667,-4.0,-13.0,3.0,31
200.7531280517578,32.89565658569336,6.579131317138672,1000.0,0.0,-0.26666666666666666,-0.8,-4.0,-12.0,3.0,31
203.19676208496094,39.277835845947266,7.855567169189453,1000.0,0.0,-0.26666666666666666,-0.7333333333333333,-4.0,-11.0,3.0,31
202.17848205566406,42.48931884765625,8.49786376953125,1000.0,0.0,-0.26666666666666666,-0.6666666666666666,-4.0,-10.0,3.0,31
201.10874938964844,29.65456199645996,5.9309123992919925,1000.0,0.0,-0.26666666666666666,-0.6,-4.0,-9.0,3.0,31
228.9569091796875,108.3983154296875,21.6796630859375,1000.0,0.0,-0.26666666666666666,-0.5333333333333333,-4.0,-8.0,3.0,31
192.2799072265625,37.14556884765625,7.42911376953125,1000.0,0.0,-0.26666666666666666,-0.4666666666666667,-4.0,-7.0,3.0,31
212.1972198486328,61.52223587036133,12.304447174072266,1000.0,0.0,-0.26666666666666666,-0.4,-4.0,-6.0,3.0,31
198.3313446044922,29.258241653442383,5.851648330688477,1000.0,0.0,-0.26666666666666666,-0.3333333333333333,-4.0,-5.0,3.0,31
187.08599853515625,20.47402572631836,4.094805145263672,1000.0,0.0,-0.26666666666666666,-0.26666666666666666,-4.0,-4.0,3.0,31
196.62498474121094,37.427635192871094,7.485527038574219,1000.0,0.0,-0.26666666666666666,-0.2,-4.0,-3.0,3.0,31
212.72605895996094,56.752777099609375,11.350555419921875,1000.0,0.0,-0.26666666666666666,-0.13333333333333333,-4.0,-2.0,3.0,31
192.6147918701172,22.910419464111328,4.582083892822266,1000.0,0.0,-0.26666666666666666,-0.06666666666666667,-4.0,-1.0,3.0,31
193.55010986328125,24.39992904663086,4.879985809326172,1000.0,0.0,-0.26666666666666666,0.0,-4.0,0.0,3.0,31
246.2344512939453,56.175655364990234,11.235131072998048,1000.0,0.0,-0.26666666666666666,0.06666666666666667,-4.0,1.0,3.0,31
236.73521423339844,49.24104309082031,9.848208618164062,1000.0,0.0,-0.26666666666666666,0.13333333333333333,-4.0,2.0,3.0,31
229.86065673828125,49.348724365234375,9.869744873046875,1000.0,0.0,-0.26666666666666666,0.2,-4.0,3.0,3.0,31
214.75433349609375,46.4004020690918,9.280080413818359,1000.0,0.0,-0.26666666666666666,0.26666666666666666,-4.0,4.0,3.0,31
244.0093994140625,68.82518768310547,13.765037536621094,1000.0,0.0,-0.26666666666666666,0.3333333333333333,-4.0,5.0,3.0,31
234.6611785888672,65.87567901611328,13.175135803222656,1000.0,0.0,-0.26666666666666666,0.4,-4.0,6.0,3.0,31
245.04464721679688,59.195045471191406,11.839009094238282,1000.0,0.0,-0.26666666666666666,0.4666666666666667,-4.0,7.0,3.0,31
221.2008056640625,54.114315032958984,10.822863006591797,1000.0,0.0,-0.26666666666666666,0.5333333333333333,-4.0,8.0,3.0,31
201.37562561035156,26.342117309570312,5.268423461914063,1000.0,0.0,-0.26666666666666666,0.6,-4.0,9.0,3.0,31
211.13095092773438,41.87894821166992,8.375789642333984,1000.0,0.0,-0.26666666666666666,0.6666666666666666,-4.0,10.0,3.0,31
204.20750427246094,31.237693786621094,6.247538757324219,1000.0,0.0,-0.26666666666666666,0.7333333333333333,-4.0,11.0,3.0,31
212.43218994140625,39.75556945800781,7.951113891601563,1000.0,0.0,-0.26666666666666666,0.8,-4.0,12.0,3.0,31
211.27491760253906,29.790363311767578,5.958072662353516,1000.0,0.0,-0.26666666666666666,0.8666666666666667,-4.0,13.0,3.0,31
204.78555297851562,48.92054748535156,9.784109497070313,1000.0,0.0,-0.26666666666666666,0.9333333333333333,-4.0,14.0,3.0,31
210.25926208496094,43.84158706665039,8.768317413330077,1000.0,0.0,-0.26666666666666666,1.0,-4.0,15.0,3.0,31
202.28042602539062,32.599910736083984,6.519982147216797,1000.0,0.0,-0.2,-1.0,-3.0,-15.0,3.0,31
203.30166625976562,35.35968780517578,7.071937561035156,1000.0,0.0,-0.2,-0.9333333333333333,-3.0,-14.0,3.0,31
208.09054565429688,33.223628997802734,6.644725799560547,1000.0,0.0,-0.2,-0.8666666666666667,-3.0,-13.0,3.0,31
205.36465454101562,35.8651123046875,7.1730224609375,1000.0,0.0,-0.2,-0.8,-3.0,-12.0,3.0,31
195.32839965820312,29.053327560424805,5.810665512084961,1000.0,0.0,-0.2,-0.7333333333333333,-3.0,-11.0,3.0,31
205.42620849609375,28.557863235473633,5.711572647094727,1000.0,0.0,-0.2,-0.6666666666666666,-3.0,-10.0,3.0,31
185.47801208496094,14.095060348510742,2.8190120697021483,1000.0,0.0,-0.2,-0.6,-3.0,-9.0,3.0,31
190.25076293945312,28.321794509887695,5.664358901977539,1000.0,0.0,-0.2,-0.5333333333333333,-3.0,-8.0,3.0,31
186.24966430664062,16.00914192199707,3.201828384399414,1000.0,0.0,-0.2,-0.4666666666666667,-3.0,-7.0,3.0,31
185.97055053710938,20.865224838256836,4.173044967651367,1000.0,0.0,-0.2,-0.4,-3.0,-6.0,3.0,31
231.3459014892578,51.59204864501953,10.318409729003907,1000.0,0.0,-0.2,-0.3333333333333333,-3.0,-5.0,3.0,31
190.84542846679688,18.900617599487305,3.7801235198974608,1000.0,0.0,-0.2,-0.26666666666666666,-3.0,-4.0,3.0,31
195.3050994873047,18.431241989135742,3.6862483978271485,1000.0,0.0,-0.2,-0.2,-3.0,-3.0,3.0,31
197.33984375,28.770122528076172,5.754024505615234,1000.0,0.0,-0.2,-0.13333333333333333,-3.0,-2.0,3.0,31
202.6774444580078,44.58837890625,8.91767578125,1000.0,0.0,-0.2,-0.06666666666666667,-3.0,-1.0,3.0,31
202.25115966796875,36.2769775390625,7.2553955078125,1000.0,0.0,-0.2,0.0,-3.0,0.0,3.0,31
259.8788146972656,65.9134521484375,13.1826904296875,1000.0,0.0,-0.2,0.06666666666666667,-3.0,1.0,3.0,31
258.0768127441406,65.4667739868164,13.093354797363281,1000.0,0.0,-0.2,0.13333333333333333,-3.0,2.0,3.0,31
235.37924194335938,49.9848518371582,9.99697036743164,1000.0,0.0,-0.2,0.2,-3.0,3.0,3.0,31
211.85247802734375,49.28118133544922,9.856236267089844,1000.0,0.0,-0.2,0.26666666666666666,-3.0,4.0,3.0,31
225.43499755859375,54.037933349609375,10.807586669921875,1000.0,0.0,-0.2,0.3333333333333333,-3.0,5.0,3.0,31
242.87046813964844,72.96018981933594,14.592037963867188,1000.0,0.0,-0.2,0.4,-3.0,6.0,3.0,31
215.23992919921875,52.25836944580078,10.451673889160157,1000.0,0.0,-0.2,0.4666666666666667,-3.0,7.0,3.0,31
217.7937469482422,32.21147537231445,6.442295074462891,1000.0,0.0,-0.2,0.5333333333333333,-3.0,8.0,3.0,31
209.2472686767578,39.41572952270508,7.883145904541015,1000.0,0.0,-0.2,0.6,-3.0,9.0,3.0,31
226.3806610107422,44.80426788330078,8.960853576660156,1000.0,0.0,-0.2,0.6666666666666666,-3.0,10.0,3.0,31
203.94752502441406,34.70576095581055,6.941152191162109,1000.0,0.0,-0.2,0.7333333333333333,-3.0,11.0,3.0,31
220.5301513671875,52.23575973510742,10.447151947021485,1000.0,0.0,-0.2,0.8,-3.0,12.0,3.0,31
223.86856079101562,50.55946731567383,10.111893463134766,1000.0,0.0,-0.2,0.8666666666666667,-3.0,13.0,3.0,31
221.2227020263672,49.41547393798828,9.883094787597656,1000.0,0.0,-0.2,0.9333333333333333,-3.0,14.0,3.0,31
225.16525268554688,44.504398345947266,8.900879669189454,1000.0,0.0,-0.2,1.0,-3.0,15.0,3.0,31
190.7085723876953,23.89942741394043,4.779885482788086,1000.0,0.0,-0.13333333333333333,-1.0,-2.0,-15.0,3.0,31
189.83372497558594,23.533573150634766,4.706714630126953,1000.0,0.0,-0.13333333333333333,-0.9333333333333333,-2.0,-14.0,3.0,31
203.3393096923828,36.490074157714844,7.298014831542969,1000.0,0.0,-0.13333333333333333,-0.8666666666666667,-2.0,-13.0,3.0,31
189.34646606445312,23.81965446472168,4.763930892944336,1000.0,0.0,-0.13333333333333333,-0.8,-2.0,-12.0,3.0,31
194.8529510498047,30.001262664794922,6.000252532958984,1000.0,0.0,-0.13333333333333333,-0.7333333333333333,-2.0,-11.0,3.0,31
187.67813110351562,22.910633087158203,4.582126617431641,1000.0,0.0,-0.13333333333333333,-0.6666666666666666,-2.0,-10.0,3.0,31
189.50204467773438,24.26323890686035,4.85264778137207,1000.0,0.0,-0.13333333333333333,-0.6,-2.0,-9.0,3.0,31
183.26585388183594,16.836135864257812,3.3672271728515626,1000.0,0.0,-0.13333333333333333,-0.5333333333333333,-2.0,-8.0,3.0,31
183.77198791503906,16.966989517211914,3.393397903442383,1000.0,0.0,-0.13333333333333333,-0.4666666666666667,-2.0,-7.0,3.0,31
180.10943603515625,11.771992683410645,2.3543985366821287,1000.0,0.0,-0.13333333333333333,-0.4,-2.0,-6.0,3.0,31
184.2558135986328,13.150691032409668,2.6301382064819334,1000.0,0.0,-0.13333333333333333,-0.3333333333333333,-2.0,-5.0,3.0,31
193.7093963623047,28.810747146606445,5.762149429321289,1000.0,0.0,-0.13333333333333333,-0.26666666666666666,-2.0,-4.0,3.0,31
203.55690002441406,30.162281036376953,6.0324562072753904,1000.0,0.0,-0.13333333333333333,-0.2,-2.0,-3.0,3.0,31
197.62306213378906,29.967161178588867,5.993432235717774,1000.0,0.0,-0.13333333333333333,-0.13333333333333333,-2.0,-2.0,3.0,31
215.2710418701172,52.7529182434082,10.550583648681641,1000.0,0.0,-0.13333333333333333,-0.06666666666666667,-2.0,-1.0,3.0,31
270.7469482421875,91.7425308227539,18.34850616455078,1000.0,0.0,-0.13333333333333333,0.0,-2.0,0.0,3.0,31
253.93402099609375,59.61586380004883,11.923172760009766,1000.0,0.0,-0.13333333333333333,0.06666666666666667,-2.0,1.0,3.0,31
230.38157653808594,52.13168716430664,10.426337432861327,1000.0,0.0,-0.13333333333333333,0.13333333333333333,-2.0,2.0,3.0,31
242.39137268066406,57.309024810791016,11.461804962158203,1000.0,0.0,-0.13333333333333333,0.2,-2.0,3.0,3.0,31
243.60281372070312,38.50565719604492,7.701131439208984,1000.0,0.0,-0.13333333333333333,0.26666666666666666,-2.0,4.0,3.0,31
266.335693359375,61.93415451049805,12.386830902099609,1000.0,0.0,-0.13333333333333333,0.3333333333333333,-2.0,5.0,3.0,31
202.51010131835938,24.603206634521484,4.920641326904297,1000.0,0.0,-0.13333333333333333,0.4,-2.0,6.0,3.0,31
205.07586669921875,33.04639434814453,6.609278869628906,1000.0,0.0,-0.13333333333333333,0.4666666666666667,-2.0,7.0,3.0,31
220.0333251953125,43.53133010864258,8.706266021728515,1000.0,0.0,-0.13333333333333333,0.5333333333333333,-2.0,8.0,3.0,31
219.36984252929688,34.706172943115234,6.941234588623047,1000.0,0.0,-0.13333333333333333,0.6,-2.0,9.0,3.0,31
211.0373077392578,32.531124114990234,6.506224822998047,1000.0,0.0,-0.13333333333333333,0.6666666666666666,-2.0,10.0,3.0,31
199.81744384765625,30.006994247436523,6.0013988494873045,1000.0,0.0,-0.13333333333333333,0.7333333333333333,-2.0,11.0,3.0,31
208.5028076171875,30.027860641479492,6.005572128295898,1000.0,0.0,-0.13333333333333333,0.8,-2.0,12.0,3.0,31
217.9541473388672,38.530521392822266,7.706104278564453,1000.0,0.0,-0.13333333333333333,0.8666666666666667,-2.0,13.0,3.0,31
216.28076171875,40.96917724609375,8.19383544921875,1000.0,0.0,-0.13333333333333333,0.9333333333333333,-2.0,14.0,3.0,31
229.61749267578125,45.42317581176758,9.084635162353516,1000.0,0.0,-0.13333333333333333,1.0,-2.0,15.0,3.0,31
190.00384521484375,23.610668182373047,4.722133636474609,1000.0,0.0,-0.06666666666666667,-1.0,-1.0,-15.0,3.0,31
191.53964233398438,22.45461654663086,4.490923309326172,1000.0,0.0,-0.06666666666666667,-0.9333333333333333,-1.0,-14.0,3.0,31
186.9623565673828,20.97003936767578,4.194007873535156,1000.0,0.0,-0.06666666666666667,-0.8666666666666667,-1.0,-13.0,3.0,31
194.36105346679688,25.07308006286621,5.014616012573242,1000.0,0.0,-0.06666666666666667,-0.8,-1.0,-12.0,3.0,31
190.62062072753906,23.534582138061523,4.706916427612304,1000.0,0.0,-0.06666666666666667,-0.7333333333333333,-1.0,-11.0,3.0,31
186.7383270263672,18.65797996520996,3.731595993041992,1000.0,0.0,-0.06666666666666667,-0.6666666666666666,-1.0,-10.0,3.0,31
182.44552612304688,14.329625129699707,2.8659250259399416,1000.0,0.0,-0.06666666666666667,-0.6,-1.0,-9.0,3.0,31
184.4126739501953,13.509220123291016,2.701844024658203,1000.0,0.0,-0.06666666666666667,-0.5333333333333333,-1.0,-8.0,3.0,31
188.13406372070312,24.013931274414062,4.802786254882813,1000.0,0.0,-0.06666666666666667,-0.4666666666666667,-1.0,-7.0,3.0,31
184.75796508789062,20.106164932250977,4.021232986450196,1000.0,0.0,-0.06666666666666667,-0.4,-1.0,-6.0,3.0,31
184.30299377441406,13.905712127685547,2.7811424255371096,1000.0,0.0,-0.06666666666666667,-0.3333333333333333,-1.0,-5.0,3.0,31
188.72315979003906,20.681474685668945,4.136294937133789,1000.0,0.0,-0.06666666666666667,-0.26666666666666666,-1.0,-4.0,3.0,31
186.02108764648438,15.592180252075195,3.1184360504150392,1000.0,0.0,-0.06666666666666667,-0.2,-1.0,-3.0,3.0,31
214.64837646484375,42.108123779296875,8.421624755859375,1000.0,0.0,-0.06666666666666667,-0.13333333333333333,-1.0,-2.0,3.0,31
274.4173583984375,93.75880432128906,18.75176086425781,1000.0,0.0,-0.06666666666666667,-0.06666666666666667,-1.0,-1.0,3.0,31
321.9346618652344,116.80130767822266,23.360261535644533,1000.0,0.0,-0.06666666666666667,0.0,-1.0,0.0,3.0,31
318.3971862792969,124.98086547851562,24.996173095703124,1000.0,0.0,-0.06666666666666667,0.06666666666666667,-1.0,1.0,3.0,31
269.95269775390625,102.98111724853516,20.596223449707033,1000.0,0.0,-0.06666666666666667,0.13333333333333333,-1.0,2.0,3.0,31
283.1574401855469,77.0615463256836,15.412309265136718,1000.0,0.0,-0.06666666666666667,0.2,-1.0,3.0,3.0,31
353.1234130859375,143.3236846923828,28.664736938476562,1000.0,0.0,-0.06666666666666667,0.26666666666666666,-1.0,4.0,3.0,31
359.9678649902344,79.12084197998047,15.824168395996093,1000.0,0.0,-0.06666666666666667,0.3333333333333333,-1.0,5.0,3.0,31
241.50537109375,53.17416763305664,10.634833526611327,1000.0,0.0,-0.06666666666666667,0.4,-1.0,6.0,3.0,31
247.31158447265625,57.46096420288086,11.492192840576172,1000.0,0.0,-0.06666666666666667,0.4666666666666667,-1.0,7.0,3.0,31
222.6086883544922,48.691402435302734,9.738280487060546,1000.0,0.0,-0.06666666666666667,0.5333333333333333,-1.0,8.0,3.0,31
231.2440643310547,57.01198196411133,11.402396392822265,1000.0,0.0,-0.06666666666666667,0.6,-1.0,9.0,3.0,31
208.6832275390625,39.84341812133789,7.9686836242675785,1000.0,0.0,-0.06666666666666667,0.6666666666666666,-1.0,10.0,3.0,31
205.92156982421875,44.97309875488281,8.994619750976563,1000.0,0.0,-0.06666666666666667,0.7333333333333333,-1.0,11.0,3.0,31
208.6434783935547,33.38500213623047,6.677000427246094,1000.0,0.0,-0.06666666666666667,0.8,-1.0,12.0,3.0,31
253.7162322998047,49.91035079956055,9.982070159912109,1000.0,0.0,-0.06666666666666667,0.8666666666666667,-1.0,13.0,3.0,31
273.54656982421875,47.5494384765625,9.5098876953125,1000.0,0.0,-0.06666666666666667,0.9333333333333333,-1.0,14.0,3.0,31
258.098388671875,45.17646026611328,9.035292053222657,1000.0,0.0,-0.06666666666666667,1.0,-1.0,15.0,3.0,31
192.70248413085938,20.530372619628906,4.106074523925781,1000.0,0.0,0.0,-1.0,0.0,-15.0,3.0,31
205.3892059326172,29.9574031829834,5.9914806365966795,1000.0,0.0,0.0,-0.9333333333333333,0.0,-14.0,3.0,31
206.98663330078125,32.805694580078125,6.561138916015625,1000.0,0.0,0.0,-0.8666666666666667,0.0,-13.0,3.0,31
200.09820556640625,40.35419464111328,8.070838928222656,1000.0,0.0,0.0,-0.8,0.0,-12.0,3.0,31
197.2470245361328,33.30427932739258,6.660855865478515,1000.0,0.0,0.0,-0.7333333333333333,0.0,-11.0,3.0,31
185.68084716796875,20.288026809692383,4.057605361938476,1000.0,0.0,0.0,-0.6666666666666666,0.0,-10.0,3.0,31
186.5028839111328,16.541696548461914,3.308339309692383,1000.0,0.0,0.0,-0.6,0.0,-9.0,3.0,31
187.0024871826172,16.914140701293945,3.382828140258789,1000.0,0.0,0.0,-0.5333333333333333,0.0,-8.0,3.0,31
189.41464233398438,18.36602020263672,3.673204040527344,1000.0,0.0,0.0,-0.4666666666666667,0.0,-7.0,3.0,31
201.44601440429688,27.95248794555664,5.590497589111328,1000.0,0.0,0.0,-0.4,0.0,-6.0,3.0,31
177.47650146484375,9.648017883300781,1.9296035766601562,1000.0,0.0,0.0,-0.3333333333333333,0.0,-5.0,3.0,31
183.37295532226562,16.265592575073242,3.2531185150146484,1000.0,0.0,0.0,-0.26666666666666666,0.0,-4.0,3.0,31
191.82847595214844,16.16110610961914,3.232221221923828,1000.0,0.0,0.0,-0.2,0.0,-3.0,3.0,31
278.2977294921875,95.44623565673828,19.089247131347655,1000.0,0.0,0.0,-0.13333333333333333,0.0,-2.0,3.0,31
325.23333740234375,128.6164093017578,25.723281860351562,1000.0,0.0,0.0,-0.06666666666666667,0.0,-1.0,3.0,31
321.008544921875,124.86317443847656,24.972634887695314,1000.0,0.0,0.0,0.0,0.0,0.0,3.0,31
284.60662841796875,111.62236785888672,22.324473571777343,1000.0,0.0,0.0,0.06666666666666667,0.0,1.0,3.0,31
323.96905517578125,194.85450744628906,38.97090148925781,1000.0,0.0,0.0,0.13333333333333333,0.0,2.0,3.0,31
355.10430908203125,141.15347290039062,28.230694580078126,1000.0,0.0,0.0,0.2,0.0,3.0,3.0,31
359.5809326171875,94.98130798339844,18.996261596679688,1000.0,0.0,0.0,0.26666666666666666,0.0,4.0,3.0,31
303.3900451660156,117.09667205810547,23.419334411621094,1000.0,0.0,0.0,0.3333333333333333,0.0,5.0,3.0,31
290.31988525390625,80.53591918945312,16.107183837890624,1000.0,0.0,0.0,0.4,0.0,6.0,3.0,31
238.9552764892578,51.28974533081055,10.257949066162109,1000.0,0.0,0.0,0.4666666666666667,0.0,7.0,3.0,31
241.64236450195312,70.44567108154297,14.089134216308594,1000.0,0.0,0.0,0.5333333333333333,0.0,8.0,3.0,31
244.44558715820312,59.29073715209961,11.858147430419923,1000.0,0.0,0.0,0.6,0.0,9.0,3.0,31
257.38702392578125,66.18582916259766,13.237165832519532,1000.0,0.0,0.0,0.6666666666666666,0.0,10.0,3.0,31
242.2528076171875,52.02337646484375,10.40467529296875,1000.0,0.0,0.0,0.7333333333333333,0.0,11.0,3.0,31
226.53587341308594,47.12228775024414,9.424457550048828,1000.0,0.0,0.0,0.8,0.0,12.0,3.0,31
259.81414794921875,71.31075286865234,14.26215057373047,1000.0,0.0,0.0,0.8666666666666667,0.0,13.0,3.0,31
237.2777557373047,54.42847442626953,10.885694885253907,1000.0,0.0,0.0,0.9333333333333333,0.0,14.0,3.0,31
244.99876403808594,45.880863189697266,9.176172637939453,1000.0,0.0,0.0,1.0,0.0,15.0,3.0,31
202.44839477539062,34.706268310546875,6.941253662109375,1000.0,0.0,0.06666666666666667,-1.0,1.0,-15.0,3.0,31
208.85433959960938,43.434627532958984,8.686925506591797,1000.0,0.0,0.06666666666666667,-0.9333333333333333,1.0,-14.0,3.0,31
195.45443725585938,34.91044616699219,6.982089233398438,1000.0,0.0,0.06666666666666667,-0.8666666666666667,1.0,-13.0,3.0,31
190.89134216308594,31.63437843322754,6.326875686645508,1000.0,0.0,0.06666666666666667,-0.8,1.0,-12.0,3.0,31
199.80609130859375,43.49250411987305,8.698500823974609,1000.0,0.0,0.06666666666666667,-0.7333333333333333,1.0,-11.0,3.0,31
219.71548461914062,55.80760192871094,11.161520385742188,1000.0,0.0,0.06666666666666667,-0.6666666666666666,1.0,-10.0,3.0,31
198.62481689453125,21.137449264526367,4.227489852905274,1000.0,0.0,0.06666666666666667,-0.6,1.0,-9.0,3.0,31
195.64877319335938,24.71261978149414,4.942523956298828,1000.0,0.0,0.06666666666666667,-0.5333333333333333,1.0,-8.0,3.0,31
220.8504638671875,49.519752502441406,9.903950500488282,1000.0,0.0,0.06666666666666667,-0.4666666666666667,1.0,-7.0,3.0,31
201.85414123535156,31.314050674438477,6.262810134887696,1000.0,0.0,0.06666666666666667,-0.4,1.0,-6.0,3.0,31
189.1747589111328,27.83960723876953,5.567921447753906,1000.0,0.0,0.06666666666666667,-0.3333333333333333,1.0,-5.0,3.0,31
182.03402709960938,19.61808204650879,3.923616409301758,1000.0,0.0,0.06666666666666667,-0.26666666666666666,1.0,-4.0,3.0,31
202.67835998535156,46.00113296508789,9.200226593017579,1000.0,0.0,0.06666666666666667,-0.2,1.0,-3.0,3.0,31
265.7463073730469,104.91683197021484,20.983366394042967,1000.0,0.0,0.06666666666666667,-0.13333333333333333,1.0,-2.0,3.0,31
237.5408935546875,51.788414001464844,10.357682800292968,1000.0,0.0,0.06666666666666667,-0.06666666666666667,1.0,-1.0,3.0,31
360.3212890625,102.3472900390625,20.4694580078125,1000.0,0.0,0.06666666666666667,0.0,1.0,0.0,3.0,31
448.7015380859375,73.84100341796875,14.76820068359375,1000.0,0.0,0.06666666666666667,0.06666666666666667,1.0,1.0,3.0,31
272.8688049316406,85.70649719238281,17.141299438476562,1000.0,0.0,0.06666666666666667,0.13333333333333333,1.0,2.0,3.0,31
279.58270263671875,150.3449249267578,30.068984985351562,1000.0,0.0,0.06666666666666667,0.2,1.0,3.0,3.0,31
322.1509094238281,120.79595947265625,24.15919189453125,1000.0,0.0,0.06666666666666667,0.26666666666666666,1.0,4.0,3.0,31
333.3095703125,119.9204330444336,23.98408660888672,1000.0,0.0,0.06666666666666667,0.3333333333333333,1.0,5.0,3.0,31
408.6820373535156,125.0430679321289,25.00861358642578,1000.0,0.0,0.06666666666666667,0.4,1.0,6.0,3.0,31
310.1877136230469,114.41877746582031,22.883755493164063,1000.0,0.0,0.06666666666666667,0.4666666666666667,1.0,7.0,3.0,31
242.42794799804688,67.05614471435547,13.411228942871094,1000.0,0.0,0.06666666666666667,0.5333333333333333,1.0,8.0,3.0,31
232.6690216064453,69.91222381591797,13.982444763183594,1000.0,0.0,0.06666666666666667,0.6,1.0,9.0,3.0,31
253.88446044921875,61.557289123535156,12.31145782470703,1000.0,0.0,0.06666666666666667,0.6666666666666666,1.0,10.0,3.0,31
237.1991729736328,56.804290771484375,11.360858154296874,1000.0,0.0,0.06666666666666667,0.7333333333333333,1.0,11.0,3.0,31
223.65658569335938,51.392181396484375,10.278436279296875,1000.0,0.0,0.06666666666666667,0.8,1.0,12.0,3.0,31
244.61427307128906,58.67364501953125,11.73472900390625,1000.0,0.0,0.06666666666666667,0.8666666666666667,1.0,13.0,3.0,31
264.3016662597656,60.8485221862793,12.16970443725586,1000.0,0.0,0.06666666666666667,0.9333333333333333,1.0,14.0,3.0,31
243.73248291015625,51.00675582885742,10.201351165771484,1000.0,0.0,0.06666666666666667,1.0,1.0,15.0,3.0,31
195.70840454101562,24.7843017578125,4.9568603515625,1000.0,0.0,0.13333333333333333,-1.0,2.0,-15.0,3.0,31
191.6685028076172,21.646249771118164,4.3292499542236325,1000.0,0.0,0.13333333333333333,-0.9333333333333333,2.0,-14.0,3.0,31
198.45123291015625,31.309677124023438,6.261935424804688,1000.0,0.0,0.13333333333333333,-0.8666666666666667,2.0,-13.0,3.0,31
205.0478973388672,38.17702102661133,7.635404205322265,1000.0,0.0,0.13333333333333333,-0.8,2.0,-12.0,3.0,31
211.13800048828125,46.154075622558594,9.230815124511718,1000.0,0.0,0.13333333333333333,-0.7333333333333333,2.0,-11.0,3.0,31
219.0697784423828,36.06077194213867,7.212154388427734,1000.0,0.0,0.13333333333333333,-0.6666666666666666,2.0,-10.0,3.0,31
237.8026580810547,35.87808609008789,7.175617218017578,1000.0,0.0,0.13333333333333333,-0.6,2.0,-9.0,3.0,31
243.83816528320312,60.36579132080078,12.073158264160156,1000.0,0.0,0.13333333333333333,-0.5333333333333333,2.0,-8.0,3.0,31
204.541015625,45.61366653442383,9.122733306884765,1000.0,0.0,0.13333333333333333,-0.4666666666666667,2.0,-7.0,3.0,31
205.5502471923828,56.07720947265625,11.21544189453125,1000.0,0.0,0.13333333333333333,-0.4,2.0,-6.0,3.0,31
187.52415466308594,18.27242660522461,3.654485321044922,1000.0,0.0,0.13333333333333333,-0.3333333333333333,2.0,-5.0,3.0,31
183.6924285888672,21.89005470275879,4.378010940551758,1000.0,0.0,0.13333333333333333,-0.26666666666666666,2.0,-4.0,3.0,31
185.6088409423828,20.546384811401367,4.109276962280274,1000.0,0.0,0.13333333333333333,-0.2,2.0,-3.0,3.0,31
206.03335571289062,38.966041564941406,7.793208312988281,1000.0,0.0,0.13333333333333333,-0.13333333333333333,2.0,-2.0,3.0,31
223.9986114501953,47.95524215698242,9.591048431396484,1000.0,0.0,0.13333333333333333,-0.06666666666666667,2.0,-1.0,3.0,31
215.13156127929688,46.12849807739258,9.225699615478515,1000.0,0.0,0.13333333333333333,0.0,2.0,0.0,3.0,31
370.51910400390625,73.9387435913086,14.787748718261719,1000.0,0.0,0.13333333333333333,0.06666666666666667,2.0,1.0,3.0,31
234.9956512451172,65.5311279296875,13.1062255859375,1000.0,0.0,0.13333333333333333,0.13333333333333333,2.0,2.0,3.0,31
273.2535705566406,115.49302673339844,23.098605346679687,1000.0,0.0,0.13333333333333333,0.2,2.0,3.0,3.0,31
292.8091735839844,113.53231048583984,22.706462097167968,1000.0,0.0,0.13333333333333333,0.26666666666666666,2.0,4.0,3.0,31
348.38531494140625,139.61900329589844,27.923800659179687,1000.0,0.0,0.13333333333333333,0.3333333333333333,2.0,5.0,3.0,31
436.9462585449219,104.58126831054688,20.916253662109376,1000.0,0.0,0.13333333333333333,0.4,2.0,6.0,3.0,31
420.9835205078125,119.48477935791016,23.89695587158203,1000.0,0.0,0.13333333333333333,0.4666666666666667,2.0,7.0,3.0,31
320.0316162109375,117.7882308959961,23.557646179199217,1000.0,0.0,0.13333333333333333,0.5333333333333333,2.0,8.0,3.0,31
233.48480224609375,73.98448944091797,14.796897888183594,1000.0,0.0,0.13333333333333333,0.6,2.0,9.0,3.0,31
234.4717254638672,56.72056579589844,11.344113159179688,1000.0,0.0,0.13333333333333333,0.6666666666666666,2.0,10.0,3.0,31
229.9060516357422,52.24938201904297,10.449876403808593,1000.0,0.0,0.13333333333333333,0.7333333333333333,2.0,11.0,3.0,31
219.23025512695312,63.71308517456055,12.74261703491211,1000.0,0.0,0.13333333333333333,0.8,2.0,12.0,3.0,31
253.8217315673828,67.4101791381836,13.482035827636718,1000.0,0.0,0.13333333333333333,0.8666666666666667,2.0,13.0,3.0,31
246.0021514892578,68.18279266357422,13.636558532714844,1000.0,0.0,0.13333333333333333,0.9333333333333333,2.0,14.0,3.0,31
273.5160827636719,72.73131561279297,14.546263122558594,1000.0,0.0,0.13333333333333333,1.0,2.0,15.0,3.0,31
197.74392700195312,28.17129898071289,5.634259796142578,1000.0,0.0,0.2,-1.0,3.0,-15.0,3.0,31
206.8568115234375,38.429420471191406,7.685884094238281,1000.0,0.0,0.2,-0.9333333333333333,3.0,-14.0,3.0,31
213.75650024414062,44.0036735534668,8.800734710693359,1000.0,0.0,0.2,-0.8666666666666667,3.0,-13.0,3.0,31
206.85707092285156,22.843786239624023,4.568757247924805,1000.0,0.0,0.2,-0.8,3.0,-12.0,3.0,31
213.51097106933594,31.966157913208008,6.393231582641602,1000.0,0.0,0.2,-0.7333333333333333,3.0,-11.0,3.0,31
227.7670440673828,26.98004722595215,5.39600944519043,1000.0,0.0,0.2,-0.6666666666666666,3.0,-10.0,3.0,31
243.6658935546875,38.597267150878906,7.719453430175781,1000.0,0.0,0.2,-0.6,3.0,-9.0,3.0,31
267.0531311035156,60.130496978759766,12.026099395751952,1000.0,0.0,0.2,-0.5333333333333333,3.0,-8.0,3.0,31
218.59083557128906,51.64765167236328,10.329530334472656,1000.0,0.0,0.2,-0.4666666666666667,3.0,-7.0,3.0,31
186.5464324951172,20.452665328979492,4.090533065795898,1000.0,0.0,0.2,-0.4,3.0,-6.0,3.0,31
177.9301300048828,13.290923118591309,2.658184623718262,1000.0,0.0,0.2,-0.3333333333333333,3.0,-5.0,3.0,31
177.83944702148438,12.951576232910156,2.590315246582031,1000.0,0.0,0.2,-0.26666666666666666,3.0,-4.0,3.0,31
186.55787658691406,25.18471336364746,5.036942672729492,1000.0,0.0,0.2,-0.2,3.0,-3.0,3.0,31
196.15135192871094,33.3651123046875,6.6730224609375,1000.0,0.0,0.2,-0.13333333333333333,3.0,-2.0,3.0,31
187.7280731201172,25.547969818115234,5.1095939636230465,1000.0,0.0,0.2,-0.06666666666666667,3.0,-1.0,3.0,31
217.06849670410156,54.772308349609375,10.954461669921875,1000.0,0.0,0.2,0.0,3.0,0.0,3.0,31
244.08909606933594,70.02267456054688,14.004534912109374,1000.0,0.0,0.2,0.06666666666666667,3.0,1.0,3.0,31
237.5837860107422,100.0820541381836,20.01641082763672,1000.0,0.0,0.2,0.13333333333333333,3.0,2.0,3.0,31
258.9208068847656,92.10745239257812,18.421490478515626,1000.0,0.0,0.2,0.2,3.0,3.0,3.0,31
289.37078857421875,94.8960952758789,18.979219055175783,1000.0,0.0,0.2,0.26666666666666666,3.0,4.0,3.0,31
294.95269775390625,105.25920104980469,21.051840209960936,1000.0,0.0,0.2,0.3333333333333333,3.0,5.0,3.0,31
379.5799255371094,136.56768798828125,27.31353759765625,1000.0,0.0,0.2,0.4,3.0,6.0,3.0,31
495.6484069824219,103.3785400390625,20.6757080078125,1000.0,0.0,0.2,0.4666666666666667,3.0,7.0,3.0,31
337.6326904296875,138.20095825195312,27.640191650390626,1000.0,0.0,0.2,0.5333333333333333,3.0,8.0,3.0,31
315.7032775878906,104.92927551269531,20.985855102539062,1000.0,0.0,0.2,0.6,3.0,9.0,3.0,31
278.4316711425781,86.34777069091797,17.269554138183594,1000.0,0.0,0.2,0.6666666666666666,3.0,10.0,3.0,31
244.86923217773438,69.32231903076172,13.864463806152344,1000.0,0.0,0.2,0.7333333333333333,3.0,11.0,3.0,31
257.05340576171875,83.92854309082031,16.785708618164062,1000.0,0.0,0.2,0.8,3.0,12.0,3.0,31
243.6761932373047,64.52195739746094,12.904391479492187,1000.0,0.0,0.2,0.8666666666666667,3.0,13.0,3.0,31
254.2465057373047,82.6769790649414,16.53539581298828,1000.0,0.0,0.2,0.9333333333333333,3.0,14.0,3.0,31
276.4076843261719,90.18085479736328,18.036170959472656,1000.0,0.0,0.2,1.0,3.0,15.0,3.0,31
196.28001403808594,24.5978946685791,4.919578933715821,1000.0,0.0,0.26666666666666666,-1.0,4.0,-15.0,3.0,31
193.96417236328125,22.189973831176758,4.437994766235351,1000.0,0.0,0.26666666666666666,-0.9333333333333333,4.0,-14.0,3.0,31
204.84286499023438,27.996463775634766,5.599292755126953,1000.0,0.0,0.26666666666666666,-0.8666666666666667,4.0,-13.0,3.0,31
225.57901000976562,44.027671813964844,8.805534362792969,1000.0,0.0,0.26666666666666666,-0.8,4.0,-12.0,3.0,31
237.01107788085938,43.76738739013672,8.753477478027344,1000.0,0.0,0.26666666666666666,-0.7333333333333333,4.0,-11.0,3.0,31
216.06321716308594,28.232595443725586,5.6465190887451175,1000.0,0.0,0.26666666666666666,-0.6666666666666666,4.0,-10.0,3.0,31
219.0405731201172,35.85627365112305,7.171254730224609,1000.0,0.0,0.26666666666666666,-0.6,4.0,-9.0,3.0,31
224.22915649414062,43.34541320800781,8.669082641601562,1000.0,0.0,0.26666666666666666,-0.5333333333333333,4.0,-8.0,3.0,31
207.48593139648438,36.025508880615234,7.205101776123047,1000.0,0.0,0.26666666666666666,-0.4666666666666667,4.0,-7.0,3.0,31
187.20257568359375,34.92479705810547,6.984959411621094,1000.0,0.0,0.26666666666666666,-0.4,4.0,-6.0,3.0,31
177.6708984375,12.086358070373535,2.417271614074707,1000.0,0.0,0.26666666666666666,-0.3333333333333333,4.0,-5.0,3.0,31
183.17153930664062,17.574159622192383,3.5148319244384765,1000.0,0.0,0.26666666666666666,-0.26666666666666666,4.0,-4.0,3.0,31
187.7969970703125,20.551618576049805,4.110323715209961,1000.0,0.0,0.26666666666666666,-0.2,4.0,-3.0,3.0,31
180.19122314453125,14.516576766967773,2.9033153533935545,1000.0,0.0,0.26666666666666666,-0.13333333333333333,4.0,-2.0,3.0,31
183.62620544433594,16.505834579467773,3.3011669158935546,1000.0,0.0,0.26666666666666666,-0.06666666666666667,4.0,-1.0,3.0,31
216.52366638183594,32.73351287841797,6.546702575683594,1000.0,0.0,0.26666666666666666,0.0,4.0,0.0,3.0,31
272.77703857421875,93.3830795288086,18.676615905761718,1000.0,0.0,0.26666666666666666,0.06666666666666667,4.0,1.0,3.0,31
231.19894409179688,85.89269256591797,17.178538513183593,1000.0,0.0,0.26666666666666666,0.13333333333333333,4.0,2.0,3.0,31
216.17645263671875,77.3936538696289,15.478730773925781,1000.0,0.0,0.26666666666666666,0.2,4.0,3.0,3.0,31
338.7710876464844,113.09516143798828,22.619032287597655,1000.0,0.0,0.26666666666666666,0.26666666666666666,4.0,4.0,3.0,31
283.13604736328125,128.28578186035156,25.65715637207031,1000.0,0.0,0.26666666666666666,0.3333333333333333,4.0,5.0,3.0,31
307.9671936035156,108.66162109375,21.73232421875,1000.0,0.0,0.26666666666666666,0.4,4.0,6.0,3.0,31
394.1324157714844,149.9129180908203,29.982583618164064,1000.0,0.0,0.26666666666666666,0.4666666666666667,4.0,7.0,3.0,31
408.00665283203125,123.39332580566406,24.678665161132812,1000.0,0.0,0.26666666666666666,0.5333333333333333,4.0,8.0,3.0,31
415.677001953125,93.29654693603516,18.65930938720703,1000.0,0.0,0.26666666666666666,0.6,4.0,9.0,3.0,31
348.56561279296875,86.24674987792969,17.249349975585936,1000.0,0.0,0.26666666666666666,0.6666666666666666,4.0,10.0,3.0,31
309.7517395019531,109.4343490600586,21.886869812011717,1000.0,0.0,0.26666666666666666,0.7333333333333333,4.0,11.0,3.0,31
297.6507568359375,94.6199951171875,18.9239990234375,1000.0,0.0,0.26666666666666666,0.8,4.0,12.0,3.0,31
294.28192138671875,99.78553771972656,19.957107543945312,1000.0,0.0,0.26666666666666666,0.8666666666666667,4.0,13.0,3.0,31
271.9814453125,76.54150390625,15.30830078125,1000.0,0.0,0.26666666666666666,0.9333333333333333,4.0,14.0,3.0,31
289.0803527832031,89.13286590576172,17.826573181152344,1000.0,0.0,0.26666666666666666,1.0,4.0,15.0,3.0,31
193.3921661376953,34.98493194580078,6.996986389160156,1000.0,0.0,0.3333333333333333,-1.0,5.0,-15.0,3.0,31
205.79531860351562,36.7767333984375,7.3553466796875,1000.0,0.0,0.3333333333333333,-0.9333333333333333,5.0,-14.0,3.0,31
189.6824951171875,25.558317184448242,5.111663436889648,1000.0,0.0,0.3333333333333333,-0.8666666666666667,5.0,-13.0,3.0,31
195.8575439453125,33.40251159667969,6.680502319335938,1000.0,0.0,0.3333333333333333,-0.8,5.0,-12.0,3.0,31
200.65078735351562,38.72724914550781,7.745449829101562,1000.0,0.0,0.3333333333333333,-0.7333333333333333,5.0,-11.0,3.0,31
192.77850341796875,26.58115005493164,5.316230010986328,1000.0,0.0,0.3333333333333333,-0.6666666666666666,5.0,-10.0,3.0,31
199.9443359375,45.44353485107422,9.088706970214844,1000.0,0.0,0.3333333333333333,-0.6,5.0,-9.0,3.0,31
202.39231872558594,39.315696716308594,7.863139343261719,1000.0,0.0,0.3333333333333333,-0.5333333333333333,5.0,-8.0,3.0,31
188.91860961914062,20.800771713256836,4.160154342651367,1000.0,0.0,0.3333333333333333,-0.4666666666666667,5.0,-7.0,3.0,31
176.77352905273438,7.862590789794922,1.5725181579589844,1000.0,0.0,0.3333333333333333,-0.4,5.0,-6.0,3.0,31
186.90594482421875,18.399526596069336,3.679905319213867,1000.0,0.0,0.3333333333333333,-0.3333333333333333,5.0,-5.0,3.0,31
184.28311157226562,16.610681533813477,3.3221363067626952,1000.0,0.0,0.3333333333333333,-0.26666666666666666,5.0,-4.0,3.0,31
183.77719116210938,19.379762649536133,3.8759525299072264,1000.0,0.0,0.3333333333333333,-0.2,5.0,-3.0,3.0,31
179.5212860107422,20.47310447692871,4.094620895385742,1000.0,0.0,0.3333333333333333,-0.13333333333333333,5.0,-2.0,3.0,31
176.5557098388672,9.51385498046875,1.90277099609375,1000.0,0.0,0.3333333333333333,-0.06666666666666667,5.0,-1.0,3.0,31
200.36964416503906,16.365808486938477,3.273161697387695,1000.0,0.0,0.3333333333333333,0.0,5.0,0.0,3.0,31
258.4839172363281,83.89224243164062,16.778448486328124,1000.0,0.0,0.3333333333333333,0.06666666666666667,5.0,1.0,3.0,31
287.4179992675781,103.23710632324219,20.647421264648436,1000.0,0.0,0.3333333333333333,0.13333333333333333,5.0,2.0,3.0,31
295.1127014160156,100.41871643066406,20.083743286132812,1000.0,0.0,0.3333333333333333,0.2,5.0,3.0,3.0,31
305.9243469238281,118.44703674316406,23.689407348632812,1000.0,0.0,0.3333333333333333,0.26666666666666666,5.0,4.0,3.0,31
342.6451416015625,140.7307891845703,28.146157836914064,1000.0,0.0,0.3333333333333333,0.3333333333333333,5.0,5.0,3.0,31
356.919677734375,144.61280822753906,28.922561645507812,1000.0,0.0,0.3333333333333333,0.4,5.0,6.0,3.0,31
477.5997009277344,145.14605712890625,29.02921142578125,1000.0,0.0,0.3333333333333333,0.4666666666666667,5.0,7.0,3.0,31
514.8601684570312,82.56647491455078,16.513294982910157,1000.0,0.0,0.3333333333333333,0.5333333333333333,5.0,8.0,3.0,31
468.9755554199219,76.2405776977539,15.248115539550781,1000.0,0.0,0.3333333333333333,0.6,5.0,9.0,3.0,31
392.254150390625,121.32977294921875,24.26595458984375,1000.0,0.0,0.3333333333333333,0.6666666666666666,5.0,10.0,3.0,31
334.0285949707031,102.75767517089844,20.551535034179686,1000.0,0.0,0.3333333333333333,0.7333333333333333,5.0,11.0,3.0,31
320.71368408203125,102.54743194580078,20.509486389160156,1000.0,0.0,0.3333333333333333,0.8,5.0,12.0,3.0,31
332.7567443847656,107.9524917602539,21.59049835205078,1000.0,0.0,0.3333333333333333,0.8666666666666667,5.0,13.0,3.0,31
317.5812683105469,108.5910873413086,21.71821746826172,1000.0,0.0,0.3333333333333333,0.9333333333333333,5.0,14.0,3.0,31
302.9618835449219,93.35391235351562,18.670782470703124,1000.0,0.0,0.3333333333333333,1.0,5.0,15.0,3.0,31
207.15208435058594,57.79761505126953,11.559523010253907,1000.0,0.0,0.4,-1.0,6.0,-15.0,3.0,31
201.93670654296875,39.24757766723633,7.849515533447265,1000.0,0.0,0.4,-0.9333333333333333,6.0,-14.0,3.0,31
205.1060791015625,42.119529724121094,8.423905944824218,1000.0,0.0,0.4,-0.8666666666666667,6.0,-13.0,3.0,31
198.3466796875,41.73723220825195,8.34744644165039,1000.0,0.0,0.4,-0.8,6.0,-12.0,3.0,31
216.0651397705078,44.442665100097656,8.888533020019532,1000.0,0.0,0.4,-0.7333333333333333,6.0,-11.0,3.0,31
209.86898803710938,43.58845138549805,8.71769027709961,1000.0,0.0,0.4,-0.6666666666666666,6.0,-10.0,3.0,31
233.24258422851562,44.0816764831543,8.816335296630859,1000.0,0.0,0.4,-0.6,6.0,-9.0,3.0,31
205.85910034179688,40.3336181640625,8.0667236328125,1000.0,0.0,0.4,-0.5333333333333333,6.0,-8.0,3.0,31
222.57887268066406,46.644287109375,9.328857421875,1000.0,0.0,0.4,-0.4666666666666667,6.0,-7.0,3.0,31
194.48251342773438,35.6776123046875,7.1355224609375,1000.0,0.0,0.4,-0.4,6.0,-6.0,3.0,31
188.0333251953125,24.534927368164062,4.906985473632813,1000.0,0.0,0.4,-0.3333333333333333,6.0,-5.0,3.0,31
183.55015563964844,20.51358985900879,4.1027179718017575,1000.0,0.0,0.4,-0.26666666666666666,6.0,-4.0,3.0,31
187.09544372558594,16.88441276550293,3.376882553100586,1000.0,0.0,0.4,-0.2,6.0,-3.0,3.0,31
178.27073669433594,12.245326042175293,2.4490652084350586,1000.0,0.0,0.4,-0.13333333333333333,6.0,-2.0,3.0,31
179.0391387939453,11.609807014465332,2.3219614028930664,1000.0,0.0,0.4,-0.06666666666666667,6.0,-1.0,3.0,31
188.18035888671875,19.926048278808594,3.985209655761719,1000.0,0.0,0.4,0.0,6.0,0.0,3.0,31
248.07244873046875,41.6689338684082,8.333786773681641,1000.0,0.0,0.4,0.06666666666666667,6.0,1.0,3.0,31
297.0383605957031,70.74575805664062,14.149151611328126,1000.0,0.0,0.4,0.13333333333333333,6.0,2.0,3.0,31
265.7881164550781,68.27681732177734,13.655363464355469,1000.0,0.0,0.4,0.2,6.0,3.0,3.0,31
303.1049499511719,95.95089721679688,19.190179443359376,1000.0,0.0,0.4,0.26666666666666666,6.0,4.0,3.0,31
326.5757141113281,102.30834197998047,20.461668395996092,1000.0,0.0,0.4,0.3333333333333333,6.0,5.0,3.0,31
331.90411376953125,127.63297271728516,25.52659454345703,1000.0,0.0,0.4,0.4,6.0,6.0,3.0,31
356.9520263671875,172.65126037597656,34.530252075195314,1000.0,0.0,0.4,0.4666666666666667,6.0,7.0,3.0,31
287.845947265625,119.84705352783203,23.969410705566407,1000.0,0.0,0.4,0.5333333333333333,6.0,8.0,3.0,31
450.7491149902344,97.72437286376953,19.544874572753905,1000.0,0.0,0.4,0.6,6.0,9.0,3.0,31
425.79071044921875,122.70929718017578,24.541859436035157,1000.0,0.0,0.4,0.6666666666666666,6.0,10.0,3.0,31
337.1046447753906,105.81999206542969,21.163998413085938,1000.0,0.0,0.4,0.7333333333333333,6.0,11.0,3.0,31
341.98577880859375,108.86658477783203,21.773316955566408,1000.0,0.0,0.4,0.8,6.0,12.0,3.0,31
307.6154479980469,108.19511413574219,21.639022827148438,1000.0,0.0,0.4,0.8666666666666667,6.0,13.0,3.0,31
290.628662109375,103.877197265625,20.775439453125,1000.0,0.0,0.4,0.9333333333333333,6.0,14.0,3.0,31
284.20404052734375,112.56067657470703,22.512135314941407,1000.0,0.0,0.4,1.0,6.0,15.0,3.0,31
191.20590209960938,26.00954246520996,5.2019084930419925,1000.0,0.0,0.4666666666666667,-1.0,7.0,-15.0,3.0,31
199.2357940673828,40.19255828857422,8.038511657714844,1000.0,0.0,0.4666666666666667,-0.9333333333333333,7.0,-14.0,3.0,31
208.75350952148438,43.849159240722656,8.76983184814453,1000.0,0.0,0.4666666666666667,-0.8666666666666667,7.0,-13.0,3.0,31
215.55966186523438,48.33799362182617,9.667598724365234,1000.0,0.0,0.4666666666666667,-0.8,7.0,-12.0,3.0,31
215.1884307861328,48.43040084838867,9.686080169677734,1000.0,0.0,0.4666666666666667,-0.7333333333333333,7.0,-11.0,3.0,31
219.2889862060547,53.240692138671875,10.648138427734375,1000.0,0.0,0.4666666666666667,-0.6666666666666666,7.0,-10.0,3.0,31
201.46226501464844,43.044166564941406,8.608833312988281,1000.0,0.0,0.4666666666666667,-0.6,7.0,-9.0,3.0,31
193.01791381835938,24.284893035888672,4.8569786071777346,1000.0,0.0,0.4666666666666667,-0.5333333333333333,7.0,-8.0,3.0,31
182.89471435546875,15.673704147338867,3.1347408294677734,1000.0,0.0,0.4666666666666667,-0.4666666666666667,7.0,-7.0,3.0,31
178.97190856933594,10.613322257995605,2.122664451599121,1000.0,0.0,0.4666666666666667,-0.4,7.0,-6.0,3.0,31
180.6402130126953,9.83513355255127,1.967026710510254,1000.0,0.0,0.4666666666666667,-0.3333333333333333,7.0,-5.0,3.0,31
196.38519287109375,31.102493286132812,6.220498657226562,1000.0,0.0,0.4666666666666667,-0.26666666666666666,7.0,-4.0,3.0,31
187.25900268554688,14.323344230651855,2.864668846130371,1000.0,0.0,0.4666666666666667,-0.2,7.0,-3.0,3.0,31
177.1284942626953,11.98806381225586,2.397612762451172,1000.0,0.0,0.4666666666666667,-0.13333333333333333,7.0,-2.0,3.0,31
176.24449157714844,9.358562469482422,1.8717124938964844,1000.0,0.0,0.4666666666666667,-0.06666666666666667,7.0,-1.0,3.0,31
176.5889434814453,11.05984115600586,2.2119682312011717,1000.0,0.0,0.4666666666666667,0.0,7.0,0.0,3.0,31
202.3437957763672,18.553119659423828,3.710623931884766,1000.0,0.0,0.4666666666666667,0.06666666666666667,7.0,1.0,3.0,31
261.023193359375,69.85208129882812,13.970416259765624,1000.0,0.0,0.4666666666666667,0.13333333333333333,7.0,2.0,3.0,31
268.06585693359375,77.0149917602539,15.402998352050782,1000.0,0.0,0.4666666666666667,0.2,7.0,3.0,3.0,31
258.3551940917969,70.95901489257812,14.191802978515625,1000.0,0.0,0.4666666666666667,0.26666666666666666,7.0,4.0,3.0,31
300.183837890625,83.94895935058594,16.789791870117188,1000.0,0.0,0.4666666666666667,0.3333333333333333,7.0,5.0,3.0,31
298.5263366699219,72.50360107421875,14.50072021484375,1000.0,0.0,0.4666666666666667,0.4,7.0,6.0,3.0,31
355.9555358886719,152.6299285888672,30.525985717773438,1000.0,0.0,0.4666666666666667,0.4666666666666667,7.0,7.0,3.0,31
333.85516357421875,138.49588012695312,27.699176025390624,1000.0,0.0,0.4666666666666667,0.5333333333333333,7.0,8.0,3.0,31
310.40350341796875,135.0067138671875,27.0013427734375,1000.0,0.0,0.4666666666666667,0.6,7.0,9.0,3.0,31
343.20977783203125,137.1743927001953,27.434878540039062,1000.0,0.0,0.4666666666666667,0.6666666666666666,7.0,10.0,3.0,31
364.9604797363281,93.90653228759766,18.78130645751953,1000.0,0.0,0.4666666666666667,0.7333333333333333,7.0,11.0,3.0,31
337.0474853515625,97.66654968261719,19.533309936523438,1000.0,0.0,0.4666666666666667,0.8,7.0,12.0,3.0,31
287.0581359863281,93.79183197021484,18.75836639404297,1000.0,0.0,0.4666666666666667,0.8666666666666667,7.0,13.0,3.0,31
258.0414733886719,82.04811096191406,16.409622192382812,1000.0,0.0,0.4666666666666667,0.9333333333333333,7.0,14.0,3.0,31
305.82861328125,86.82888793945312,17.365777587890626,1000.0,0.0,0.4666666666666667,1.0,7.0,15.0,3.0,31
200.65110778808594,42.36528778076172,8.473057556152344,1000.0,0.0,0.5333333333333333,-1.0,8.0,-15.0,3.0,31
200.15228271484375,41.425209045410156,8.285041809082031,1000.0,0.0,0.5333333333333333,-0.9333333333333333,8.0,-14.0,3.0,31
200.51422119140625,35.41562271118164,7.0831245422363285,1000.0,0.0,0.5333333333333333,-0.8666666666666667,8.0,-13.0,3.0,31
211.04400634765625,52.11920166015625,10.42384033203125,1000.0,0.0,0.5333333333333333,-0.8,8.0,-12.0,3.0,31
218.0057830810547,46.36259841918945,9.27251968383789,1000.0,0.0,0.5333333333333333,-0.7333333333333333,8.0,-11.0,3.0,31
188.99359130859375,31.724929809570312,6.3449859619140625,1000.0,0.0,0.5333333333333333,-0.6666666666666666,8.0,-10.0,3.0,31
183.31222534179688,16.577579498291016,3.315515899658203,1000.0,0.0,0.5333333333333333,-0.6,8.0,-9.0,3.0,31
182.8422088623047,20.187702178955078,4.037540435791016,1000.0,0.0,0.5333333333333333,-0.5333333333333333,8.0,-8.0,3.0,31
182.02342224121094,16.945280075073242,3.3890560150146483,1000.0,0.0,0.5333333333333333,-0.4666666666666667,8.0,-7.0,3.0,31
179.0121307373047,10.780924797058105,2.156184959411621,1000.0,0.0,0.5333333333333333,-0.4,8.0,-6.0,3.0,31
183.73219299316406,12.753557205200195,2.550711441040039,1000.0,0.0,0.5333333333333333,-0.3333333333333333,8.0,-5.0,3.0,31
183.1279754638672,11.722203254699707,2.3444406509399416,1000.0,0.0,0.5333333333333333,-0.26666666666666666,8.0,-4.0,3.0,31
181.2136688232422,10.548955917358398,2.1097911834716796,1000.0,0.0,0.5333333333333333,-0.2,8.0,-3.0,3.0,31
179.1939239501953,17.052385330200195,3.410477066040039,1000.0,0.0,0.5333333333333333,-0.13333333333333333,8.0,-2.0,3.0,31
176.13021850585938,8.299342155456543,1.6598684310913085,1000.0,0.0,0.5333333333333333,-0.06666666666666667,8.0,-1.0,3.0,31
185.41978454589844,16.368005752563477,3.2736011505126954,1000.0,0.0,0.5333333333333333,0.0,8.0,0.0,3.0,31
193.44027709960938,21.55973243713379,4.3119464874267575,1000.0,0.0,0.5333333333333333,0.06666666666666667,8.0,1.0,3.0,31
247.0470733642578,67.56017303466797,13.512034606933593,1000.0,0.0,0.5333333333333333,0.13333333333333333,8.0,2.0,3.0,31
286.105712890625,84.97259521484375,16.99451904296875,1000.0,0.0,0.5333333333333333,0.2,8.0,3.0,3.0,31
255.3438720703125,68.61324310302734,13.722648620605469,1000.0,0.0,0.5333333333333333,0.26666666666666666,8.0,4.0,3.0,31
277.1211242675781,74.33824157714844,14.867648315429687,1000.0,0.0,0.5333333333333333,0.3333333333333333,8.0,5.0,3.0,31
262.9226379394531,52.22922897338867,10.445845794677734,1000.0,0.0,0.5333333333333333,0.4,8.0,6.0,3.0,31
298.2070007324219,76.69823455810547,15.339646911621093,1000.0,0.0,0.5333333333333333,0.4666666666666667,8.0,7.0,3.0,31
306.0555725097656,127.37906646728516,25.47581329345703,1000.0,0.0,0.5333333333333333,0.5333333333333333,8.0,8.0,3.0,31
299.2673034667969,121.48265838623047,24.296531677246094,1000.0,0.0,0.5333333333333333,0.6,8.0,9.0,3.0,31
261.9388732910156,95.87136840820312,19.174273681640624,1000.0,0.0,0.5333333333333333,0.6666666666666666,8.0,10.0,3.0,31
275.49298095703125,106.24263000488281,21.24852600097656,1000.0,0.0,0.5333333333333333,0.7333333333333333,8.0,11.0,3.0,31
262.86279296875,86.43536376953125,17.28707275390625,1000.0,0.0,0.5333333333333333,0.8,8.0,12.0,3.0,31
271.18682861328125,74.2926025390625,14.8585205078125,1000.0,0.0,0.5333333333333333,0.8666666666666667,8.0,13.0,3.0,31
307.4233703613281,79.30773162841797,15.861546325683594,1000.0,0.0,0.5333333333333333,0.9333333333333333,8.0,14.0,3.0,31
288.699462890625,96.6235122680664,19.32470245361328,1000.0,0.0,0.5333333333333333,1.0,8.0,15.0,3.0,31
198.53662109375,33.44900131225586,6.689800262451172,1000.0,0.0,0.6,-1.0,9.0,-15.0,3.0,31
209.67364501953125,51.65564727783203,10.331129455566407,1000.0,0.0,0.6,-0.9333333333333333,9.0,-14.0,3.0,31
207.0070343017578,39.761775970458984,7.952355194091797,1000.0,0.0,0.6,-0.8666666666666667,9.0,-13.0,3.0,31
211.64768981933594,55.238975524902344,11.04779510498047,1000.0,0.0,0.6,-0.8,9.0,-12.0,3.0,31
207.94984436035156,56.40652847290039,11.281305694580078,1000.0,0.0,0.6,-0.7333333333333333,9.0,-11.0,3.0,31
179.6026611328125,15.235201835632324,3.0470403671264648,1000.0,0.0,0.6,-0.6666666666666666,9.0,-10.0,3.0,31
183.0902099609375,21.16719627380371,4.233439254760742,1000.0,0.0,0.6,-0.6,9.0,-9.0,3.0,31
179.7637481689453,15.274949073791504,3.054989814758301,1000.0,0.0,0.6,-0.5333333333333333,9.0,-8.0,3.0,31
178.50048828125,10.351560592651367,2.0703121185302735,1000.0,0.0,0.6,-0.4666666666666667,9.0,-7.0,3.0,31
177.4934539794922,11.179563522338867,2.2359127044677733,1000.0,0.0,0.6,-0.4,9.0,-6.0,3.0,31
180.01661682128906,10.506583213806152,2.1013166427612306,1000.0,0.0,0.6,-0.3333333333333333,9.0,-5.0,3.0,31
182.7003173828125,17.66950798034668,3.533901596069336,1000.0,0.0,0.6,-0.26666666666666666,9.0,-4.0,3.0,31
181.90386962890625,15.289544105529785,3.057908821105957,1000.0,0.0,0.6,-0.2,9.0,-3.0,3.0,31
175.10479736328125,8.145364761352539,1.6290729522705079,1000.0,0.0,0.6,-0.13333333333333333,9.0,-2.0,3.0,31
175.9441375732422,9.05627727508545,1.8112554550170898,1000.0,0.0,0.6,-0.06666666666666667,9.0,-1.0,3.0,31
180.99644470214844,11.630817413330078,2.326163482666016,1000.0,0.0,0.6,0.0,9.0,0.0,3.0,31
191.35182189941406,20.267257690429688,4.0534515380859375,1000.0,0.0,0.6,0.06666666666666667,9.0,1.0,3.0,31
218.51097106933594,47.24443435668945,9.44888687133789,1000.0,0.0,0.6,0.13333333333333333,9.0,2.0,3.0,31
249.7489013671875,73.99015808105469,14.798031616210938,1000.0,0.0,0.6,0.2,9.0,3.0,3.0,31
233.93186950683594,62.88683319091797,12.577366638183594,1000.0,0.0,0.6,0.26666666666666666,9.0,4.0,3.0,31
276.8415222167969,75.0928955078125,15.0185791015625,1000.0,0.0,0.6,0.3333333333333333,9.0,5.0,3.0,31
282.33502197265625,75.0848388671875,15.0169677734375,1000.0,0.0,0.6,0.4,9.0,6.0,3.0,31
272.7825622558594,77.43146514892578,15.486293029785156,1000.0,0.0,0.6,0.4666666666666667,9.0,7.0,3.0,31
269.5065002441406,73.93096923828125,14.78619384765625,1000.0,0.0,0.6,0.5333333333333333,9.0,8.0,3.0,31
255.92062377929688,89.68315124511719,17.936630249023438,1000.0,0.0,0.6,0.6,9.0,9.0,3.0,31
265.8222351074219,104.8158187866211,20.963163757324217,1000.0,0.0,0.6,0.6666666666666666,9.0,10.0,3.0,31
264.7090759277344,99.9493408203125,19.9898681640625,1000.0,0.0,0.6,0.7333333333333333,9.0,11.0,3.0,31
267.5525817871094,94.99280548095703,18.998561096191406,1000.0,0.0,0.6,0.8,9.0,12.0,3.0,31
257.98077392578125,83.52519226074219,16.705038452148436,1000.0,0.0,0.6,0.8666666666666667,9.0,13.0,3.0,31
247.9285125732422,66.3504409790039,13.270088195800781,1000.0,0.0,0.6,0.9333333333333333,9.0,14.0,3.0,31
286.34014892578125,77.60081481933594,15.520162963867188,1000.0,0.0,0.6,1.0,9.0,15.0,3.0,31
215.3353271484375,55.593345642089844,11.118669128417968,1000.0,0.0,0.6666666666666666,-1.0,10.0,-15.0,3.0,31
208.9053192138672,53.05546569824219,10.611093139648437,1000.0,0.0,0.6666666666666666,-0.9333333333333333,10.0,-14.0,3.0,31
210.45033264160156,57.47012710571289,11.494025421142577,1000.0,0.0,0.6666666666666666,-0.8666666666666667,10.0,-13.0,3.0,31
209.65853881835938,54.07795333862305,10.81559066772461,1000.0,0.0,0.6666666666666666,-0.8,10.0,-12.0,3.0,31
187.7448272705078,24.1962890625,4.8392578125,1000.0,0.0,0.6666666666666666,-0.7333333333333333,10.0,-11.0,3.0,31
179.66415405273438,14.508248329162598,2.9016496658325197,1000.0,0.0,0.6666666666666666,-0.6666666666666666,10.0,-10.0,3.0,31
185.28810119628906,30.388090133666992,6.077618026733399,1000.0,0.0,0.6666666666666666,-0.6,10.0,-9.0,3.0,31
176.17620849609375,7.524096488952637,1.5048192977905273,1000.0,0.0,0.6666666666666666,-0.5333333333333333,10.0,-8.0,3.0,31
177.5303497314453,8.453917503356934,1.6907835006713867,1000.0,0.0,0.6666666666666666,-0.4666666666666667,10.0,-7.0,3.0,31
180.1514434814453,9.40117073059082,1.880234146118164,1000.0,0.0,0.6666666666666666,-0.4,10.0,-6.0,3.0,31
179.80850219726562,12.687232971191406,2.5374465942382813,1000.0,0.0,0.6666666666666666,-0.3333333333333333,10.0,-5.0,3.0,31
179.54762268066406,11.46388053894043,2.292776107788086,1000.0,0.0,0.6666666666666666,-0.26666666666666666,10.0,-4.0,3.0,31
180.20187377929688,15.006688117980957,3.0013376235961915,1000.0,0.0,0.6666666666666666,-0.2,10.0,-3.0,3.0,31
177.86212158203125,9.596464157104492,1.9192928314208983,1000.0,0.0,0.6666666666666666,-0.13333333333333333,10.0,-2.0,3.0,31
178.6067352294922,10.380979537963867,2.0761959075927736,1000.0,0.0,0.6666666666666666,-0.06666666666666667,10.0,-1.0,3.0,31
179.59056091308594,12.339838027954102,2.4679676055908204,1000.0,0.0,0.6666666666666666,0.0,10.0,0.0,3.0,31
182.59349060058594,15.224448204040527,3.0448896408081056,1000.0,0.0,0.6666666666666666,0.06666666666666667,10.0,1.0,3.0,31
196.87591552734375,32.16854476928711,6.433708953857422,1000.0,0.0,0.6666666666666666,0.13333333333333333,10.0,2.0,3.0,31
234.2627716064453,72.57176971435547,14.514353942871093,1000.0,0.0,0.6666666666666666,0.2,10.0,3.0,3.0,31
265.49078369140625,81.12307739257812,16.224615478515624,1000.0,0.0,0.6666666666666666,0.26666666666666666,10.0,4.0,3.0,31
245.65045166015625,71.28852081298828,14.257704162597657,1000.0,0.0,0.6666666666666666,0.3333333333333333,10.0,5.0,3.0,31
255.5484619140625,68.3844985961914,13.676899719238282,1000.0,0.0,0.6666666666666666,0.4,10.0,6.0,3.0,31
258.57537841796875,68.57809448242188,13.715618896484376,1000.0,0.0,0.6666666666666666,0.4666666666666667,10.0,7.0,3.0,31
265.9735412597656,49.91722869873047,9.983445739746093,1000.0,0.0,0.6666666666666666,0.5333333333333333,10.0,8.0,3.0,31
222.67535400390625,58.85967254638672,11.771934509277344,1000.0,0.0,0.6666666666666666,0.6,10.0,9.0,3.0,31
226.0233154296875,68.6141357421875,13.7228271484375,1000.0,0.0,0.6666666666666666,0.6666666666666666,10.0,10.0,3.0,31
230.2720489501953,66.42585754394531,13.285171508789062,1000.0,0.0,0.6666666666666666,0.7333333333333333,10.0,11.0,3.0,31
247.27420043945312,72.91243743896484,14.582487487792969,1000.0,0.0,0.6666666666666666,0.8,10.0,12.0,3.0,31
255.21157836914062,82.85277557373047,16.570555114746092,1000.0,0.0,0.6666666666666666,0.8666666666666667,10.0,13.0,3.0,31
227.5717315673828,59.22050476074219,11.844100952148438,1000.0,0.0,0.6666666666666666,0.9333333333333333,10.0,14.0,3.0,31
238.06103515625,66.8278579711914,13.365571594238281,1000.0,0.0,0.6666666666666666,1.0,10.0,15.0,3.0,31
216.08421325683594,58.428443908691406,11.685688781738282,1000.0,0.0,0.7333333333333333,-1.0,11.0,-15.0,3.0,31
220.3389129638672,59.48503494262695,11.89700698852539,1000.0,0.0,0.7333333333333333,-0.9333333333333333,11.0,-14.0,3.0,31
222.9205322265625,61.91904830932617,12.383809661865234,1000.0,0.0,0.7333333333333333,-0.8666666666666667,11.0,-13.0,3.0,31
195.99217224121094,37.90501403808594,7.581002807617187,1000.0,0.0,0.7333333333333333,-0.8,11.0,-12.0,3.0,31
185.47386169433594,21.041465759277344,4.208293151855469,1000.0,0.0,0.7333333333333333,-0.7333333333333333,11.0,-11.0,3.0,31
180.67640686035156,12.597887992858887,2.5195775985717774,1000.0,0.0,0.7333333333333333,-0.6666666666666666,11.0,-10.0,3.0,31
178.37640380859375,12.250775337219238,2.4501550674438475,1000.0,0.0,0.7333333333333333,-0.6,11.0,-9.0,3.0,31
179.86004638671875,13.713902473449707,2.7427804946899412,1000.0,0.0,0.7333333333333333,-0.5333333333333333,11.0,-8.0,3.0,31
177.63250732421875,9.72978401184082,1.9459568023681642,1000.0,0.0,0.7333333333333333,-0.4666666666666667,11.0,-7.0,3.0,31
180.42579650878906,7.285897731781006,1.4571795463562012,1000.0,0.0,0.7333333333333333,-0.4,11.0,-6.0,3.0,31
178.3043212890625,8.944962501525879,1.7889925003051759,1000.0,0.0,0.7333333333333333,-0.3333333333333333,11.0,-5.0,3.0,31
177.62498474121094,9.008172035217285,1.8016344070434571,1000.0,0.0,0.7333333333333333,-0.26666666666666666,11.0,-4.0,3.0,31
178.48780822753906,9.610824584960938,1.9221649169921875,1000.0,0.0,0.7333333333333333,-0.2,11.0,-3.0,3.0,31
178.6565399169922,11.459650039672852,2.29193000793457,1000.0,0.0,0.7333333333333333,-0.13333333333333333,11.0,-2.0,3.0,31
176.00267028808594,8.435892105102539,1.6871784210205079,1000.0,0.0,0.7333333333333333,-0.06666666666666667,11.0,-1.0,3.0,31
177.109375,9.22662353515625,1.84532470703125,1000.0,0.0,0.7333333333333333,0.0,11.0,0.0,3.0,31
188.0352325439453,24.69359016418457,4.938718032836914,1000.0,0.0,0.7333333333333333,0.06666666666666667,11.0,1.0,3.0,31
200.21017456054688,41.11675262451172,8.223350524902344,1000.0,0.0,0.7333333333333333,0.13333333333333333,11.0,2.0,3.0,31
222.9156494140625,75.32701110839844,15.065402221679687,1000.0,0.0,0.7333333333333333,0.2,11.0,3.0,3.0,31
253.5038604736328,86.42535400390625,17.28507080078125,1000.0,0.0,0.7333333333333333,0.26666666666666666,11.0,4.0,3.0,31
280.861572265625,76.65312194824219,15.330624389648438,1000.0,0.0,0.7333333333333333,0.3333333333333333,11.0,5.0,3.0,31
268.14764404296875,81.13008117675781,16.226016235351562,1000.0,0.0,0.7333333333333333,0.4,11.0,6.0,3.0,31
274.8906555175781,85.18157958984375,17.03631591796875,1000.0,0.0,0.7333333333333333,0.4666666666666667,11.0,7.0,3.0,31
259.37066650390625,65.78681182861328,13.157362365722657,1000.0,0.0,0.7333333333333333,0.5333333333333333,11.0,8.0,3.0,31
237.73374938964844,52.297603607177734,10.459520721435547,1000.0,0.0,0.7333333333333333,0.6,11.0,9.0,3.0,31
232.92201232910156,61.924137115478516,12.384827423095704,1000.0,0.0,0.7333333333333333,0.6666666666666666,11.0,10.0,3.0,31
225.60568237304688,60.23733901977539,12.047467803955078,1000.0,0.0,0.7333333333333333,0.7333333333333333,11.0,11.0,3.0,31
209.72247314453125,48.812782287597656,9.762556457519532,1000.0,0.0,0.7333333333333333,0.8,11.0,12.0,3.0,31
224.03858947753906,53.26974868774414,10.653949737548828,1000.0,0.0,0.7333333333333333,0.8666666666666667,11.0,13.0,3.0,31
221.54762268066406,53.52680206298828,10.705360412597656,1000.0,0.0,0.7333333333333333,0.9333333333333333,11.0,14.0,3.0,31
210.4175262451172,53.13040542602539,10.626081085205078,1000.0,0.0,0.7333333333333333,1.0,11.0,15.0,3.0,31
221.4770050048828,64.30123138427734,12.860246276855468,1000.0,0.0,0.8,-1.0,12.0,-15.0,3.0,31
212.10670471191406,59.395973205566406,11.879194641113282,1000.0,0.0,0.8,-0.9333333333333333,12.0,-14.0,3.0,31
200.36114501953125,42.863059997558594,8.572611999511718,1000.0,0.0,0.8,-0.8666666666666667,12.0,-13.0,3.0,31
184.9036102294922,17.790937423706055,3.558187484741211,1000.0,0.0,0.8,-0.8,12.0,-12.0,3.0,31
177.96192932128906,14.554840087890625,2.910968017578125,1000.0,0.0,0.8,-0.7333333333333333,12.0,-11.0,3.0,31
180.04661560058594,12.144540786743164,2.4289081573486326,1000.0,0.0,0.8,-0.6666666666666666,12.0,-10.0,3.0,31
179.6466064453125,12.250560760498047,2.450112152099609,1000.0,0.0,0.8,-0.6,12.0,-9.0,3.0,31
179.4247283935547,11.16418170928955,2.2328363418579102,1000.0,0.0,0.8,-0.5333333333333333,12.0,-8.0,3.0,31
178.38746643066406,11.8406343460083,2.36812686920166,1000.0,0.0,0.8,-0.4666666666666667,12.0,-7.0,3.0,31
179.5821533203125,10.85543155670166,2.171086311340332,1000.0,0.0,0.8,-0.4,12.0,-6.0,3.0,31
180.9610137939453,12.067241668701172,2.4134483337402344,1000.0,0.0,0.8,-0.3333333333333333,12.0,-5.0,3.0,31
179.15721130371094,8.979761123657227,1.7959522247314452,1000.0,0.0,0.8,-0.26666666666666666,12.0,-4.0,3.0,31
179.09063720703125,11.181114196777344,2.236222839355469,1000.0,0.0,0.8,-0.2,12.0,-3.0,3.0,31
176.90367126464844,9.168234825134277,1.8336469650268554,1000.0,0.0,0.8,-0.13333333333333333,12.0,-2.0,3.0,31
177.8695831298828,11.381669998168945,2.2763339996337892,1000.0,0.0,0.8,-0.06666666666666667,12.0,-1.0,3.0,31
182.92788696289062,13.975104331970215,2.795020866394043,1000.0,0.0,0.8,0.0,12.0,0.0,3.0,31
180.40713500976562,13.687024116516113,2.7374048233032227,1000.0,0.0,0.8,0.06666666666666667,12.0,1.0,3.0,31
188.27554321289062,19.671812057495117,3.9343624114990234,1000.0,0.0,0.8,0.13333333333333333,12.0,2.0,3.0,31
236.49288940429688,78.69976043701172,15.739952087402344,1000.0,0.0,0.8,0.2,12.0,3.0,3.0,31
267.9779968261719,91.67218780517578,18.334437561035156,1000.0,0.0,0.8,0.26666666666666666,12.0,4.0,3.0,31
252.8782196044922,89.35832214355469,17.871664428710936,1000.0,0.0,0.8,0.3333333333333333,12.0,5.0,3.0,31
292.83465576171875,77.2972640991211,15.459452819824218,1000.0,0.0,0.8,0.4,12.0,6.0,3.0,31
259.0617980957031,78.59552001953125,15.71910400390625,1000.0,0.0,0.8,0.4666666666666667,12.0,7.0,3.0,31
258.35052490234375,74.22282409667969,14.844564819335938,1000.0,0.0,0.8,0.5333333333333333,12.0,8.0,3.0,31
267.5367736816406,71.81648254394531,14.363296508789062,1000.0,0.0,0.8,0.6,12.0,9.0,3.0,31
233.65444946289062,54.37116241455078,10.874232482910156,1000.0,0.0,0.8,0.6666666666666666,12.0,10.0,3.0,31
208.61636352539062,38.949256896972656,7.789851379394531,1000.0,0.0,0.8,0.7333333333333333,12.0,11.0,3.0,31
210.17901611328125,36.112850189208984,7.2225700378417965,1000.0,0.0,0.8,0.8,12.0,12.0,3.0,31
206.61700439453125,34.279659271240234,6.8559318542480465,1000.0,0.0,0.8,0.8666666666666667,12.0,13.0,3.0,31
230.07359313964844,53.225372314453125,10.645074462890625,1000.0,0.0,0.8,0.9333333333333333,12.0,14.0,3.0,31
220.87368774414062,50.35441589355469,10.070883178710938,1000.0,0.0,0.8,1.0,12.0,15.0,3.0,31
234.58872985839844,65.84469604492188,13.168939208984375,1000.0,0.0,0.8666666666666667,-1.0,13.0,-15.0,3.0,31
204.1107635498047,47.16362380981445,9.432724761962891,1000.0,0.0,0.8666666666666667,-0.9333333333333333,13.0,-14.0,3.0,31
196.44589233398438,38.66374588012695,7.732749176025391,1000.0,0.0,0.8666666666666667,-0.8666666666666667,13.0,-13.0,3.0,31
181.890625,18.928787231445312,3.7857574462890624,1000.0,0.0,0.8666666666666667,-0.8,13.0,-12.0,3.0,31
179.93577575683594,15.251179695129395,3.050235939025879,1000.0,0.0,0.8666666666666667,-0.7333333333333333,13.0,-11.0,3.0,31
181.50067138671875,18.966445922851562,3.7932891845703125,1000.0,0.0,0.8666666666666667,-0.6666666666666666,13.0,-10.0,3.0,31
178.9604949951172,11.560307502746582,2.3120615005493166,1000.0,0.0,0.8666666666666667,-0.6,13.0,-9.0,3.0,31
184.203125,19.394893646240234,3.878978729248047,1000.0,0.0,0.8666666666666667,-0.5333333333333333,13.0,-8.0,3.0,31
180.55865478515625,13.93356704711914,2.786713409423828,1000.0,0.0,0.8666666666666667,-0.4666666666666667,13.0,-7.0,3.0,31
180.86114501953125,12.414979934692383,2.4829959869384766,1000.0,0.0,0.8666666666666667,-0.4,13.0,-6.0,3.0,31
180.07859802246094,11.047355651855469,2.2094711303710937,1000.0,0.0,0.8666666666666667,-0.3333333333333333,13.0,-5.0,3.0,31
176.9681854248047,7.201661109924316,1.4403322219848633,1000.0,0.0,0.8666666666666667,-0.26666666666666666,13.0,-4.0,3.0,31
181.03475952148438,13.330236434936523,2.666047286987305,1000.0,0.0,0.8666666666666667,-0.2,13.0,-3.0,3.0,31
174.95045471191406,7.209197521209717,1.4418395042419434,1000.0,0.0,0.8666666666666667,-0.13333333333333333,13.0,-2.0,3.0,31
177.3890380859375,10.016968727111816,2.0033937454223634,1000.0,0.0,0.8666666666666667,-0.06666666666666667,13.0,-1.0,3.0,31
189.7786865234375,26.092214584350586,5.218442916870117,1000.0,0.0,0.8666666666666667,0.0,13.0,0.0,3.0,31
184.35060119628906,14.410682678222656,2.8821365356445314,1000.0,0.0,0.8666666666666667,0.06666666666666667,13.0,1.0,3.0,31
187.22027587890625,22.600311279296875,4.520062255859375,1000.0,0.0,0.8666666666666667,0.13333333333333333,13.0,2.0,3.0,31
197.3677520751953,35.554107666015625,7.110821533203125,1000.0,0.0,0.8666666666666667,0.2,13.0,3.0,3.0,31
254.64894104003906,81.18051147460938,16.236102294921874,1000.0,0.0,0.8666666666666667,0.26666666666666666,13.0,4.0,3.0,31
256.210693359375,87.13739776611328,17.427479553222657,1000.0,0.0,0.8666666666666667,0.3333333333333333,13.0,5.0,3.0,31
325.30364990234375,95.6723861694336,19.13447723388672,1000.0,0.0,0.8666666666666667,0.4,13.0,6.0,3.0,31
293.72247314453125,72.7720718383789,14.554414367675781,1000.0,0.0,0.8666666666666667,0.4666666666666667,13.0,7.0,3.0,31
268.51397705078125,78.5866470336914,15.717329406738282,1000.0,0.0,0.8666666666666667,0.5333333333333333,13.0,8.0,3.0,31
257.70220947265625,73.8866195678711,14.777323913574218,1000.0,0.0,0.8666666666666667,0.6,13.0,9.0,3.0,31
224.6631622314453,45.20808792114258,9.041617584228515,1000.0,0.0,0.8666666666666667,0.6666666666666666,13.0,10.0,3.0,31
207.59561157226562,36.59354019165039,7.318708038330078,1000.0,0.0,0.8666666666666667,0.7333333333333333,13.0,11.0,3.0,31
202.8229522705078,34.88340759277344,6.976681518554687,1000.0,0.0,0.8666666666666667,0.8,13.0,12.0,3.0,31
203.23899841308594,35.510169982910156,7.102033996582032,1000.0,0.0,0.8666666666666667,0.8666666666666667,13.0,13.0,3.0,31
229.06405639648438,50.61909484863281,10.123818969726562,1000.0,0.0,0.8666666666666667,0.9333333333333333,13.0,14.0,3.0,31
216.0131072998047,33.41304016113281,6.682608032226563,1000.0,0.0,0.8666666666666667,1.0,13.0,15.0,3.0,31
215.69927978515625,65.09510040283203,13.019020080566406,1000.0,0.0,0.9333333333333333,-1.0,14.0,-15.0,3.0,31
193.35223388671875,35.32194519042969,7.064389038085937,1000.0,0.0,0.9333333333333333,-0.9333333333333333,14.0,-14.0,3.0,31
184.54681396484375,25.969850540161133,5.193970108032227,1000.0,0.0,0.9333333333333333,-0.8666666666666667,14.0,-13.0,3.0,31
177.26478576660156,10.108444213867188,2.0216888427734374,1000.0,0.0,0.9333333333333333,-0.8,14.0,-12.0,3.0,31
178.74037170410156,13.193822860717773,2.638764572143555,1000.0,0.0,0.9333333333333333,-0.7333333333333333,14.0,-11.0,3.0,31
178.6210174560547,10.940946578979492,2.1881893157958983,1000.0,0.0,0.9333333333333333,-0.6666666666666666,14.0,-10.0,3.0,31
180.52610778808594,12.649303436279297,2.5298606872558596,1000.0,0.0,0.9333333333333333,-0.6,14.0,-9.0,3.0,31
178.94908142089844,13.47568416595459,2.695136833190918,1000.0,0.0,0.9333333333333333,-0.5333333333333333,14.0,-8.0,3.0,31
179.9709014892578,17.573381423950195,3.5146762847900392,1000.0,0.0,0.9333333333333333,-0.4666666666666667,14.0,-7.0,3.0,31
179.37875366210938,13.93297290802002,2.786594581604004,1000.0,0.0,0.9333333333333333,-0.4,14.0,-6.0,3.0,31
179.63116455078125,10.572484970092773,2.1144969940185545,1000.0,0.0,0.9333333333333333,-0.3333333333333333,14.0,-5.0,3.0,31
180.0372314453125,9.464658737182617,1.8929317474365235,1000.0,0.0,0.9333333333333333,-0.26666666666666666,14.0,-4.0,3.0,31
176.76853942871094,8.864034652709961,1.7728069305419922,1000.0,0.0,0.9333333333333333,-0.2,14.0,-3.0,3.0,31
176.62234497070312,10.458654403686523,2.0917308807373045,1000.0,0.0,0.9333333333333333,-0.13333333333333333,14.0,-2.0,3.0,31
179.99449157714844,12.90037727355957,2.5800754547119142,1000.0,0.0,0.9333333333333333,-0.06666666666666667,14.0,-1.0,3.0,31
189.95338439941406,21.00366973876953,4.200733947753906,1000.0,0.0,0.9333333333333333,0.0,14.0,0.0,3.0,31
190.96429443359375,21.23517417907715,4.2470348358154295,1000.0,0.0,0.9333333333333333,0.06666666666666667,14.0,1.0,3.0,31
185.02407836914062,15.880537033081055,3.176107406616211,1000.0,0.0,0.9333333333333333,0.13333333333333333,14.0,2.0,3.0,31
197.73988342285156,38.1287841796875,7.6257568359375,1000.0,0.0,0.9333333333333333,0.2,14.0,3.0,3.0,31
239.24769592285156,76.12561798095703,15.225123596191406,1000.0,0.0,0.9333333333333333,0.26666666666666666,14.0,4.0,3.0,31
248.2178497314453,83.24817657470703,16.649635314941406,1000.0,0.0,0.9333333333333333,0.3333333333333333,14.0,5.0,3.0,31
286.1029357910156,90.7409896850586,18.14819793701172,1000.0,0.0,0.9333333333333333,0.4,14.0,6.0,3.0,31
293.1225891113281,91.3877944946289,18.277558898925783,1000.0,0.0,0.9333333333333333,0.4666666666666667,14.0,7.0,3.0,31
263.5571594238281,84.19195556640625,16.83839111328125,1000.0,0.0,0.9333333333333333,0.5333333333333333,14.0,8.0,3.0,31
264.6970520019531,78.00621032714844,15.601242065429688,1000.0,0.0,0.9333333333333333,0.6,14.0,9.0,3.0,31
254.9107666015625,58.793251037597656,11.758650207519532,1000.0,0.0,0.9333333333333333,0.6666666666666666,14.0,10.0,3.0,31
206.6208953857422,51.42303466796875,10.28460693359375,1000.0,0.0,0.9333333333333333,0.7333333333333333,14.0,11.0,3.0,31
215.92816162109375,45.69226837158203,9.138453674316406,1000.0,0.0,0.9333333333333333,0.8,14.0,12.0,3.0,31
208.11830139160156,43.483856201171875,8.696771240234375,1000.0,0.0,0.9333333333333333,0.8666666666666667,14.0,13.0,3.0,31
221.44210815429688,55.6768913269043,11.13537826538086,1000.0,0.0,0.9333333333333333,0.9333333333333333,14.0,14.0,3.0,31
230.84063720703125,58.25262451171875,11.65052490234375,1000.0,0.0,0.9333333333333333,1.0,14.0,15.0,3.0,31
212.40695190429688,53.186344146728516,10.637268829345704,1000.0,0.0,1.0,-1.0,15.0,-15.0,3.0,31
188.94776916503906,27.17894172668457,5.435788345336914,1000.0,0.0,1.0,-0.9333333333333333,15.0,-14.0,3.0,31
190.6727752685547,33.418128967285156,6.683625793457031,1000.0,0.0,1.0,-0.8666666666666667,15.0,-13.0,3.0,31
181.90438842773438,15.16431713104248,3.032863426208496,1000.0,0.0,1.0,-0.8,15.0,-12.0,3.0,31
183.17161560058594,23.118574142456055,4.623714828491211,1000.0,0.0,1.0,-0.7333333333333333,15.0,-11.0,3.0,31
180.61790466308594,13.850943565368652,2.7701887130737304,1000.0,0.0,1.0,-0.6666666666666666,15.0,-10.0,3.0,31
189.86502075195312,24.81932830810547,4.963865661621094,1000.0,0.0,1.0,-0.6,15.0,-9.0,3.0,31
184.90060424804688,20.7939510345459,4.158790206909179,1000.0,0.0,1.0,-0.5333333333333333,15.0,-8.0,3.0,31
184.69020080566406,19.346487045288086,3.869297409057617,1000.0,0.0,1.0,-0.4666666666666667,15.0,-7.0,3.0,31
183.0406494140625,13.50651741027832,2.701303482055664,1000.0,0.0,1.0,-0.4,15.0,-6.0,3.0,31
181.80056762695312,14.242365837097168,2.8484731674194337,1000.0,0.0,1.0,-0.3333333333333333,15.0,-5.0,3.0,31
179.76414489746094,9.678661346435547,1.9357322692871093,1000.0,0.0,1.0,-0.26666666666666666,15.0,-4.0,3.0,31
179.60723876953125,11.296056747436523,2.2592113494873045,1000.0,0.0,1.0,-0.2,15.0,-3.0,3.0,31
179.4792022705078,11.567721366882324,2.313544273376465,1000.0,0.0,1.0,-0.13333333333333333,15.0,-2.0,3.0,31
185.79994201660156,22.030405044555664,4.406081008911133,1000.0,0.0,1.0,-0.06666666666666667,15.0,-1.0,3.0,31
184.47470092773438,17.205204010009766,3.441040802001953,1000.0,0.0,1.0,0.0,15.0,0.0,3.0,31
189.04994201660156,20.68284797668457,4.136569595336914,1000.0,0.0,1.0,0.06666666666666667,15.0,1.0,3.0,31
193.86685180664062,26.279706954956055,5.255941390991211,1000.0,0.0,1.0,0.13333333333333333,15.0,2.0,3.0,31
182.69078063964844,22.281814575195312,4.456362915039063,1000.0,0.0,1.0,0.2,15.0,3.0,3.0,31
221.78953552246094,61.95677185058594,12.391354370117188,1000.0,0.0,1.0,0.26666666666666666,15.0,4.0,3.0,31
248.51806640625,80.40604400634766,16.081208801269533,1000.0,0.0,1.0,0.3333333333333333,15.0,5.0,3.0,31
264.0632019042969,74.80303192138672,14.960606384277344,1000.0,0.0,1.0,0.4,15.0,6.0,3.0,31
268.7779541015625,98.28999328613281,19.657998657226564,1000.0,0.0,1.0,0.4666666666666667,15.0,7.0,3.0,31
275.2200927734375,87.3314437866211,17.466288757324218,1000.0,0.0,1.0,0.5333333333333333,15.0,8.0,3.0,31
260.8179016113281,83.72224426269531,16.744448852539062,1000.0,0.0,1.0,0.6,15.0,9.0,3.0,31
260.4139099121094,55.92877960205078,11.185755920410156,1000.0,0.0,1.0,0.6666666666666666,15.0,10.0,3.0,31
227.47265625,41.65488052368164,8.330976104736328,1000.0,0.0,1.0,0.7333333333333333,15.0,11.0,3.0,31
209.7501220703125,44.39216995239258,8.878433990478516,1000.0,0.0,1.0,0.8,15.0,12.0,3.0,31
219.58392333984375,57.03748321533203,11.407496643066406,1000.0,0.0,1.0,0.8666666666666667,15.0,13.0,3.0,31
211.45327758789062,41.09107971191406,8.218215942382812,1000.0,0.0,1.0,0.9333333333333333,15.0,14.0,3.0,31
222.88299560546875,48.92792892456055,9.78558578491211,1000.0,0.0,1.0,1.0,15.0,15.0,3.0,31
