episode_rewards,episode_std_rewards,episode_stderr_rewards,episode_avg_len,episode_std_avg_len,dim0,dim1,offset1,offset2,magnitude,grid_size
178.61737060546875,12.32050895690918,2.464101791381836,1000.0,0.0,-1.0,-1.0,-15.0,-15.0,3.0,31
179.78823852539062,13.301871299743652,2.6603742599487306,1000.0,0.0,-1.0,-0.9333333333333333,-15.0,-14.0,3.0,31
180.03285217285156,14.649589538574219,2.929917907714844,1000.0,0.0,-1.0,-0.8666666666666667,-15.0,-13.0,3.0,31
179.61257934570312,14.538094520568848,2.9076189041137694,1000.0,0.0,-1.0,-0.8,-15.0,-12.0,3.0,31
180.04222106933594,16.137418746948242,3.2274837493896484,1000.0,0.0,-1.0,-0.7333333333333333,-15.0,-11.0,3.0,31
186.40577697753906,23.468225479125977,4.693645095825195,1000.0,0.0,-1.0,-0.6666666666666666,-15.0,-10.0,3.0,31
235.0018768310547,68.20220947265625,13.64044189453125,1000.0,0.0,-1.0,-0.6,-15.0,-9.0,3.0,31
254.81333923339844,70.29302215576172,14.058604431152343,1000.0,0.0,-1.0,-0.5333333333333333,-15.0,-8.0,3.0,31
189.62472534179688,21.25388526916504,4.250777053833008,1000.0,0.0,-1.0,-0.4666666666666667,-15.0,-7.0,3.0,31
199.40264892578125,30.34879493713379,6.0697589874267575,1000.0,0.0,-1.0,-0.4,-15.0,-6.0,3.0,31
200.2998046875,29.97878074645996,5.995756149291992,1000.0,0.0,-1.0,-0.3333333333333333,-15.0,-5.0,3.0,31
199.56472778320312,29.445287704467773,5.889057540893555,1000.0,0.0,-1.0,-0.26666666666666666,-15.0,-4.0,3.0,31
205.5725555419922,36.444522857666016,7.2889045715332035,1000.0,0.0,-1.0,-0.2,-15.0,-3.0,3.0,31
228.85604858398438,61.02669143676758,12.205338287353516,1000.0,0.0,-1.0,-0.13333333333333333,-15.0,-2.0,3.0,31
214.65267944335938,39.67394256591797,7.934788513183594,1000.0,0.0,-1.0,-0.06666666666666667,-15.0,-1.0,3.0,31
238.36434936523438,63.08931350708008,12.617862701416016,1000.0,0.0,-1.0,0.0,-15.0,0.0,3.0,31
256.6234130859375,65.61896514892578,13.123793029785157,1000.0,0.0,-1.0,0.06666666666666667,-15.0,1.0,3.0,31
345.1611022949219,56.96916961669922,11.393833923339844,1000.0,0.0,-1.0,0.13333333333333333,-15.0,2.0,3.0,31
341.21551513671875,68.81671905517578,13.763343811035156,1000.0,0.0,-1.0,0.2,-15.0,3.0,3.0,31
307.64910888671875,68.16028594970703,13.632057189941406,1000.0,0.0,-1.0,0.26666666666666666,-15.0,4.0,3.0,31
303.03668212890625,74.23329162597656,14.846658325195312,1000.0,0.0,-1.0,0.3333333333333333,-15.0,5.0,3.0,31
314.2119445800781,96.50544738769531,19.301089477539062,1000.0,0.0,-1.0,0.4,-15.0,6.0,3.0,31
282.3598937988281,79.18357849121094,15.836715698242188,1000.0,0.0,-1.0,0.4666666666666667,-15.0,7.0,3.0,31
249.76040649414062,41.3702392578125,8.2740478515625,1000.0,0.0,-1.0,0.5333333333333333,-15.0,8.0,3.0,31
278.2501220703125,35.33087158203125,7.06617431640625,1000.0,0.0,-1.0,0.6,-15.0,9.0,3.0,31
267.21099853515625,21.50370979309082,4.300741958618164,1000.0,0.0,-1.0,0.6666666666666666,-15.0,10.0,3.0,31
258.0840148925781,33.390987396240234,6.6781974792480465,1000.0,0.0,-1.0,0.7333333333333333,-15.0,11.0,3.0,31
246.26449584960938,39.604496002197266,7.920899200439453,1000.0,0.0,-1.0,0.8,-15.0,12.0,3.0,31
238.13058471679688,41.14738082885742,8.229476165771484,1000.0,0.0,-1.0,0.8666666666666667,-15.0,13.0,3.0,31
209.64950561523438,43.04297637939453,8.608595275878907,1000.0,0.0,-1.0,0.9333333333333333,-15.0,14.0,3.0,31
213.79302978515625,42.263851165771484,8.452770233154297,1000.0,0.0,-1.0,1.0,-15.0,15.0,3.0,31
181.25555419921875,14.098962783813477,2.819792556762695,1000.0,0.0,-0.9333333333333333,-1.0,-14.0,-15.0,3.0,31
180.75782775878906,12.190964698791504,2.438192939758301,1000.0,0.0,-0.9333333333333333,-0.9333333333333333,-14.0,-14.0,3.0,31
178.98257446289062,15.154609680175781,3.0309219360351562,1000.0,0.0,-0.9333333333333333,-0.8666666666666667,-14.0,-13.0,3.0,31
180.8041229248047,13.189699172973633,2.6379398345947265,1000.0,0.0,-0.9333333333333333,-0.8,-14.0,-12.0,3.0,31
178.77000427246094,11.351115226745605,2.270223045349121,1000.0,0.0,-0.9333333333333333,-0.7333333333333333,-14.0,-11.0,3.0,31
181.13885498046875,11.672325134277344,2.3344650268554688,1000.0,0.0,-0.9333333333333333,-0.6666666666666666,-14.0,-10.0,3.0,31
200.91757202148438,43.23588562011719,8.647177124023438,1000.0,0.0,-0.9333333333333333,-0.6,-14.0,-9.0,3.0,31
281.32537841796875,85.64314270019531,17.128628540039063,1000.0,0.0,-0.9333333333333333,-0.5333333333333333,-14.0,-8.0,3.0,31
200.09983825683594,31.20513343811035,6.24102668762207,1000.0,0.0,-0.9333333333333333,-0.4666666666666667,-14.0,-7.0,3.0,31
202.26547241210938,29.571989059448242,5.914397811889648,1000.0,0.0,-0.9333333333333333,-0.4,-14.0,-6.0,3.0,31
212.9824981689453,59.45827102661133,11.891654205322265,1000.0,0.0,-0.9333333333333333,-0.3333333333333333,-14.0,-5.0,3.0,31
212.82965087890625,46.010860443115234,9.202172088623048,1000.0,0.0,-0.9333333333333333,-0.26666666666666666,-14.0,-4.0,3.0,31
207.82452392578125,42.49457931518555,8.498915863037109,1000.0,0.0,-0.9333333333333333,-0.2,-14.0,-3.0,3.0,31
212.47097778320312,32.549407958984375,6.509881591796875,1000.0,0.0,-0.9333333333333333,-0.13333333333333333,-14.0,-2.0,3.0,31
210.35147094726562,31.76471710205078,6.352943420410156,1000.0,0.0,-0.9333333333333333,-0.06666666666666667,-14.0,-1.0,3.0,31
218.58766174316406,49.04989242553711,9.809978485107422,1000.0,0.0,-0.9333333333333333,0.0,-14.0,0.0,3.0,31
348.4394836425781,40.655025482177734,8.131005096435548,1000.0,0.0,-0.9333333333333333,0.06666666666666667,-14.0,1.0,3.0,31
340.176025390625,70.88481903076172,14.176963806152344,1000.0,0.0,-0.9333333333333333,0.13333333333333333,-14.0,2.0,3.0,31
338.3103942871094,57.740814208984375,11.548162841796875,1000.0,0.0,-0.9333333333333333,0.2,-14.0,3.0,3.0,31
295.5045471191406,79.4101791381836,15.882035827636718,1000.0,0.0,-0.9333333333333333,0.26666666666666666,-14.0,4.0,3.0,31
299.0111389160156,77.02013397216797,15.404026794433594,1000.0,0.0,-0.9333333333333333,0.3333333333333333,-14.0,5.0,3.0,31
280.7120056152344,80.68695831298828,16.137391662597658,1000.0,0.0,-0.9333333333333333,0.4,-14.0,6.0,3.0,31
278.19287109375,68.18303680419922,13.636607360839843,1000.0,0.0,-0.9333333333333333,0.4666666666666667,-14.0,7.0,3.0,31
274.88836669921875,42.677711486816406,8.535542297363282,1000.0,0.0,-0.9333333333333333,0.5333333333333333,-14.0,8.0,3.0,31
285.7537841796875,45.65674591064453,9.131349182128906,1000.0,0.0,-0.9333333333333333,0.6,-14.0,9.0,3.0,31
269.2346496582031,27.32444953918457,5.464889907836914,1000.0,0.0,-0.9333333333333333,0.6666666666666666,-14.0,10.0,3.0,31
264.4658203125,28.48619270324707,5.697238540649414,1000.0,0.0,-0.9333333333333333,0.7333333333333333,-14.0,11.0,3.0,31
247.4092254638672,42.48601150512695,8.497202301025391,1000.0,0.0,-0.9333333333333333,0.8,-14.0,12.0,3.0,31
222.537109375,46.26274490356445,9.252548980712891,1000.0,0.0,-0.9333333333333333,0.8666666666666667,-14.0,13.0,3.0,31
209.75,40.10139083862305,8.020278167724609,1000.0,0.0,-0.9333333333333333,0.9333333333333333,-14.0,14.0,3.0,31
205.67942810058594,35.8873291015625,7.1774658203125,1000.0,0.0,-0.9333333333333333,1.0,-14.0,15.0,3.0,31
191.7486114501953,14.86827278137207,2.973654556274414,1000.0,0.0,-0.8666666666666667,-1.0,-13.0,-15.0,3.0,31
181.32351684570312,12.246325492858887,2.4492650985717774,1000.0,0.0,-0.8666666666666667,-0.9333333333333333,-13.0,-14.0,3.0,31
182.45875549316406,17.319580078125,3.463916015625,1000.0,0.0,-0.8666666666666667,-0.8666666666666667,-13.0,-13.0,3.0,31
179.23431396484375,14.094757080078125,2.818951416015625,1000.0,0.0,-0.8666666666666667,-0.8,-13.0,-12.0,3.0,31
181.31739807128906,12.73151969909668,2.546303939819336,1000.0,0.0,-0.8666666666666667,-0.7333333333333333,-13.0,-11.0,3.0,31
178.4394989013672,10.674848556518555,2.134969711303711,1000.0,0.0,-0.8666666666666667,-0.6666666666666666,-13.0,-10.0,3.0,31
198.86557006835938,32.996334075927734,6.599266815185547,1000.0,0.0,-0.8666666666666667,-0.6,-13.0,-9.0,3.0,31
311.33734130859375,99.87145233154297,19.974290466308595,1000.0,0.0,-0.8666666666666667,-0.5333333333333333,-13.0,-8.0,3.0,31
216.0977020263672,45.421897888183594,9.084379577636719,1000.0,0.0,-0.8666666666666667,-0.4666666666666667,-13.0,-7.0,3.0,31
196.97732543945312,34.81035232543945,6.962070465087891,1000.0,0.0,-0.8666666666666667,-0.4,-13.0,-6.0,3.0,31
198.32354736328125,36.612606048583984,7.322521209716797,1000.0,0.0,-0.8666666666666667,-0.3333333333333333,-13.0,-5.0,3.0,31
206.62442016601562,54.971309661865234,10.994261932373046,1000.0,0.0,-0.8666666666666667,-0.26666666666666666,-13.0,-4.0,3.0,31
201.79312133789062,41.11723709106445,8.22344741821289,1000.0,0.0,-0.8666666666666667,-0.2,-13.0,-3.0,3.0,31
206.51815795898438,41.937992095947266,8.387598419189453,1000.0,0.0,-0.8666666666666667,-0.13333333333333333,-13.0,-2.0,3.0,31
222.3189697265625,52.783329010009766,10.556665802001953,1000.0,0.0,-0.8666666666666667,-0.06666666666666667,-13.0,-1.0,3.0,31
227.3819122314453,64.84075927734375,12.96815185546875,1000.0,0.0,-0.8666666666666667,0.0,-13.0,0.0,3.0,31
335.230224609375,51.25688171386719,10.251376342773437,1000.0,0.0,-0.8666666666666667,0.06666666666666667,-13.0,1.0,3.0,31
320.7225646972656,64.76873779296875,12.95374755859375,1000.0,0.0,-0.8666666666666667,0.13333333333333333,-13.0,2.0,3.0,31
322.249267578125,63.83261489868164,12.766522979736328,1000.0,0.0,-0.8666666666666667,0.2,-13.0,3.0,3.0,31
303.20281982421875,67.7885513305664,13.557710266113281,1000.0,0.0,-0.8666666666666667,0.26666666666666666,-13.0,4.0,3.0,31
295.3135070800781,54.47416687011719,10.894833374023438,1000.0,0.0,-0.8666666666666667,0.3333333333333333,-13.0,5.0,3.0,31
285.58477783203125,59.36676025390625,11.87335205078125,1000.0,0.0,-0.8666666666666667,0.4,-13.0,6.0,3.0,31
263.24786376953125,41.500728607177734,8.300145721435547,1000.0,0.0,-0.8666666666666667,0.4666666666666667,-13.0,7.0,3.0,31
270.8380126953125,40.530128479003906,8.106025695800781,1000.0,0.0,-0.8666666666666667,0.5333333333333333,-13.0,8.0,3.0,31
289.1088562011719,32.26557159423828,6.453114318847656,1000.0,0.0,-0.8666666666666667,0.6,-13.0,9.0,3.0,31
262.4681701660156,31.045825958251953,6.20916519165039,1000.0,0.0,-0.8666666666666667,0.6666666666666666,-13.0,10.0,3.0,31
256.59906005859375,34.6611442565918,6.932228851318359,1000.0,0.0,-0.8666666666666667,0.7333333333333333,-13.0,11.0,3.0,31
233.92669677734375,44.70171356201172,8.940342712402344,1000.0,0.0,-0.8666666666666667,0.8,-13.0,12.0,3.0,31
219.75253295898438,43.134151458740234,8.626830291748046,1000.0,0.0,-0.8666666666666667,0.8666666666666667,-13.0,13.0,3.0,31
210.3944091796875,41.859107971191406,8.37182159423828,1000.0,0.0,-0.8666666666666667,0.9333333333333333,-13.0,14.0,3.0,31
202.1116943359375,40.08470916748047,8.016941833496094,1000.0,0.0,-0.8666666666666667,1.0,-13.0,15.0,3.0,31
261.87164306640625,54.505271911621094,10.901054382324219,1000.0,0.0,-0.8,-1.0,-12.0,-15.0,3.0,31
221.82594299316406,37.38584899902344,7.477169799804687,1000.0,0.0,-0.8,-0.9333333333333333,-12.0,-14.0,3.0,31
184.01284790039062,18.382680892944336,3.6765361785888673,1000.0,0.0,-0.8,-0.8666666666666667,-12.0,-13.0,3.0,31
182.29359436035156,15.139067649841309,3.027813529968262,1000.0,0.0,-0.8,-0.8,-12.0,-12.0,3.0,31
179.98019409179688,14.523240089416504,2.904648017883301,1000.0,0.0,-0.8,-0.7333333333333333,-12.0,-11.0,3.0,31
181.86288452148438,14.398118019104004,2.879623603820801,1000.0,0.0,-0.8,-0.6666666666666666,-12.0,-10.0,3.0,31
185.6112060546875,16.93047523498535,3.3860950469970703,1000.0,0.0,-0.8,-0.6,-12.0,-9.0,3.0,31
284.2541809082031,89.94145202636719,17.98829040527344,1000.0,0.0,-0.8,-0.5333333333333333,-12.0,-8.0,3.0,31
284.1986083984375,100.15843200683594,20.03168640136719,1000.0,0.0,-0.8,-0.4666666666666667,-12.0,-7.0,3.0,31
214.92999267578125,45.60274124145508,9.120548248291016,1000.0,0.0,-0.8,-0.4,-12.0,-6.0,3.0,31
201.6948699951172,30.41041374206543,6.082082748413086,1000.0,0.0,-0.8,-0.3333333333333333,-12.0,-5.0,3.0,31
202.41859436035156,36.92193603515625,7.38438720703125,1000.0,0.0,-0.8,-0.26666666666666666,-12.0,-4.0,3.0,31
195.68939208984375,35.33548355102539,7.067096710205078,1000.0,0.0,-0.8,-0.2,-12.0,-3.0,3.0,31
204.29148864746094,34.4307861328125,6.8861572265625,1000.0,0.0,-0.8,-0.13333333333333333,-12.0,-2.0,3.0,31
214.88607788085938,39.01512908935547,7.803025817871093,1000.0,0.0,-0.8,-0.06666666666666667,-12.0,-1.0,3.0,31
212.98033142089844,39.37883758544922,7.875767517089844,1000.0,0.0,-0.8,0.0,-12.0,0.0,3.0,31
337.7393493652344,67.64009857177734,13.52801971435547,1000.0,0.0,-0.8,0.06666666666666667,-12.0,1.0,3.0,31
327.8223876953125,57.668495178222656,11.533699035644531,1000.0,0.0,-0.8,0.13333333333333333,-12.0,2.0,3.0,31
301.197021484375,54.23798370361328,10.847596740722656,1000.0,0.0,-0.8,0.2,-12.0,3.0,3.0,31
290.27020263671875,55.81882095336914,11.163764190673827,1000.0,0.0,-0.8,0.26666666666666666,-12.0,4.0,3.0,31
315.0760803222656,73.3432846069336,14.668656921386718,1000.0,0.0,-0.8,0.3333333333333333,-12.0,5.0,3.0,31
320.41864013671875,78.13761138916016,15.627522277832032,1000.0,0.0,-0.8,0.4,-12.0,6.0,3.0,31
259.1816101074219,52.6134033203125,10.5226806640625,1000.0,0.0,-0.8,0.4666666666666667,-12.0,7.0,3.0,31
272.1280822753906,42.51774597167969,8.503549194335937,1000.0,0.0,-0.8,0.5333333333333333,-12.0,8.0,3.0,31
273.972900390625,32.86378860473633,6.572757720947266,1000.0,0.0,-0.8,0.6,-12.0,9.0,3.0,31
278.46160888671875,35.0869140625,7.0173828125,1000.0,0.0,-0.8,0.6666666666666666,-12.0,10.0,3.0,31
252.6710205078125,43.58096694946289,8.716193389892577,1000.0,0.0,-0.8,0.7333333333333333,-12.0,11.0,3.0,31
224.1932373046875,48.21871566772461,9.643743133544922,1000.0,0.0,-0.8,0.8,-12.0,12.0,3.0,31
213.71141052246094,40.77622604370117,8.155245208740235,1000.0,0.0,-0.8,0.8666666666666667,-12.0,13.0,3.0,31
207.78273010253906,36.74973678588867,7.349947357177735,1000.0,0.0,-0.8,0.9333333333333333,-12.0,14.0,3.0,31
193.65354919433594,28.02170753479004,5.604341506958008,1000.0,0.0,-0.8,1.0,-12.0,15.0,3.0,31
247.46380615234375,47.92939758300781,9.585879516601562,1000.0,0.0,-0.7333333333333333,-1.0,-11.0,-15.0,3.0,31
260.1689758300781,63.039146423339844,12.607829284667968,1000.0,0.0,-0.7333333333333333,-0.9333333333333333,-11.0,-14.0,3.0,31
233.88116455078125,45.330074310302734,9.066014862060547,1000.0,0.0,-0.7333333333333333,-0.8666666666666667,-11.0,-13.0,3.0,31
191.92306518554688,18.564250946044922,3.7128501892089845,1000.0,0.0,-0.7333333333333333,-0.8,-11.0,-12.0,3.0,31
192.90499877929688,22.341371536254883,4.468274307250977,1000.0,0.0,-0.7333333333333333,-0.7333333333333333,-11.0,-11.0,3.0,31
181.64474487304688,15.969722747802734,3.193944549560547,1000.0,0.0,-0.7333333333333333,-0.6666666666666666,-11.0,-10.0,3.0,31
185.8358917236328,15.020785331726074,3.004157066345215,1000.0,0.0,-0.7333333333333333,-0.6,-11.0,-9.0,3.0,31
246.51612854003906,69.67756652832031,13.935513305664063,1000.0,0.0,-0.7333333333333333,-0.5333333333333333,-11.0,-8.0,3.0,31
307.0141296386719,110.24995422363281,22.049990844726562,1000.0,0.0,-0.7333333333333333,-0.4666666666666667,-11.0,-7.0,3.0,31
297.3873596191406,114.63697814941406,22.927395629882813,1000.0,0.0,-0.7333333333333333,-0.4,-11.0,-6.0,3.0,31
213.33106994628906,44.58534622192383,8.917069244384766,1000.0,0.0,-0.7333333333333333,-0.3333333333333333,-11.0,-5.0,3.0,31
202.5220184326172,37.351226806640625,7.470245361328125,1000.0,0.0,-0.7333333333333333,-0.26666666666666666,-11.0,-4.0,3.0,31
204.2144775390625,40.583465576171875,8.116693115234375,1000.0,0.0,-0.7333333333333333,-0.2,-11.0,-3.0,3.0,31
195.5980987548828,33.486392974853516,6.697278594970703,1000.0,0.0,-0.7333333333333333,-0.13333333333333333,-11.0,-2.0,3.0,31
218.4932861328125,46.970699310302734,9.394139862060547,1000.0,0.0,-0.7333333333333333,-0.06666666666666667,-11.0,-1.0,3.0,31
215.61895751953125,47.95822525024414,9.591645050048829,1000.0,0.0,-0.7333333333333333,0.0,-11.0,0.0,3.0,31
310.60125732421875,81.29203033447266,16.25840606689453,1000.0,0.0,-0.7333333333333333,0.06666666666666667,-11.0,1.0,3.0,31
326.08929443359375,56.81991958618164,11.363983917236329,1000.0,0.0,-0.7333333333333333,0.13333333333333333,-11.0,2.0,3.0,31
302.9703674316406,82.4356460571289,16.48712921142578,1000.0,0.0,-0.7333333333333333,0.2,-11.0,3.0,3.0,31
310.771728515625,56.550968170166016,11.310193634033203,1000.0,0.0,-0.7333333333333333,0.26666666666666666,-11.0,4.0,3.0,31
309.57379150390625,86.71641540527344,17.343283081054686,1000.0,0.0,-0.7333333333333333,0.3333333333333333,-11.0,5.0,3.0,31
270.1103210449219,67.0714111328125,13.4142822265625,1000.0,0.0,-0.7333333333333333,0.4,-11.0,6.0,3.0,31
282.13507080078125,74.84991455078125,14.96998291015625,1000.0,0.0,-0.7333333333333333,0.4666666666666667,-11.0,7.0,3.0,31
274.86029052734375,46.63371658325195,9.32674331665039,1000.0,0.0,-0.7333333333333333,0.5333333333333333,-11.0,8.0,3.0,31
276.05670166015625,43.33799362182617,8.667598724365234,1000.0,0.0,-0.7333333333333333,0.6,-11.0,9.0,3.0,31
266.63116455078125,53.828155517578125,10.765631103515625,1000.0,0.0,-0.7333333333333333,0.6666666666666666,-11.0,10.0,3.0,31
222.65023803710938,35.1646614074707,7.032932281494141,1000.0,0.0,-0.7333333333333333,0.7333333333333333,-11.0,11.0,3.0,31
202.41372680664062,32.9145393371582,6.582907867431641,1000.0,0.0,-0.7333333333333333,0.8,-11.0,12.0,3.0,31
213.9609832763672,42.152896881103516,8.430579376220702,1000.0,0.0,-0.7333333333333333,0.8666666666666667,-11.0,13.0,3.0,31
202.75057983398438,32.00145721435547,6.400291442871094,1000.0,0.0,-0.7333333333333333,0.9333333333333333,-11.0,14.0,3.0,31
204.3378143310547,30.79122543334961,6.158245086669922,1000.0,0.0,-0.7333333333333333,1.0,-11.0,15.0,3.0,31
253.57968139648438,54.25331497192383,10.850662994384766,1000.0,0.0,-0.6666666666666666,-1.0,-10.0,-15.0,3.0,31
269.0479736328125,55.49131774902344,11.098263549804688,1000.0,0.0,-0.6666666666666666,-0.9333333333333333,-10.0,-14.0,3.0,31
266.7745056152344,51.18529510498047,10.237059020996094,1000.0,0.0,-0.6666666666666666,-0.8666666666666667,-10.0,-13.0,3.0,31
255.91973876953125,49.11225509643555,9.82245101928711,1000.0,0.0,-0.6666666666666666,-0.8,-10.0,-12.0,3.0,31
203.9014129638672,20.52984619140625,4.10596923828125,1000.0,0.0,-0.6666666666666666,-0.7333333333333333,-10.0,-11.0,3.0,31
195.8993377685547,17.592737197875977,3.5185474395751952,1000.0,0.0,-0.6666666666666666,-0.6666666666666666,-10.0,-10.0,3.0,31
190.95913696289062,15.719468116760254,3.1438936233520507,1000.0,0.0,-0.6666666666666666,-0.6,-10.0,-9.0,3.0,31
214.36849975585938,52.93701171875,10.58740234375,1000.0,0.0,-0.6666666666666666,-0.5333333333333333,-10.0,-8.0,3.0,31
296.2168884277344,99.04589080810547,19.809178161621094,1000.0,0.0,-0.6666666666666666,-0.4666666666666667,-10.0,-7.0,3.0,31
299.6132507324219,113.160888671875,22.632177734375,1000.0,0.0,-0.6666666666666666,-0.4,-10.0,-6.0,3.0,31
281.0126953125,102.13106536865234,20.42621307373047,1000.0,0.0,-0.6666666666666666,-0.3333333333333333,-10.0,-5.0,3.0,31
193.4833984375,24.07782554626465,4.81556510925293,1000.0,0.0,-0.6666666666666666,-0.26666666666666666,-10.0,-4.0,3.0,31
194.44830322265625,23.555931091308594,4.711186218261719,1000.0,0.0,-0.6666666666666666,-0.2,-10.0,-3.0,3.0,31
195.18601989746094,29.778284072875977,5.955656814575195,1000.0,0.0,-0.6666666666666666,-0.13333333333333333,-10.0,-2.0,3.0,31
221.57284545898438,47.730857849121094,9.546171569824219,1000.0,0.0,-0.6666666666666666,-0.06666666666666667,-10.0,-1.0,3.0,31
225.0294189453125,49.464351654052734,9.892870330810547,1000.0,0.0,-0.6666666666666666,0.0,-10.0,0.0,3.0,31
282.96441650390625,75.55175018310547,15.110350036621094,1000.0,0.0,-0.6666666666666666,0.06666666666666667,-10.0,1.0,3.0,31
323.2025146484375,63.25210952758789,12.650421905517579,1000.0,0.0,-0.6666666666666666,0.13333333333333333,-10.0,2.0,3.0,31
319.0150451660156,69.63671112060547,13.927342224121094,1000.0,0.0,-0.6666666666666666,0.2,-10.0,3.0,3.0,31
335.0763244628906,61.363609313964844,12.272721862792968,1000.0,0.0,-0.6666666666666666,0.26666666666666666,-10.0,4.0,3.0,31
320.01739501953125,53.53950500488281,10.707901000976562,1000.0,0.0,-0.6666666666666666,0.3333333333333333,-10.0,5.0,3.0,31
284.9446105957031,65.95552062988281,13.191104125976562,1000.0,0.0,-0.6666666666666666,0.4,-10.0,6.0,3.0,31
293.19097900390625,73.30307006835938,14.660614013671875,1000.0,0.0,-0.6666666666666666,0.4666666666666667,-10.0,7.0,3.0,31
293.79248046875,40.6148796081543,8.122975921630859,1000.0,0.0,-0.6666666666666666,0.5333333333333333,-10.0,8.0,3.0,31
274.1079406738281,50.55608367919922,10.111216735839843,1000.0,0.0,-0.6666666666666666,0.6,-10.0,9.0,3.0,31
251.3466796875,57.34807205200195,11.469614410400391,1000.0,0.0,-0.6666666666666666,0.6666666666666666,-10.0,10.0,3.0,31
216.4841766357422,42.726200103759766,8.545240020751953,1000.0,0.0,-0.6666666666666666,0.7333333333333333,-10.0,11.0,3.0,31
222.4411163330078,40.461917877197266,8.092383575439452,1000.0,0.0,-0.6666666666666666,0.8,-10.0,12.0,3.0,31
206.29061889648438,35.37639236450195,7.075278472900391,1000.0,0.0,-0.6666666666666666,0.8666666666666667,-10.0,13.0,3.0,31
207.3278350830078,35.08326721191406,7.016653442382813,1000.0,0.0,-0.6666666666666666,0.9333333333333333,-10.0,14.0,3.0,31
206.8446807861328,36.464988708496094,7.292997741699219,1000.0,0.0,-0.6666666666666666,1.0,-10.0,15.0,3.0,31
260.1325988769531,42.580142974853516,8.516028594970702,1000.0,0.0,-0.6,-1.0,-9.0,-15.0,3.0,31
270.5390625,57.596710205078125,11.519342041015625,1000.0,0.0,-0.6,-0.9333333333333333,-9.0,-14.0,3.0,31
266.1177673339844,55.11442184448242,11.022884368896484,1000.0,0.0,-0.6,-0.8666666666666667,-9.0,-13.0,3.0,31
271.8021240234375,64.30927276611328,12.861854553222656,1000.0,0.0,-0.6,-0.8,-9.0,-12.0,3.0,31
281.60028076171875,55.791927337646484,11.158385467529296,1000.0,0.0,-0.6,-0.7333333333333333,-9.0,-11.0,3.0,31
221.4676513671875,31.1909236907959,6.2381847381591795,1000.0,0.0,-0.6,-0.6666666666666666,-9.0,-10.0,3.0,31
197.0525360107422,28.359758377075195,5.671951675415039,1000.0,0.0,-0.6,-0.6,-9.0,-9.0,3.0,31
218.46368408203125,36.149742126464844,7.229948425292969,1000.0,0.0,-0.6,-0.5333333333333333,-9.0,-8.0,3.0,31
262.0950927734375,77.25991821289062,15.451983642578124,1000.0,0.0,-0.6,-0.4666666666666667,-9.0,-7.0,3.0,31
291.78399658203125,89.71717834472656,17.943435668945312,1000.0,0.0,-0.6,-0.4,-9.0,-6.0,3.0,31
257.36602783203125,75.3299331665039,15.065986633300781,1000.0,0.0,-0.6,-0.3333333333333333,-9.0,-5.0,3.0,31
227.48373413085938,58.66059875488281,11.732119750976562,1000.0,0.0,-0.6,-0.26666666666666666,-9.0,-4.0,3.0,31
189.8449249267578,18.965972900390625,3.793194580078125,1000.0,0.0,-0.6,-0.2,-9.0,-3.0,3.0,31
205.8031768798828,39.89592361450195,7.97918472290039,1000.0,0.0,-0.6,-0.13333333333333333,-9.0,-2.0,3.0,31
191.72149658203125,28.407920837402344,5.681584167480469,1000.0,0.0,-0.6,-0.06666666666666667,-9.0,-1.0,3.0,31
197.85916137695312,33.57672119140625,6.71534423828125,1000.0,0.0,-0.6,0.0,-9.0,0.0,3.0,31
219.16217041015625,46.039119720458984,9.207823944091796,1000.0,0.0,-0.6,0.06666666666666667,-9.0,1.0,3.0,31
305.71868896484375,87.73934936523438,17.547869873046874,1000.0,0.0,-0.6,0.13333333333333333,-9.0,2.0,3.0,31
312.6072998046875,98.41444396972656,19.682888793945313,1000.0,0.0,-0.6,0.2,-9.0,3.0,3.0,31
294.789794921875,70.20464324951172,14.040928649902344,1000.0,0.0,-0.6,0.26666666666666666,-9.0,4.0,3.0,31
296.7587585449219,87.39485168457031,17.478970336914063,1000.0,0.0,-0.6,0.3333333333333333,-9.0,5.0,3.0,31
317.9903869628906,68.7167739868164,13.743354797363281,1000.0,0.0,-0.6,0.4,-9.0,6.0,3.0,31
278.85565185546875,53.95316696166992,10.790633392333984,1000.0,0.0,-0.6,0.4666666666666667,-9.0,7.0,3.0,31
261.67669677734375,41.82107162475586,8.364214324951172,1000.0,0.0,-0.6,0.5333333333333333,-9.0,8.0,3.0,31
260.4173583984375,44.42227554321289,8.884455108642578,1000.0,0.0,-0.6,0.6,-9.0,9.0,3.0,31
234.5007781982422,37.54693603515625,7.50938720703125,1000.0,0.0,-0.6,0.6666666666666666,-9.0,10.0,3.0,31
216.5023956298828,39.33203125,7.86640625,1000.0,0.0,-0.6,0.7333333333333333,-9.0,11.0,3.0,31
211.71109008789062,40.094722747802734,8.018944549560548,1000.0,0.0,-0.6,0.8,-9.0,12.0,3.0,31
200.66184997558594,28.737916946411133,5.747583389282227,1000.0,0.0,-0.6,0.8666666666666667,-9.0,13.0,3.0,31
214.19168090820312,44.358219146728516,8.871643829345704,1000.0,0.0,-0.6,0.9333333333333333,-9.0,14.0,3.0,31
204.4735870361328,35.7824592590332,7.15649185180664,1000.0,0.0,-0.6,1.0,-9.0,15.0,3.0,31
201.24261474609375,32.07746887207031,6.415493774414062,1000.0,0.0,-0.5333333333333333,-1.0,-8.0,-15.0,3.0,31
254.17108154296875,36.14741134643555,7.229482269287109,1000.0,0.0,-0.5333333333333333,-0.9333333333333333,-8.0,-14.0,3.0,31
290.2597961425781,60.431365966796875,12.086273193359375,1000.0,0.0,-0.5333333333333333,-0.8666666666666667,-8.0,-13.0,3.0,31
298.3548889160156,43.54397201538086,8.708794403076173,1000.0,0.0,-0.5333333333333333,-0.8,-8.0,-12.0,3.0,31
306.5327453613281,62.08312225341797,12.416624450683594,1000.0,0.0,-0.5333333333333333,-0.7333333333333333,-8.0,-11.0,3.0,31
280.6277770996094,54.86489486694336,10.972978973388672,1000.0,0.0,-0.5333333333333333,-0.6666666666666666,-8.0,-10.0,3.0,31
234.8749542236328,32.1903076171875,6.4380615234375,1000.0,0.0,-0.5333333333333333,-0.6,-8.0,-9.0,3.0,31
237.29566955566406,34.63101577758789,6.9262031555175785,1000.0,0.0,-0.5333333333333333,-0.5333333333333333,-8.0,-8.0,3.0,31
218.43482971191406,29.15863609313965,5.83172721862793,1000.0,0.0,-0.5333333333333333,-0.4666666666666667,-8.0,-7.0,3.0,31
252.1497039794922,62.953163146972656,12.59063262939453,1000.0,0.0,-0.5333333333333333,-0.4,-8.0,-6.0,3.0,31
273.5419921875,71.62498474121094,14.324996948242188,1000.0,0.0,-0.5333333333333333,-0.3333333333333333,-8.0,-5.0,3.0,31
307.237548828125,90.06505584716797,18.013011169433593,1000.0,0.0,-0.5333333333333333,-0.26666666666666666,-8.0,-4.0,3.0,31
211.99624633789062,61.0479850769043,12.20959701538086,1000.0,0.0,-0.5333333333333333,-0.2,-8.0,-3.0,3.0,31
203.9842987060547,46.05211639404297,9.210423278808594,1000.0,0.0,-0.5333333333333333,-0.13333333333333333,-8.0,-2.0,3.0,31
197.5453643798828,26.786907196044922,5.357381439208984,1000.0,0.0,-0.5333333333333333,-0.06666666666666667,-8.0,-1.0,3.0,31
208.57626342773438,38.78835678100586,7.757671356201172,1000.0,0.0,-0.5333333333333333,0.0,-8.0,0.0,3.0,31
204.8477020263672,42.11719512939453,8.423439025878906,1000.0,0.0,-0.5333333333333333,0.06666666666666667,-8.0,1.0,3.0,31
297.08154296875,83.46784210205078,16.693568420410156,1000.0,0.0,-0.5333333333333333,0.13333333333333333,-8.0,2.0,3.0,31
324.3083190917969,79.23365020751953,15.846730041503907,1000.0,0.0,-0.5333333333333333,0.2,-8.0,3.0,3.0,31
332.0594177246094,84.80517578125,16.96103515625,1000.0,0.0,-0.5333333333333333,0.26666666666666666,-8.0,4.0,3.0,31
297.3438415527344,86.98291778564453,17.396583557128906,1000.0,0.0,-0.5333333333333333,0.3333333333333333,-8.0,5.0,3.0,31
340.5736389160156,87.30921173095703,17.461842346191407,1000.0,0.0,-0.5333333333333333,0.4,-8.0,6.0,3.0,31
296.185302734375,64.4585952758789,12.89171905517578,1000.0,0.0,-0.5333333333333333,0.4666666666666667,-8.0,7.0,3.0,31
257.45123291015625,30.233835220336914,6.046767044067383,1000.0,0.0,-0.5333333333333333,0.5333333333333333,-8.0,8.0,3.0,31
249.9307403564453,36.44053649902344,7.288107299804688,1000.0,0.0,-0.5333333333333333,0.6,-8.0,9.0,3.0,31
217.2158966064453,35.56902313232422,7.113804626464844,1000.0,0.0,-0.5333333333333333,0.6666666666666666,-8.0,10.0,3.0,31
204.2887725830078,32.09160232543945,6.4183204650878904,1000.0,0.0,-0.5333333333333333,0.7333333333333333,-8.0,11.0,3.0,31
195.1964874267578,31.10015869140625,6.22003173828125,1000.0,0.0,-0.5333333333333333,0.8,-8.0,12.0,3.0,31
201.57708740234375,34.247894287109375,6.849578857421875,1000.0,0.0,-0.5333333333333333,0.8666666666666667,-8.0,13.0,3.0,31
201.2516632080078,35.87102508544922,7.174205017089844,1000.0,0.0,-0.5333333333333333,0.9333333333333333,-8.0,14.0,3.0,31
209.18386840820312,45.153324127197266,9.030664825439453,1000.0,0.0,-0.5333333333333333,1.0,-8.0,15.0,3.0,31
206.70147705078125,37.986385345458984,7.597277069091797,1000.0,0.0,-0.4666666666666667,-1.0,-7.0,-15.0,3.0,31
210.30801391601562,38.01512908935547,7.603025817871094,1000.0,0.0,-0.4666666666666667,-0.9333333333333333,-7.0,-14.0,3.0,31
258.7749938964844,29.26246452331543,5.852492904663086,1000.0,0.0,-0.4666666666666667,-0.8666666666666667,-7.0,-13.0,3.0,31
313.6614685058594,38.60751724243164,7.721503448486328,1000.0,0.0,-0.4666666666666667,-0.8,-7.0,-12.0,3.0,31
316.64447021484375,49.90329360961914,9.980658721923827,1000.0,0.0,-0.4666666666666667,-0.7333333333333333,-7.0,-11.0,3.0,31
326.849853515625,73.61360168457031,14.722720336914062,1000.0,0.0,-0.4666666666666667,-0.6666666666666666,-7.0,-10.0,3.0,31
214.3798828125,31.243541717529297,6.248708343505859,1000.0,0.0,-0.4666666666666667,-0.6,-7.0,-9.0,3.0,31
229.56396484375,32.8731689453125,6.5746337890625,1000.0,0.0,-0.4666666666666667,-0.5333333333333333,-7.0,-8.0,3.0,31
227.63351440429688,34.602970123291016,6.920594024658203,1000.0,0.0,-0.4666666666666667,-0.4666666666666667,-7.0,-7.0,3.0,31
216.11302185058594,41.34833526611328,8.269667053222657,1000.0,0.0,-0.4666666666666667,-0.4,-7.0,-6.0,3.0,31
262.4087829589844,49.11320495605469,9.822640991210937,1000.0,0.0,-0.4666666666666667,-0.3333333333333333,-7.0,-5.0,3.0,31
256.6248474121094,58.699920654296875,11.739984130859375,1000.0,0.0,-0.4666666666666667,-0.26666666666666666,-7.0,-4.0,3.0,31
193.47007751464844,29.259061813354492,5.851812362670898,1000.0,0.0,-0.4666666666666667,-0.2,-7.0,-3.0,3.0,31
189.2723846435547,24.890966415405273,4.978193283081055,1000.0,0.0,-0.4666666666666667,-0.13333333333333333,-7.0,-2.0,3.0,31
193.21632385253906,23.89471435546875,4.77894287109375,1000.0,0.0,-0.4666666666666667,-0.06666666666666667,-7.0,-1.0,3.0,31
193.58111572265625,24.677692413330078,4.935538482666016,1000.0,0.0,-0.4666666666666667,0.0,-7.0,0.0,3.0,31
232.88516235351562,57.82537078857422,11.565074157714843,1000.0,0.0,-0.4666666666666667,0.06666666666666667,-7.0,1.0,3.0,31
310.0263366699219,76.23575592041016,15.247151184082032,1000.0,0.0,-0.4666666666666667,0.13333333333333333,-7.0,2.0,3.0,31
316.3445739746094,99.70211029052734,19.94042205810547,1000.0,0.0,-0.4666666666666667,0.2,-7.0,3.0,3.0,31
286.9961242675781,83.38150787353516,16.676301574707033,1000.0,0.0,-0.4666666666666667,0.26666666666666666,-7.0,4.0,3.0,31
411.23602294921875,88.99722290039062,17.799444580078124,1000.0,0.0,-0.4666666666666667,0.3333333333333333,-7.0,5.0,3.0,31
412.12567138671875,40.7647819519043,8.15295639038086,1000.0,0.0,-0.4666666666666667,0.4,-7.0,6.0,3.0,31
327.1379089355469,39.318599700927734,7.863719940185547,1000.0,0.0,-0.4666666666666667,0.4666666666666667,-7.0,7.0,3.0,31
229.49143981933594,44.697547912597656,8.93950958251953,1000.0,0.0,-0.4666666666666667,0.5333333333333333,-7.0,8.0,3.0,31
234.33843994140625,47.41322326660156,9.482644653320312,1000.0,0.0,-0.4666666666666667,0.6,-7.0,9.0,3.0,31
203.62701416015625,33.99393844604492,6.798787689208984,1000.0,0.0,-0.4666666666666667,0.6666666666666666,-7.0,10.0,3.0,31
191.84181213378906,23.25714111328125,4.65142822265625,1000.0,0.0,-0.4666666666666667,0.7333333333333333,-7.0,11.0,3.0,31
193.8220672607422,24.4498291015625,4.8899658203125,1000.0,0.0,-0.4666666666666667,0.8,-7.0,12.0,3.0,31
193.21311950683594,30.635696411132812,6.127139282226563,1000.0,0.0,-0.4666666666666667,0.8666666666666667,-7.0,13.0,3.0,31
208.52743530273438,48.93586730957031,9.787173461914062,1000.0,0.0,-0.4666666666666667,0.9333333333333333,-7.0,14.0,3.0,31
200.82200622558594,39.47681427001953,7.895362854003906,1000.0,0.0,-0.4666666666666667,1.0,-7.0,15.0,3.0,31
184.8509521484375,16.601116180419922,3.3202232360839843,1000.0,0.0,-0.4,-1.0,-6.0,-15.0,3.0,31
202.37770080566406,33.22602844238281,6.645205688476563,1000.0,0.0,-0.4,-0.9333333333333333,-6.0,-14.0,3.0,31
211.5248565673828,41.26152420043945,8.252304840087891,1000.0,0.0,-0.4,-0.8666666666666667,-6.0,-13.0,3.0,31
281.44195556640625,39.790767669677734,7.958153533935547,1000.0,0.0,-0.4,-0.8,-6.0,-12.0,3.0,31
307.8653259277344,80.45347595214844,16.090695190429688,1000.0,0.0,-0.4,-0.7333333333333333,-6.0,-11.0,3.0,31
320.4104309082031,83.68682861328125,16.73736572265625,1000.0,0.0,-0.4,-0.6666666666666666,-6.0,-10.0,3.0,31
284.2516174316406,92.23865509033203,18.447731018066406,1000.0,0.0,-0.4,-0.6,-6.0,-9.0,3.0,31
191.33709716796875,16.364099502563477,3.2728199005126952,1000.0,0.0,-0.4,-0.5333333333333333,-6.0,-8.0,3.0,31
193.69970703125,20.024972915649414,4.004994583129883,1000.0,0.0,-0.4,-0.4666666666666667,-6.0,-7.0,3.0,31
232.58380126953125,63.07839584350586,12.615679168701172,1000.0,0.0,-0.4,-0.4,-6.0,-6.0,3.0,31
271.4228210449219,72.2146224975586,14.442924499511719,1000.0,0.0,-0.4,-0.3333333333333333,-6.0,-5.0,3.0,31
279.81109619140625,35.41939163208008,7.0838783264160154,1000.0,0.0,-0.4,-0.26666666666666666,-6.0,-4.0,3.0,31
237.20033264160156,39.597389221191406,7.919477844238282,1000.0,0.0,-0.4,-0.2,-6.0,-3.0,3.0,31
211.04550170898438,44.27706527709961,8.855413055419922,1000.0,0.0,-0.4,-0.13333333333333333,-6.0,-2.0,3.0,31
217.88999938964844,54.097381591796875,10.819476318359374,1000.0,0.0,-0.4,-0.06666666666666667,-6.0,-1.0,3.0,31
198.7771453857422,31.447057723999023,6.289411544799805,1000.0,0.0,-0.4,0.0,-6.0,0.0,3.0,31
248.6766815185547,56.46543884277344,11.293087768554688,1000.0,0.0,-0.4,0.06666666666666667,-6.0,1.0,3.0,31
300.9261474609375,91.63218688964844,18.326437377929686,1000.0,0.0,-0.4,0.13333333333333333,-6.0,2.0,3.0,31
324.480224609375,107.88421630859375,21.57684326171875,1000.0,0.0,-0.4,0.2,-6.0,3.0,3.0,31
391.7006530761719,107.156005859375,21.431201171875,1000.0,0.0,-0.4,0.26666666666666666,-6.0,4.0,3.0,31
461.0858154296875,47.17241668701172,9.434483337402344,1000.0,0.0,-0.4,0.3333333333333333,-6.0,5.0,3.0,31
383.0648498535156,51.39119338989258,10.278238677978516,1000.0,0.0,-0.4,0.4,-6.0,6.0,3.0,31
267.7830810546875,58.8473014831543,11.769460296630859,1000.0,0.0,-0.4,0.4666666666666667,-6.0,7.0,3.0,31
219.87969970703125,57.638675689697266,11.527735137939453,1000.0,0.0,-0.4,0.5333333333333333,-6.0,8.0,3.0,31
199.35792541503906,35.805477142333984,7.161095428466797,1000.0,0.0,-0.4,0.6,-6.0,9.0,3.0,31
192.68292236328125,19.574657440185547,3.9149314880371096,1000.0,0.0,-0.4,0.6666666666666666,-6.0,10.0,3.0,31
189.53021240234375,22.101789474487305,4.420357894897461,1000.0,0.0,-0.4,0.7333333333333333,-6.0,11.0,3.0,31
191.3685760498047,31.097105026245117,6.219421005249023,1000.0,0.0,-0.4,0.8,-6.0,12.0,3.0,31
192.01495361328125,18.621126174926758,3.7242252349853517,1000.0,0.0,-0.4,0.8666666666666667,-6.0,13.0,3.0,31
203.13070678710938,47.235923767089844,9.447184753417968,1000.0,0.0,-0.4,0.9333333333333333,-6.0,14.0,3.0,31
203.68429565429688,38.088748931884766,7.617749786376953,1000.0,0.0,-0.4,1.0,-6.0,15.0,3.0,31
180.6243133544922,11.7200288772583,2.3440057754516603,1000.0,0.0,-0.3333333333333333,-1.0,-5.0,-15.0,3.0,31
198.76275634765625,30.287792205810547,6.05755844116211,1000.0,0.0,-0.3333333333333333,-0.9333333333333333,-5.0,-14.0,3.0,31
216.63204956054688,41.356109619140625,8.271221923828126,1000.0,0.0,-0.3333333333333333,-0.8666666666666667,-5.0,-13.0,3.0,31
196.47247314453125,28.961843490600586,5.792368698120117,1000.0,0.0,-0.3333333333333333,-0.8,-5.0,-12.0,3.0,31
192.58871459960938,21.192333221435547,4.23846664428711,1000.0,0.0,-0.3333333333333333,-0.7333333333333333,-5.0,-11.0,3.0,31
300.5023498535156,93.81663513183594,18.763327026367186,1000.0,0.0,-0.3333333333333333,-0.6666666666666666,-5.0,-10.0,3.0,31
340.0935974121094,103.13113403320312,20.626226806640624,1000.0,0.0,-0.3333333333333333,-0.6,-5.0,-9.0,3.0,31
229.78273010253906,56.29336166381836,11.258672332763672,1000.0,0.0,-0.3333333333333333,-0.5333333333333333,-5.0,-8.0,3.0,31
193.2316436767578,22.97563362121582,4.595126724243164,1000.0,0.0,-0.3333333333333333,-0.4666666666666667,-5.0,-7.0,3.0,31
200.00648498535156,33.561058044433594,6.712211608886719,1000.0,0.0,-0.3333333333333333,-0.4,-5.0,-6.0,3.0,31
196.64361572265625,33.16185760498047,6.632371520996093,1000.0,0.0,-0.3333333333333333,-0.3333333333333333,-5.0,-5.0,3.0,31
244.2528076171875,49.03693389892578,9.807386779785157,1000.0,0.0,-0.3333333333333333,-0.26666666666666666,-5.0,-4.0,3.0,31
246.22718811035156,50.89115905761719,10.178231811523437,1000.0,0.0,-0.3333333333333333,-0.2,-5.0,-3.0,3.0,31
231.88128662109375,63.032318115234375,12.606463623046874,1000.0,0.0,-0.3333333333333333,-0.13333333333333333,-5.0,-2.0,3.0,31
202.22706604003906,30.011396408081055,6.002279281616211,1000.0,0.0,-0.3333333333333333,-0.06666666666666667,-5.0,-1.0,3.0,31
193.2886505126953,26.079710006713867,5.215942001342773,1000.0,0.0,-0.3333333333333333,0.0,-5.0,0.0,3.0,31
259.498779296875,66.82633209228516,13.365266418457031,1000.0,0.0,-0.3333333333333333,0.06666666666666667,-5.0,1.0,3.0,31
314.9176025390625,90.24056243896484,18.04811248779297,1000.0,0.0,-0.3333333333333333,0.13333333333333333,-5.0,2.0,3.0,31
394.4150695800781,106.90667724609375,21.38133544921875,1000.0,0.0,-0.3333333333333333,0.2,-5.0,3.0,3.0,31
429.68585205078125,122.61424255371094,24.522848510742186,1000.0,0.0,-0.3333333333333333,0.26666666666666666,-5.0,4.0,3.0,31
470.9679260253906,69.45865631103516,13.891731262207031,1000.0,0.0,-0.3333333333333333,0.3333333333333333,-5.0,5.0,3.0,31
382.33709716796875,48.12894821166992,9.625789642333984,1000.0,0.0,-0.3333333333333333,0.4,-5.0,6.0,3.0,31
255.92318725585938,62.977210998535156,12.595442199707032,1000.0,0.0,-0.3333333333333333,0.4666666666666667,-5.0,7.0,3.0,31
209.43064880371094,36.15235137939453,7.230470275878906,1000.0,0.0,-0.3333333333333333,0.5333333333333333,-5.0,8.0,3.0,31
198.19725036621094,27.520261764526367,5.504052352905274,1000.0,0.0,-0.3333333333333333,0.6,-5.0,9.0,3.0,31
191.67828369140625,30.512781143188477,6.102556228637695,1000.0,0.0,-0.3333333333333333,0.6666666666666666,-5.0,10.0,3.0,31
188.64529418945312,21.553918838500977,4.310783767700196,1000.0,0.0,-0.3333333333333333,0.7333333333333333,-5.0,11.0,3.0,31
199.42153930664062,28.74004554748535,5.748009109497071,1000.0,0.0,-0.3333333333333333,0.8,-5.0,12.0,3.0,31
195.05299377441406,34.34336471557617,6.868672943115234,1000.0,0.0,-0.3333333333333333,0.8666666666666667,-5.0,13.0,3.0,31
191.92115783691406,27.379419326782227,5.475883865356446,1000.0,0.0,-0.3333333333333333,0.9333333333333333,-5.0,14.0,3.0,31
194.34060668945312,35.648563385009766,7.129712677001953,1000.0,0.0,-0.3333333333333333,1.0,-5.0,15.0,3.0,31
181.3496856689453,16.034284591674805,3.206856918334961,1000.0,0.0,-0.26666666666666666,-1.0,-4.0,-15.0,3.0,31
185.3715057373047,17.691747665405273,3.5383495330810546,1000.0,0.0,-0.26666666666666666,-0.9333333333333333,-4.0,-14.0,3.0,31
204.67950439453125,32.12908172607422,6.425816345214844,1000.0,0.0,-0.26666666666666666,-0.8666666666666667,-4.0,-13.0,3.0,31
190.63671875,25.9777889251709,5.19555778503418,1000.0,0.0,-0.26666666666666666,-0.8,-4.0,-12.0,3.0,31
183.75831604003906,16.26469612121582,3.252939224243164,1000.0,0.0,-0.26666666666666666,-0.7333333333333333,-4.0,-11.0,3.0,31
181.91893005371094,11.67568588256836,2.3351371765136717,1000.0,0.0,-0.26666666666666666,-0.6666666666666666,-4.0,-10.0,3.0,31
358.0252990722656,91.34973907470703,18.269947814941407,1000.0,0.0,-0.26666666666666666,-0.6,-4.0,-9.0,3.0,31
379.91668701171875,91.4271469116211,18.285429382324217,1000.0,0.0,-0.26666666666666666,-0.5333333333333333,-4.0,-8.0,3.0,31
245.25350952148438,69.18883514404297,13.837767028808594,1000.0,0.0,-0.26666666666666666,-0.4666666666666667,-4.0,-7.0,3.0,31
220.08091735839844,27.180356979370117,5.436071395874023,1000.0,0.0,-0.26666666666666666,-0.4,-4.0,-6.0,3.0,31
197.90744018554688,28.154752731323242,5.630950546264648,1000.0,0.0,-0.26666666666666666,-0.3333333333333333,-4.0,-5.0,3.0,31
195.75418090820312,20.145313262939453,4.029062652587891,1000.0,0.0,-0.26666666666666666,-0.26666666666666666,-4.0,-4.0,3.0,31
244.3329620361328,49.893436431884766,9.978687286376953,1000.0,0.0,-0.26666666666666666,-0.2,-4.0,-3.0,3.0,31
255.6756591796875,65.69212341308594,13.138424682617188,1000.0,0.0,-0.26666666666666666,-0.13333333333333333,-4.0,-2.0,3.0,31
222.47198486328125,46.736732482910156,9.34734649658203,1000.0,0.0,-0.26666666666666666,-0.06666666666666667,-4.0,-1.0,3.0,31
218.21897888183594,42.328887939453125,8.465777587890624,1000.0,0.0,-0.26666666666666666,0.0,-4.0,0.0,3.0,31
213.2160186767578,41.679569244384766,8.335913848876952,1000.0,0.0,-0.26666666666666666,0.06666666666666667,-4.0,1.0,3.0,31
299.9483337402344,103.7287826538086,20.745756530761717,1000.0,0.0,-0.26666666666666666,0.13333333333333333,-4.0,2.0,3.0,31
402.6156311035156,113.46693420410156,22.693386840820313,1000.0,0.0,-0.26666666666666666,0.2,-4.0,3.0,3.0,31
428.8218078613281,155.1780548095703,31.035610961914063,1000.0,0.0,-0.26666666666666666,0.26666666666666666,-4.0,4.0,3.0,31
427.51641845703125,98.059814453125,19.611962890625,1000.0,0.0,-0.26666666666666666,0.3333333333333333,-4.0,5.0,3.0,31
390.034912109375,91.59828186035156,18.319656372070312,1000.0,0.0,-0.26666666666666666,0.4,-4.0,6.0,3.0,31
229.82525634765625,49.0208625793457,9.80417251586914,1000.0,0.0,-0.26666666666666666,0.4666666666666667,-4.0,7.0,3.0,31
206.7438507080078,35.01773452758789,7.003546905517578,1000.0,0.0,-0.26666666666666666,0.5333333333333333,-4.0,8.0,3.0,31
204.3114013671875,32.785213470458984,6.5570426940917965,1000.0,0.0,-0.26666666666666666,0.6,-4.0,9.0,3.0,31
213.3380126953125,39.803314208984375,7.960662841796875,1000.0,0.0,-0.26666666666666666,0.6666666666666666,-4.0,10.0,3.0,31
196.98165893554688,22.883014678955078,4.576602935791016,1000.0,0.0,-0.26666666666666666,0.7333333333333333,-4.0,11.0,3.0,31
198.42556762695312,26.931154251098633,5.386230850219727,1000.0,0.0,-0.26666666666666666,0.8,-4.0,12.0,3.0,31
198.93905639648438,18.130752563476562,3.6261505126953124,1000.0,0.0,-0.26666666666666666,0.8666666666666667,-4.0,13.0,3.0,31
206.8084716796875,35.100059509277344,7.020011901855469,1000.0,0.0,-0.26666666666666666,0.9333333333333333,-4.0,14.0,3.0,31
211.07484436035156,38.92999267578125,7.78599853515625,1000.0,0.0,-0.26666666666666666,1.0,-4.0,15.0,3.0,31
186.2917022705078,19.397544860839844,3.8795089721679688,1000.0,0.0,-0.2,-1.0,-3.0,-15.0,3.0,31
180.4911651611328,14.544772148132324,2.9089544296264647,1000.0,0.0,-0.2,-0.9333333333333333,-3.0,-14.0,3.0,31
187.48492431640625,22.39443016052246,4.4788860321044925,1000.0,0.0,-0.2,-0.8666666666666667,-3.0,-13.0,3.0,31
185.09715270996094,16.844242095947266,3.368848419189453,1000.0,0.0,-0.2,-0.8,-3.0,-12.0,3.0,31
181.82859802246094,14.017644882202148,2.80352897644043,1000.0,0.0,-0.2,-0.7333333333333333,-3.0,-11.0,3.0,31
182.7828369140625,18.839372634887695,3.767874526977539,1000.0,0.0,-0.2,-0.6666666666666666,-3.0,-10.0,3.0,31
191.80191040039062,24.187047958374023,4.837409591674804,1000.0,0.0,-0.2,-0.6,-3.0,-9.0,3.0,31
315.96746826171875,100.23268127441406,20.046536254882813,1000.0,0.0,-0.2,-0.5333333333333333,-3.0,-8.0,3.0,31
328.8020324707031,101.10009002685547,20.220018005371095,1000.0,0.0,-0.2,-0.4666666666666667,-3.0,-7.0,3.0,31
305.4835205078125,86.94007873535156,17.388015747070312,1000.0,0.0,-0.2,-0.4,-3.0,-6.0,3.0,31
219.4385986328125,44.11259078979492,8.822518157958985,1000.0,0.0,-0.2,-0.3333333333333333,-3.0,-5.0,3.0,31
196.2085723876953,26.19455337524414,5.238910675048828,1000.0,0.0,-0.2,-0.26666666666666666,-3.0,-4.0,3.0,31
238.10736083984375,62.6483154296875,12.5296630859375,1000.0,0.0,-0.2,-0.2,-3.0,-3.0,3.0,31
238.32737731933594,58.69270706176758,11.738541412353516,1000.0,0.0,-0.2,-0.13333333333333333,-3.0,-2.0,3.0,31
226.80047607421875,51.825016021728516,10.365003204345703,1000.0,0.0,-0.2,-0.06666666666666667,-3.0,-1.0,3.0,31
334.92022705078125,92.97132110595703,18.594264221191406,1000.0,0.0,-0.2,0.0,-3.0,0.0,3.0,31
306.4740905761719,76.0221939086914,15.204438781738281,1000.0,0.0,-0.2,0.06666666666666667,-3.0,1.0,3.0,31
314.0962219238281,104.29180908203125,20.85836181640625,1000.0,0.0,-0.2,0.13333333333333333,-3.0,2.0,3.0,31
248.2056427001953,69.71825408935547,13.943650817871093,1000.0,0.0,-0.2,0.2,-3.0,3.0,3.0,31
357.6680603027344,136.3395538330078,27.267910766601563,1000.0,0.0,-0.2,0.26666666666666666,-3.0,4.0,3.0,31
409.6371765136719,134.7328338623047,26.946566772460937,1000.0,0.0,-0.2,0.3333333333333333,-3.0,5.0,3.0,31
360.10760498046875,128.09976196289062,25.619952392578124,1000.0,0.0,-0.2,0.4,-3.0,6.0,3.0,31
246.93359375,55.260623931884766,11.052124786376954,1000.0,0.0,-0.2,0.4666666666666667,-3.0,7.0,3.0,31
210.1328125,42.78463363647461,8.556926727294922,1000.0,0.0,-0.2,0.5333333333333333,-3.0,8.0,3.0,31
215.5544891357422,39.197418212890625,7.839483642578125,1000.0,0.0,-0.2,0.6,-3.0,9.0,3.0,31
207.61831665039062,33.92876434326172,6.785752868652343,1000.0,0.0,-0.2,0.6666666666666666,-3.0,10.0,3.0,31
212.02003479003906,37.65642166137695,7.531284332275391,1000.0,0.0,-0.2,0.7333333333333333,-3.0,11.0,3.0,31
206.787109375,32.06884765625,6.41376953125,1000.0,0.0,-0.2,0.8,-3.0,12.0,3.0,31
208.28746032714844,50.02462387084961,10.004924774169922,1000.0,0.0,-0.2,0.8666666666666667,-3.0,13.0,3.0,31
212.7460174560547,57.93551254272461,11.587102508544922,1000.0,0.0,-0.2,0.9333333333333333,-3.0,14.0,3.0,31
228.78329467773438,54.87678527832031,10.975357055664062,1000.0,0.0,-0.2,1.0,-3.0,15.0,3.0,31
185.70298767089844,18.61309242248535,3.7226184844970702,1000.0,0.0,-0.13333333333333333,-1.0,-2.0,-15.0,3.0,31
184.15296936035156,21.80177879333496,4.3603557586669925,1000.0,0.0,-0.13333333333333333,-0.9333333333333333,-2.0,-14.0,3.0,31
185.82553100585938,20.916112899780273,4.1832225799560545,1000.0,0.0,-0.13333333333333333,-0.8666666666666667,-2.0,-13.0,3.0,31
185.45376586914062,19.079242706298828,3.815848541259766,1000.0,0.0,-0.13333333333333333,-0.8,-2.0,-12.0,3.0,31
184.39385986328125,18.55597686767578,3.711195373535156,1000.0,0.0,-0.13333333333333333,-0.7333333333333333,-2.0,-11.0,3.0,31
191.26324462890625,26.544652938842773,5.308930587768555,1000.0,0.0,-0.13333333333333333,-0.6666666666666666,-2.0,-10.0,3.0,31
204.30291748046875,39.66079330444336,7.932158660888672,1000.0,0.0,-0.13333333333333333,-0.6,-2.0,-9.0,3.0,31
228.19058227539062,49.872802734375,9.974560546875,1000.0,0.0,-0.13333333333333333,-0.5333333333333333,-2.0,-8.0,3.0,31
331.3258972167969,107.9249496459961,21.584989929199217,1000.0,0.0,-0.13333333333333333,-0.4666666666666667,-2.0,-7.0,3.0,31
267.2895202636719,71.6677017211914,14.333540344238282,1000.0,0.0,-0.13333333333333333,-0.4,-2.0,-6.0,3.0,31
200.1294403076172,24.971824645996094,4.994364929199219,1000.0,0.0,-0.13333333333333333,-0.3333333333333333,-2.0,-5.0,3.0,31
194.7018585205078,19.498767852783203,3.8997535705566406,1000.0,0.0,-0.13333333333333333,-0.26666666666666666,-2.0,-4.0,3.0,31
202.74429321289062,27.689302444458008,5.537860488891601,1000.0,0.0,-0.13333333333333333,-0.2,-2.0,-3.0,3.0,31
270.875732421875,89.03888702392578,17.807777404785156,1000.0,0.0,-0.13333333333333333,-0.13333333333333333,-2.0,-2.0,3.0,31
450.3550720214844,181.89857482910156,36.37971496582031,1000.0,0.0,-0.13333333333333333,-0.06666666666666667,-2.0,-1.0,3.0,31
604.5426025390625,174.1475830078125,34.8295166015625,1000.0,0.0,-0.13333333333333333,0.0,-2.0,0.0,3.0,31
504.4336853027344,213.92169189453125,42.78433837890625,1000.0,0.0,-0.13333333333333333,0.06666666666666667,-2.0,1.0,3.0,31
292.7514343261719,95.04363250732422,19.008726501464842,1000.0,0.0,-0.13333333333333333,0.13333333333333333,-2.0,2.0,3.0,31
227.3170928955078,61.16123580932617,12.232247161865235,1000.0,0.0,-0.13333333333333333,0.2,-2.0,3.0,3.0,31
354.1853942871094,144.18673706054688,28.837347412109374,1000.0,0.0,-0.13333333333333333,0.26666666666666666,-2.0,4.0,3.0,31
349.8619384765625,140.27392578125,28.05478515625,1000.0,0.0,-0.13333333333333333,0.3333333333333333,-2.0,5.0,3.0,31
371.7445373535156,147.75132751464844,29.550265502929687,1000.0,0.0,-0.13333333333333333,0.4,-2.0,6.0,3.0,31
264.1910705566406,89.02346801757812,17.804693603515624,1000.0,0.0,-0.13333333333333333,0.4666666666666667,-2.0,7.0,3.0,31
225.29058837890625,46.56533432006836,9.313066864013672,1000.0,0.0,-0.13333333333333333,0.5333333333333333,-2.0,8.0,3.0,31
224.60281372070312,47.846343994140625,9.569268798828125,1000.0,0.0,-0.13333333333333333,0.6,-2.0,9.0,3.0,31
230.66119384765625,48.2581901550293,9.65163803100586,1000.0,0.0,-0.13333333333333333,0.6666666666666666,-2.0,10.0,3.0,31
224.3081512451172,39.25132369995117,7.8502647399902346,1000.0,0.0,-0.13333333333333333,0.7333333333333333,-2.0,11.0,3.0,31
235.0516357421875,54.26918029785156,10.853836059570312,1000.0,0.0,-0.13333333333333333,0.8,-2.0,12.0,3.0,31
242.0307159423828,56.67506790161133,11.335013580322265,1000.0,0.0,-0.13333333333333333,0.8666666666666667,-2.0,13.0,3.0,31
284.5025939941406,93.92517852783203,18.785035705566408,1000.0,0.0,-0.13333333333333333,0.9333333333333333,-2.0,14.0,3.0,31
394.6839904785156,110.29893493652344,22.059786987304687,1000.0,0.0,-0.13333333333333333,1.0,-2.0,15.0,3.0,31
182.13589477539062,16.360231399536133,3.2720462799072267,1000.0,0.0,-0.06666666666666667,-1.0,-1.0,-15.0,3.0,31
183.0821533203125,17.111343383789062,3.4222686767578123,1000.0,0.0,-0.06666666666666667,-0.9333333333333333,-1.0,-14.0,3.0,31
184.60763549804688,16.553897857666016,3.310779571533203,1000.0,0.0,-0.06666666666666667,-0.8666666666666667,-1.0,-13.0,3.0,31
223.96421813964844,41.710994720458984,8.342198944091797,1000.0,0.0,-0.06666666666666667,-0.8,-1.0,-12.0,3.0,31
262.3312072753906,65.47750854492188,13.095501708984376,1000.0,0.0,-0.06666666666666667,-0.7333333333333333,-1.0,-11.0,3.0,31
246.03427124023438,53.94017028808594,10.788034057617187,1000.0,0.0,-0.06666666666666667,-0.6666666666666666,-1.0,-10.0,3.0,31
235.01873779296875,47.95292663574219,9.590585327148437,1000.0,0.0,-0.06666666666666667,-0.6,-1.0,-9.0,3.0,31
227.28675842285156,37.78826904296875,7.55765380859375,1000.0,0.0,-0.06666666666666667,-0.5333333333333333,-1.0,-8.0,3.0,31
213.9687957763672,30.65219497680664,6.130438995361328,1000.0,0.0,-0.06666666666666667,-0.4666666666666667,-1.0,-7.0,3.0,31
245.4550323486328,54.29976272583008,10.859952545166015,1000.0,0.0,-0.06666666666666667,-0.4,-1.0,-6.0,3.0,31
219.26190185546875,36.548030853271484,7.3096061706542965,1000.0,0.0,-0.06666666666666667,-0.3333333333333333,-1.0,-5.0,3.0,31
252.32135009765625,53.432674407958984,10.686534881591797,1000.0,0.0,-0.06666666666666667,-0.26666666666666666,-1.0,-4.0,3.0,31
261.4330749511719,61.97029495239258,12.394058990478516,1000.0,0.0,-0.06666666666666667,-0.2,-1.0,-3.0,3.0,31
345.1064147949219,74.68733978271484,14.937467956542969,1000.0,0.0,-0.06666666666666667,-0.13333333333333333,-1.0,-2.0,3.0,31
722.5100708007812,158.79443359375,31.75888671875,1000.0,0.0,-0.06666666666666667,-0.06666666666666667,-1.0,-1.0,3.0,31
853.263916015625,79.34334564208984,15.868669128417968,1000.0,0.0,-0.06666666666666667,0.0,-1.0,0.0,3.0,31
826.8013305664062,166.35858154296875,33.27171630859375,1000.0,0.0,-0.06666666666666667,0.06666666666666667,-1.0,1.0,3.0,31
426.06427001953125,185.45742797851562,37.091485595703126,1000.0,0.0,-0.06666666666666667,0.13333333333333333,-1.0,2.0,3.0,31
251.38768005371094,91.97169494628906,18.39433898925781,1000.0,0.0,-0.06666666666666667,0.2,-1.0,3.0,3.0,31
368.8832702636719,121.18304443359375,24.23660888671875,1000.0,0.0,-0.06666666666666667,0.26666666666666666,-1.0,4.0,3.0,31
419.7385559082031,132.32896423339844,26.465792846679687,1000.0,0.0,-0.06666666666666667,0.3333333333333333,-1.0,5.0,3.0,31
408.2900085449219,148.69529724121094,29.739059448242188,1000.0,0.0,-0.06666666666666667,0.4,-1.0,6.0,3.0,31
426.1468505859375,144.46090698242188,28.892181396484375,1000.0,0.0,-0.06666666666666667,0.4666666666666667,-1.0,7.0,3.0,31
314.0740966796875,88.61113739013672,17.722227478027342,1000.0,0.0,-0.06666666666666667,0.5333333333333333,-1.0,8.0,3.0,31
307.5279541015625,94.8241195678711,18.964823913574218,1000.0,0.0,-0.06666666666666667,0.6,-1.0,9.0,3.0,31
281.0933532714844,58.87437057495117,11.774874114990235,1000.0,0.0,-0.06666666666666667,0.6666666666666666,-1.0,10.0,3.0,31
317.0455627441406,93.78282165527344,18.756564331054687,1000.0,0.0,-0.06666666666666667,0.7333333333333333,-1.0,11.0,3.0,31
327.64385986328125,56.932456970214844,11.386491394042968,1000.0,0.0,-0.06666666666666667,0.8,-1.0,12.0,3.0,31
314.6326599121094,69.16573333740234,13.833146667480468,1000.0,0.0,-0.06666666666666667,0.8666666666666667,-1.0,13.0,3.0,31
331.34539794921875,69.27772521972656,13.855545043945312,1000.0,0.0,-0.06666666666666667,0.9333333333333333,-1.0,14.0,3.0,31
341.99652099609375,78.58811950683594,15.717623901367187,1000.0,0.0,-0.06666666666666667,1.0,-1.0,15.0,3.0,31
183.5137176513672,15.72888469696045,3.14577693939209,1000.0,0.0,0.0,-1.0,0.0,-15.0,3.0,31
193.97328186035156,24.62236976623535,4.9244739532470705,1000.0,0.0,0.0,-0.9333333333333333,0.0,-14.0,3.0,31
266.799560546875,75.39118194580078,15.078236389160157,1000.0,0.0,0.0,-0.8666666666666667,0.0,-13.0,3.0,31
274.534912109375,76.75563049316406,15.351126098632813,1000.0,0.0,0.0,-0.8,0.0,-12.0,3.0,31
274.4394836425781,67.74353790283203,13.548707580566406,1000.0,0.0,0.0,-0.7333333333333333,0.0,-11.0,3.0,31
209.08270263671875,25.682235717773438,5.136447143554688,1000.0,0.0,0.0,-0.6666666666666666,0.0,-10.0,3.0,31
189.07301330566406,22.650379180908203,4.5300758361816404,1000.0,0.0,0.0,-0.6,0.0,-9.0,3.0,31
211.73748779296875,33.64593505859375,6.72918701171875,1000.0,0.0,0.0,-0.5333333333333333,0.0,-8.0,3.0,31
211.39816284179688,31.91349983215332,6.382699966430664,1000.0,0.0,0.0,-0.4666666666666667,0.0,-7.0,3.0,31
215.8319854736328,30.603668212890625,6.120733642578125,1000.0,0.0,0.0,-0.4,0.0,-6.0,3.0,31
213.82037353515625,27.53676414489746,5.507352828979492,1000.0,0.0,0.0,-0.3333333333333333,0.0,-5.0,3.0,31
267.3782958984375,71.66650390625,14.33330078125,1000.0,0.0,0.0,-0.26666666666666666,0.0,-4.0,3.0,31
326.4613342285156,65.67507934570312,13.135015869140625,1000.0,0.0,0.0,-0.2,0.0,-3.0,3.0,31
558.6862182617188,101.90536499023438,20.381072998046875,1000.0,0.0,0.0,-0.13333333333333333,0.0,-2.0,3.0,31
814.0471801757812,175.70745849609375,35.14149169921875,1000.0,0.0,0.0,-0.06666666666666667,0.0,-1.0,3.0,31
953.3477172851562,27.22482681274414,5.444965362548828,1000.0,0.0,0.0,0.0,0.0,0.0,3.0,31
878.6906127929688,81.13929748535156,16.227859497070312,1000.0,0.0,0.0,0.06666666666666667,0.0,1.0,3.0,31
689.9271240234375,166.62063598632812,33.324127197265625,1000.0,0.0,0.0,0.13333333333333333,0.0,2.0,3.0,31
275.9862365722656,110.30348205566406,22.060696411132813,1000.0,0.0,0.0,0.2,0.0,3.0,3.0,31
268.0908508300781,88.42137908935547,17.684275817871093,1000.0,0.0,0.0,0.26666666666666666,0.0,4.0,3.0,31
439.5779724121094,83.10856628417969,16.62171325683594,1000.0,0.0,0.0,0.3333333333333333,0.0,5.0,3.0,31
447.2223815917969,167.9300994873047,33.586019897460936,1000.0,0.0,0.0,0.4,0.0,6.0,3.0,31
367.858642578125,185.8528594970703,37.170571899414064,1000.0,0.0,0.0,0.4666666666666667,0.0,7.0,3.0,31
447.5076599121094,130.9195556640625,26.1839111328125,1000.0,0.0,0.0,0.5333333333333333,0.0,8.0,3.0,31
455.0849609375,84.00140380859375,16.80028076171875,1000.0,0.0,0.0,0.6,0.0,9.0,3.0,31
476.5426940917969,123.94392395019531,24.788784790039063,1000.0,0.0,0.0,0.6666666666666666,0.0,10.0,3.0,31
458.49609375,79.24254608154297,15.848509216308594,1000.0,0.0,0.0,0.7333333333333333,0.0,11.0,3.0,31
420.9646911621094,74.54228973388672,14.908457946777343,1000.0,0.0,0.0,0.8,0.0,12.0,3.0,31
396.2249755859375,61.509639739990234,12.301927947998047,1000.0,0.0,0.0,0.8666666666666667,0.0,13.0,3.0,31
393.9779052734375,77.4264907836914,15.485298156738281,1000.0,0.0,0.0,0.9333333333333333,0.0,14.0,3.0,31
365.5605163574219,75.4325180053711,15.086503601074218,1000.0,0.0,0.0,1.0,0.0,15.0,3.0,31
216.5881805419922,41.569664001464844,8.313932800292969,1000.0,0.0,0.06666666666666667,-1.0,1.0,-15.0,3.0,31
277.15362548828125,68.68475341796875,13.73695068359375,1000.0,0.0,0.06666666666666667,-0.9333333333333333,1.0,-14.0,3.0,31
258.4710693359375,56.42125701904297,11.284251403808593,1000.0,0.0,0.06666666666666667,-0.8666666666666667,1.0,-13.0,3.0,31
264.808349609375,65.42991638183594,13.085983276367188,1000.0,0.0,0.06666666666666667,-0.8,1.0,-12.0,3.0,31
225.0553741455078,46.975223541259766,9.395044708251953,1000.0,0.0,0.06666666666666667,-0.7333333333333333,1.0,-11.0,3.0,31
188.55874633789062,18.205995559692383,3.6411991119384766,1000.0,0.0,0.06666666666666667,-0.6666666666666666,1.0,-10.0,3.0,31
188.6518096923828,19.2640323638916,3.8528064727783202,1000.0,0.0,0.06666666666666667,-0.6,1.0,-9.0,3.0,31
194.3694305419922,23.948123931884766,4.789624786376953,1000.0,0.0,0.06666666666666667,-0.5333333333333333,1.0,-8.0,3.0,31
203.05714416503906,26.045385360717773,5.209077072143555,1000.0,0.0,0.06666666666666667,-0.4666666666666667,1.0,-7.0,3.0,31
198.9433135986328,22.364171981811523,4.4728343963623045,1000.0,0.0,0.06666666666666667,-0.4,1.0,-6.0,3.0,31
203.6800994873047,25.810230255126953,5.16204605102539,1000.0,0.0,0.06666666666666667,-0.3333333333333333,1.0,-5.0,3.0,31
249.484375,37.73917770385742,7.5478355407714846,1000.0,0.0,0.06666666666666667,-0.26666666666666666,1.0,-4.0,3.0,31
327.3921203613281,77.54886627197266,15.509773254394531,1000.0,0.0,0.06666666666666667,-0.2,1.0,-3.0,3.0,31
628.66015625,60.163902282714844,12.03278045654297,1000.0,0.0,0.06666666666666667,-0.13333333333333333,1.0,-2.0,3.0,31
698.7516479492188,209.1662139892578,41.83324279785156,1000.0,0.0,0.06666666666666667,-0.06666666666666667,1.0,-1.0,3.0,31
876.2344360351562,41.52796936035156,8.305593872070313,1000.0,0.0,0.06666666666666667,0.0,1.0,0.0,3.0,31
769.59375,77.87944793701172,15.575889587402344,1000.0,0.0,0.06666666666666667,0.06666666666666667,1.0,1.0,3.0,31
617.35498046875,165.54513549804688,33.10902709960938,1000.0,0.0,0.06666666666666667,0.13333333333333333,1.0,2.0,3.0,31
269.50946044921875,91.42622375488281,18.285244750976563,1000.0,0.0,0.06666666666666667,0.2,1.0,3.0,3.0,31
221.6890106201172,47.32135772705078,9.464271545410156,1000.0,0.0,0.06666666666666667,0.26666666666666666,1.0,4.0,3.0,31
244.06298828125,58.10824966430664,11.621649932861327,1000.0,0.0,0.06666666666666667,0.3333333333333333,1.0,5.0,3.0,31
454.8470764160156,101.96218872070312,20.392437744140626,1000.0,0.0,0.06666666666666667,0.4,1.0,6.0,3.0,31
433.3087158203125,138.95697021484375,27.79139404296875,1000.0,0.0,0.06666666666666667,0.4666666666666667,1.0,7.0,3.0,31
468.9523010253906,124.66737365722656,24.933474731445312,1000.0,0.0,0.06666666666666667,0.5333333333333333,1.0,8.0,3.0,31
438.8453369140625,101.9184799194336,20.383695983886717,1000.0,0.0,0.06666666666666667,0.6,1.0,9.0,3.0,31
436.0476989746094,98.82701873779297,19.765403747558594,1000.0,0.0,0.06666666666666667,0.6666666666666666,1.0,10.0,3.0,31
462.2167663574219,73.06201171875,14.61240234375,1000.0,0.0,0.06666666666666667,0.7333333333333333,1.0,11.0,3.0,31
430.4012145996094,75.75135803222656,15.150271606445312,1000.0,0.0,0.06666666666666667,0.8,1.0,12.0,3.0,31
416.7647399902344,65.88636779785156,13.177273559570313,1000.0,0.0,0.06666666666666667,0.8666666666666667,1.0,13.0,3.0,31
411.7333068847656,54.18472671508789,10.836945343017579,1000.0,0.0,0.06666666666666667,0.9333333333333333,1.0,14.0,3.0,31
377.0396728515625,64.23561096191406,12.847122192382812,1000.0,0.0,0.06666666666666667,1.0,1.0,15.0,3.0,31
230.62191772460938,41.64530563354492,8.329061126708984,1000.0,0.0,0.13333333333333333,-1.0,2.0,-15.0,3.0,31
233.10548400878906,40.290435791015625,8.058087158203126,1000.0,0.0,0.13333333333333333,-0.9333333333333333,2.0,-14.0,3.0,31
229.3564453125,42.73114013671875,8.54622802734375,1000.0,0.0,0.13333333333333333,-0.8666666666666667,2.0,-13.0,3.0,31
207.38897705078125,26.503496170043945,5.300699234008789,1000.0,0.0,0.13333333333333333,-0.8,2.0,-12.0,3.0,31
193.11447143554688,22.82276725769043,4.564553451538086,1000.0,0.0,0.13333333333333333,-0.7333333333333333,2.0,-11.0,3.0,31
189.27796936035156,16.088571548461914,3.217714309692383,1000.0,0.0,0.13333333333333333,-0.6666666666666666,2.0,-10.0,3.0,31
199.27789306640625,33.94977569580078,6.789955139160156,1000.0,0.0,0.13333333333333333,-0.6,2.0,-9.0,3.0,31
206.24049377441406,25.925853729248047,5.185170745849609,1000.0,0.0,0.13333333333333333,-0.5333333333333333,2.0,-8.0,3.0,31
204.85105895996094,29.760936737060547,5.952187347412109,1000.0,0.0,0.13333333333333333,-0.4666666666666667,2.0,-7.0,3.0,31
201.11410522460938,25.99115753173828,5.198231506347656,1000.0,0.0,0.13333333333333333,-0.4,2.0,-6.0,3.0,31
197.30755615234375,23.2714786529541,4.65429573059082,1000.0,0.0,0.13333333333333333,-0.3333333333333333,2.0,-5.0,3.0,31
213.2381591796875,36.49182891845703,7.298365783691406,1000.0,0.0,0.13333333333333333,-0.26666666666666666,2.0,-4.0,3.0,31
355.3602600097656,135.82513427734375,27.16502685546875,1000.0,0.0,0.13333333333333333,-0.2,2.0,-3.0,3.0,31
440.27069091796875,146.8281707763672,29.365634155273437,1000.0,0.0,0.13333333333333333,-0.13333333333333333,2.0,-2.0,3.0,31
587.4427490234375,123.67543029785156,24.735086059570314,1000.0,0.0,0.13333333333333333,-0.06666666666666667,2.0,-1.0,3.0,31
630.2079467773438,102.0775375366211,20.415507507324218,1000.0,0.0,0.13333333333333333,0.0,2.0,0.0,3.0,31
490.6444091796875,201.3553466796875,40.2710693359375,1000.0,0.0,0.13333333333333333,0.06666666666666667,2.0,1.0,3.0,31
330.9991455078125,141.08106994628906,28.216213989257813,1000.0,0.0,0.13333333333333333,0.13333333333333333,2.0,2.0,3.0,31
233.26136779785156,63.750404357910156,12.750080871582032,1000.0,0.0,0.13333333333333333,0.2,2.0,3.0,3.0,31
226.02142333984375,53.84601593017578,10.769203186035156,1000.0,0.0,0.13333333333333333,0.26666666666666666,2.0,4.0,3.0,31
250.91433715820312,75.4888916015625,15.0977783203125,1000.0,0.0,0.13333333333333333,0.3333333333333333,2.0,5.0,3.0,31
272.23602294921875,99.30187225341797,19.860374450683594,1000.0,0.0,0.13333333333333333,0.4,2.0,6.0,3.0,31
432.10211181640625,109.77207946777344,21.95441589355469,1000.0,0.0,0.13333333333333333,0.4666666666666667,2.0,7.0,3.0,31
453.48760986328125,89.1384048461914,17.82768096923828,1000.0,0.0,0.13333333333333333,0.5333333333333333,2.0,8.0,3.0,31
472.8804931640625,76.3539047241211,15.270780944824219,1000.0,0.0,0.13333333333333333,0.6,2.0,9.0,3.0,31
466.8961181640625,91.38591003417969,18.277182006835936,1000.0,0.0,0.13333333333333333,0.6666666666666666,2.0,10.0,3.0,31
396.9784240722656,94.04878234863281,18.809756469726562,1000.0,0.0,0.13333333333333333,0.7333333333333333,2.0,11.0,3.0,31
436.509521484375,76.08018493652344,15.216036987304687,1000.0,0.0,0.13333333333333333,0.8,2.0,12.0,3.0,31
455.11602783203125,60.47463607788086,12.094927215576172,1000.0,0.0,0.13333333333333333,0.8666666666666667,2.0,13.0,3.0,31
416.33331298828125,60.92113494873047,12.184226989746094,1000.0,0.0,0.13333333333333333,0.9333333333333333,2.0,14.0,3.0,31
407.27947998046875,44.04859161376953,8.809718322753906,1000.0,0.0,0.13333333333333333,1.0,2.0,15.0,3.0,31
205.4774932861328,30.142974853515625,6.028594970703125,1000.0,0.0,0.2,-1.0,3.0,-15.0,3.0,31
222.63287353515625,44.18247604370117,8.836495208740235,1000.0,0.0,0.2,-0.9333333333333333,3.0,-14.0,3.0,31
226.4359588623047,35.41442108154297,7.082884216308594,1000.0,0.0,0.2,-0.8666666666666667,3.0,-13.0,3.0,31
233.2840576171875,54.73907470703125,10.94781494140625,1000.0,0.0,0.2,-0.8,3.0,-12.0,3.0,31
216.95265197753906,37.668296813964844,7.533659362792969,1000.0,0.0,0.2,-0.7333333333333333,3.0,-11.0,3.0,31
210.02310180664062,32.657047271728516,6.531409454345703,1000.0,0.0,0.2,-0.6666666666666666,3.0,-10.0,3.0,31
217.18519592285156,32.2327880859375,6.4465576171875,1000.0,0.0,0.2,-0.6,3.0,-9.0,3.0,31
210.4329071044922,37.9460563659668,7.589211273193359,1000.0,0.0,0.2,-0.5333333333333333,3.0,-8.0,3.0,31
222.31622314453125,32.61586380004883,6.523172760009766,1000.0,0.0,0.2,-0.4666666666666667,3.0,-7.0,3.0,31
228.8042755126953,41.35123825073242,8.270247650146484,1000.0,0.0,0.2,-0.4,3.0,-6.0,3.0,31
244.98574829101562,50.730918884277344,10.14618377685547,1000.0,0.0,0.2,-0.3333333333333333,3.0,-5.0,3.0,31
317.6224670410156,82.53813171386719,16.507626342773438,1000.0,0.0,0.2,-0.26666666666666666,3.0,-4.0,3.0,31
312.71539306640625,97.85734558105469,19.571469116210938,1000.0,0.0,0.2,-0.2,3.0,-3.0,3.0,31
336.7547607421875,101.35812377929688,20.271624755859374,1000.0,0.0,0.2,-0.13333333333333333,3.0,-2.0,3.0,31
331.021728515625,97.03346252441406,19.406692504882812,1000.0,0.0,0.2,-0.06666666666666667,3.0,-1.0,3.0,31
272.4119873046875,92.48281860351562,18.496563720703126,1000.0,0.0,0.2,0.0,3.0,0.0,3.0,31
344.0906982421875,192.32003784179688,38.46400756835938,1000.0,0.0,0.2,0.06666666666666667,3.0,1.0,3.0,31
285.5251770019531,97.12934112548828,19.425868225097656,1000.0,0.0,0.2,0.13333333333333333,3.0,2.0,3.0,31
250.23313903808594,83.53478240966797,16.706956481933595,1000.0,0.0,0.2,0.2,3.0,3.0,3.0,31
203.9618682861328,41.44731140136719,8.289462280273437,1000.0,0.0,0.2,0.26666666666666666,3.0,4.0,3.0,31
263.7501220703125,59.39417266845703,11.878834533691407,1000.0,0.0,0.2,0.3333333333333333,3.0,5.0,3.0,31
226.81314086914062,60.45309066772461,12.090618133544922,1000.0,0.0,0.2,0.4,3.0,6.0,3.0,31
275.69464111328125,82.95765686035156,16.591531372070314,1000.0,0.0,0.2,0.4666666666666667,3.0,7.0,3.0,31
438.6271057128906,73.9653091430664,14.793061828613281,1000.0,0.0,0.2,0.5333333333333333,3.0,8.0,3.0,31
356.0030517578125,120.03964233398438,24.007928466796876,1000.0,0.0,0.2,0.6,3.0,9.0,3.0,31
367.38153076171875,100.41643524169922,20.083287048339844,1000.0,0.0,0.2,0.6666666666666666,3.0,10.0,3.0,31
398.04266357421875,100.64083862304688,20.128167724609376,1000.0,0.0,0.2,0.7333333333333333,3.0,11.0,3.0,31
432.99163818359375,79.39586639404297,15.879173278808594,1000.0,0.0,0.2,0.8,3.0,12.0,3.0,31
430.0520324707031,64.54450225830078,12.908900451660156,1000.0,0.0,0.2,0.8666666666666667,3.0,13.0,3.0,31
408.9620666503906,61.32157897949219,12.264315795898437,1000.0,0.0,0.2,0.9333333333333333,3.0,14.0,3.0,31
418.4268798828125,48.90899658203125,9.78179931640625,1000.0,0.0,0.2,1.0,3.0,15.0,3.0,31
214.9766082763672,43.48484420776367,8.696968841552735,1000.0,0.0,0.26666666666666666,-1.0,4.0,-15.0,3.0,31
212.36863708496094,35.81006622314453,7.162013244628906,1000.0,0.0,0.26666666666666666,-0.9333333333333333,4.0,-14.0,3.0,31
219.53326416015625,40.399723052978516,8.079944610595703,1000.0,0.0,0.26666666666666666,-0.8666666666666667,4.0,-13.0,3.0,31
226.87484741210938,58.075347900390625,11.615069580078124,1000.0,0.0,0.26666666666666666,-0.8,4.0,-12.0,3.0,31
235.32989501953125,58.51311492919922,11.702622985839843,1000.0,0.0,0.26666666666666666,-0.7333333333333333,4.0,-11.0,3.0,31
235.7002410888672,40.490081787109375,8.098016357421875,1000.0,0.0,0.26666666666666666,-0.6666666666666666,4.0,-10.0,3.0,31
231.75758361816406,41.65817642211914,8.331635284423829,1000.0,0.0,0.26666666666666666,-0.6,4.0,-9.0,3.0,31
234.42364501953125,46.72038269042969,9.344076538085938,1000.0,0.0,0.26666666666666666,-0.5333333333333333,4.0,-8.0,3.0,31
267.590576171875,62.56450653076172,12.512901306152344,1000.0,0.0,0.26666666666666666,-0.4666666666666667,4.0,-7.0,3.0,31
274.13018798828125,63.799461364746094,12.75989227294922,1000.0,0.0,0.26666666666666666,-0.4,4.0,-6.0,3.0,31
298.34130859375,58.69001388549805,11.73800277709961,1000.0,0.0,0.26666666666666666,-0.3333333333333333,4.0,-5.0,3.0,31
278.6920471191406,71.53828430175781,14.307656860351562,1000.0,0.0,0.26666666666666666,-0.26666666666666666,4.0,-4.0,3.0,31
243.31703186035156,58.43582534790039,11.687165069580079,1000.0,0.0,0.26666666666666666,-0.2,4.0,-3.0,3.0,31
209.39425659179688,40.850406646728516,8.170081329345702,1000.0,0.0,0.26666666666666666,-0.13333333333333333,4.0,-2.0,3.0,31
227.36898803710938,55.91971206665039,11.183942413330078,1000.0,0.0,0.26666666666666666,-0.06666666666666667,4.0,-1.0,3.0,31
306.5036315917969,103.39568328857422,20.679136657714842,1000.0,0.0,0.26666666666666666,0.0,4.0,0.0,3.0,31
453.6639099121094,134.8692169189453,26.973843383789063,1000.0,0.0,0.26666666666666666,0.06666666666666667,4.0,1.0,3.0,31
431.5971984863281,139.57095336914062,27.914190673828124,1000.0,0.0,0.26666666666666666,0.13333333333333333,4.0,2.0,3.0,31
417.0521240234375,126.91675567626953,25.383351135253907,1000.0,0.0,0.26666666666666666,0.2,4.0,3.0,3.0,31
306.8345642089844,140.49493408203125,28.09898681640625,1000.0,0.0,0.26666666666666666,0.26666666666666666,4.0,4.0,3.0,31
245.8378448486328,62.39823913574219,12.479647827148437,1000.0,0.0,0.26666666666666666,0.3333333333333333,4.0,5.0,3.0,31
220.5800018310547,49.1175537109375,9.8235107421875,1000.0,0.0,0.26666666666666666,0.4,4.0,6.0,3.0,31
233.81907653808594,59.4117317199707,11.88234634399414,1000.0,0.0,0.26666666666666666,0.4666666666666667,4.0,7.0,3.0,31
261.1025085449219,67.83147430419922,13.566294860839843,1000.0,0.0,0.26666666666666666,0.5333333333333333,4.0,8.0,3.0,31
343.6629943847656,99.40665435791016,19.88133087158203,1000.0,0.0,0.26666666666666666,0.6,4.0,9.0,3.0,31
354.5063781738281,117.02122497558594,23.40424499511719,1000.0,0.0,0.26666666666666666,0.6666666666666666,4.0,10.0,3.0,31
367.3914489746094,91.31584167480469,18.263168334960938,1000.0,0.0,0.26666666666666666,0.7333333333333333,4.0,11.0,3.0,31
389.426025390625,97.16683959960938,19.433367919921874,1000.0,0.0,0.26666666666666666,0.8,4.0,12.0,3.0,31
416.2037048339844,90.08247375488281,18.016494750976562,1000.0,0.0,0.26666666666666666,0.8666666666666667,4.0,13.0,3.0,31
442.8544921875,60.58069610595703,12.116139221191407,1000.0,0.0,0.26666666666666666,0.9333333333333333,4.0,14.0,3.0,31
428.4103088378906,68.7174072265625,13.7434814453125,1000.0,0.0,0.26666666666666666,1.0,4.0,15.0,3.0,31
243.8377685546875,94.44483947753906,18.88896789550781,1000.0,0.0,0.3333333333333333,-1.0,5.0,-15.0,3.0,31
265.83648681640625,107.96820068359375,21.59364013671875,1000.0,0.0,0.3333333333333333,-0.9333333333333333,5.0,-14.0,3.0,31
272.87677001953125,104.35078430175781,20.870156860351564,1000.0,0.0,0.3333333333333333,-0.8666666666666667,5.0,-13.0,3.0,31
275.0679626464844,84.21558380126953,16.843116760253906,1000.0,0.0,0.3333333333333333,-0.8,5.0,-12.0,3.0,31
256.63067626953125,78.41381072998047,15.682762145996094,1000.0,0.0,0.3333333333333333,-0.7333333333333333,5.0,-11.0,3.0,31
267.2476806640625,76.90213012695312,15.380426025390625,1000.0,0.0,0.3333333333333333,-0.6666666666666666,5.0,-10.0,3.0,31
261.467041015625,71.2720947265625,14.2544189453125,1000.0,0.0,0.3333333333333333,-0.6,5.0,-9.0,3.0,31
268.91461181640625,51.490440368652344,10.298088073730469,1000.0,0.0,0.3333333333333333,-0.5333333333333333,5.0,-8.0,3.0,31
267.0597839355469,38.454734802246094,7.690946960449219,1000.0,0.0,0.3333333333333333,-0.4666666666666667,5.0,-7.0,3.0,31
250.79354858398438,49.390384674072266,9.878076934814453,1000.0,0.0,0.3333333333333333,-0.4,5.0,-6.0,3.0,31
238.19654846191406,61.32347106933594,12.264694213867188,1000.0,0.0,0.3333333333333333,-0.3333333333333333,5.0,-5.0,3.0,31
283.787841796875,93.71173858642578,18.742347717285156,1000.0,0.0,0.3333333333333333,-0.26666666666666666,5.0,-4.0,3.0,31
290.6888427734375,92.91284942626953,18.582569885253907,1000.0,0.0,0.3333333333333333,-0.2,5.0,-3.0,3.0,31
239.1189422607422,98.29600524902344,19.659201049804686,1000.0,0.0,0.3333333333333333,-0.13333333333333333,5.0,-2.0,3.0,31
218.91085815429688,81.91981506347656,16.38396301269531,1000.0,0.0,0.3333333333333333,-0.06666666666666667,5.0,-1.0,3.0,31
244.11849975585938,71.37681579589844,14.275363159179687,1000.0,0.0,0.3333333333333333,0.0,5.0,0.0,3.0,31
359.83721923828125,132.90060424804688,26.580120849609376,1000.0,0.0,0.3333333333333333,0.06666666666666667,5.0,1.0,3.0,31
293.3973083496094,109.21286010742188,21.842572021484376,1000.0,0.0,0.3333333333333333,0.13333333333333333,5.0,2.0,3.0,31
282.5914306640625,129.597900390625,25.919580078125,1000.0,0.0,0.3333333333333333,0.2,5.0,3.0,3.0,31
266.22271728515625,113.83053588867188,22.766107177734376,1000.0,0.0,0.3333333333333333,0.26666666666666666,5.0,4.0,3.0,31
291.0562744140625,122.56651306152344,24.513302612304688,1000.0,0.0,0.3333333333333333,0.3333333333333333,5.0,5.0,3.0,31
278.1229553222656,123.92603302001953,24.785206604003907,1000.0,0.0,0.3333333333333333,0.4,5.0,6.0,3.0,31
232.7216796875,72.1268081665039,14.425361633300781,1000.0,0.0,0.3333333333333333,0.4666666666666667,5.0,7.0,3.0,31
232.97894287109375,46.7682991027832,9.35365982055664,1000.0,0.0,0.3333333333333333,0.5333333333333333,5.0,8.0,3.0,31
298.9254455566406,93.09503173828125,18.61900634765625,1000.0,0.0,0.3333333333333333,0.6,5.0,9.0,3.0,31
286.4991149902344,84.0069351196289,16.80138702392578,1000.0,0.0,0.3333333333333333,0.6666666666666666,5.0,10.0,3.0,31
334.1172790527344,100.28462982177734,20.056925964355468,1000.0,0.0,0.3333333333333333,0.7333333333333333,5.0,11.0,3.0,31
329.6344909667969,107.16566467285156,21.433132934570313,1000.0,0.0,0.3333333333333333,0.8,5.0,12.0,3.0,31
330.8249206542969,102.32364654541016,20.46472930908203,1000.0,0.0,0.3333333333333333,0.8666666666666667,5.0,13.0,3.0,31
344.5367431640625,98.34403228759766,19.66880645751953,1000.0,0.0,0.3333333333333333,0.9333333333333333,5.0,14.0,3.0,31
410.9659729003906,60.873863220214844,12.174772644042969,1000.0,0.0,0.3333333333333333,1.0,5.0,15.0,3.0,31
188.82647705078125,34.789825439453125,6.957965087890625,1000.0,0.0,0.4,-1.0,6.0,-15.0,3.0,31
201.5601043701172,27.002668380737305,5.400533676147461,1000.0,0.0,0.4,-0.9333333333333333,6.0,-14.0,3.0,31
232.1373291015625,64.63927459716797,12.927854919433594,1000.0,0.0,0.4,-0.8666666666666667,6.0,-13.0,3.0,31
286.06463623046875,78.484375,15.696875,1000.0,0.0,0.4,-0.8,6.0,-12.0,3.0,31
245.84535217285156,49.86726760864258,9.973453521728516,1000.0,0.0,0.4,-0.7333333333333333,6.0,-11.0,3.0,31
248.7631072998047,46.932254791259766,9.386450958251952,1000.0,0.0,0.4,-0.6666666666666666,6.0,-10.0,3.0,31
268.3437194824219,36.58177185058594,7.316354370117187,1000.0,0.0,0.4,-0.6,6.0,-9.0,3.0,31
264.55206298828125,37.43452835083008,7.486905670166015,1000.0,0.0,0.4,-0.5333333333333333,6.0,-8.0,3.0,31
275.83837890625,45.393131256103516,9.078626251220703,1000.0,0.0,0.4,-0.4666666666666667,6.0,-7.0,3.0,31
288.0003356933594,36.90602493286133,7.381204986572266,1000.0,0.0,0.4,-0.4,6.0,-6.0,3.0,31
299.78228759765625,68.71231079101562,13.742462158203125,1000.0,0.0,0.4,-0.3333333333333333,6.0,-5.0,3.0,31
293.06475830078125,81.06392669677734,16.21278533935547,1000.0,0.0,0.4,-0.26666666666666666,6.0,-4.0,3.0,31
241.57806396484375,52.71263122558594,10.542526245117188,1000.0,0.0,0.4,-0.2,6.0,-3.0,3.0,31
202.9447479248047,39.16887283325195,7.833774566650391,1000.0,0.0,0.4,-0.13333333333333333,6.0,-2.0,3.0,31
250.06297302246094,81.3579330444336,16.271586608886718,1000.0,0.0,0.4,-0.06666666666666667,6.0,-1.0,3.0,31
233.92062377929688,88.9101333618164,17.78202667236328,1000.0,0.0,0.4,0.0,6.0,0.0,3.0,31
240.92449951171875,104.09919738769531,20.819839477539062,1000.0,0.0,0.4,0.06666666666666667,6.0,1.0,3.0,31
221.7147979736328,48.14616394042969,9.629232788085938,1000.0,0.0,0.4,0.13333333333333333,6.0,2.0,3.0,31
216.97315979003906,43.71135330200195,8.74227066040039,1000.0,0.0,0.4,0.2,6.0,3.0,3.0,31
236.14413452148438,46.64752197265625,9.32950439453125,1000.0,0.0,0.4,0.26666666666666666,6.0,4.0,3.0,31
239.78097534179688,81.75080108642578,16.350160217285158,1000.0,0.0,0.4,0.3333333333333333,6.0,5.0,3.0,31
239.9722900390625,72.84465789794922,14.568931579589844,1000.0,0.0,0.4,0.4,6.0,6.0,3.0,31
285.227783203125,111.84901428222656,22.36980285644531,1000.0,0.0,0.4,0.4666666666666667,6.0,7.0,3.0,31
255.7720184326172,98.4137191772461,19.68274383544922,1000.0,0.0,0.4,0.5333333333333333,6.0,8.0,3.0,31
281.659912109375,81.95101165771484,16.39020233154297,1000.0,0.0,0.4,0.6,6.0,9.0,3.0,31
338.2831726074219,116.17343139648438,23.234686279296874,1000.0,0.0,0.4,0.6666666666666666,6.0,10.0,3.0,31
325.9361572265625,128.09432983398438,25.618865966796875,1000.0,0.0,0.4,0.7333333333333333,6.0,11.0,3.0,31
335.8963317871094,99.11275482177734,19.822550964355468,1000.0,0.0,0.4,0.8,6.0,12.0,3.0,31
346.5708312988281,83.92469024658203,16.784938049316406,1000.0,0.0,0.4,0.8666666666666667,6.0,13.0,3.0,31
341.8581237792969,108.35537719726562,21.671075439453126,1000.0,0.0,0.4,0.9333333333333333,6.0,14.0,3.0,31
313.2969665527344,100.65631866455078,20.131263732910156,1000.0,0.0,0.4,1.0,6.0,15.0,3.0,31
186.7173309326172,16.826196670532227,3.3652393341064455,1000.0,0.0,0.4666666666666667,-1.0,7.0,-15.0,3.0,31
196.1186065673828,37.89105987548828,7.578211975097656,1000.0,0.0,0.4666666666666667,-0.9333333333333333,7.0,-14.0,3.0,31
204.2954559326172,29.094148635864258,5.818829727172852,1000.0,0.0,0.4666666666666667,-0.8666666666666667,7.0,-13.0,3.0,31
201.9901123046875,33.89801788330078,6.779603576660156,1000.0,0.0,0.4666666666666667,-0.8,7.0,-12.0,3.0,31
247.61587524414062,56.65089797973633,11.330179595947266,1000.0,0.0,0.4666666666666667,-0.7333333333333333,7.0,-11.0,3.0,31
273.7564392089844,36.13869857788086,7.227739715576172,1000.0,0.0,0.4666666666666667,-0.6666666666666666,7.0,-10.0,3.0,31
273.40093994140625,46.78502655029297,9.357005310058593,1000.0,0.0,0.4666666666666667,-0.6,7.0,-9.0,3.0,31
298.114013671875,55.73075485229492,11.146150970458985,1000.0,0.0,0.4666666666666667,-0.5333333333333333,7.0,-8.0,3.0,31
312.2570495605469,29.143543243408203,5.828708648681641,1000.0,0.0,0.4666666666666667,-0.4666666666666667,7.0,-7.0,3.0,31
279.7138671875,45.63750457763672,9.127500915527344,1000.0,0.0,0.4666666666666667,-0.4,7.0,-6.0,3.0,31
317.96875,92.58075714111328,18.516151428222656,1000.0,0.0,0.4666666666666667,-0.3333333333333333,7.0,-5.0,3.0,31
274.422607421875,85.35986328125,17.07197265625,1000.0,0.0,0.4666666666666667,-0.26666666666666666,7.0,-4.0,3.0,31
243.51187133789062,71.9448471069336,14.388969421386719,1000.0,0.0,0.4666666666666667,-0.2,7.0,-3.0,3.0,31
204.29347229003906,36.951332092285156,7.390266418457031,1000.0,0.0,0.4666666666666667,-0.13333333333333333,7.0,-2.0,3.0,31
332.0146484375,189.94363403320312,37.98872680664063,1000.0,0.0,0.4666666666666667,-0.06666666666666667,7.0,-1.0,3.0,31
217.3778076171875,57.00103759765625,11.40020751953125,1000.0,0.0,0.4666666666666667,0.0,7.0,0.0,3.0,31
219.3505859375,65.72050476074219,13.144100952148438,1000.0,0.0,0.4666666666666667,0.06666666666666667,7.0,1.0,3.0,31
257.0429992675781,90.91409301757812,18.182818603515624,1000.0,0.0,0.4666666666666667,0.13333333333333333,7.0,2.0,3.0,31
222.02032470703125,73.07891845703125,14.61578369140625,1000.0,0.0,0.4666666666666667,0.2,7.0,3.0,3.0,31
196.03558349609375,40.75050735473633,8.150101470947266,1000.0,0.0,0.4666666666666667,0.26666666666666666,7.0,4.0,3.0,31
228.33230590820312,69.76009368896484,13.952018737792969,1000.0,0.0,0.4666666666666667,0.3333333333333333,7.0,5.0,3.0,31
246.35861206054688,76.45270538330078,15.290541076660157,1000.0,0.0,0.4666666666666667,0.4,7.0,6.0,3.0,31
241.9735107421875,86.85828399658203,17.371656799316405,1000.0,0.0,0.4666666666666667,0.4666666666666667,7.0,7.0,3.0,31
302.8847961425781,97.82846069335938,19.565692138671874,1000.0,0.0,0.4666666666666667,0.5333333333333333,7.0,8.0,3.0,31
325.7684631347656,110.08283996582031,22.016567993164063,1000.0,0.0,0.4666666666666667,0.6,7.0,9.0,3.0,31
329.4731140136719,107.01140594482422,21.402281188964842,1000.0,0.0,0.4666666666666667,0.6666666666666666,7.0,10.0,3.0,31
359.9490661621094,138.85362243652344,27.770724487304687,1000.0,0.0,0.4666666666666667,0.7333333333333333,7.0,11.0,3.0,31
328.313720703125,118.8707046508789,23.774140930175783,1000.0,0.0,0.4666666666666667,0.8,7.0,12.0,3.0,31
331.37823486328125,115.93201446533203,23.186402893066408,1000.0,0.0,0.4666666666666667,0.8666666666666667,7.0,13.0,3.0,31
331.9241027832031,92.65860748291016,18.53172149658203,1000.0,0.0,0.4666666666666667,0.9333333333333333,7.0,14.0,3.0,31
320.8261413574219,104.54557037353516,20.90911407470703,1000.0,0.0,0.4666666666666667,1.0,7.0,15.0,3.0,31
180.6592254638672,14.99605655670166,2.999211311340332,1000.0,0.0,0.5333333333333333,-1.0,8.0,-15.0,3.0,31
204.1474151611328,29.861726760864258,5.972345352172852,1000.0,0.0,0.5333333333333333,-0.9333333333333333,8.0,-14.0,3.0,31
213.1504364013672,37.083011627197266,7.416602325439453,1000.0,0.0,0.5333333333333333,-0.8666666666666667,8.0,-13.0,3.0,31
230.04212951660156,39.910465240478516,7.982093048095703,1000.0,0.0,0.5333333333333333,-0.8,8.0,-12.0,3.0,31
267.052978515625,31.495399475097656,6.299079895019531,1000.0,0.0,0.5333333333333333,-0.7333333333333333,8.0,-11.0,3.0,31
291.4783935546875,48.15493392944336,9.630986785888672,1000.0,0.0,0.5333333333333333,-0.6666666666666666,8.0,-10.0,3.0,31
313.7568359375,59.70309066772461,11.940618133544922,1000.0,0.0,0.5333333333333333,-0.6,8.0,-9.0,3.0,31
311.915771484375,53.7028923034668,10.74057846069336,1000.0,0.0,0.5333333333333333,-0.5333333333333333,8.0,-8.0,3.0,31
306.2531433105469,43.00421142578125,8.60084228515625,1000.0,0.0,0.5333333333333333,-0.4666666666666667,8.0,-7.0,3.0,31
277.1263122558594,55.0927848815918,11.01855697631836,1000.0,0.0,0.5333333333333333,-0.4,8.0,-6.0,3.0,31
246.6820068359375,72.22376251220703,14.444752502441407,1000.0,0.0,0.5333333333333333,-0.3333333333333333,8.0,-5.0,3.0,31
217.42388916015625,40.4001350402832,8.080027008056641,1000.0,0.0,0.5333333333333333,-0.26666666666666666,8.0,-4.0,3.0,31
206.65716552734375,37.245819091796875,7.449163818359375,1000.0,0.0,0.5333333333333333,-0.2,8.0,-3.0,3.0,31
224.91009521484375,78.93976593017578,15.787953186035157,1000.0,0.0,0.5333333333333333,-0.13333333333333333,8.0,-2.0,3.0,31
247.83966064453125,81.7497329711914,16.349946594238283,1000.0,0.0,0.5333333333333333,-0.06666666666666667,8.0,-1.0,3.0,31
220.49160766601562,50.46665954589844,10.093331909179687,1000.0,0.0,0.5333333333333333,0.0,8.0,0.0,3.0,31
228.74649047851562,57.23905563354492,11.447811126708984,1000.0,0.0,0.5333333333333333,0.06666666666666667,8.0,1.0,3.0,31
244.80299377441406,68.38327026367188,13.676654052734374,1000.0,0.0,0.5333333333333333,0.13333333333333333,8.0,2.0,3.0,31
242.75048828125,77.46697998046875,15.49339599609375,1000.0,0.0,0.5333333333333333,0.2,8.0,3.0,3.0,31
239.98593139648438,87.72234344482422,17.544468688964844,1000.0,0.0,0.5333333333333333,0.26666666666666666,8.0,4.0,3.0,31
219.79757690429688,67.78572082519531,13.557144165039062,1000.0,0.0,0.5333333333333333,0.3333333333333333,8.0,5.0,3.0,31
210.4216766357422,53.4095344543457,10.68190689086914,1000.0,0.0,0.5333333333333333,0.4,8.0,6.0,3.0,31
211.6346435546875,70.66434478759766,14.13286895751953,1000.0,0.0,0.5333333333333333,0.4666666666666667,8.0,7.0,3.0,31
273.8896789550781,94.12036895751953,18.824073791503906,1000.0,0.0,0.5333333333333333,0.5333333333333333,8.0,8.0,3.0,31
290.1978759765625,85.6225814819336,17.12451629638672,1000.0,0.0,0.5333333333333333,0.6,8.0,9.0,3.0,31
304.55377197265625,83.6901626586914,16.73803253173828,1000.0,0.0,0.5333333333333333,0.6666666666666666,8.0,10.0,3.0,31
327.09112548828125,107.4117660522461,21.48235321044922,1000.0,0.0,0.5333333333333333,0.7333333333333333,8.0,11.0,3.0,31
334.3042907714844,85.65426635742188,17.130853271484376,1000.0,0.0,0.5333333333333333,0.8,8.0,12.0,3.0,31
319.0292663574219,102.59259033203125,20.51851806640625,1000.0,0.0,0.5333333333333333,0.8666666666666667,8.0,13.0,3.0,31
357.36370849609375,99.59867858886719,19.919735717773438,1000.0,0.0,0.5333333333333333,0.9333333333333333,8.0,14.0,3.0,31
305.3155212402344,79.87672424316406,15.975344848632812,1000.0,0.0,0.5333333333333333,1.0,8.0,15.0,3.0,31
205.58316040039062,30.12310791015625,6.02462158203125,1000.0,0.0,0.6,-1.0,9.0,-15.0,3.0,31
215.73562622070312,43.190696716308594,8.638139343261718,1000.0,0.0,0.6,-0.9333333333333333,9.0,-14.0,3.0,31
232.20571899414062,43.61187744140625,8.72237548828125,1000.0,0.0,0.6,-0.8666666666666667,9.0,-13.0,3.0,31
252.6237335205078,42.212764739990234,8.442552947998047,1000.0,0.0,0.6,-0.8,9.0,-12.0,3.0,31
236.6109619140625,43.49765396118164,8.699530792236327,1000.0,0.0,0.6,-0.7333333333333333,9.0,-11.0,3.0,31
300.00665283203125,31.972257614135742,6.394451522827149,1000.0,0.0,0.6,-0.6666666666666666,9.0,-10.0,3.0,31
315.55633544921875,24.482261657714844,4.896452331542969,1000.0,0.0,0.6,-0.6,9.0,-9.0,3.0,31
286.84063720703125,39.669368743896484,7.9338737487792965,1000.0,0.0,0.6,-0.5333333333333333,9.0,-8.0,3.0,31
279.86798095703125,37.949161529541016,7.589832305908203,1000.0,0.0,0.6,-0.4666666666666667,9.0,-7.0,3.0,31
247.09561157226562,51.80558395385742,10.361116790771485,1000.0,0.0,0.6,-0.4,9.0,-6.0,3.0,31
211.6103973388672,36.83909225463867,7.367818450927734,1000.0,0.0,0.6,-0.3333333333333333,9.0,-5.0,3.0,31
204.78594970703125,33.680904388427734,6.7361808776855465,1000.0,0.0,0.6,-0.26666666666666666,9.0,-4.0,3.0,31
221.28427124023438,49.95420455932617,9.990840911865234,1000.0,0.0,0.6,-0.2,9.0,-3.0,3.0,31
210.45053100585938,46.445377349853516,9.289075469970703,1000.0,0.0,0.6,-0.13333333333333333,9.0,-2.0,3.0,31
265.9490661621094,83.71006774902344,16.74201354980469,1000.0,0.0,0.6,-0.06666666666666667,9.0,-1.0,3.0,31
220.0983428955078,49.18501663208008,9.837003326416015,1000.0,0.0,0.6,0.0,9.0,0.0,3.0,31
203.13238525390625,40.5943603515625,8.1188720703125,1000.0,0.0,0.6,0.06666666666666667,9.0,1.0,3.0,31
255.47218322753906,68.06687927246094,13.613375854492187,1000.0,0.0,0.6,0.13333333333333333,9.0,2.0,3.0,31
234.3007354736328,54.12321090698242,10.824642181396484,1000.0,0.0,0.6,0.2,9.0,3.0,3.0,31
243.73654174804688,87.88587951660156,17.577175903320313,1000.0,0.0,0.6,0.26666666666666666,9.0,4.0,3.0,31
213.2703094482422,48.52031707763672,9.704063415527344,1000.0,0.0,0.6,0.3333333333333333,9.0,5.0,3.0,31
250.35214233398438,77.85694122314453,15.571388244628906,1000.0,0.0,0.6,0.4,9.0,6.0,3.0,31
216.26800537109375,56.27403259277344,11.254806518554688,1000.0,0.0,0.6,0.4666666666666667,9.0,7.0,3.0,31
264.6722717285156,77.29818725585938,15.459637451171876,1000.0,0.0,0.6,0.5333333333333333,9.0,8.0,3.0,31
339.6952819824219,78.57915496826172,15.715830993652343,1000.0,0.0,0.6,0.6,9.0,9.0,3.0,31
331.721435546875,99.13843536376953,19.827687072753907,1000.0,0.0,0.6,0.6666666666666666,9.0,10.0,3.0,31
326.7564697265625,105.06180572509766,21.012361145019533,1000.0,0.0,0.6,0.7333333333333333,9.0,11.0,3.0,31
337.3363952636719,95.06016540527344,19.01203308105469,1000.0,0.0,0.6,0.8,9.0,12.0,3.0,31
373.9073181152344,81.56050872802734,16.312101745605467,1000.0,0.0,0.6,0.8666666666666667,9.0,13.0,3.0,31
355.0433349609375,98.39359283447266,19.67871856689453,1000.0,0.0,0.6,0.9333333333333333,9.0,14.0,3.0,31
319.1540222167969,91.07037353515625,18.21407470703125,1000.0,0.0,0.6,1.0,9.0,15.0,3.0,31
217.89297485351562,47.36948776245117,9.473897552490234,1000.0,0.0,0.6666666666666666,-1.0,10.0,-15.0,3.0,31
219.28875732421875,39.92259979248047,7.984519958496094,1000.0,0.0,0.6666666666666666,-0.9333333333333333,10.0,-14.0,3.0,31
236.59823608398438,38.40251922607422,7.680503845214844,1000.0,0.0,0.6666666666666666,-0.8666666666666667,10.0,-13.0,3.0,31
247.06576538085938,39.48899841308594,7.897799682617188,1000.0,0.0,0.6666666666666666,-0.8,10.0,-12.0,3.0,31
266.0270690917969,40.79279708862305,8.158559417724609,1000.0,0.0,0.6666666666666666,-0.7333333333333333,10.0,-11.0,3.0,31
294.51104736328125,41.09007263183594,8.218014526367188,1000.0,0.0,0.6666666666666666,-0.6666666666666666,10.0,-10.0,3.0,31
261.90130615234375,44.96522903442383,8.993045806884766,1000.0,0.0,0.6666666666666666,-0.6,10.0,-9.0,3.0,31
256.8485412597656,40.13779830932617,8.027559661865235,1000.0,0.0,0.6666666666666666,-0.5333333333333333,10.0,-8.0,3.0,31
210.7848663330078,23.71868896484375,4.74373779296875,1000.0,0.0,0.6666666666666666,-0.4666666666666667,10.0,-7.0,3.0,31
225.20477294921875,36.25718688964844,7.251437377929688,1000.0,0.0,0.6666666666666666,-0.4,10.0,-6.0,3.0,31
199.6444854736328,33.68695068359375,6.73739013671875,1000.0,0.0,0.6666666666666666,-0.3333333333333333,10.0,-5.0,3.0,31
204.1074676513672,32.832889556884766,6.566577911376953,1000.0,0.0,0.6666666666666666,-0.26666666666666666,10.0,-4.0,3.0,31
227.4305419921875,61.81804656982422,12.363609313964844,1000.0,0.0,0.6666666666666666,-0.2,10.0,-3.0,3.0,31
223.64808654785156,51.57474136352539,10.314948272705077,1000.0,0.0,0.6666666666666666,-0.13333333333333333,10.0,-2.0,3.0,31
241.7123260498047,70.88363647460938,14.176727294921875,1000.0,0.0,0.6666666666666666,-0.06666666666666667,10.0,-1.0,3.0,31
213.64990234375,51.51007080078125,10.30201416015625,1000.0,0.0,0.6666666666666666,0.0,10.0,0.0,3.0,31
234.5625762939453,69.9561996459961,13.991239929199219,1000.0,0.0,0.6666666666666666,0.06666666666666667,10.0,1.0,3.0,31
242.08677673339844,60.2615966796875,12.0523193359375,1000.0,0.0,0.6666666666666666,0.13333333333333333,10.0,2.0,3.0,31
238.63003540039062,66.70848083496094,13.341696166992188,1000.0,0.0,0.6666666666666666,0.2,10.0,3.0,3.0,31
249.25425720214844,77.47247314453125,15.49449462890625,1000.0,0.0,0.6666666666666666,0.26666666666666666,10.0,4.0,3.0,31
211.6343536376953,38.666019439697266,7.733203887939453,1000.0,0.0,0.6666666666666666,0.3333333333333333,10.0,5.0,3.0,31
200.16448974609375,42.99134063720703,8.598268127441406,1000.0,0.0,0.6666666666666666,0.4,10.0,6.0,3.0,31
245.5607452392578,74.28692626953125,14.85738525390625,1000.0,0.0,0.6666666666666666,0.4666666666666667,10.0,7.0,3.0,31
236.8314971923828,78.26863098144531,15.653726196289062,1000.0,0.0,0.6666666666666666,0.5333333333333333,10.0,8.0,3.0,31
285.7389221191406,93.55406951904297,18.710813903808592,1000.0,0.0,0.6666666666666666,0.6,10.0,9.0,3.0,31
311.2036437988281,98.90160369873047,19.780320739746095,1000.0,0.0,0.6666666666666666,0.6666666666666666,10.0,10.0,3.0,31
326.63330078125,80.23872375488281,16.047744750976562,1000.0,0.0,0.6666666666666666,0.7333333333333333,10.0,11.0,3.0,31
338.6553955078125,84.48661804199219,16.897323608398438,1000.0,0.0,0.6666666666666666,0.8,10.0,12.0,3.0,31
358.1665954589844,105.41061401367188,21.082122802734375,1000.0,0.0,0.6666666666666666,0.8666666666666667,10.0,13.0,3.0,31
344.9722900390625,70.56700897216797,14.113401794433594,1000.0,0.0,0.6666666666666666,0.9333333333333333,10.0,14.0,3.0,31
313.7899475097656,70.29488372802734,14.058976745605468,1000.0,0.0,0.6666666666666666,1.0,10.0,15.0,3.0,31
235.4478759765625,52.266780853271484,10.453356170654297,1000.0,0.0,0.7333333333333333,-1.0,11.0,-15.0,3.0,31
232.0474853515625,40.078128814697266,8.015625762939454,1000.0,0.0,0.7333333333333333,-0.9333333333333333,11.0,-14.0,3.0,31
239.87771606445312,47.919776916503906,9.583955383300781,1000.0,0.0,0.7333333333333333,-0.8666666666666667,11.0,-13.0,3.0,31
233.04087829589844,40.87642288208008,8.175284576416015,1000.0,0.0,0.7333333333333333,-0.8,11.0,-12.0,3.0,31
276.90362548828125,36.101871490478516,7.220374298095703,1000.0,0.0,0.7333333333333333,-0.7333333333333333,11.0,-11.0,3.0,31
259.60369873046875,40.114200592041016,8.022840118408203,1000.0,0.0,0.7333333333333333,-0.6666666666666666,11.0,-10.0,3.0,31
233.60186767578125,40.427162170410156,8.085432434082032,1000.0,0.0,0.7333333333333333,-0.6,11.0,-9.0,3.0,31
209.9902801513672,28.169214248657227,5.633842849731446,1000.0,0.0,0.7333333333333333,-0.5333333333333333,11.0,-8.0,3.0,31
213.55984497070312,34.42882537841797,6.885765075683594,1000.0,0.0,0.7333333333333333,-0.4666666666666667,11.0,-7.0,3.0,31
209.12095642089844,30.453092575073242,6.090618515014649,1000.0,0.0,0.7333333333333333,-0.4,11.0,-6.0,3.0,31
209.0960693359375,42.269073486328125,8.453814697265624,1000.0,0.0,0.7333333333333333,-0.3333333333333333,11.0,-5.0,3.0,31
202.4142608642578,25.524532318115234,5.104906463623047,1000.0,0.0,0.7333333333333333,-0.26666666666666666,11.0,-4.0,3.0,31
222.90306091308594,46.33613586425781,9.267227172851562,1000.0,0.0,0.7333333333333333,-0.2,11.0,-3.0,3.0,31
199.2862091064453,35.18102264404297,7.036204528808594,1000.0,0.0,0.7333333333333333,-0.13333333333333333,11.0,-2.0,3.0,31
216.5490264892578,56.334693908691406,11.266938781738281,1000.0,0.0,0.7333333333333333,-0.06666666666666667,11.0,-1.0,3.0,31
231.0250244140625,62.3561897277832,12.471237945556641,1000.0,0.0,0.7333333333333333,0.0,11.0,0.0,3.0,31
218.38719177246094,50.145111083984375,10.029022216796875,1000.0,0.0,0.7333333333333333,0.06666666666666667,11.0,1.0,3.0,31
251.8209228515625,73.98542785644531,14.797085571289063,1000.0,0.0,0.7333333333333333,0.13333333333333333,11.0,2.0,3.0,31
257.5200500488281,89.1449966430664,17.828999328613282,1000.0,0.0,0.7333333333333333,0.2,11.0,3.0,3.0,31
237.43634033203125,56.9482307434082,11.38964614868164,1000.0,0.0,0.7333333333333333,0.26666666666666666,11.0,4.0,3.0,31
242.38632202148438,71.44232177734375,14.28846435546875,1000.0,0.0,0.7333333333333333,0.3333333333333333,11.0,5.0,3.0,31
209.61474609375,46.721309661865234,9.344261932373048,1000.0,0.0,0.7333333333333333,0.4,11.0,6.0,3.0,31
227.8389129638672,68.03070068359375,13.60614013671875,1000.0,0.0,0.7333333333333333,0.4666666666666667,11.0,7.0,3.0,31
220.78704833984375,54.55435562133789,10.910871124267578,1000.0,0.0,0.7333333333333333,0.5333333333333333,11.0,8.0,3.0,31
256.123291015625,85.85623931884766,17.17124786376953,1000.0,0.0,0.7333333333333333,0.6,11.0,9.0,3.0,31
276.6885070800781,95.9071273803711,19.181425476074217,1000.0,0.0,0.7333333333333333,0.6666666666666666,11.0,10.0,3.0,31
291.7679748535156,87.11697387695312,17.423394775390626,1000.0,0.0,0.7333333333333333,0.7333333333333333,11.0,11.0,3.0,31
301.9489440917969,64.02643585205078,12.805287170410157,1000.0,0.0,0.7333333333333333,0.8,11.0,12.0,3.0,31
351.3433837890625,107.76420593261719,21.552841186523438,1000.0,0.0,0.7333333333333333,0.8666666666666667,11.0,13.0,3.0,31
370.30023193359375,70.40010070800781,14.080020141601562,1000.0,0.0,0.7333333333333333,0.9333333333333333,11.0,14.0,3.0,31
342.5610046386719,80.58574676513672,16.117149353027344,1000.0,0.0,0.7333333333333333,1.0,11.0,15.0,3.0,31
226.45973205566406,45.978782653808594,9.195756530761718,1000.0,0.0,0.8,-1.0,12.0,-15.0,3.0,31
247.2097625732422,50.883583068847656,10.176716613769532,1000.0,0.0,0.8,-0.9333333333333333,12.0,-14.0,3.0,31
257.9627380371094,46.73281478881836,9.346562957763672,1000.0,0.0,0.8,-0.8666666666666667,12.0,-13.0,3.0,31
256.63995361328125,40.74371337890625,8.14874267578125,1000.0,0.0,0.8,-0.8,12.0,-12.0,3.0,31
254.78053283691406,37.334693908691406,7.466938781738281,1000.0,0.0,0.8,-0.7333333333333333,12.0,-11.0,3.0,31
215.3617706298828,32.3383674621582,6.467673492431641,1000.0,0.0,0.8,-0.6666666666666666,12.0,-10.0,3.0,31
210.79428100585938,36.774169921875,7.354833984375,1000.0,0.0,0.8,-0.6,12.0,-9.0,3.0,31
209.05043029785156,26.763996124267578,5.3527992248535154,1000.0,0.0,0.8,-0.5333333333333333,12.0,-8.0,3.0,31
210.1228485107422,22.983381271362305,4.596676254272461,1000.0,0.0,0.8,-0.4666666666666667,12.0,-7.0,3.0,31
210.8837890625,25.320240020751953,5.064048004150391,1000.0,0.0,0.8,-0.4,12.0,-6.0,3.0,31
214.4921875,39.49712371826172,7.899424743652344,1000.0,0.0,0.8,-0.3333333333333333,12.0,-5.0,3.0,31
205.12460327148438,40.56289291381836,8.112578582763671,1000.0,0.0,0.8,-0.26666666666666666,12.0,-4.0,3.0,31
217.53244018554688,58.516685485839844,11.703337097167969,1000.0,0.0,0.8,-0.2,12.0,-3.0,3.0,31
226.60414123535156,84.04072570800781,16.808145141601564,1000.0,0.0,0.8,-0.13333333333333333,12.0,-2.0,3.0,31
217.7233428955078,71.87989807128906,14.375979614257812,1000.0,0.0,0.8,-0.06666666666666667,12.0,-1.0,3.0,31
224.10365295410156,51.989173889160156,10.397834777832031,1000.0,0.0,0.8,0.0,12.0,0.0,3.0,31
252.0045928955078,75.93289947509766,15.18657989501953,1000.0,0.0,0.8,0.06666666666666667,12.0,1.0,3.0,31
226.05508422851562,74.15995788574219,14.831991577148438,1000.0,0.0,0.8,0.13333333333333333,12.0,2.0,3.0,31
261.1718444824219,64.95319366455078,12.990638732910156,1000.0,0.0,0.8,0.2,12.0,3.0,3.0,31
238.89808654785156,45.26960372924805,9.05392074584961,1000.0,0.0,0.8,0.26666666666666666,12.0,4.0,3.0,31
259.55743408203125,59.14872360229492,11.829744720458985,1000.0,0.0,0.8,0.3333333333333333,12.0,5.0,3.0,31
228.65919494628906,61.05158996582031,12.210317993164063,1000.0,0.0,0.8,0.4,12.0,6.0,3.0,31
237.9891815185547,58.2710075378418,11.65420150756836,1000.0,0.0,0.8,0.4666666666666667,12.0,7.0,3.0,31
224.06396484375,55.20677947998047,11.041355895996094,1000.0,0.0,0.8,0.5333333333333333,12.0,8.0,3.0,31
242.19642639160156,70.5749740600586,14.11499481201172,1000.0,0.0,0.8,0.6,12.0,9.0,3.0,31
243.32371520996094,60.036415100097656,12.007283020019532,1000.0,0.0,0.8,0.6666666666666666,12.0,10.0,3.0,31
244.47459411621094,63.27077102661133,12.654154205322266,1000.0,0.0,0.8,0.7333333333333333,12.0,11.0,3.0,31
300.84246826171875,80.86225128173828,16.172450256347656,1000.0,0.0,0.8,0.8,12.0,12.0,3.0,31
322.7234191894531,77.01591491699219,15.403182983398438,1000.0,0.0,0.8,0.8666666666666667,12.0,13.0,3.0,31
332.3843078613281,91.62284851074219,18.324569702148438,1000.0,0.0,0.8,0.9333333333333333,12.0,14.0,3.0,31
339.2806396484375,86.4110336303711,17.282206726074218,1000.0,0.0,0.8,1.0,12.0,15.0,3.0,31
228.55340576171875,42.856056213378906,8.571211242675782,1000.0,0.0,0.8666666666666667,-1.0,13.0,-15.0,3.0,31
230.38397216796875,46.50183868408203,9.300367736816407,1000.0,0.0,0.8666666666666667,-0.9333333333333333,13.0,-14.0,3.0,31
242.64315795898438,52.81992721557617,10.563985443115234,1000.0,0.0,0.8666666666666667,-0.8666666666666667,13.0,-13.0,3.0,31
233.8999786376953,43.076725006103516,8.615345001220703,1000.0,0.0,0.8666666666666667,-0.8,13.0,-12.0,3.0,31
208.68959045410156,26.547048568725586,5.309409713745117,1000.0,0.0,0.8666666666666667,-0.7333333333333333,13.0,-11.0,3.0,31
213.8436279296875,28.948123931884766,5.789624786376953,1000.0,0.0,0.8666666666666667,-0.6666666666666666,13.0,-10.0,3.0,31
200.48348999023438,19.21926498413086,3.843852996826172,1000.0,0.0,0.8666666666666667,-0.6,13.0,-9.0,3.0,31
211.94947814941406,27.102670669555664,5.420534133911133,1000.0,0.0,0.8666666666666667,-0.5333333333333333,13.0,-8.0,3.0,31
208.3660888671875,31.576984405517578,6.315396881103515,1000.0,0.0,0.8666666666666667,-0.4666666666666667,13.0,-7.0,3.0,31
211.4730987548828,30.048887252807617,6.009777450561524,1000.0,0.0,0.8666666666666667,-0.4,13.0,-6.0,3.0,31
193.38357543945312,21.416828155517578,4.283365631103516,1000.0,0.0,0.8666666666666667,-0.3333333333333333,13.0,-5.0,3.0,31
212.10023498535156,38.69740295410156,7.739480590820312,1000.0,0.0,0.8666666666666667,-0.26666666666666666,13.0,-4.0,3.0,31
197.20249938964844,45.289512634277344,9.057902526855468,1000.0,0.0,0.8666666666666667,-0.2,13.0,-3.0,3.0,31
207.75050354003906,53.487586975097656,10.697517395019531,1000.0,0.0,0.8666666666666667,-0.13333333333333333,13.0,-2.0,3.0,31
227.65545654296875,59.93960189819336,11.987920379638672,1000.0,0.0,0.8666666666666667,-0.06666666666666667,13.0,-1.0,3.0,31
227.96116638183594,52.40652847290039,10.481305694580078,1000.0,0.0,0.8666666666666667,0.0,13.0,0.0,3.0,31
233.86773681640625,69.6793212890625,13.9358642578125,1000.0,0.0,0.8666666666666667,0.06666666666666667,13.0,1.0,3.0,31
234.01060485839844,55.536895751953125,11.107379150390624,1000.0,0.0,0.8666666666666667,0.13333333333333333,13.0,2.0,3.0,31
231.76145935058594,66.37291717529297,13.274583435058593,1000.0,0.0,0.8666666666666667,0.2,13.0,3.0,3.0,31
219.6761474609375,43.60774612426758,8.721549224853515,1000.0,0.0,0.8666666666666667,0.26666666666666666,13.0,4.0,3.0,31
232.27044677734375,35.60380935668945,7.120761871337891,1000.0,0.0,0.8666666666666667,0.3333333333333333,13.0,5.0,3.0,31
251.14222717285156,50.648826599121094,10.12976531982422,1000.0,0.0,0.8666666666666667,0.4,13.0,6.0,3.0,31
232.0120849609375,52.15625762939453,10.431251525878906,1000.0,0.0,0.8666666666666667,0.4666666666666667,13.0,7.0,3.0,31
226.7842559814453,58.48019027709961,11.696038055419923,1000.0,0.0,0.8666666666666667,0.5333333333333333,13.0,8.0,3.0,31
247.20550537109375,72.22726440429688,14.445452880859374,1000.0,0.0,0.8666666666666667,0.6,13.0,9.0,3.0,31
209.05154418945312,43.41443634033203,8.682887268066406,1000.0,0.0,0.8666666666666667,0.6666666666666666,13.0,10.0,3.0,31
237.01522827148438,64.00521850585938,12.801043701171874,1000.0,0.0,0.8666666666666667,0.7333333333333333,13.0,11.0,3.0,31
251.60032653808594,68.7811050415039,13.75622100830078,1000.0,0.0,0.8666666666666667,0.8,13.0,12.0,3.0,31
336.845703125,73.95746612548828,14.791493225097657,1000.0,0.0,0.8666666666666667,0.8666666666666667,13.0,13.0,3.0,31
318.2699890136719,83.38870239257812,16.677740478515624,1000.0,0.0,0.8666666666666667,0.9333333333333333,13.0,14.0,3.0,31
338.8809814453125,79.51756286621094,15.903512573242187,1000.0,0.0,0.8666666666666667,1.0,13.0,15.0,3.0,31
263.0494079589844,54.2902717590332,10.85805435180664,1000.0,0.0,0.9333333333333333,-1.0,14.0,-15.0,3.0,31
245.4701385498047,42.21400833129883,8.442801666259765,1000.0,0.0,0.9333333333333333,-0.9333333333333333,14.0,-14.0,3.0,31
226.77310180664062,36.502708435058594,7.300541687011719,1000.0,0.0,0.9333333333333333,-0.8666666666666667,14.0,-13.0,3.0,31
221.80996704101562,38.4205207824707,7.684104156494141,1000.0,0.0,0.9333333333333333,-0.8,14.0,-12.0,3.0,31
213.26828002929688,32.831722259521484,6.566344451904297,1000.0,0.0,0.9333333333333333,-0.7333333333333333,14.0,-11.0,3.0,31
211.65577697753906,26.785396575927734,5.357079315185547,1000.0,0.0,0.9333333333333333,-0.6666666666666666,14.0,-10.0,3.0,31
215.92691040039062,33.123477935791016,6.624695587158203,1000.0,0.0,0.9333333333333333,-0.6,14.0,-9.0,3.0,31
209.60125732421875,26.83538246154785,5.36707649230957,1000.0,0.0,0.9333333333333333,-0.5333333333333333,14.0,-8.0,3.0,31
212.10626220703125,28.00695037841797,5.601390075683594,1000.0,0.0,0.9333333333333333,-0.4666666666666667,14.0,-7.0,3.0,31
204.02037048339844,27.26177978515625,5.45235595703125,1000.0,0.0,0.9333333333333333,-0.4,14.0,-6.0,3.0,31
208.47195434570312,42.08367919921875,8.41673583984375,1000.0,0.0,0.9333333333333333,-0.3333333333333333,14.0,-5.0,3.0,31
192.6411895751953,32.30944061279297,6.461888122558594,1000.0,0.0,0.9333333333333333,-0.26666666666666666,14.0,-4.0,3.0,31
205.79534912109375,36.058536529541016,7.211707305908203,1000.0,0.0,0.9333333333333333,-0.2,14.0,-3.0,3.0,31
201.75880432128906,35.502769470214844,7.100553894042969,1000.0,0.0,0.9333333333333333,-0.13333333333333333,14.0,-2.0,3.0,31
198.92367553710938,44.258602142333984,8.851720428466797,1000.0,0.0,0.9333333333333333,-0.06666666666666667,14.0,-1.0,3.0,31
210.88015747070312,35.131168365478516,7.026233673095703,1000.0,0.0,0.9333333333333333,0.0,14.0,0.0,3.0,31
224.9233856201172,53.28285217285156,10.656570434570312,1000.0,0.0,0.9333333333333333,0.06666666666666667,14.0,1.0,3.0,31
243.54611206054688,70.70745849609375,14.14149169921875,1000.0,0.0,0.9333333333333333,0.13333333333333333,14.0,2.0,3.0,31
228.1519317626953,60.225624084472656,12.045124816894532,1000.0,0.0,0.9333333333333333,0.2,14.0,3.0,3.0,31
233.21121215820312,48.428340911865234,9.685668182373046,1000.0,0.0,0.9333333333333333,0.26666666666666666,14.0,4.0,3.0,31
243.0082550048828,60.533897399902344,12.106779479980469,1000.0,0.0,0.9333333333333333,0.3333333333333333,14.0,5.0,3.0,31
249.21084594726562,56.6679801940918,11.33359603881836,1000.0,0.0,0.9333333333333333,0.4,14.0,6.0,3.0,31
270.1148986816406,78.7107162475586,15.742143249511718,1000.0,0.0,0.9333333333333333,0.4666666666666667,14.0,7.0,3.0,31
251.60447692871094,60.286590576171875,12.057318115234375,1000.0,0.0,0.9333333333333333,0.5333333333333333,14.0,8.0,3.0,31
248.22882080078125,67.69444274902344,13.538888549804687,1000.0,0.0,0.9333333333333333,0.6,14.0,9.0,3.0,31
218.6573486328125,41.1605339050293,8.232106781005859,1000.0,0.0,0.9333333333333333,0.6666666666666666,14.0,10.0,3.0,31
230.3194122314453,68.9351806640625,13.7870361328125,1000.0,0.0,0.9333333333333333,0.7333333333333333,14.0,11.0,3.0,31
216.95066833496094,44.88424301147461,8.976848602294922,1000.0,0.0,0.9333333333333333,0.8,14.0,12.0,3.0,31
213.05975341796875,45.697357177734375,9.139471435546875,1000.0,0.0,0.9333333333333333,0.8666666666666667,14.0,13.0,3.0,31
251.54541015625,69.80596160888672,13.961192321777343,1000.0,0.0,0.9333333333333333,0.9333333333333333,14.0,14.0,3.0,31
311.6778869628906,82.45256042480469,16.490512084960937,1000.0,0.0,0.9333333333333333,1.0,14.0,15.0,3.0,31
235.72203063964844,48.128082275390625,9.625616455078125,1000.0,0.0,1.0,-1.0,15.0,-15.0,3.0,31
234.61709594726562,46.93108367919922,9.386216735839843,1000.0,0.0,1.0,-0.9333333333333333,15.0,-14.0,3.0,31
207.3472137451172,33.86727523803711,6.773455047607422,1000.0,0.0,1.0,-0.8666666666666667,15.0,-13.0,3.0,31
222.96461486816406,38.506614685058594,7.701322937011719,1000.0,0.0,1.0,-0.8,15.0,-12.0,3.0,31
211.27439880371094,30.689083099365234,6.137816619873047,1000.0,0.0,1.0,-0.7333333333333333,15.0,-11.0,3.0,31
209.2857666015625,29.229427337646484,5.845885467529297,1000.0,0.0,1.0,-0.6666666666666666,15.0,-10.0,3.0,31
202.2744903564453,32.05616760253906,6.411233520507812,1000.0,0.0,1.0,-0.6,15.0,-9.0,3.0,31
208.62777709960938,29.56761932373047,5.913523864746094,1000.0,0.0,1.0,-0.5333333333333333,15.0,-8.0,3.0,31
201.82452392578125,31.330732345581055,6.266146469116211,1000.0,0.0,1.0,-0.4666666666666667,15.0,-7.0,3.0,31
201.97727966308594,27.510915756225586,5.502183151245117,1000.0,0.0,1.0,-0.4,15.0,-6.0,3.0,31
194.24435424804688,22.147539138793945,4.429507827758789,1000.0,0.0,1.0,-0.3333333333333333,15.0,-5.0,3.0,31
206.1167449951172,40.270023345947266,8.054004669189453,1000.0,0.0,1.0,-0.26666666666666666,15.0,-4.0,3.0,31
195.32061767578125,32.52473831176758,6.504947662353516,1000.0,0.0,1.0,-0.2,15.0,-3.0,3.0,31
205.05638122558594,38.32605743408203,7.665211486816406,1000.0,0.0,1.0,-0.13333333333333333,15.0,-2.0,3.0,31
212.4669952392578,33.31904602050781,6.663809204101563,1000.0,0.0,1.0,-0.06666666666666667,15.0,-1.0,3.0,31
199.4130859375,37.77922821044922,7.555845642089844,1000.0,0.0,1.0,0.0,15.0,0.0,3.0,31
225.56614685058594,55.74470138549805,11.148940277099609,1000.0,0.0,1.0,0.06666666666666667,15.0,1.0,3.0,31
227.09326171875,56.4441032409668,11.28882064819336,1000.0,0.0,1.0,0.13333333333333333,15.0,2.0,3.0,31
216.66845703125,54.063472747802734,10.812694549560547,1000.0,0.0,1.0,0.2,15.0,3.0,3.0,31
257.16680908203125,74.40988159179688,14.881976318359374,1000.0,0.0,1.0,0.26666666666666666,15.0,4.0,3.0,31
255.27125549316406,57.634765625,11.526953125,1000.0,0.0,1.0,0.3333333333333333,15.0,5.0,3.0,31
207.29116821289062,29.492977142333984,5.8985954284667965,1000.0,0.0,1.0,0.4,15.0,6.0,3.0,31
252.6836395263672,52.389774322509766,10.477954864501953,1000.0,0.0,1.0,0.4666666666666667,15.0,7.0,3.0,31
252.47283935546875,54.86067581176758,10.972135162353515,1000.0,0.0,1.0,0.5333333333333333,15.0,8.0,3.0,31
266.86114501953125,77.26972961425781,15.453945922851563,1000.0,0.0,1.0,0.6,15.0,9.0,3.0,31
227.6912841796875,53.24305725097656,10.648611450195313,1000.0,0.0,1.0,0.6666666666666666,15.0,10.0,3.0,31
235.5975341796875,74.52222442626953,14.904444885253906,1000.0,0.0,1.0,0.7333333333333333,15.0,11.0,3.0,31
220.48486328125,39.65345764160156,7.930691528320312,1000.0,0.0,1.0,0.8,15.0,12.0,3.0,31
205.4034423828125,26.052370071411133,5.210474014282227,1000.0,0.0,1.0,0.8666666666666667,15.0,13.0,3.0,31
212.98834228515625,36.52731704711914,7.305463409423828,1000.0,0.0,1.0,0.9333333333333333,15.0,14.0,3.0,31
256.2260437011719,75.86737060546875,15.17347412109375,1000.0,0.0,1.0,1.0,15.0,15.0,3.0,31
