episode_rewards,episode_std_rewards,episode_stderr_rewards,episode_avg_len,episode_std_avg_len,dim0,dim1,offset1,offset2,magnitude,grid_size
213.13255310058594,13.797540664672852,2.7595081329345703,1000.0,0.0,-1.0,-1.0,-15.0,-15.0,3.0,31
215.35797119140625,25.640281677246094,5.128056335449219,1000.0,0.0,-1.0,-0.9333333333333333,-15.0,-14.0,3.0,31
209.70896911621094,16.60630226135254,3.321260452270508,1000.0,0.0,-1.0,-0.8666666666666667,-15.0,-13.0,3.0,31
201.27310180664062,22.45633316040039,4.4912666320800785,1000.0,0.0,-1.0,-0.8,-15.0,-12.0,3.0,31
198.8688507080078,19.065692901611328,3.8131385803222657,1000.0,0.0,-1.0,-0.7333333333333333,-15.0,-11.0,3.0,31
196.77491760253906,19.292381286621094,3.858476257324219,1000.0,0.0,-1.0,-0.6666666666666666,-15.0,-10.0,3.0,31
197.0126953125,30.469438552856445,6.093887710571289,1000.0,0.0,-1.0,-0.6,-15.0,-9.0,3.0,31
184.62158203125,14.294469833374023,2.8588939666748048,1000.0,0.0,-1.0,-0.5333333333333333,-15.0,-8.0,3.0,31
187.1780242919922,18.72689437866211,3.745378875732422,1000.0,0.0,-1.0,-0.4666666666666667,-15.0,-7.0,3.0,31
189.35304260253906,20.852703094482422,4.170540618896484,1000.0,0.0,-1.0,-0.4,-15.0,-6.0,3.0,31
193.9103546142578,16.214155197143555,3.2428310394287108,1000.0,0.0,-1.0,-0.3333333333333333,-15.0,-5.0,3.0,31
198.21710205078125,20.69000816345215,4.13800163269043,1000.0,0.0,-1.0,-0.26666666666666666,-15.0,-4.0,3.0,31
195.4228057861328,22.428342819213867,4.485668563842774,1000.0,0.0,-1.0,-0.2,-15.0,-3.0,3.0,31
254.43325805664062,92.3464126586914,18.46928253173828,1000.0,0.0,-1.0,-0.13333333333333333,-15.0,-2.0,3.0,31
229.58412170410156,86.58629608154297,17.317259216308592,1000.0,0.0,-1.0,-0.06666666666666667,-15.0,-1.0,3.0,31
228.6939239501953,67.61653137207031,13.523306274414063,1000.0,0.0,-1.0,0.0,-15.0,0.0,3.0,31
263.3119201660156,88.67659759521484,17.735319519042967,1000.0,0.0,-1.0,0.06666666666666667,-15.0,1.0,3.0,31
273.1659240722656,75.55813598632812,15.111627197265625,1000.0,0.0,-1.0,0.13333333333333333,-15.0,2.0,3.0,31
266.8721923828125,77.14823150634766,15.429646301269532,1000.0,0.0,-1.0,0.2,-15.0,3.0,3.0,31
261.0715637207031,59.53755569458008,11.907511138916016,1000.0,0.0,-1.0,0.26666666666666666,-15.0,4.0,3.0,31
236.61795043945312,54.742828369140625,10.948565673828124,1000.0,0.0,-1.0,0.3333333333333333,-15.0,5.0,3.0,31
209.23521423339844,32.52849197387695,6.505698394775391,1000.0,0.0,-1.0,0.4,-15.0,6.0,3.0,31
215.9704132080078,47.980682373046875,9.596136474609375,1000.0,0.0,-1.0,0.4666666666666667,-15.0,7.0,3.0,31
337.7796936035156,95.4068832397461,19.08137664794922,1000.0,0.0,-1.0,0.5333333333333333,-15.0,8.0,3.0,31
364.159912109375,103.98053741455078,20.796107482910156,1000.0,0.0,-1.0,0.6,-15.0,9.0,3.0,31
361.88067626953125,144.00045776367188,28.800091552734376,1000.0,0.0,-1.0,0.6666666666666666,-15.0,10.0,3.0,31
245.28509521484375,57.0430908203125,11.4086181640625,1000.0,0.0,-1.0,0.7333333333333333,-15.0,11.0,3.0,31
273.6361999511719,68.29967498779297,13.659934997558594,1000.0,0.0,-1.0,0.8,-15.0,12.0,3.0,31
217.7538299560547,46.56078338623047,9.312156677246094,1000.0,0.0,-1.0,0.8666666666666667,-15.0,13.0,3.0,31
223.3240966796875,68.34923553466797,13.669847106933593,1000.0,0.0,-1.0,0.9333333333333333,-15.0,14.0,3.0,31
207.83462524414062,32.27973556518555,6.4559471130371096,1000.0,0.0,-1.0,1.0,-15.0,15.0,3.0,31
220.19790649414062,28.6480712890625,5.7296142578125,1000.0,0.0,-0.9333333333333333,-1.0,-14.0,-15.0,3.0,31
216.66392517089844,19.470705032348633,3.8941410064697264,1000.0,0.0,-0.9333333333333333,-0.9333333333333333,-14.0,-14.0,3.0,31
213.82998657226562,19.530160903930664,3.906032180786133,1000.0,0.0,-0.9333333333333333,-0.8666666666666667,-14.0,-13.0,3.0,31
212.32318115234375,34.111900329589844,6.822380065917969,1000.0,0.0,-0.9333333333333333,-0.8,-14.0,-12.0,3.0,31
199.60516357421875,17.780046463012695,3.556009292602539,1000.0,0.0,-0.9333333333333333,-0.7333333333333333,-14.0,-11.0,3.0,31
206.18157958984375,38.41959762573242,7.683919525146484,1000.0,0.0,-0.9333333333333333,-0.6666666666666666,-14.0,-10.0,3.0,31
197.95982360839844,32.001346588134766,6.400269317626953,1000.0,0.0,-0.9333333333333333,-0.6,-14.0,-9.0,3.0,31
194.44920349121094,25.195941925048828,5.039188385009766,1000.0,0.0,-0.9333333333333333,-0.5333333333333333,-14.0,-8.0,3.0,31
190.20394897460938,26.590835571289062,5.318167114257813,1000.0,0.0,-0.9333333333333333,-0.4666666666666667,-14.0,-7.0,3.0,31
187.9872283935547,20.021678924560547,4.00433578491211,1000.0,0.0,-0.9333333333333333,-0.4,-14.0,-6.0,3.0,31
196.41854858398438,18.123214721679688,3.6246429443359376,1000.0,0.0,-0.9333333333333333,-0.3333333333333333,-14.0,-5.0,3.0,31
199.65576171875,16.75650978088379,3.3513019561767576,1000.0,0.0,-0.9333333333333333,-0.26666666666666666,-14.0,-4.0,3.0,31
216.6602325439453,36.74995803833008,7.3499916076660154,1000.0,0.0,-0.9333333333333333,-0.2,-14.0,-3.0,3.0,31
233.34503173828125,66.13121032714844,13.226242065429688,1000.0,0.0,-0.9333333333333333,-0.13333333333333333,-14.0,-2.0,3.0,31
248.16796875,91.3929443359375,18.2785888671875,1000.0,0.0,-0.9333333333333333,-0.06666666666666667,-14.0,-1.0,3.0,31
235.6750946044922,41.645904541015625,8.329180908203124,1000.0,0.0,-0.9333333333333333,0.0,-14.0,0.0,3.0,31
235.18988037109375,66.3506851196289,13.27013702392578,1000.0,0.0,-0.9333333333333333,0.06666666666666667,-14.0,1.0,3.0,31
241.44180297851562,68.45864868164062,13.691729736328124,1000.0,0.0,-0.9333333333333333,0.13333333333333333,-14.0,2.0,3.0,31
262.23406982421875,81.97737884521484,16.395475769042967,1000.0,0.0,-0.9333333333333333,0.2,-14.0,3.0,3.0,31
276.6466064453125,59.98603439331055,11.997206878662109,1000.0,0.0,-0.9333333333333333,0.26666666666666666,-14.0,4.0,3.0,31
262.7876281738281,70.83645629882812,14.167291259765625,1000.0,0.0,-0.9333333333333333,0.3333333333333333,-14.0,5.0,3.0,31
245.11558532714844,68.57091522216797,13.714183044433593,1000.0,0.0,-0.9333333333333333,0.4,-14.0,6.0,3.0,31
299.25604248046875,99.05562591552734,19.811125183105467,1000.0,0.0,-0.9333333333333333,0.4666666666666667,-14.0,7.0,3.0,31
357.18231201171875,108.75965881347656,21.751931762695314,1000.0,0.0,-0.9333333333333333,0.5333333333333333,-14.0,8.0,3.0,31
347.49481201171875,142.28448486328125,28.45689697265625,1000.0,0.0,-0.9333333333333333,0.6,-14.0,9.0,3.0,31
344.82562255859375,134.18698120117188,26.837396240234376,1000.0,0.0,-0.9333333333333333,0.6666666666666666,-14.0,10.0,3.0,31
292.5523376464844,76.38126373291016,15.276252746582031,1000.0,0.0,-0.9333333333333333,0.7333333333333333,-14.0,11.0,3.0,31
225.31332397460938,52.06962585449219,10.413925170898438,1000.0,0.0,-0.9333333333333333,0.8,-14.0,12.0,3.0,31
224.3088836669922,56.963287353515625,11.392657470703124,1000.0,0.0,-0.9333333333333333,0.8666666666666667,-14.0,13.0,3.0,31
202.58106994628906,24.147783279418945,4.829556655883789,1000.0,0.0,-0.9333333333333333,0.9333333333333333,-14.0,14.0,3.0,31
215.93609619140625,39.85174560546875,7.97034912109375,1000.0,0.0,-0.9333333333333333,1.0,-14.0,15.0,3.0,31
217.7430419921875,19.356536865234375,3.871307373046875,1000.0,0.0,-0.8666666666666667,-1.0,-13.0,-15.0,3.0,31
211.34158325195312,15.366822242736816,3.0733644485473635,1000.0,0.0,-0.8666666666666667,-0.9333333333333333,-13.0,-14.0,3.0,31
218.24098205566406,23.455068588256836,4.6910137176513675,1000.0,0.0,-0.8666666666666667,-0.8666666666666667,-13.0,-13.0,3.0,31
216.11758422851562,31.653881072998047,6.330776214599609,1000.0,0.0,-0.8666666666666667,-0.8,-13.0,-12.0,3.0,31
201.98158264160156,24.675344467163086,4.935068893432617,1000.0,0.0,-0.8666666666666667,-0.7333333333333333,-13.0,-11.0,3.0,31
208.00955200195312,37.70994567871094,7.541989135742187,1000.0,0.0,-0.8666666666666667,-0.6666666666666666,-13.0,-10.0,3.0,31
199.76763916015625,29.969873428344727,5.993974685668945,1000.0,0.0,-0.8666666666666667,-0.6,-13.0,-9.0,3.0,31
203.41632080078125,42.89046096801758,8.578092193603515,1000.0,0.0,-0.8666666666666667,-0.5333333333333333,-13.0,-8.0,3.0,31
190.70098876953125,19.81687355041504,3.963374710083008,1000.0,0.0,-0.8666666666666667,-0.4666666666666667,-13.0,-7.0,3.0,31
186.57200622558594,13.878411293029785,2.775682258605957,1000.0,0.0,-0.8666666666666667,-0.4,-13.0,-6.0,3.0,31
196.11476135253906,24.969865798950195,4.993973159790039,1000.0,0.0,-0.8666666666666667,-0.3333333333333333,-13.0,-5.0,3.0,31
203.009765625,39.528076171875,7.905615234375,1000.0,0.0,-0.8666666666666667,-0.26666666666666666,-13.0,-4.0,3.0,31
223.48672485351562,56.380271911621094,11.276054382324219,1000.0,0.0,-0.8666666666666667,-0.2,-13.0,-3.0,3.0,31
218.06719970703125,47.0936393737793,9.41872787475586,1000.0,0.0,-0.8666666666666667,-0.13333333333333333,-13.0,-2.0,3.0,31
262.255615234375,85.70178985595703,17.140357971191406,1000.0,0.0,-0.8666666666666667,-0.06666666666666667,-13.0,-1.0,3.0,31
240.75628662109375,37.41569900512695,7.4831398010253904,1000.0,0.0,-0.8666666666666667,0.0,-13.0,0.0,3.0,31
236.48582458496094,75.57904052734375,15.11580810546875,1000.0,0.0,-0.8666666666666667,0.06666666666666667,-13.0,1.0,3.0,31
268.06695556640625,80.84295654296875,16.16859130859375,1000.0,0.0,-0.8666666666666667,0.13333333333333333,-13.0,2.0,3.0,31
252.18971252441406,61.87643051147461,12.375286102294922,1000.0,0.0,-0.8666666666666667,0.2,-13.0,3.0,3.0,31
271.2359619140625,52.28595733642578,10.457191467285156,1000.0,0.0,-0.8666666666666667,0.26666666666666666,-13.0,4.0,3.0,31
265.1695556640625,71.57654571533203,14.315309143066406,1000.0,0.0,-0.8666666666666667,0.3333333333333333,-13.0,5.0,3.0,31
278.78497314453125,86.23330688476562,17.246661376953124,1000.0,0.0,-0.8666666666666667,0.4,-13.0,6.0,3.0,31
337.0482177734375,98.6244888305664,19.72489776611328,1000.0,0.0,-0.8666666666666667,0.4666666666666667,-13.0,7.0,3.0,31
329.49822998046875,128.41200256347656,25.682400512695313,1000.0,0.0,-0.8666666666666667,0.5333333333333333,-13.0,8.0,3.0,31
338.6874694824219,140.66534423828125,28.13306884765625,1000.0,0.0,-0.8666666666666667,0.6,-13.0,9.0,3.0,31
291.72674560546875,82.17516326904297,16.435032653808594,1000.0,0.0,-0.8666666666666667,0.6666666666666666,-13.0,10.0,3.0,31
264.053955078125,66.78588104248047,13.357176208496094,1000.0,0.0,-0.8666666666666667,0.7333333333333333,-13.0,11.0,3.0,31
220.99072265625,44.050933837890625,8.810186767578125,1000.0,0.0,-0.8666666666666667,0.8,-13.0,12.0,3.0,31
219.89109802246094,54.1008186340332,10.82016372680664,1000.0,0.0,-0.8666666666666667,0.8666666666666667,-13.0,13.0,3.0,31
204.37062072753906,32.431026458740234,6.486205291748047,1000.0,0.0,-0.8666666666666667,0.9333333333333333,-13.0,14.0,3.0,31
211.31808471679688,40.793392181396484,8.158678436279297,1000.0,0.0,-0.8666666666666667,1.0,-13.0,15.0,3.0,31
223.28353881835938,21.715900421142578,4.343180084228516,1000.0,0.0,-0.8,-1.0,-12.0,-15.0,3.0,31
224.17111206054688,21.71639633178711,4.343279266357422,1000.0,0.0,-0.8,-0.9333333333333333,-12.0,-14.0,3.0,31
208.86111450195312,14.149106979370117,2.8298213958740233,1000.0,0.0,-0.8,-0.8666666666666667,-12.0,-13.0,3.0,31
214.48805236816406,27.930105209350586,5.586021041870117,1000.0,0.0,-0.8,-0.8,-12.0,-12.0,3.0,31
218.63534545898438,29.07718849182129,5.815437698364258,1000.0,0.0,-0.8,-0.7333333333333333,-12.0,-11.0,3.0,31
205.330078125,29.575828552246094,5.915165710449219,1000.0,0.0,-0.8,-0.6666666666666666,-12.0,-10.0,3.0,31
195.3179931640625,16.773183822631836,3.3546367645263673,1000.0,0.0,-0.8,-0.6,-12.0,-9.0,3.0,31
196.52859497070312,28.19248390197754,5.638496780395508,1000.0,0.0,-0.8,-0.5333333333333333,-12.0,-8.0,3.0,31
209.19679260253906,50.283939361572266,10.056787872314453,1000.0,0.0,-0.8,-0.4666666666666667,-12.0,-7.0,3.0,31
197.36546325683594,46.61537551879883,9.323075103759766,1000.0,0.0,-0.8,-0.4,-12.0,-6.0,3.0,31
193.94570922851562,22.442073822021484,4.488414764404297,1000.0,0.0,-0.8,-0.3333333333333333,-12.0,-5.0,3.0,31
210.31112670898438,33.42168045043945,6.684336090087891,1000.0,0.0,-0.8,-0.26666666666666666,-12.0,-4.0,3.0,31
241.40463256835938,82.1949234008789,16.438984680175782,1000.0,0.0,-0.8,-0.2,-12.0,-3.0,3.0,31
227.09019470214844,58.363426208496094,11.672685241699218,1000.0,0.0,-0.8,-0.13333333333333333,-12.0,-2.0,3.0,31
258.6587219238281,64.17684936523438,12.835369873046876,1000.0,0.0,-0.8,-0.06666666666666667,-12.0,-1.0,3.0,31
254.7406463623047,75.55101776123047,15.110203552246094,1000.0,0.0,-0.8,0.0,-12.0,0.0,3.0,31
245.22894287109375,86.5967025756836,17.31934051513672,1000.0,0.0,-0.8,0.06666666666666667,-12.0,1.0,3.0,31
265.3515930175781,95.90190887451172,19.180381774902344,1000.0,0.0,-0.8,0.13333333333333333,-12.0,2.0,3.0,31
275.1897277832031,72.50166320800781,14.500332641601563,1000.0,0.0,-0.8,0.2,-12.0,3.0,3.0,31
250.98265075683594,58.275665283203125,11.655133056640626,1000.0,0.0,-0.8,0.26666666666666666,-12.0,4.0,3.0,31
252.44638061523438,58.309226989746094,11.661845397949218,1000.0,0.0,-0.8,0.3333333333333333,-12.0,5.0,3.0,31
258.0404968261719,86.12579345703125,17.22515869140625,1000.0,0.0,-0.8,0.4,-12.0,6.0,3.0,31
349.5772399902344,120.3125991821289,24.062519836425782,1000.0,0.0,-0.8,0.4666666666666667,-12.0,7.0,3.0,31
336.56768798828125,140.01141357421875,28.00228271484375,1000.0,0.0,-0.8,0.5333333333333333,-12.0,8.0,3.0,31
313.2232971191406,102.46907043457031,20.493814086914064,1000.0,0.0,-0.8,0.6,-12.0,9.0,3.0,31
267.5906066894531,69.68865203857422,13.937730407714843,1000.0,0.0,-0.8,0.6666666666666666,-12.0,10.0,3.0,31
219.60679626464844,53.69265365600586,10.738530731201172,1000.0,0.0,-0.8,0.7333333333333333,-12.0,11.0,3.0,31
213.6343231201172,53.01326370239258,10.602652740478515,1000.0,0.0,-0.8,0.8,-12.0,12.0,3.0,31
194.08416748046875,28.491941452026367,5.698388290405274,1000.0,0.0,-0.8,0.8666666666666667,-12.0,13.0,3.0,31
208.6339111328125,45.2900390625,9.0580078125,1000.0,0.0,-0.8,0.9333333333333333,-12.0,14.0,3.0,31
218.1789093017578,64.44232177734375,12.88846435546875,1000.0,0.0,-0.8,1.0,-12.0,15.0,3.0,31
218.71429443359375,21.295040130615234,4.2590080261230465,1000.0,0.0,-0.7333333333333333,-1.0,-11.0,-15.0,3.0,31
219.91006469726562,13.4254150390625,2.6850830078125,1000.0,0.0,-0.7333333333333333,-0.9333333333333333,-11.0,-14.0,3.0,31
218.62466430664062,24.28261375427246,4.856522750854492,1000.0,0.0,-0.7333333333333333,-0.8666666666666667,-11.0,-13.0,3.0,31
219.67953491210938,25.23070526123047,5.046141052246094,1000.0,0.0,-0.7333333333333333,-0.8,-11.0,-12.0,3.0,31
218.3367919921875,31.31343650817871,6.262687301635742,1000.0,0.0,-0.7333333333333333,-0.7333333333333333,-11.0,-11.0,3.0,31
209.74227905273438,32.15807342529297,6.431614685058594,1000.0,0.0,-0.7333333333333333,-0.6666666666666666,-11.0,-10.0,3.0,31
201.94174194335938,20.065698623657227,4.013139724731445,1000.0,0.0,-0.7333333333333333,-0.6,-11.0,-9.0,3.0,31
201.48617553710938,25.01233673095703,5.002467346191406,1000.0,0.0,-0.7333333333333333,-0.5333333333333333,-11.0,-8.0,3.0,31
208.72291564941406,42.43172073364258,8.486344146728516,1000.0,0.0,-0.7333333333333333,-0.4666666666666667,-11.0,-7.0,3.0,31
212.89413452148438,48.580787658691406,9.716157531738281,1000.0,0.0,-0.7333333333333333,-0.4,-11.0,-6.0,3.0,31
206.72543334960938,43.59270477294922,8.718540954589844,1000.0,0.0,-0.7333333333333333,-0.3333333333333333,-11.0,-5.0,3.0,31
220.89071655273438,45.908058166503906,9.181611633300781,1000.0,0.0,-0.7333333333333333,-0.26666666666666666,-11.0,-4.0,3.0,31
236.3160400390625,74.75535583496094,14.951071166992188,1000.0,0.0,-0.7333333333333333,-0.2,-11.0,-3.0,3.0,31
221.44601440429688,51.975990295410156,10.39519805908203,1000.0,0.0,-0.7333333333333333,-0.13333333333333333,-11.0,-2.0,3.0,31
278.8041687011719,74.35926818847656,14.871853637695313,1000.0,0.0,-0.7333333333333333,-0.06666666666666667,-11.0,-1.0,3.0,31
237.46121215820312,89.03803253173828,17.807606506347657,1000.0,0.0,-0.7333333333333333,0.0,-11.0,0.0,3.0,31
238.0189971923828,72.24768829345703,14.449537658691407,1000.0,0.0,-0.7333333333333333,0.06666666666666667,-11.0,1.0,3.0,31
281.8613586425781,100.25769805908203,20.051539611816406,1000.0,0.0,-0.7333333333333333,0.13333333333333333,-11.0,2.0,3.0,31
272.6177673339844,76.96912384033203,15.393824768066406,1000.0,0.0,-0.7333333333333333,0.2,-11.0,3.0,3.0,31
252.92489624023438,70.82101440429688,14.164202880859374,1000.0,0.0,-0.7333333333333333,0.26666666666666666,-11.0,4.0,3.0,31
218.7987823486328,46.448272705078125,9.289654541015626,1000.0,0.0,-0.7333333333333333,0.3333333333333333,-11.0,5.0,3.0,31
236.5458526611328,88.3912582397461,17.678251647949217,1000.0,0.0,-0.7333333333333333,0.4,-11.0,6.0,3.0,31
327.45501708984375,111.6548080444336,22.330961608886717,1000.0,0.0,-0.7333333333333333,0.4666666666666667,-11.0,7.0,3.0,31
320.9600524902344,131.80880737304688,26.361761474609374,1000.0,0.0,-0.7333333333333333,0.5333333333333333,-11.0,8.0,3.0,31
307.4471740722656,103.54915618896484,20.70983123779297,1000.0,0.0,-0.7333333333333333,0.6,-11.0,9.0,3.0,31
224.2183380126953,46.43999481201172,9.287998962402344,1000.0,0.0,-0.7333333333333333,0.6666666666666666,-11.0,10.0,3.0,31
231.76234436035156,63.2689323425293,12.65378646850586,1000.0,0.0,-0.7333333333333333,0.7333333333333333,-11.0,11.0,3.0,31
216.28648376464844,39.79251480102539,7.958502960205078,1000.0,0.0,-0.7333333333333333,0.8,-11.0,12.0,3.0,31
220.06924438476562,42.77727127075195,8.55545425415039,1000.0,0.0,-0.7333333333333333,0.8666666666666667,-11.0,13.0,3.0,31
259.6276550292969,72.12617492675781,14.425234985351562,1000.0,0.0,-0.7333333333333333,0.9333333333333333,-11.0,14.0,3.0,31
182.82896423339844,11.984594345092773,2.3969188690185548,1000.0,0.0,-0.7333333333333333,1.0,-11.0,15.0,3.0,31
214.95480346679688,14.035916328430176,2.807183265686035,1000.0,0.0,-0.6666666666666666,-1.0,-10.0,-15.0,3.0,31
214.91226196289062,16.48086929321289,3.296173858642578,1000.0,0.0,-0.6666666666666666,-0.9333333333333333,-10.0,-14.0,3.0,31
220.18222045898438,16.6370849609375,3.3274169921875,1000.0,0.0,-0.6666666666666666,-0.8666666666666667,-10.0,-13.0,3.0,31
217.0042724609375,18.303802490234375,3.660760498046875,1000.0,0.0,-0.6666666666666666,-0.8,-10.0,-12.0,3.0,31
210.58660888671875,12.537674903869629,2.507534980773926,1000.0,0.0,-0.6666666666666666,-0.7333333333333333,-10.0,-11.0,3.0,31
208.4516143798828,23.114212036132812,4.622842407226562,1000.0,0.0,-0.6666666666666666,-0.6666666666666666,-10.0,-10.0,3.0,31
200.97222900390625,17.01889419555664,3.403778839111328,1000.0,0.0,-0.6666666666666666,-0.6,-10.0,-9.0,3.0,31
213.94752502441406,38.203182220458984,7.640636444091797,1000.0,0.0,-0.6666666666666666,-0.5333333333333333,-10.0,-8.0,3.0,31
219.55203247070312,40.710357666015625,8.142071533203126,1000.0,0.0,-0.6666666666666666,-0.4666666666666667,-10.0,-7.0,3.0,31
245.03543090820312,75.67982482910156,15.135964965820312,1000.0,0.0,-0.6666666666666666,-0.4,-10.0,-6.0,3.0,31
235.2533721923828,82.46748352050781,16.493496704101563,1000.0,0.0,-0.6666666666666666,-0.3333333333333333,-10.0,-5.0,3.0,31
247.41603088378906,88.91342163085938,17.782684326171875,1000.0,0.0,-0.6666666666666666,-0.26666666666666666,-10.0,-4.0,3.0,31
234.55746459960938,85.91812133789062,17.183624267578125,1000.0,0.0,-0.6666666666666666,-0.2,-10.0,-3.0,3.0,31
252.98011779785156,78.21768188476562,15.643536376953126,1000.0,0.0,-0.6666666666666666,-0.13333333333333333,-10.0,-2.0,3.0,31
288.77215576171875,79.53056335449219,15.906112670898438,1000.0,0.0,-0.6666666666666666,-0.06666666666666667,-10.0,-1.0,3.0,31
226.55787658691406,60.397377014160156,12.079475402832031,1000.0,0.0,-0.6666666666666666,0.0,-10.0,0.0,3.0,31
236.4063262939453,77.22757720947266,15.445515441894532,1000.0,0.0,-0.6666666666666666,0.06666666666666667,-10.0,1.0,3.0,31
291.77313232421875,97.53498840332031,19.506997680664064,1000.0,0.0,-0.6666666666666666,0.13333333333333333,-10.0,2.0,3.0,31
232.80050659179688,56.80352020263672,11.360704040527343,1000.0,0.0,-0.6666666666666666,0.2,-10.0,3.0,3.0,31
235.21400451660156,68.58805847167969,13.717611694335938,1000.0,0.0,-0.6666666666666666,0.26666666666666666,-10.0,4.0,3.0,31
228.08197021484375,68.21371459960938,13.642742919921876,1000.0,0.0,-0.6666666666666666,0.3333333333333333,-10.0,5.0,3.0,31
303.50018310546875,121.09606170654297,24.219212341308594,1000.0,0.0,-0.6666666666666666,0.4,-10.0,6.0,3.0,31
345.0443115234375,117.23226165771484,23.446452331542968,1000.0,0.0,-0.6666666666666666,0.4666666666666667,-10.0,7.0,3.0,31
338.5781555175781,99.41230773925781,19.882461547851562,1000.0,0.0,-0.6666666666666666,0.5333333333333333,-10.0,8.0,3.0,31
298.9653625488281,93.8475341796875,18.7695068359375,1000.0,0.0,-0.6666666666666666,0.6,-10.0,9.0,3.0,31
229.5235595703125,44.25615692138672,8.851231384277344,1000.0,0.0,-0.6666666666666666,0.6666666666666666,-10.0,10.0,3.0,31
205.26246643066406,34.15453338623047,6.830906677246094,1000.0,0.0,-0.6666666666666666,0.7333333333333333,-10.0,11.0,3.0,31
208.11538696289062,30.504560470581055,6.100912094116211,1000.0,0.0,-0.6666666666666666,0.8,-10.0,12.0,3.0,31
200.52406311035156,34.669979095458984,6.9339958190917965,1000.0,0.0,-0.6666666666666666,0.8666666666666667,-10.0,13.0,3.0,31
186.2506103515625,24.570804595947266,4.914160919189453,1000.0,0.0,-0.6666666666666666,0.9333333333333333,-10.0,14.0,3.0,31
185.30662536621094,19.196386337280273,3.8392772674560547,1000.0,0.0,-0.6666666666666666,1.0,-10.0,15.0,3.0,31
220.2605438232422,13.995643615722656,2.7991287231445314,1000.0,0.0,-0.6,-1.0,-9.0,-15.0,3.0,31
218.1220245361328,17.19455909729004,3.4389118194580077,1000.0,0.0,-0.6,-0.9333333333333333,-9.0,-14.0,3.0,31
216.14515686035156,21.34085464477539,4.268170928955078,1000.0,0.0,-0.6,-0.8666666666666667,-9.0,-13.0,3.0,31
219.95140075683594,29.47101593017578,5.894203186035156,1000.0,0.0,-0.6,-0.8,-9.0,-12.0,3.0,31
220.853515625,25.809444427490234,5.161888885498047,1000.0,0.0,-0.6,-0.7333333333333333,-9.0,-11.0,3.0,31
212.18487548828125,19.879138946533203,3.9758277893066407,1000.0,0.0,-0.6,-0.6666666666666666,-9.0,-10.0,3.0,31
212.39891052246094,19.491558074951172,3.8983116149902344,1000.0,0.0,-0.6,-0.6,-9.0,-9.0,3.0,31
211.8896026611328,27.221664428710938,5.444332885742187,1000.0,0.0,-0.6,-0.5333333333333333,-9.0,-8.0,3.0,31
202.32113647460938,14.025350570678711,2.8050701141357424,1000.0,0.0,-0.6,-0.4666666666666667,-9.0,-7.0,3.0,31
229.4805145263672,60.33360290527344,12.066720581054687,1000.0,0.0,-0.6,-0.4,-9.0,-6.0,3.0,31
241.45712280273438,89.64163208007812,17.928326416015626,1000.0,0.0,-0.6,-0.3333333333333333,-9.0,-5.0,3.0,31
237.59486389160156,86.68673706054688,17.337347412109374,1000.0,0.0,-0.6,-0.26666666666666666,-9.0,-4.0,3.0,31
242.76951599121094,82.89400482177734,16.57880096435547,1000.0,0.0,-0.6,-0.2,-9.0,-3.0,3.0,31
271.3906555175781,72.4502182006836,14.490043640136719,1000.0,0.0,-0.6,-0.13333333333333333,-9.0,-2.0,3.0,31
278.2254943847656,66.18168640136719,13.236337280273437,1000.0,0.0,-0.6,-0.06666666666666667,-9.0,-1.0,3.0,31
222.45660400390625,78.60003662109375,15.72000732421875,1000.0,0.0,-0.6,0.0,-9.0,0.0,3.0,31
231.8503875732422,79.29296875,15.85859375,1000.0,0.0,-0.6,0.06666666666666667,-9.0,1.0,3.0,31
255.64427185058594,89.433349609375,17.886669921875,1000.0,0.0,-0.6,0.13333333333333333,-9.0,2.0,3.0,31
259.06494140625,74.68708038330078,14.937416076660156,1000.0,0.0,-0.6,0.2,-9.0,3.0,3.0,31
230.51016235351562,76.68293762207031,15.336587524414062,1000.0,0.0,-0.6,0.26666666666666666,-9.0,4.0,3.0,31
250.4070281982422,97.29109954833984,19.458219909667967,1000.0,0.0,-0.6,0.3333333333333333,-9.0,5.0,3.0,31
331.38153076171875,99.41889190673828,19.883778381347657,1000.0,0.0,-0.6,0.4,-9.0,6.0,3.0,31
296.9753112792969,104.85416412353516,20.97083282470703,1000.0,0.0,-0.6,0.4666666666666667,-9.0,7.0,3.0,31
258.04559326171875,77.5643081665039,15.512861633300782,1000.0,0.0,-0.6,0.5333333333333333,-9.0,8.0,3.0,31
199.72988891601562,26.018234252929688,5.203646850585938,1000.0,0.0,-0.6,0.6,-9.0,9.0,3.0,31
214.5215301513672,31.788267135620117,6.357653427124023,1000.0,0.0,-0.6,0.6666666666666666,-9.0,10.0,3.0,31
200.6810760498047,25.571914672851562,5.114382934570313,1000.0,0.0,-0.6,0.7333333333333333,-9.0,11.0,3.0,31
186.9010009765625,14.820891380310059,2.964178276062012,1000.0,0.0,-0.6,0.8,-9.0,12.0,3.0,31
180.36036682128906,7.697908401489258,1.5395816802978515,1000.0,0.0,-0.6,0.8666666666666667,-9.0,13.0,3.0,31
182.85458374023438,14.598752975463867,2.9197505950927733,1000.0,0.0,-0.6,0.9333333333333333,-9.0,14.0,3.0,31
184.89486694335938,15.403030395507812,3.0806060791015626,1000.0,0.0,-0.6,1.0,-9.0,15.0,3.0,31
219.64134216308594,20.107418060302734,4.021483612060547,1000.0,0.0,-0.5333333333333333,-1.0,-8.0,-15.0,3.0,31
225.21786499023438,20.138057708740234,4.027611541748047,1000.0,0.0,-0.5333333333333333,-0.9333333333333333,-8.0,-14.0,3.0,31
213.35116577148438,15.221613883972168,3.0443227767944334,1000.0,0.0,-0.5333333333333333,-0.8666666666666667,-8.0,-13.0,3.0,31
206.2873992919922,11.061311721801758,2.2122623443603517,1000.0,0.0,-0.5333333333333333,-0.8,-8.0,-12.0,3.0,31
205.42506408691406,19.45791244506836,3.891582489013672,1000.0,0.0,-0.5333333333333333,-0.7333333333333333,-8.0,-11.0,3.0,31
216.03378295898438,25.381261825561523,5.076252365112305,1000.0,0.0,-0.5333333333333333,-0.6666666666666666,-8.0,-10.0,3.0,31
215.83644104003906,23.709712982177734,4.741942596435547,1000.0,0.0,-0.5333333333333333,-0.6,-8.0,-9.0,3.0,31
211.0491943359375,34.88903045654297,6.977806091308594,1000.0,0.0,-0.5333333333333333,-0.5333333333333333,-8.0,-8.0,3.0,31
214.35873413085938,29.854103088378906,5.970820617675781,1000.0,0.0,-0.5333333333333333,-0.4666666666666667,-8.0,-7.0,3.0,31
234.95443725585938,68.79031372070312,13.758062744140625,1000.0,0.0,-0.5333333333333333,-0.4,-8.0,-6.0,3.0,31
235.9969482421875,66.1764144897461,13.235282897949219,1000.0,0.0,-0.5333333333333333,-0.3333333333333333,-8.0,-5.0,3.0,31
241.81143188476562,73.71437072753906,14.742874145507812,1000.0,0.0,-0.5333333333333333,-0.26666666666666666,-8.0,-4.0,3.0,31
260.74786376953125,102.2767333984375,20.4553466796875,1000.0,0.0,-0.5333333333333333,-0.2,-8.0,-3.0,3.0,31
270.9761962890625,60.99909210205078,12.199818420410157,1000.0,0.0,-0.5333333333333333,-0.13333333333333333,-8.0,-2.0,3.0,31
247.69891357421875,77.10577392578125,15.42115478515625,1000.0,0.0,-0.5333333333333333,-0.06666666666666667,-8.0,-1.0,3.0,31
232.42857360839844,74.88328552246094,14.976657104492187,1000.0,0.0,-0.5333333333333333,0.0,-8.0,0.0,3.0,31
245.6769561767578,84.3123550415039,16.86247100830078,1000.0,0.0,-0.5333333333333333,0.06666666666666667,-8.0,1.0,3.0,31
283.8738708496094,99.70806884765625,19.94161376953125,1000.0,0.0,-0.5333333333333333,0.13333333333333333,-8.0,2.0,3.0,31
269.9173889160156,78.89327239990234,15.778654479980469,1000.0,0.0,-0.5333333333333333,0.2,-8.0,3.0,3.0,31
213.40570068359375,42.65666961669922,8.531333923339844,1000.0,0.0,-0.5333333333333333,0.26666666666666666,-8.0,4.0,3.0,31
271.3902587890625,89.15569305419922,17.831138610839844,1000.0,0.0,-0.5333333333333333,0.3333333333333333,-8.0,5.0,3.0,31
289.48992919921875,97.86309814453125,19.57261962890625,1000.0,0.0,-0.5333333333333333,0.4,-8.0,6.0,3.0,31
271.2872314453125,92.03005981445312,18.406011962890624,1000.0,0.0,-0.5333333333333333,0.4666666666666667,-8.0,7.0,3.0,31
221.8012237548828,53.34773254394531,10.669546508789063,1000.0,0.0,-0.5333333333333333,0.5333333333333333,-8.0,8.0,3.0,31
204.6752166748047,28.472017288208008,5.694403457641601,1000.0,0.0,-0.5333333333333333,0.6,-8.0,9.0,3.0,31
186.96670532226562,18.46184730529785,3.6923694610595703,1000.0,0.0,-0.5333333333333333,0.6666666666666666,-8.0,10.0,3.0,31
189.14146423339844,17.783201217651367,3.5566402435302735,1000.0,0.0,-0.5333333333333333,0.7333333333333333,-8.0,11.0,3.0,31
183.62628173828125,9.262214660644531,1.8524429321289062,1000.0,0.0,-0.5333333333333333,0.8,-8.0,12.0,3.0,31
185.72752380371094,15.858702659606934,3.1717405319213867,1000.0,0.0,-0.5333333333333333,0.8666666666666667,-8.0,13.0,3.0,31
184.53872680664062,17.134239196777344,3.4268478393554687,1000.0,0.0,-0.5333333333333333,0.9333333333333333,-8.0,14.0,3.0,31
188.71136474609375,20.402816772460938,4.080563354492187,1000.0,0.0,-0.5333333333333333,1.0,-8.0,15.0,3.0,31
216.24740600585938,24.633224487304688,4.926644897460937,1000.0,0.0,-0.4666666666666667,-1.0,-7.0,-15.0,3.0,31
227.8793487548828,24.488676071166992,4.897735214233398,1000.0,0.0,-0.4666666666666667,-0.9333333333333333,-7.0,-14.0,3.0,31
208.38421630859375,25.554800033569336,5.110960006713867,1000.0,0.0,-0.4666666666666667,-0.8666666666666667,-7.0,-13.0,3.0,31
212.8608856201172,22.93730926513672,4.587461853027344,1000.0,0.0,-0.4666666666666667,-0.8,-7.0,-12.0,3.0,31
205.59872436523438,22.898250579833984,4.579650115966797,1000.0,0.0,-0.4666666666666667,-0.7333333333333333,-7.0,-11.0,3.0,31
206.79876708984375,21.259258270263672,4.251851654052734,1000.0,0.0,-0.4666666666666667,-0.6666666666666666,-7.0,-10.0,3.0,31
212.39999389648438,23.481761932373047,4.69635238647461,1000.0,0.0,-0.4666666666666667,-0.6,-7.0,-9.0,3.0,31
215.2489776611328,29.4294490814209,5.8858898162841795,1000.0,0.0,-0.4666666666666667,-0.5333333333333333,-7.0,-8.0,3.0,31
219.14767456054688,55.01626968383789,11.003253936767578,1000.0,0.0,-0.4666666666666667,-0.4666666666666667,-7.0,-7.0,3.0,31
215.00083923339844,42.58818435668945,8.51763687133789,1000.0,0.0,-0.4666666666666667,-0.4,-7.0,-6.0,3.0,31
225.3562469482422,62.289669036865234,12.457933807373047,1000.0,0.0,-0.4666666666666667,-0.3333333333333333,-7.0,-5.0,3.0,31
218.2436065673828,48.896446228027344,9.779289245605469,1000.0,0.0,-0.4666666666666667,-0.26666666666666666,-7.0,-4.0,3.0,31
230.7328338623047,71.25460052490234,14.25092010498047,1000.0,0.0,-0.4666666666666667,-0.2,-7.0,-3.0,3.0,31
258.909423828125,59.42513656616211,11.885027313232422,1000.0,0.0,-0.4666666666666667,-0.13333333333333333,-7.0,-2.0,3.0,31
269.6365966796875,74.13188171386719,14.826376342773438,1000.0,0.0,-0.4666666666666667,-0.06666666666666667,-7.0,-1.0,3.0,31
248.33926391601562,71.8656005859375,14.3731201171875,1000.0,0.0,-0.4666666666666667,0.0,-7.0,0.0,3.0,31
271.6302795410156,91.76322174072266,18.35264434814453,1000.0,0.0,-0.4666666666666667,0.06666666666666667,-7.0,1.0,3.0,31
293.8944091796875,100.65829467773438,20.131658935546874,1000.0,0.0,-0.4666666666666667,0.13333333333333333,-7.0,2.0,3.0,31
267.14874267578125,90.23545837402344,18.047091674804687,1000.0,0.0,-0.4666666666666667,0.2,-7.0,3.0,3.0,31
252.40121459960938,58.71356201171875,11.74271240234375,1000.0,0.0,-0.4666666666666667,0.26666666666666666,-7.0,4.0,3.0,31
241.27902221679688,61.069889068603516,12.213977813720703,1000.0,0.0,-0.4666666666666667,0.3333333333333333,-7.0,5.0,3.0,31
261.37200927734375,83.39310455322266,16.678620910644533,1000.0,0.0,-0.4666666666666667,0.4,-7.0,6.0,3.0,31
215.6925048828125,36.08964157104492,7.217928314208985,1000.0,0.0,-0.4666666666666667,0.4666666666666667,-7.0,7.0,3.0,31
219.44091796875,39.54054260253906,7.908108520507812,1000.0,0.0,-0.4666666666666667,0.5333333333333333,-7.0,8.0,3.0,31
194.99583435058594,22.187894821166992,4.437578964233398,1000.0,0.0,-0.4666666666666667,0.6,-7.0,9.0,3.0,31
189.06809997558594,13.383394241333008,2.6766788482666017,1000.0,0.0,-0.4666666666666667,0.6666666666666666,-7.0,10.0,3.0,31
190.14341735839844,17.51851463317871,3.503702926635742,1000.0,0.0,-0.4666666666666667,0.7333333333333333,-7.0,11.0,3.0,31
195.30722045898438,31.00495719909668,6.200991439819336,1000.0,0.0,-0.4666666666666667,0.8,-7.0,12.0,3.0,31
187.40682983398438,18.317617416381836,3.663523483276367,1000.0,0.0,-0.4666666666666667,0.8666666666666667,-7.0,13.0,3.0,31
191.0433807373047,23.072391510009766,4.614478302001953,1000.0,0.0,-0.4666666666666667,0.9333333333333333,-7.0,14.0,3.0,31
190.09027099609375,22.086288452148438,4.417257690429688,1000.0,0.0,-0.4666666666666667,1.0,-7.0,15.0,3.0,31
201.92132568359375,32.24159240722656,6.4483184814453125,1000.0,0.0,-0.4,-1.0,-6.0,-15.0,3.0,31
221.1061553955078,21.41087532043457,4.282175064086914,1000.0,0.0,-0.4,-0.9333333333333333,-6.0,-14.0,3.0,31
229.6126708984375,28.376888275146484,5.675377655029297,1000.0,0.0,-0.4,-0.8666666666666667,-6.0,-13.0,3.0,31
206.9161376953125,23.773561477661133,4.754712295532227,1000.0,0.0,-0.4,-0.8,-6.0,-12.0,3.0,31
205.3230438232422,13.920440673828125,2.784088134765625,1000.0,0.0,-0.4,-0.7333333333333333,-6.0,-11.0,3.0,31
202.77435302734375,18.5355281829834,3.7071056365966797,1000.0,0.0,-0.4,-0.6666666666666666,-6.0,-10.0,3.0,31
219.8646240234375,26.97315788269043,5.394631576538086,1000.0,0.0,-0.4,-0.6,-6.0,-9.0,3.0,31
214.6083526611328,27.32483673095703,5.464967346191406,1000.0,0.0,-0.4,-0.5333333333333333,-6.0,-8.0,3.0,31
203.8700714111328,20.956283569335938,4.191256713867188,1000.0,0.0,-0.4,-0.4666666666666667,-6.0,-7.0,3.0,31
226.94894409179688,56.560874938964844,11.312174987792968,1000.0,0.0,-0.4,-0.4,-6.0,-6.0,3.0,31
211.39479064941406,36.701385498046875,7.340277099609375,1000.0,0.0,-0.4,-0.3333333333333333,-6.0,-5.0,3.0,31
194.13035583496094,25.94926643371582,5.189853286743164,1000.0,0.0,-0.4,-0.26666666666666666,-6.0,-4.0,3.0,31
191.82521057128906,13.672709465026855,2.734541893005371,1000.0,0.0,-0.4,-0.2,-6.0,-3.0,3.0,31
209.72166442871094,42.86058044433594,8.572116088867187,1000.0,0.0,-0.4,-0.13333333333333333,-6.0,-2.0,3.0,31
234.27468872070312,51.42052459716797,10.284104919433593,1000.0,0.0,-0.4,-0.06666666666666667,-6.0,-1.0,3.0,31
258.6156921386719,62.39805603027344,12.479611206054688,1000.0,0.0,-0.4,0.0,-6.0,0.0,3.0,31
290.6330871582031,88.74591827392578,17.749183654785156,1000.0,0.0,-0.4,0.06666666666666667,-6.0,1.0,3.0,31
278.72076416015625,99.37860107421875,19.87572021484375,1000.0,0.0,-0.4,0.13333333333333333,-6.0,2.0,3.0,31
256.89093017578125,69.0618896484375,13.8123779296875,1000.0,0.0,-0.4,0.2,-6.0,3.0,3.0,31
249.5661163330078,69.11308288574219,13.822616577148438,1000.0,0.0,-0.4,0.26666666666666666,-6.0,4.0,3.0,31
247.26107788085938,56.40870666503906,11.281741333007812,1000.0,0.0,-0.4,0.3333333333333333,-6.0,5.0,3.0,31
206.26480102539062,31.55574607849121,6.311149215698242,1000.0,0.0,-0.4,0.4,-6.0,6.0,3.0,31
215.7973175048828,51.656227111816406,10.331245422363281,1000.0,0.0,-0.4,0.4666666666666667,-6.0,7.0,3.0,31
214.48951721191406,43.683895111083984,8.736779022216798,1000.0,0.0,-0.4,0.5333333333333333,-6.0,8.0,3.0,31
194.06976318359375,22.285856246948242,4.457171249389648,1000.0,0.0,-0.4,0.6,-6.0,9.0,3.0,31
186.8572998046875,18.860275268554688,3.7720550537109374,1000.0,0.0,-0.4,0.6666666666666666,-6.0,10.0,3.0,31
190.63255310058594,20.150569915771484,4.030113983154297,1000.0,0.0,-0.4,0.7333333333333333,-6.0,11.0,3.0,31
188.07852172851562,16.90133285522461,3.380266571044922,1000.0,0.0,-0.4,0.8,-6.0,12.0,3.0,31
191.03807067871094,24.109769821166992,4.821953964233399,1000.0,0.0,-0.4,0.8666666666666667,-6.0,13.0,3.0,31
184.56565856933594,18.036434173583984,3.607286834716797,1000.0,0.0,-0.4,0.9333333333333333,-6.0,14.0,3.0,31
189.92901611328125,33.9980354309082,6.7996070861816404,1000.0,0.0,-0.4,1.0,-6.0,15.0,3.0,31
239.5404052734375,31.460784912109375,6.292156982421875,1000.0,0.0,-0.3333333333333333,-1.0,-5.0,-15.0,3.0,31
218.03488159179688,27.044328689575195,5.408865737915039,1000.0,0.0,-0.3333333333333333,-0.9333333333333333,-5.0,-14.0,3.0,31
226.6810760498047,32.60968017578125,6.52193603515625,1000.0,0.0,-0.3333333333333333,-0.8666666666666667,-5.0,-13.0,3.0,31
220.6896514892578,29.191160202026367,5.838232040405273,1000.0,0.0,-0.3333333333333333,-0.8,-5.0,-12.0,3.0,31
200.88339233398438,20.294038772583008,4.058807754516602,1000.0,0.0,-0.3333333333333333,-0.7333333333333333,-5.0,-11.0,3.0,31
200.7608642578125,20.482376098632812,4.096475219726562,1000.0,0.0,-0.3333333333333333,-0.6666666666666666,-5.0,-10.0,3.0,31
197.27462768554688,18.3122615814209,3.6624523162841798,1000.0,0.0,-0.3333333333333333,-0.6,-5.0,-9.0,3.0,31
197.23062133789062,18.35055923461914,3.6701118469238283,1000.0,0.0,-0.3333333333333333,-0.5333333333333333,-5.0,-8.0,3.0,31
210.23748779296875,24.964590072631836,4.992918014526367,1000.0,0.0,-0.3333333333333333,-0.4666666666666667,-5.0,-7.0,3.0,31
199.95863342285156,22.913829803466797,4.58276596069336,1000.0,0.0,-0.3333333333333333,-0.4,-5.0,-6.0,3.0,31
193.52352905273438,19.55982208251953,3.9119644165039062,1000.0,0.0,-0.3333333333333333,-0.3333333333333333,-5.0,-5.0,3.0,31
181.7899627685547,10.314135551452637,2.0628271102905273,1000.0,0.0,-0.3333333333333333,-0.26666666666666666,-5.0,-4.0,3.0,31
187.80357360839844,20.548934936523438,4.1097869873046875,1000.0,0.0,-0.3333333333333333,-0.2,-5.0,-3.0,3.0,31
187.42422485351562,16.698001861572266,3.339600372314453,1000.0,0.0,-0.3333333333333333,-0.13333333333333333,-5.0,-2.0,3.0,31
205.42315673828125,30.105588912963867,6.021117782592773,1000.0,0.0,-0.3333333333333333,-0.06666666666666667,-5.0,-1.0,3.0,31
233.92515563964844,64.43207550048828,12.886415100097656,1000.0,0.0,-0.3333333333333333,0.0,-5.0,0.0,3.0,31
298.0350646972656,103.67700958251953,20.735401916503907,1000.0,0.0,-0.3333333333333333,0.06666666666666667,-5.0,1.0,3.0,31
289.8157653808594,96.82381439208984,19.36476287841797,1000.0,0.0,-0.3333333333333333,0.13333333333333333,-5.0,2.0,3.0,31
215.44480895996094,40.17519760131836,8.035039520263672,1000.0,0.0,-0.3333333333333333,0.2,-5.0,3.0,3.0,31
238.68080139160156,39.599063873291016,7.919812774658203,1000.0,0.0,-0.3333333333333333,0.26666666666666666,-5.0,4.0,3.0,31
249.17816162109375,59.14710998535156,11.829421997070312,1000.0,0.0,-0.3333333333333333,0.3333333333333333,-5.0,5.0,3.0,31
223.8660125732422,48.09870529174805,9.619741058349609,1000.0,0.0,-0.3333333333333333,0.4,-5.0,6.0,3.0,31
218.85910034179688,58.11042785644531,11.622085571289062,1000.0,0.0,-0.3333333333333333,0.4666666666666667,-5.0,7.0,3.0,31
213.77166748046875,44.73020935058594,8.946041870117188,1000.0,0.0,-0.3333333333333333,0.5333333333333333,-5.0,8.0,3.0,31
234.35684204101562,55.3615608215332,11.072312164306641,1000.0,0.0,-0.3333333333333333,0.6,-5.0,9.0,3.0,31
210.03628540039062,43.903167724609375,8.780633544921875,1000.0,0.0,-0.3333333333333333,0.6666666666666666,-5.0,10.0,3.0,31
203.11900329589844,41.50992202758789,8.301984405517578,1000.0,0.0,-0.3333333333333333,0.7333333333333333,-5.0,11.0,3.0,31
204.6070556640625,45.509246826171875,9.101849365234376,1000.0,0.0,-0.3333333333333333,0.8,-5.0,12.0,3.0,31
227.6057586669922,67.27300262451172,13.454600524902343,1000.0,0.0,-0.3333333333333333,0.8666666666666667,-5.0,13.0,3.0,31
240.14028930664062,95.85528564453125,19.17105712890625,1000.0,0.0,-0.3333333333333333,0.9333333333333333,-5.0,14.0,3.0,31
246.77992248535156,99.92860412597656,19.985720825195312,1000.0,0.0,-0.3333333333333333,1.0,-5.0,15.0,3.0,31
251.12164306640625,48.94047927856445,9.788095855712891,1000.0,0.0,-0.26666666666666666,-1.0,-4.0,-15.0,3.0,31
262.9749450683594,40.05259704589844,8.010519409179688,1000.0,0.0,-0.26666666666666666,-0.9333333333333333,-4.0,-14.0,3.0,31
256.2987976074219,44.9787712097168,8.99575424194336,1000.0,0.0,-0.26666666666666666,-0.8666666666666667,-4.0,-13.0,3.0,31
247.40248107910156,44.68841552734375,8.93768310546875,1000.0,0.0,-0.26666666666666666,-0.8,-4.0,-12.0,3.0,31
258.7872314453125,53.04087829589844,10.608175659179688,1000.0,0.0,-0.26666666666666666,-0.7333333333333333,-4.0,-11.0,3.0,31
218.52769470214844,25.378149032592773,5.075629806518554,1000.0,0.0,-0.26666666666666666,-0.6666666666666666,-4.0,-10.0,3.0,31
205.1219940185547,27.952402114868164,5.5904804229736325,1000.0,0.0,-0.26666666666666666,-0.6,-4.0,-9.0,3.0,31
192.65853881835938,16.89510154724121,3.3790203094482423,1000.0,0.0,-0.26666666666666666,-0.5333333333333333,-4.0,-8.0,3.0,31
201.3045654296875,23.28156280517578,4.656312561035156,1000.0,0.0,-0.26666666666666666,-0.4666666666666667,-4.0,-7.0,3.0,31
200.8765869140625,25.386852264404297,5.077370452880859,1000.0,0.0,-0.26666666666666666,-0.4,-4.0,-6.0,3.0,31
192.4605712890625,26.226621627807617,5.245324325561524,1000.0,0.0,-0.26666666666666666,-0.3333333333333333,-4.0,-5.0,3.0,31
205.9956512451172,26.411497116088867,5.282299423217774,1000.0,0.0,-0.26666666666666666,-0.26666666666666666,-4.0,-4.0,3.0,31
226.8583221435547,43.554832458496094,8.710966491699219,1000.0,0.0,-0.26666666666666666,-0.2,-4.0,-3.0,3.0,31
210.54978942871094,26.549570083618164,5.309914016723633,1000.0,0.0,-0.26666666666666666,-0.13333333333333333,-4.0,-2.0,3.0,31
237.2973175048828,41.34721755981445,8.26944351196289,1000.0,0.0,-0.26666666666666666,-0.06666666666666667,-4.0,-1.0,3.0,31
324.03759765625,86.79562377929688,17.359124755859376,1000.0,0.0,-0.26666666666666666,0.0,-4.0,0.0,3.0,31
289.9317626953125,98.02381134033203,19.604762268066406,1000.0,0.0,-0.26666666666666666,0.06666666666666667,-4.0,1.0,3.0,31
315.0774230957031,125.90005493164062,25.180010986328124,1000.0,0.0,-0.26666666666666666,0.13333333333333333,-4.0,2.0,3.0,31
266.66314697265625,77.94615173339844,15.589230346679688,1000.0,0.0,-0.26666666666666666,0.2,-4.0,3.0,3.0,31
280.1567687988281,115.52330780029297,23.104661560058595,1000.0,0.0,-0.26666666666666666,0.26666666666666666,-4.0,4.0,3.0,31
309.3804016113281,107.06614685058594,21.413229370117186,1000.0,0.0,-0.26666666666666666,0.3333333333333333,-4.0,5.0,3.0,31
229.1067352294922,62.908477783203125,12.581695556640625,1000.0,0.0,-0.26666666666666666,0.4,-4.0,6.0,3.0,31
337.4325256347656,107.29786682128906,21.459573364257814,1000.0,0.0,-0.26666666666666666,0.4666666666666667,-4.0,7.0,3.0,31
288.3873596191406,95.50685119628906,19.10137023925781,1000.0,0.0,-0.26666666666666666,0.5333333333333333,-4.0,8.0,3.0,31
284.2647399902344,111.7309341430664,22.34618682861328,1000.0,0.0,-0.26666666666666666,0.6,-4.0,9.0,3.0,31
266.5350036621094,95.35733795166016,19.07146759033203,1000.0,0.0,-0.26666666666666666,0.6666666666666666,-4.0,10.0,3.0,31
244.95640563964844,84.39813232421875,16.87962646484375,1000.0,0.0,-0.26666666666666666,0.7333333333333333,-4.0,11.0,3.0,31
240.41419982910156,78.67025756835938,15.734051513671876,1000.0,0.0,-0.26666666666666666,0.8,-4.0,12.0,3.0,31
254.05126953125,98.92382049560547,19.784764099121094,1000.0,0.0,-0.26666666666666666,0.8666666666666667,-4.0,13.0,3.0,31
265.35882568359375,120.96569061279297,24.193138122558594,1000.0,0.0,-0.26666666666666666,0.9333333333333333,-4.0,14.0,3.0,31
275.3337707519531,117.70195770263672,23.540391540527345,1000.0,0.0,-0.26666666666666666,1.0,-4.0,15.0,3.0,31
264.6683349609375,41.83287811279297,8.366575622558594,1000.0,0.0,-0.2,-1.0,-3.0,-15.0,3.0,31
238.4496307373047,41.26448059082031,8.252896118164063,1000.0,0.0,-0.2,-0.9333333333333333,-3.0,-14.0,3.0,31
236.25115966796875,56.960540771484375,11.392108154296874,1000.0,0.0,-0.2,-0.8666666666666667,-3.0,-13.0,3.0,31
238.35560607910156,40.997005462646484,8.199401092529296,1000.0,0.0,-0.2,-0.8,-3.0,-12.0,3.0,31
224.71478271484375,37.45905303955078,7.491810607910156,1000.0,0.0,-0.2,-0.7333333333333333,-3.0,-11.0,3.0,31
267.2796630859375,65.71443939208984,13.14288787841797,1000.0,0.0,-0.2,-0.6666666666666666,-3.0,-10.0,3.0,31
258.0898132324219,59.722599029541016,11.944519805908204,1000.0,0.0,-0.2,-0.6,-3.0,-9.0,3.0,31
239.50360107421875,44.74134826660156,8.948269653320313,1000.0,0.0,-0.2,-0.5333333333333333,-3.0,-8.0,3.0,31
203.6510009765625,29.940914154052734,5.988182830810547,1000.0,0.0,-0.2,-0.4666666666666667,-3.0,-7.0,3.0,31
228.52011108398438,63.924705505371094,12.784941101074219,1000.0,0.0,-0.2,-0.4,-3.0,-6.0,3.0,31
220.87046813964844,44.54017639160156,8.908035278320312,1000.0,0.0,-0.2,-0.3333333333333333,-3.0,-5.0,3.0,31
195.23255920410156,30.172527313232422,6.034505462646484,1000.0,0.0,-0.2,-0.26666666666666666,-3.0,-4.0,3.0,31
205.8668212890625,49.87429428100586,9.974858856201172,1000.0,0.0,-0.2,-0.2,-3.0,-3.0,3.0,31
245.00625610351562,59.64195251464844,11.928390502929688,1000.0,0.0,-0.2,-0.13333333333333333,-3.0,-2.0,3.0,31
437.519775390625,109.97078704833984,21.99415740966797,1000.0,0.0,-0.2,-0.06666666666666667,-3.0,-1.0,3.0,31
322.6112365722656,97.85076904296875,19.57015380859375,1000.0,0.0,-0.2,0.0,-3.0,0.0,3.0,31
264.4032287597656,81.33422088623047,16.266844177246092,1000.0,0.0,-0.2,0.06666666666666667,-3.0,1.0,3.0,31
415.31414794921875,215.9027862548828,43.18055725097656,1000.0,0.0,-0.2,0.13333333333333333,-3.0,2.0,3.0,31
382.9530944824219,148.5709991455078,29.714199829101563,1000.0,0.0,-0.2,0.2,-3.0,3.0,3.0,31
360.47430419921875,134.2644805908203,26.85289611816406,1000.0,0.0,-0.2,0.26666666666666666,-3.0,4.0,3.0,31
343.54473876953125,121.29447937011719,24.258895874023438,1000.0,0.0,-0.2,0.3333333333333333,-3.0,5.0,3.0,31
270.62591552734375,107.77561950683594,21.55512390136719,1000.0,0.0,-0.2,0.4,-3.0,6.0,3.0,31
309.05242919921875,119.67012023925781,23.934024047851562,1000.0,0.0,-0.2,0.4666666666666667,-3.0,7.0,3.0,31
264.8858642578125,115.93732452392578,23.187464904785156,1000.0,0.0,-0.2,0.5333333333333333,-3.0,8.0,3.0,31
283.3426513671875,119.98009490966797,23.996018981933595,1000.0,0.0,-0.2,0.6,-3.0,9.0,3.0,31
244.44898986816406,96.56452941894531,19.312905883789064,1000.0,0.0,-0.2,0.6666666666666666,-3.0,10.0,3.0,31
241.0470733642578,98.6231460571289,19.724629211425782,1000.0,0.0,-0.2,0.7333333333333333,-3.0,11.0,3.0,31
233.1523895263672,87.10179901123047,17.420359802246093,1000.0,0.0,-0.2,0.8,-3.0,12.0,3.0,31
293.2781982421875,109.89149475097656,21.978298950195313,1000.0,0.0,-0.2,0.8666666666666667,-3.0,13.0,3.0,31
285.7544250488281,106.08004760742188,21.216009521484374,1000.0,0.0,-0.2,0.9333333333333333,-3.0,14.0,3.0,31
322.00335693359375,104.38553619384766,20.877107238769533,1000.0,0.0,-0.2,1.0,-3.0,15.0,3.0,31
210.93954467773438,41.974830627441406,8.394966125488281,1000.0,0.0,-0.13333333333333333,-1.0,-2.0,-15.0,3.0,31
220.03900146484375,58.57194900512695,11.71438980102539,1000.0,0.0,-0.13333333333333333,-0.9333333333333333,-2.0,-14.0,3.0,31
225.6175537109375,41.35896682739258,8.271793365478516,1000.0,0.0,-0.13333333333333333,-0.8666666666666667,-2.0,-13.0,3.0,31
227.71051025390625,43.93683624267578,8.787367248535157,1000.0,0.0,-0.13333333333333333,-0.8,-2.0,-12.0,3.0,31
215.07394409179688,31.274456024169922,6.254891204833984,1000.0,0.0,-0.13333333333333333,-0.7333333333333333,-2.0,-11.0,3.0,31
210.9745330810547,30.91927146911621,6.183854293823242,1000.0,0.0,-0.13333333333333333,-0.6666666666666666,-2.0,-10.0,3.0,31
228.00015258789062,37.13847351074219,7.427694702148438,1000.0,0.0,-0.13333333333333333,-0.6,-2.0,-9.0,3.0,31
226.6947784423828,36.96015167236328,7.392030334472656,1000.0,0.0,-0.13333333333333333,-0.5333333333333333,-2.0,-8.0,3.0,31
215.7525177001953,27.24698829650879,5.4493976593017575,1000.0,0.0,-0.13333333333333333,-0.4666666666666667,-2.0,-7.0,3.0,31
227.17938232421875,71.43907165527344,14.287814331054687,1000.0,0.0,-0.13333333333333333,-0.4,-2.0,-6.0,3.0,31
192.00486755371094,17.453468322753906,3.4906936645507813,1000.0,0.0,-0.13333333333333333,-0.3333333333333333,-2.0,-5.0,3.0,31
224.01248168945312,82.61254119873047,16.522508239746095,1000.0,0.0,-0.13333333333333333,-0.26666666666666666,-2.0,-4.0,3.0,31
225.76658630371094,105.50827026367188,21.101654052734375,1000.0,0.0,-0.13333333333333333,-0.2,-2.0,-3.0,3.0,31
236.30426025390625,72.8790283203125,14.5758056640625,1000.0,0.0,-0.13333333333333333,-0.13333333333333333,-2.0,-2.0,3.0,31
435.67755126953125,119.63339233398438,23.926678466796876,1000.0,0.0,-0.13333333333333333,-0.06666666666666667,-2.0,-1.0,3.0,31
626.8119506835938,240.43722534179688,48.08744506835937,1000.0,0.0,-0.13333333333333333,0.0,-2.0,0.0,3.0,31
674.567626953125,211.29637145996094,42.259274291992185,1000.0,0.0,-0.13333333333333333,0.06666666666666667,-2.0,1.0,3.0,31
399.7270812988281,233.07188415527344,46.614376831054685,1000.0,0.0,-0.13333333333333333,0.13333333333333333,-2.0,2.0,3.0,31
284.3360595703125,112.51876068115234,22.503752136230467,1000.0,0.0,-0.13333333333333333,0.2,-2.0,3.0,3.0,31
359.11065673828125,150.26895141601562,30.053790283203124,1000.0,0.0,-0.13333333333333333,0.26666666666666666,-2.0,4.0,3.0,31
325.8675842285156,114.32389831542969,22.864779663085937,1000.0,0.0,-0.13333333333333333,0.3333333333333333,-2.0,5.0,3.0,31
296.6762390136719,104.17314147949219,20.834628295898437,1000.0,0.0,-0.13333333333333333,0.4,-2.0,6.0,3.0,31
252.98876953125,94.23397064208984,18.84679412841797,1000.0,0.0,-0.13333333333333333,0.4666666666666667,-2.0,7.0,3.0,31
288.32537841796875,123.73770141601562,24.747540283203126,1000.0,0.0,-0.13333333333333333,0.5333333333333333,-2.0,8.0,3.0,31
240.0417938232422,104.85565185546875,20.97113037109375,1000.0,0.0,-0.13333333333333333,0.6,-2.0,9.0,3.0,31
222.7374267578125,83.87950897216797,16.775901794433594,1000.0,0.0,-0.13333333333333333,0.6666666666666666,-2.0,10.0,3.0,31
264.6943664550781,112.47319030761719,22.49463806152344,1000.0,0.0,-0.13333333333333333,0.7333333333333333,-2.0,11.0,3.0,31
252.87640380859375,94.36824798583984,18.87364959716797,1000.0,0.0,-0.13333333333333333,0.8,-2.0,12.0,3.0,31
257.2099304199219,97.92781066894531,19.58556213378906,1000.0,0.0,-0.13333333333333333,0.8666666666666667,-2.0,13.0,3.0,31
278.1710205078125,107.96222686767578,21.592445373535156,1000.0,0.0,-0.13333333333333333,0.9333333333333333,-2.0,14.0,3.0,31
284.0539855957031,100.68547821044922,20.137095642089843,1000.0,0.0,-0.13333333333333333,1.0,-2.0,15.0,3.0,31
206.59091186523438,40.77659606933594,8.155319213867188,1000.0,0.0,-0.06666666666666667,-1.0,-1.0,-15.0,3.0,31
209.55531311035156,45.41950225830078,9.083900451660156,1000.0,0.0,-0.06666666666666667,-0.9333333333333333,-1.0,-14.0,3.0,31
216.3832244873047,56.0418815612793,11.20837631225586,1000.0,0.0,-0.06666666666666667,-0.8666666666666667,-1.0,-13.0,3.0,31
202.04913330078125,34.625144958496094,6.925028991699219,1000.0,0.0,-0.06666666666666667,-0.8,-1.0,-12.0,3.0,31
195.54132080078125,23.209911346435547,4.6419822692871096,1000.0,0.0,-0.06666666666666667,-0.7333333333333333,-1.0,-11.0,3.0,31
196.10943603515625,26.269390106201172,5.253878021240235,1000.0,0.0,-0.06666666666666667,-0.6666666666666666,-1.0,-10.0,3.0,31
193.2759246826172,21.505359649658203,4.3010719299316404,1000.0,0.0,-0.06666666666666667,-0.6,-1.0,-9.0,3.0,31
225.70623779296875,43.35432052612305,8.67086410522461,1000.0,0.0,-0.06666666666666667,-0.5333333333333333,-1.0,-8.0,3.0,31
207.21563720703125,24.502880096435547,4.90057601928711,1000.0,0.0,-0.06666666666666667,-0.4666666666666667,-1.0,-7.0,3.0,31
196.51617431640625,23.449283599853516,4.689856719970703,1000.0,0.0,-0.06666666666666667,-0.4,-1.0,-6.0,3.0,31
199.2371063232422,23.204605102539062,4.640921020507813,1000.0,0.0,-0.06666666666666667,-0.3333333333333333,-1.0,-5.0,3.0,31
223.1670684814453,63.16411590576172,12.632823181152343,1000.0,0.0,-0.06666666666666667,-0.26666666666666666,-1.0,-4.0,3.0,31
216.12860107421875,46.7348747253418,9.346974945068359,1000.0,0.0,-0.06666666666666667,-0.2,-1.0,-3.0,3.0,31
261.2964782714844,107.4090805053711,21.48181610107422,1000.0,0.0,-0.06666666666666667,-0.13333333333333333,-1.0,-2.0,3.0,31
945.184326171875,21.279438018798828,4.255887603759765,1000.0,0.0,-0.06666666666666667,-0.06666666666666667,-1.0,-1.0,3.0,31
978.4827270507812,8.619131088256836,1.7238262176513672,1000.0,0.0,-0.06666666666666667,0.0,-1.0,0.0,3.0,31
957.2754516601562,19.164697647094727,3.8329395294189452,1000.0,0.0,-0.06666666666666667,0.06666666666666667,-1.0,1.0,3.0,31
504.3221740722656,271.5792541503906,54.315850830078126,1000.0,0.0,-0.06666666666666667,0.13333333333333333,-1.0,2.0,3.0,31
340.1247253417969,180.37130737304688,36.07426147460937,1000.0,0.0,-0.06666666666666667,0.2,-1.0,3.0,3.0,31
360.8789367675781,160.4274139404297,32.08548278808594,1000.0,0.0,-0.06666666666666667,0.26666666666666666,-1.0,4.0,3.0,31
325.81842041015625,101.22555541992188,20.245111083984376,1000.0,0.0,-0.06666666666666667,0.3333333333333333,-1.0,5.0,3.0,31
207.21755981445312,48.515167236328125,9.703033447265625,1000.0,0.0,-0.06666666666666667,0.4,-1.0,6.0,3.0,31
225.2257080078125,77.8381576538086,15.56763153076172,1000.0,0.0,-0.06666666666666667,0.4666666666666667,-1.0,7.0,3.0,31
226.55628967285156,82.49044799804688,16.498089599609376,1000.0,0.0,-0.06666666666666667,0.5333333333333333,-1.0,8.0,3.0,31
270.1977844238281,114.61590576171875,22.92318115234375,1000.0,0.0,-0.06666666666666667,0.6,-1.0,9.0,3.0,31
269.5761413574219,108.82195281982422,21.764390563964845,1000.0,0.0,-0.06666666666666667,0.6666666666666666,-1.0,10.0,3.0,31
260.9742431640625,103.44638061523438,20.689276123046874,1000.0,0.0,-0.06666666666666667,0.7333333333333333,-1.0,11.0,3.0,31
274.70428466796875,102.1148452758789,20.42296905517578,1000.0,0.0,-0.06666666666666667,0.8,-1.0,12.0,3.0,31
273.363525390625,95.5800552368164,19.11601104736328,1000.0,0.0,-0.06666666666666667,0.8666666666666667,-1.0,13.0,3.0,31
285.788330078125,93.56693267822266,18.71338653564453,1000.0,0.0,-0.06666666666666667,0.9333333333333333,-1.0,14.0,3.0,31
290.2528076171875,86.73816680908203,17.347633361816406,1000.0,0.0,-0.06666666666666667,1.0,-1.0,15.0,3.0,31
202.6383056640625,32.02059555053711,6.4041191101074215,1000.0,0.0,0.0,-1.0,0.0,-15.0,3.0,31
194.8765106201172,36.27006149291992,7.2540122985839846,1000.0,0.0,0.0,-0.9333333333333333,0.0,-14.0,3.0,31
199.49395751953125,37.51239776611328,7.502479553222656,1000.0,0.0,0.0,-0.8666666666666667,0.0,-13.0,3.0,31
225.9522705078125,60.00926208496094,12.001852416992188,1000.0,0.0,0.0,-0.8,0.0,-12.0,3.0,31
202.7657470703125,31.029863357543945,6.205972671508789,1000.0,0.0,0.0,-0.7333333333333333,0.0,-11.0,3.0,31
188.1897430419922,18.572235107421875,3.714447021484375,1000.0,0.0,0.0,-0.6666666666666666,0.0,-10.0,3.0,31
188.5802764892578,18.542757034301758,3.7085514068603516,1000.0,0.0,0.0,-0.6,0.0,-9.0,3.0,31
189.03480529785156,17.84815788269043,3.569631576538086,1000.0,0.0,0.0,-0.5333333333333333,0.0,-8.0,3.0,31
215.72669982910156,36.31392288208008,7.262784576416015,1000.0,0.0,0.0,-0.4666666666666667,0.0,-7.0,3.0,31
192.38990783691406,17.763717651367188,3.5527435302734376,1000.0,0.0,0.0,-0.4,0.0,-6.0,3.0,31
216.72442626953125,32.204689025878906,6.440937805175781,1000.0,0.0,0.0,-0.3333333333333333,0.0,-5.0,3.0,31
211.71119689941406,57.850223541259766,11.570044708251952,1000.0,0.0,0.0,-0.26666666666666666,0.0,-4.0,3.0,31
225.00355529785156,56.412269592285156,11.282453918457032,1000.0,0.0,0.0,-0.2,0.0,-3.0,3.0,31
489.18829345703125,200.4479217529297,40.08958435058594,1000.0,0.0,0.0,-0.13333333333333333,0.0,-2.0,3.0,31
933.0457763671875,60.91852569580078,12.183705139160157,1000.0,0.0,0.0,-0.06666666666666667,0.0,-1.0,3.0,31
976.7277221679688,11.934856414794922,2.386971282958984,1000.0,0.0,0.0,0.0,0.0,0.0,3.0,31
965.3068237304688,29.902517318725586,5.9805034637451175,1000.0,0.0,0.0,0.06666666666666667,0.0,1.0,3.0,31
587.2361450195312,232.42662048339844,46.48532409667969,1000.0,0.0,0.0,0.13333333333333333,0.0,2.0,3.0,31
266.5322570800781,141.26441955566406,28.252883911132812,1000.0,0.0,0.0,0.2,0.0,3.0,3.0,31
228.7303924560547,67.91102600097656,13.582205200195313,1000.0,0.0,0.0,0.26666666666666666,0.0,4.0,3.0,31
260.8104248046875,67.61447143554688,13.522894287109375,1000.0,0.0,0.0,0.3333333333333333,0.0,5.0,3.0,31
208.8258056640625,40.79146957397461,8.158293914794921,1000.0,0.0,0.0,0.4,0.0,6.0,3.0,31
188.92718505859375,20.154569625854492,4.030913925170898,1000.0,0.0,0.0,0.4666666666666667,0.0,7.0,3.0,31
207.85464477539062,42.511322021484375,8.502264404296875,1000.0,0.0,0.0,0.5333333333333333,0.0,8.0,3.0,31
209.7686004638672,57.06132888793945,11.41226577758789,1000.0,0.0,0.0,0.6,0.0,9.0,3.0,31
278.5911865234375,119.52664947509766,23.90532989501953,1000.0,0.0,0.0,0.6666666666666666,0.0,10.0,3.0,31
281.9664306640625,115.96854400634766,23.19370880126953,1000.0,0.0,0.0,0.7333333333333333,0.0,11.0,3.0,31
276.2176818847656,111.55108642578125,22.31021728515625,1000.0,0.0,0.0,0.8,0.0,12.0,3.0,31
280.2447814941406,92.35543823242188,18.471087646484374,1000.0,0.0,0.0,0.8666666666666667,0.0,13.0,3.0,31
267.05108642578125,84.46385955810547,16.892771911621093,1000.0,0.0,0.0,0.9333333333333333,0.0,14.0,3.0,31
280.5350646972656,95.43275451660156,19.086550903320312,1000.0,0.0,0.0,1.0,0.0,15.0,3.0,31
214.71701049804688,45.805484771728516,9.161096954345703,1000.0,0.0,0.06666666666666667,-1.0,1.0,-15.0,3.0,31
210.49237060546875,31.910953521728516,6.382190704345703,1000.0,0.0,0.06666666666666667,-0.9333333333333333,1.0,-14.0,3.0,31
191.6703643798828,22.800020217895508,4.560004043579101,1000.0,0.0,0.06666666666666667,-0.8666666666666667,1.0,-13.0,3.0,31
208.48992919921875,42.86438751220703,8.572877502441406,1000.0,0.0,0.06666666666666667,-0.8,1.0,-12.0,3.0,31
216.04461669921875,51.69797897338867,10.339595794677734,1000.0,0.0,0.06666666666666667,-0.7333333333333333,1.0,-11.0,3.0,31
230.01507568359375,64.72637939453125,12.94527587890625,1000.0,0.0,0.06666666666666667,-0.6666666666666666,1.0,-10.0,3.0,31
205.27049255371094,34.34013748168945,6.8680274963378904,1000.0,0.0,0.06666666666666667,-0.6,1.0,-9.0,3.0,31
210.57386779785156,22.75723648071289,4.5514472961425785,1000.0,0.0,0.06666666666666667,-0.5333333333333333,1.0,-8.0,3.0,31
227.78933715820312,60.94886016845703,12.189772033691407,1000.0,0.0,0.06666666666666667,-0.4666666666666667,1.0,-7.0,3.0,31
248.05267333984375,68.66248321533203,13.732496643066407,1000.0,0.0,0.06666666666666667,-0.4,1.0,-6.0,3.0,31
218.0236358642578,48.290374755859375,9.658074951171875,1000.0,0.0,0.06666666666666667,-0.3333333333333333,1.0,-5.0,3.0,31
403.8073425292969,89.91206359863281,17.98241271972656,1000.0,0.0,0.06666666666666667,-0.26666666666666666,1.0,-4.0,3.0,31
316.0773620605469,119.64583587646484,23.929167175292967,1000.0,0.0,0.06666666666666667,-0.2,1.0,-3.0,3.0,31
290.10345458984375,135.5096435546875,27.1019287109375,1000.0,0.0,0.06666666666666667,-0.13333333333333333,1.0,-2.0,3.0,31
648.8075561523438,251.05181884765625,50.21036376953125,1000.0,0.0,0.06666666666666667,-0.06666666666666667,1.0,-1.0,3.0,31
948.375732421875,76.49995422363281,15.299990844726562,1000.0,0.0,0.06666666666666667,0.0,1.0,0.0,3.0,31
924.982421875,39.50539016723633,7.9010780334472654,1000.0,0.0,0.06666666666666667,0.06666666666666667,1.0,1.0,3.0,31
306.3554992675781,113.86599731445312,22.773199462890624,1000.0,0.0,0.06666666666666667,0.13333333333333333,1.0,2.0,3.0,31
207.55999755859375,33.5240478515625,6.7048095703125,1000.0,0.0,0.06666666666666667,0.2,1.0,3.0,3.0,31
220.88467407226562,36.636634826660156,7.327326965332031,1000.0,0.0,0.06666666666666667,0.26666666666666666,1.0,4.0,3.0,31
228.79116821289062,47.42255783081055,9.484511566162109,1000.0,0.0,0.06666666666666667,0.3333333333333333,1.0,5.0,3.0,31
193.15736389160156,30.66071128845215,6.13214225769043,1000.0,0.0,0.06666666666666667,0.4,1.0,6.0,3.0,31
191.2608184814453,19.59141731262207,3.918283462524414,1000.0,0.0,0.06666666666666667,0.4666666666666667,1.0,7.0,3.0,31
194.20822143554688,30.17580795288086,6.0351615905761715,1000.0,0.0,0.06666666666666667,0.5333333333333333,1.0,8.0,3.0,31
211.8833465576172,49.59355163574219,9.918710327148437,1000.0,0.0,0.06666666666666667,0.6,1.0,9.0,3.0,31
246.14151000976562,116.38597869873047,23.277195739746094,1000.0,0.0,0.06666666666666667,0.6666666666666666,1.0,10.0,3.0,31
277.1839904785156,121.31436920166016,24.26287384033203,1000.0,0.0,0.06666666666666667,0.7333333333333333,1.0,11.0,3.0,31
288.4840087890625,108.8056411743164,21.761128234863282,1000.0,0.0,0.06666666666666667,0.8,1.0,12.0,3.0,31
294.07470703125,109.32260131835938,21.864520263671874,1000.0,0.0,0.06666666666666667,0.8666666666666667,1.0,13.0,3.0,31
269.96856689453125,100.76904296875,20.15380859375,1000.0,0.0,0.06666666666666667,0.9333333333333333,1.0,14.0,3.0,31
274.86456298828125,96.0066146850586,19.201322937011717,1000.0,0.0,0.06666666666666667,1.0,1.0,15.0,3.0,31
233.12574768066406,54.12062072753906,10.824124145507813,1000.0,0.0,0.13333333333333333,-1.0,2.0,-15.0,3.0,31
238.85768127441406,49.47419738769531,9.894839477539062,1000.0,0.0,0.13333333333333333,-0.9333333333333333,2.0,-14.0,3.0,31
224.99893188476562,46.58168411254883,9.316336822509765,1000.0,0.0,0.13333333333333333,-0.8666666666666667,2.0,-13.0,3.0,31
225.22372436523438,47.983062744140625,9.596612548828125,1000.0,0.0,0.13333333333333333,-0.8,2.0,-12.0,3.0,31
207.68235778808594,29.504085540771484,5.900817108154297,1000.0,0.0,0.13333333333333333,-0.7333333333333333,2.0,-11.0,3.0,31
190.1192169189453,17.121753692626953,3.4243507385253906,1000.0,0.0,0.13333333333333333,-0.6666666666666666,2.0,-10.0,3.0,31
190.9875030517578,12.472222328186035,2.494444465637207,1000.0,0.0,0.13333333333333333,-0.6,2.0,-9.0,3.0,31
189.09642028808594,15.422806739807129,3.084561347961426,1000.0,0.0,0.13333333333333333,-0.5333333333333333,2.0,-8.0,3.0,31
191.25369262695312,17.283145904541016,3.456629180908203,1000.0,0.0,0.13333333333333333,-0.4666666666666667,2.0,-7.0,3.0,31
189.16827392578125,13.846701622009277,2.7693403244018553,1000.0,0.0,0.13333333333333333,-0.4,2.0,-6.0,3.0,31
199.21359252929688,27.330835342407227,5.466167068481445,1000.0,0.0,0.13333333333333333,-0.3333333333333333,2.0,-5.0,3.0,31
265.76025390625,100.11090850830078,20.022181701660156,1000.0,0.0,0.13333333333333333,-0.26666666666666666,2.0,-4.0,3.0,31
203.9569549560547,36.41374588012695,7.282749176025391,1000.0,0.0,0.13333333333333333,-0.2,2.0,-3.0,3.0,31
205.7689666748047,42.69673156738281,8.539346313476562,1000.0,0.0,0.13333333333333333,-0.13333333333333333,2.0,-2.0,3.0,31
283.05352783203125,108.7702407836914,21.754048156738282,1000.0,0.0,0.13333333333333333,-0.06666666666666667,2.0,-1.0,3.0,31
529.8057250976562,208.7290802001953,41.74581604003906,1000.0,0.0,0.13333333333333333,0.0,2.0,0.0,3.0,31
594.3310546875,225.4729766845703,45.09459533691406,1000.0,0.0,0.13333333333333333,0.06666666666666667,2.0,1.0,3.0,31
286.7940979003906,76.64212799072266,15.32842559814453,1000.0,0.0,0.13333333333333333,0.13333333333333333,2.0,2.0,3.0,31
257.220458984375,52.52590560913086,10.505181121826173,1000.0,0.0,0.13333333333333333,0.2,2.0,3.0,3.0,31
248.5751190185547,37.81238555908203,7.562477111816406,1000.0,0.0,0.13333333333333333,0.26666666666666666,2.0,4.0,3.0,31
204.6217803955078,19.24254608154297,3.8485092163085937,1000.0,0.0,0.13333333333333333,0.3333333333333333,2.0,5.0,3.0,31
195.11676025390625,28.671571731567383,5.734314346313477,1000.0,0.0,0.13333333333333333,0.4,2.0,6.0,3.0,31
197.7114715576172,33.69373321533203,6.738746643066406,1000.0,0.0,0.13333333333333333,0.4666666666666667,2.0,7.0,3.0,31
216.83502197265625,67.21862030029297,13.443724060058594,1000.0,0.0,0.13333333333333333,0.5333333333333333,2.0,8.0,3.0,31
223.87257385253906,55.89340591430664,11.178681182861329,1000.0,0.0,0.13333333333333333,0.6,2.0,9.0,3.0,31
235.42120361328125,62.750572204589844,12.55011444091797,1000.0,0.0,0.13333333333333333,0.6666666666666666,2.0,10.0,3.0,31
232.60919189453125,73.82386016845703,14.764772033691406,1000.0,0.0,0.13333333333333333,0.7333333333333333,2.0,11.0,3.0,31
284.1771545410156,95.28206634521484,19.05641326904297,1000.0,0.0,0.13333333333333333,0.8,2.0,12.0,3.0,31
270.6263732910156,90.75309753417969,18.150619506835938,1000.0,0.0,0.13333333333333333,0.8666666666666667,2.0,13.0,3.0,31
289.9105224609375,86.54330444335938,17.308660888671874,1000.0,0.0,0.13333333333333333,0.9333333333333333,2.0,14.0,3.0,31
312.0121154785156,97.22982025146484,19.445964050292968,1000.0,0.0,0.13333333333333333,1.0,2.0,15.0,3.0,31
245.1496124267578,65.56043243408203,13.112086486816406,1000.0,0.0,0.2,-1.0,3.0,-15.0,3.0,31
242.93011474609375,58.1479606628418,11.629592132568359,1000.0,0.0,0.2,-0.9333333333333333,3.0,-14.0,3.0,31
232.3538818359375,54.17839431762695,10.835678863525391,1000.0,0.0,0.2,-0.8666666666666667,3.0,-13.0,3.0,31
228.1436767578125,50.32913589477539,10.065827178955079,1000.0,0.0,0.2,-0.8,3.0,-12.0,3.0,31
229.4226531982422,52.922950744628906,10.58459014892578,1000.0,0.0,0.2,-0.7333333333333333,3.0,-11.0,3.0,31
196.60626220703125,30.49954605102539,6.0999092102050785,1000.0,0.0,0.2,-0.6666666666666666,3.0,-10.0,3.0,31
189.6117706298828,27.495073318481445,5.499014663696289,1000.0,0.0,0.2,-0.6,3.0,-9.0,3.0,31
189.28321838378906,14.901503562927246,2.980300712585449,1000.0,0.0,0.2,-0.5333333333333333,3.0,-8.0,3.0,31
202.46664428710938,36.03923797607422,7.207847595214844,1000.0,0.0,0.2,-0.4666666666666667,3.0,-7.0,3.0,31
226.85507202148438,53.80356216430664,10.760712432861329,1000.0,0.0,0.2,-0.4,3.0,-6.0,3.0,31
214.4820556640625,38.873294830322266,7.774658966064453,1000.0,0.0,0.2,-0.3333333333333333,3.0,-5.0,3.0,31
199.20213317871094,37.91810607910156,7.583621215820313,1000.0,0.0,0.2,-0.26666666666666666,3.0,-4.0,3.0,31
195.21517944335938,19.732975006103516,3.946595001220703,1000.0,0.0,0.2,-0.2,3.0,-3.0,3.0,31
206.22640991210938,44.435054779052734,8.887010955810547,1000.0,0.0,0.2,-0.13333333333333333,3.0,-2.0,3.0,31
202.0555877685547,32.60838317871094,6.521676635742187,1000.0,0.0,0.2,-0.06666666666666667,3.0,-1.0,3.0,31
227.8893585205078,64.91429138183594,12.982858276367187,1000.0,0.0,0.2,0.0,3.0,0.0,3.0,31
388.0594787597656,148.52633666992188,29.705267333984374,1000.0,0.0,0.2,0.06666666666666667,3.0,1.0,3.0,31
350.27777099609375,118.7509765625,23.7501953125,1000.0,0.0,0.2,0.13333333333333333,3.0,2.0,3.0,31
269.3218078613281,84.53265380859375,16.90653076171875,1000.0,0.0,0.2,0.2,3.0,3.0,3.0,31
221.7534637451172,46.05898666381836,9.211797332763672,1000.0,0.0,0.2,0.26666666666666666,3.0,4.0,3.0,31
217.66029357910156,53.97807693481445,10.79561538696289,1000.0,0.0,0.2,0.3333333333333333,3.0,5.0,3.0,31
207.2464599609375,44.96984100341797,8.993968200683593,1000.0,0.0,0.2,0.4,3.0,6.0,3.0,31
211.48338317871094,56.552310943603516,11.310462188720702,1000.0,0.0,0.2,0.4666666666666667,3.0,7.0,3.0,31
212.05372619628906,56.074642181396484,11.214928436279298,1000.0,0.0,0.2,0.5333333333333333,3.0,8.0,3.0,31
237.0863494873047,59.33795166015625,11.86759033203125,1000.0,0.0,0.2,0.6,3.0,9.0,3.0,31
239.4052276611328,63.60622024536133,12.721244049072265,1000.0,0.0,0.2,0.6666666666666666,3.0,10.0,3.0,31
238.6353302001953,68.26880645751953,13.653761291503907,1000.0,0.0,0.2,0.7333333333333333,3.0,11.0,3.0,31
260.76580810546875,74.08805847167969,14.817611694335938,1000.0,0.0,0.2,0.8,3.0,12.0,3.0,31
258.2884521484375,84.06834411621094,16.81366882324219,1000.0,0.0,0.2,0.8666666666666667,3.0,13.0,3.0,31
290.3248291015625,87.56580352783203,17.513160705566406,1000.0,0.0,0.2,0.9333333333333333,3.0,14.0,3.0,31
297.8285827636719,86.80325317382812,17.360650634765626,1000.0,0.0,0.2,1.0,3.0,15.0,3.0,31
238.95623779296875,56.6169548034668,11.32339096069336,1000.0,0.0,0.26666666666666666,-1.0,4.0,-15.0,3.0,31
226.1907958984375,55.14337158203125,11.02867431640625,1000.0,0.0,0.26666666666666666,-0.9333333333333333,4.0,-14.0,3.0,31
221.39576721191406,50.8095703125,10.1619140625,1000.0,0.0,0.26666666666666666,-0.8666666666666667,4.0,-13.0,3.0,31
218.8223114013672,50.3159294128418,10.063185882568359,1000.0,0.0,0.26666666666666666,-0.8,4.0,-12.0,3.0,31
212.2254638671875,41.61247634887695,8.322495269775391,1000.0,0.0,0.26666666666666666,-0.7333333333333333,4.0,-11.0,3.0,31
202.24078369140625,35.603515625,7.120703125,1000.0,0.0,0.26666666666666666,-0.6666666666666666,4.0,-10.0,3.0,31
211.1417999267578,33.039005279541016,6.607801055908203,1000.0,0.0,0.26666666666666666,-0.6,4.0,-9.0,3.0,31
214.4799346923828,48.7349967956543,9.746999359130859,1000.0,0.0,0.26666666666666666,-0.5333333333333333,4.0,-8.0,3.0,31
201.52664184570312,23.211057662963867,4.642211532592773,1000.0,0.0,0.26666666666666666,-0.4666666666666667,4.0,-7.0,3.0,31
184.5911102294922,12.272120475769043,2.4544240951538088,1000.0,0.0,0.26666666666666666,-0.4,4.0,-6.0,3.0,31
184.21519470214844,16.517932891845703,3.3035865783691407,1000.0,0.0,0.26666666666666666,-0.3333333333333333,4.0,-5.0,3.0,31
186.8979034423828,18.030378341674805,3.606075668334961,1000.0,0.0,0.26666666666666666,-0.26666666666666666,4.0,-4.0,3.0,31
202.1578369140625,25.98172950744629,5.1963459014892575,1000.0,0.0,0.26666666666666666,-0.2,4.0,-3.0,3.0,31
214.0707244873047,40.22677993774414,8.045355987548827,1000.0,0.0,0.26666666666666666,-0.13333333333333333,4.0,-2.0,3.0,31
217.2505645751953,55.545806884765625,11.109161376953125,1000.0,0.0,0.26666666666666666,-0.06666666666666667,4.0,-1.0,3.0,31
244.45974731445312,70.48544311523438,14.097088623046876,1000.0,0.0,0.26666666666666666,0.0,4.0,0.0,3.0,31
245.98696899414062,77.01143646240234,15.40228729248047,1000.0,0.0,0.26666666666666666,0.06666666666666667,4.0,1.0,3.0,31
409.5818786621094,109.45915222167969,21.891830444335938,1000.0,0.0,0.26666666666666666,0.13333333333333333,4.0,2.0,3.0,31
278.79376220703125,109.77139282226562,21.954278564453126,1000.0,0.0,0.26666666666666666,0.2,4.0,3.0,3.0,31
229.43653869628906,50.2539176940918,10.05078353881836,1000.0,0.0,0.26666666666666666,0.26666666666666666,4.0,4.0,3.0,31
195.62965393066406,33.76240921020508,6.752481842041016,1000.0,0.0,0.26666666666666666,0.3333333333333333,4.0,5.0,3.0,31
266.5265808105469,87.47480010986328,17.494960021972656,1000.0,0.0,0.26666666666666666,0.4,4.0,6.0,3.0,31
209.849609375,38.36333084106445,7.67266616821289,1000.0,0.0,0.26666666666666666,0.4666666666666667,4.0,7.0,3.0,31
228.29331970214844,51.5837287902832,10.31674575805664,1000.0,0.0,0.26666666666666666,0.5333333333333333,4.0,8.0,3.0,31
231.10226440429688,49.971771240234375,9.994354248046875,1000.0,0.0,0.26666666666666666,0.6,4.0,9.0,3.0,31
251.87550354003906,66.96490478515625,13.39298095703125,1000.0,0.0,0.26666666666666666,0.6666666666666666,4.0,10.0,3.0,31
228.57469177246094,81.02954864501953,16.205909729003906,1000.0,0.0,0.26666666666666666,0.7333333333333333,4.0,11.0,3.0,31
221.5771484375,45.09693145751953,9.019386291503906,1000.0,0.0,0.26666666666666666,0.8,4.0,12.0,3.0,31
248.11181640625,62.76150131225586,12.552300262451173,1000.0,0.0,0.26666666666666666,0.8666666666666667,4.0,13.0,3.0,31
251.6868896484375,66.56631469726562,13.313262939453125,1000.0,0.0,0.26666666666666666,0.9333333333333333,4.0,14.0,3.0,31
271.3885803222656,67.83797454833984,13.567594909667969,1000.0,0.0,0.26666666666666666,1.0,4.0,15.0,3.0,31
219.5528564453125,53.868656158447266,10.773731231689453,1000.0,0.0,0.3333333333333333,-1.0,5.0,-15.0,3.0,31
224.90997314453125,51.985965728759766,10.397193145751952,1000.0,0.0,0.3333333333333333,-0.9333333333333333,5.0,-14.0,3.0,31
232.6726531982422,56.299644470214844,11.259928894042968,1000.0,0.0,0.3333333333333333,-0.8666666666666667,5.0,-13.0,3.0,31
227.5353546142578,47.68217849731445,9.53643569946289,1000.0,0.0,0.3333333333333333,-0.8,5.0,-12.0,3.0,31
225.36399841308594,40.293453216552734,8.058690643310547,1000.0,0.0,0.3333333333333333,-0.7333333333333333,5.0,-11.0,3.0,31
228.8169403076172,47.67390823364258,9.534781646728515,1000.0,0.0,0.3333333333333333,-0.6666666666666666,5.0,-10.0,3.0,31
202.06317138671875,33.77245330810547,6.754490661621094,1000.0,0.0,0.3333333333333333,-0.6,5.0,-9.0,3.0,31
209.24896240234375,38.408451080322266,7.681690216064453,1000.0,0.0,0.3333333333333333,-0.5333333333333333,5.0,-8.0,3.0,31
203.7535400390625,36.49047088623047,7.298094177246094,1000.0,0.0,0.3333333333333333,-0.4666666666666667,5.0,-7.0,3.0,31
191.18492126464844,28.08285140991211,5.616570281982422,1000.0,0.0,0.3333333333333333,-0.4,5.0,-6.0,3.0,31
187.79751586914062,13.905221939086914,2.7810443878173827,1000.0,0.0,0.3333333333333333,-0.3333333333333333,5.0,-5.0,3.0,31
181.91453552246094,15.735114097595215,3.147022819519043,1000.0,0.0,0.3333333333333333,-0.26666666666666666,5.0,-4.0,3.0,31
203.83868408203125,42.35380172729492,8.470760345458984,1000.0,0.0,0.3333333333333333,-0.2,5.0,-3.0,3.0,31
210.71981811523438,53.903568267822266,10.780713653564453,1000.0,0.0,0.3333333333333333,-0.13333333333333333,5.0,-2.0,3.0,31
202.32713317871094,44.65983581542969,8.931967163085938,1000.0,0.0,0.3333333333333333,-0.06666666666666667,5.0,-1.0,3.0,31
227.63589477539062,35.08696365356445,7.01739273071289,1000.0,0.0,0.3333333333333333,0.0,5.0,0.0,3.0,31
195.4150390625,26.807674407958984,5.361534881591797,1000.0,0.0,0.3333333333333333,0.06666666666666667,5.0,1.0,3.0,31
340.01214599609375,116.95025634765625,23.39005126953125,1000.0,0.0,0.3333333333333333,0.13333333333333333,5.0,2.0,3.0,31
317.16583251953125,108.98030853271484,21.796061706542968,1000.0,0.0,0.3333333333333333,0.2,5.0,3.0,3.0,31
283.16961669921875,88.78611755371094,17.757223510742186,1000.0,0.0,0.3333333333333333,0.26666666666666666,5.0,4.0,3.0,31
245.88540649414062,53.29413604736328,10.658827209472657,1000.0,0.0,0.3333333333333333,0.3333333333333333,5.0,5.0,3.0,31
265.5754089355469,73.13662719726562,14.627325439453125,1000.0,0.0,0.3333333333333333,0.4,5.0,6.0,3.0,31
287.2514343261719,81.9535140991211,16.39070281982422,1000.0,0.0,0.3333333333333333,0.4666666666666667,5.0,7.0,3.0,31
245.4582061767578,68.00538635253906,13.601077270507812,1000.0,0.0,0.3333333333333333,0.5333333333333333,5.0,8.0,3.0,31
219.89312744140625,39.420021057128906,7.884004211425781,1000.0,0.0,0.3333333333333333,0.6,5.0,9.0,3.0,31
221.48863220214844,32.919254302978516,6.583850860595703,1000.0,0.0,0.3333333333333333,0.6666666666666666,5.0,10.0,3.0,31
205.6082763671875,42.96841049194336,8.593682098388673,1000.0,0.0,0.3333333333333333,0.7333333333333333,5.0,11.0,3.0,31
224.21063232421875,64.58686065673828,12.917372131347657,1000.0,0.0,0.3333333333333333,0.8,5.0,12.0,3.0,31
203.72605895996094,41.90166473388672,8.380332946777344,1000.0,0.0,0.3333333333333333,0.8666666666666667,5.0,13.0,3.0,31
231.95816040039062,50.69009780883789,10.138019561767578,1000.0,0.0,0.3333333333333333,0.9333333333333333,5.0,14.0,3.0,31
246.9862518310547,57.16590118408203,11.433180236816407,1000.0,0.0,0.3333333333333333,1.0,5.0,15.0,3.0,31
228.80160522460938,50.44833755493164,10.089667510986327,1000.0,0.0,0.4,-1.0,6.0,-15.0,3.0,31
218.603515625,45.8983039855957,9.17966079711914,1000.0,0.0,0.4,-0.9333333333333333,6.0,-14.0,3.0,31
226.2565460205078,53.346561431884766,10.669312286376954,1000.0,0.0,0.4,-0.8666666666666667,6.0,-13.0,3.0,31
220.45118713378906,48.94789123535156,9.789578247070313,1000.0,0.0,0.4,-0.8,6.0,-12.0,3.0,31
212.11553955078125,41.99516677856445,8.399033355712891,1000.0,0.0,0.4,-0.7333333333333333,6.0,-11.0,3.0,31
222.26718139648438,46.97244644165039,9.394489288330078,1000.0,0.0,0.4,-0.6666666666666666,6.0,-10.0,3.0,31
210.38111877441406,41.95749282836914,8.391498565673828,1000.0,0.0,0.4,-0.6,6.0,-9.0,3.0,31
205.2718505859375,43.177181243896484,8.635436248779296,1000.0,0.0,0.4,-0.5333333333333333,6.0,-8.0,3.0,31
178.13931274414062,11.10714054107666,2.221428108215332,1000.0,0.0,0.4,-0.4666666666666667,6.0,-7.0,3.0,31
183.7967987060547,14.408162117004395,2.881632423400879,1000.0,0.0,0.4,-0.4,6.0,-6.0,3.0,31
183.7816162109375,14.223875999450684,2.8447751998901367,1000.0,0.0,0.4,-0.3333333333333333,6.0,-5.0,3.0,31
196.86605834960938,28.279394149780273,5.6558788299560545,1000.0,0.0,0.4,-0.26666666666666666,6.0,-4.0,3.0,31
175.4647674560547,7.463774681091309,1.4927549362182617,1000.0,0.0,0.4,-0.2,6.0,-3.0,3.0,31
183.13320922851562,17.33695411682129,3.4673908233642576,1000.0,0.0,0.4,-0.13333333333333333,6.0,-2.0,3.0,31
206.4930419921875,42.83413314819336,8.566826629638673,1000.0,0.0,0.4,-0.06666666666666667,6.0,-1.0,3.0,31
220.0236358642578,52.91415786743164,10.582831573486327,1000.0,0.0,0.4,0.0,6.0,0.0,3.0,31
223.2051239013672,30.21121597290039,6.042243194580078,1000.0,0.0,0.4,0.06666666666666667,6.0,1.0,3.0,31
224.81820678710938,25.335248947143555,5.067049789428711,1000.0,0.0,0.4,0.13333333333333333,6.0,2.0,3.0,31
257.32342529296875,85.66532897949219,17.13306579589844,1000.0,0.0,0.4,0.2,6.0,3.0,3.0,31
247.1977996826172,71.04471588134766,14.208943176269532,1000.0,0.0,0.4,0.26666666666666666,6.0,4.0,3.0,31
284.33038330078125,78.31694793701172,15.663389587402344,1000.0,0.0,0.4,0.3333333333333333,6.0,5.0,3.0,31
315.8645935058594,74.31690216064453,14.863380432128906,1000.0,0.0,0.4,0.4,6.0,6.0,3.0,31
293.6673889160156,57.963050842285156,11.592610168457032,1000.0,0.0,0.4,0.4666666666666667,6.0,7.0,3.0,31
262.9610290527344,64.24947357177734,12.849894714355468,1000.0,0.0,0.4,0.5333333333333333,6.0,8.0,3.0,31
257.8662109375,66.80291748046875,13.36058349609375,1000.0,0.0,0.4,0.6,6.0,9.0,3.0,31
229.61697387695312,61.35395050048828,12.270790100097656,1000.0,0.0,0.4,0.6666666666666666,6.0,10.0,3.0,31
208.3505096435547,37.20956039428711,7.441912078857422,1000.0,0.0,0.4,0.7333333333333333,6.0,11.0,3.0,31
228.11773681640625,74.48966979980469,14.897933959960938,1000.0,0.0,0.4,0.8,6.0,12.0,3.0,31
220.49700927734375,47.15971374511719,9.431942749023438,1000.0,0.0,0.4,0.8666666666666667,6.0,13.0,3.0,31
216.87823486328125,54.145206451416016,10.829041290283204,1000.0,0.0,0.4,0.9333333333333333,6.0,14.0,3.0,31
249.35377502441406,77.48956298828125,15.49791259765625,1000.0,0.0,0.4,1.0,6.0,15.0,3.0,31
218.5414581298828,51.979557037353516,10.395911407470702,1000.0,0.0,0.4666666666666667,-1.0,7.0,-15.0,3.0,31
204.3980712890625,38.439239501953125,7.687847900390625,1000.0,0.0,0.4666666666666667,-0.9333333333333333,7.0,-14.0,3.0,31
219.81729125976562,50.256080627441406,10.051216125488281,1000.0,0.0,0.4666666666666667,-0.8666666666666667,7.0,-13.0,3.0,31
214.18771362304688,42.03273391723633,8.406546783447265,1000.0,0.0,0.4666666666666667,-0.8,7.0,-12.0,3.0,31
202.78350830078125,38.765140533447266,7.753028106689453,1000.0,0.0,0.4666666666666667,-0.7333333333333333,7.0,-11.0,3.0,31
230.8332061767578,70.05986022949219,14.011972045898437,1000.0,0.0,0.4666666666666667,-0.6666666666666666,7.0,-10.0,3.0,31
218.68142700195312,55.709266662597656,11.141853332519531,1000.0,0.0,0.4666666666666667,-0.6,7.0,-9.0,3.0,31
201.05126953125,40.07756042480469,8.015512084960937,1000.0,0.0,0.4666666666666667,-0.5333333333333333,7.0,-8.0,3.0,31
187.4616241455078,18.437856674194336,3.687571334838867,1000.0,0.0,0.4666666666666667,-0.4666666666666667,7.0,-7.0,3.0,31
181.0643310546875,12.86067008972168,2.572134017944336,1000.0,0.0,0.4666666666666667,-0.4,7.0,-6.0,3.0,31
179.56517028808594,11.076190948486328,2.2152381896972657,1000.0,0.0,0.4666666666666667,-0.3333333333333333,7.0,-5.0,3.0,31
188.70802307128906,17.696348190307617,3.5392696380615236,1000.0,0.0,0.4666666666666667,-0.26666666666666666,7.0,-4.0,3.0,31
176.95240783691406,9.739218711853027,1.9478437423706054,1000.0,0.0,0.4666666666666667,-0.2,7.0,-3.0,3.0,31
174.61895751953125,8.093408584594727,1.6186817169189454,1000.0,0.0,0.4666666666666667,-0.13333333333333333,7.0,-2.0,3.0,31
192.44383239746094,39.16035842895508,7.832071685791016,1000.0,0.0,0.4666666666666667,-0.06666666666666667,7.0,-1.0,3.0,31
220.52845764160156,52.1583137512207,10.43166275024414,1000.0,0.0,0.4666666666666667,0.0,7.0,0.0,3.0,31
196.38394165039062,30.208017349243164,6.041603469848633,1000.0,0.0,0.4666666666666667,0.06666666666666667,7.0,1.0,3.0,31
202.70924377441406,27.104488372802734,5.420897674560547,1000.0,0.0,0.4666666666666667,0.13333333333333333,7.0,2.0,3.0,31
215.63058471679688,38.15079879760742,7.630159759521485,1000.0,0.0,0.4666666666666667,0.2,7.0,3.0,3.0,31
220.1148681640625,72.26815795898438,14.453631591796874,1000.0,0.0,0.4666666666666667,0.26666666666666666,7.0,4.0,3.0,31
269.9190979003906,85.018798828125,17.003759765625,1000.0,0.0,0.4666666666666667,0.3333333333333333,7.0,5.0,3.0,31
299.0454406738281,70.26053619384766,14.052107238769532,1000.0,0.0,0.4666666666666667,0.4,7.0,6.0,3.0,31
305.5751037597656,65.68782043457031,13.137564086914063,1000.0,0.0,0.4666666666666667,0.4666666666666667,7.0,7.0,3.0,31
284.5040588378906,62.549896240234375,12.509979248046875,1000.0,0.0,0.4666666666666667,0.5333333333333333,7.0,8.0,3.0,31
221.3817138671875,59.313594818115234,11.862718963623047,1000.0,0.0,0.4666666666666667,0.6,7.0,9.0,3.0,31
251.26473999023438,71.32510375976562,14.265020751953125,1000.0,0.0,0.4666666666666667,0.6666666666666666,7.0,10.0,3.0,31
239.7969970703125,85.63117980957031,17.126235961914062,1000.0,0.0,0.4666666666666667,0.7333333333333333,7.0,11.0,3.0,31
235.57350158691406,65.30716705322266,13.061433410644531,1000.0,0.0,0.4666666666666667,0.8,7.0,12.0,3.0,31
227.12205505371094,54.59892654418945,10.919785308837891,1000.0,0.0,0.4666666666666667,0.8666666666666667,7.0,13.0,3.0,31
224.30491638183594,43.28590393066406,8.657180786132812,1000.0,0.0,0.4666666666666667,0.9333333333333333,7.0,14.0,3.0,31
271.0089111328125,75.76042938232422,15.152085876464843,1000.0,0.0,0.4666666666666667,1.0,7.0,15.0,3.0,31
250.67831420898438,19.609128952026367,3.9218257904052733,1000.0,0.0,0.5333333333333333,-1.0,8.0,-15.0,3.0,31
201.44163513183594,40.114688873291016,8.022937774658203,1000.0,0.0,0.5333333333333333,-0.9333333333333333,8.0,-14.0,3.0,31
215.06787109375,48.381839752197266,9.676367950439452,1000.0,0.0,0.5333333333333333,-0.8666666666666667,8.0,-13.0,3.0,31
217.64364624023438,48.18094253540039,9.636188507080078,1000.0,0.0,0.5333333333333333,-0.8,8.0,-12.0,3.0,31
216.89678955078125,54.407352447509766,10.881470489501954,1000.0,0.0,0.5333333333333333,-0.7333333333333333,8.0,-11.0,3.0,31
221.30296325683594,60.74131774902344,12.148263549804687,1000.0,0.0,0.5333333333333333,-0.6666666666666666,8.0,-10.0,3.0,31
213.1082000732422,50.575706481933594,10.115141296386719,1000.0,0.0,0.5333333333333333,-0.6,8.0,-9.0,3.0,31
198.1962127685547,40.944000244140625,8.188800048828124,1000.0,0.0,0.5333333333333333,-0.5333333333333333,8.0,-8.0,3.0,31
182.52760314941406,15.229146003723145,3.045829200744629,1000.0,0.0,0.5333333333333333,-0.4666666666666667,8.0,-7.0,3.0,31
181.20335388183594,15.141983985900879,3.028396797180176,1000.0,0.0,0.5333333333333333,-0.4,8.0,-6.0,3.0,31
197.32000732421875,24.3903865814209,4.8780773162841795,1000.0,0.0,0.5333333333333333,-0.3333333333333333,8.0,-5.0,3.0,31
189.97328186035156,17.112966537475586,3.4225933074951174,1000.0,0.0,0.5333333333333333,-0.26666666666666666,8.0,-4.0,3.0,31
181.04026794433594,11.080495834350586,2.216099166870117,1000.0,0.0,0.5333333333333333,-0.2,8.0,-3.0,3.0,31
177.6542510986328,9.864306449890137,1.9728612899780273,1000.0,0.0,0.5333333333333333,-0.13333333333333333,8.0,-2.0,3.0,31
195.24578857421875,27.578533172607422,5.515706634521484,1000.0,0.0,0.5333333333333333,-0.06666666666666667,8.0,-1.0,3.0,31
197.7517547607422,32.157928466796875,6.431585693359375,1000.0,0.0,0.5333333333333333,0.0,8.0,0.0,3.0,31
188.5544891357422,23.60355567932129,4.720711135864258,1000.0,0.0,0.5333333333333333,0.06666666666666667,8.0,1.0,3.0,31
190.3530731201172,22.814233779907227,4.562846755981445,1000.0,0.0,0.5333333333333333,0.13333333333333333,8.0,2.0,3.0,31
200.74412536621094,34.69855880737305,6.9397117614746096,1000.0,0.0,0.5333333333333333,0.2,8.0,3.0,3.0,31
258.3042297363281,54.704246520996094,10.940849304199219,1000.0,0.0,0.5333333333333333,0.26666666666666666,8.0,4.0,3.0,31
240.42269897460938,75.39170837402344,15.078341674804687,1000.0,0.0,0.5333333333333333,0.3333333333333333,8.0,5.0,3.0,31
268.2733459472656,75.03271484375,15.00654296875,1000.0,0.0,0.5333333333333333,0.4,8.0,6.0,3.0,31
294.5298156738281,68.68550109863281,13.737100219726562,1000.0,0.0,0.5333333333333333,0.4666666666666667,8.0,7.0,3.0,31
277.9535217285156,70.68038940429688,14.136077880859375,1000.0,0.0,0.5333333333333333,0.5333333333333333,8.0,8.0,3.0,31
246.58663940429688,56.784881591796875,11.356976318359376,1000.0,0.0,0.5333333333333333,0.6,8.0,9.0,3.0,31
257.63250732421875,79.75894165039062,15.951788330078125,1000.0,0.0,0.5333333333333333,0.6666666666666666,8.0,10.0,3.0,31
256.4559631347656,92.72840881347656,18.545681762695313,1000.0,0.0,0.5333333333333333,0.7333333333333333,8.0,11.0,3.0,31
231.0537567138672,47.20344924926758,9.440689849853516,1000.0,0.0,0.5333333333333333,0.8,8.0,12.0,3.0,31
256.26129150390625,69.68876647949219,13.937753295898437,1000.0,0.0,0.5333333333333333,0.8666666666666667,8.0,13.0,3.0,31
264.0566711425781,83.2519760131836,16.65039520263672,1000.0,0.0,0.5333333333333333,0.9333333333333333,8.0,14.0,3.0,31
295.0812072753906,83.39183044433594,16.678366088867186,1000.0,0.0,0.5333333333333333,1.0,8.0,15.0,3.0,31
229.28750610351562,38.7503662109375,7.7500732421875,1000.0,0.0,0.6,-1.0,9.0,-15.0,3.0,31
246.0255889892578,60.890411376953125,12.178082275390626,1000.0,0.0,0.6,-0.9333333333333333,9.0,-14.0,3.0,31
223.7825927734375,55.45034408569336,11.090068817138672,1000.0,0.0,0.6,-0.8666666666666667,9.0,-13.0,3.0,31
225.09201049804688,65.36180114746094,13.072360229492187,1000.0,0.0,0.6,-0.8,9.0,-12.0,3.0,31
212.61830139160156,58.62028503417969,11.724057006835938,1000.0,0.0,0.6,-0.7333333333333333,9.0,-11.0,3.0,31
226.86151123046875,64.88029479980469,12.976058959960938,1000.0,0.0,0.6,-0.6666666666666666,9.0,-10.0,3.0,31
194.09153747558594,36.1153564453125,7.2230712890625,1000.0,0.0,0.6,-0.6,9.0,-9.0,3.0,31
191.65826416015625,24.911649703979492,4.982329940795898,1000.0,0.0,0.6,-0.5333333333333333,9.0,-8.0,3.0,31
183.8154296875,13.065367698669434,2.613073539733887,1000.0,0.0,0.6,-0.4666666666666667,9.0,-7.0,3.0,31
198.31903076171875,24.588932037353516,4.917786407470703,1000.0,0.0,0.6,-0.4,9.0,-6.0,3.0,31
191.58828735351562,18.499008178710938,3.6998016357421877,1000.0,0.0,0.6,-0.3333333333333333,9.0,-5.0,3.0,31
182.24249267578125,12.626151084899902,2.5252302169799803,1000.0,0.0,0.6,-0.26666666666666666,9.0,-4.0,3.0,31
179.34637451171875,10.25536823272705,2.0510736465454102,1000.0,0.0,0.6,-0.2,9.0,-3.0,3.0,31
183.0477752685547,13.067671775817871,2.613534355163574,1000.0,0.0,0.6,-0.13333333333333333,9.0,-2.0,3.0,31
205.32894897460938,30.02546501159668,6.005093002319336,1000.0,0.0,0.6,-0.06666666666666667,9.0,-1.0,3.0,31
181.3973846435547,12.860206604003906,2.572041320800781,1000.0,0.0,0.6,0.0,9.0,0.0,3.0,31
185.1676788330078,16.989898681640625,3.397979736328125,1000.0,0.0,0.6,0.06666666666666667,9.0,1.0,3.0,31
182.9637908935547,14.711713790893555,2.942342758178711,1000.0,0.0,0.6,0.13333333333333333,9.0,2.0,3.0,31
197.4553680419922,28.465476989746094,5.693095397949219,1000.0,0.0,0.6,0.2,9.0,3.0,3.0,31
214.16091918945312,49.27705001831055,9.85541000366211,1000.0,0.0,0.6,0.26666666666666666,9.0,4.0,3.0,31
232.64321899414062,61.620609283447266,12.324121856689453,1000.0,0.0,0.6,0.3333333333333333,9.0,5.0,3.0,31
251.64244079589844,78.62364196777344,15.724728393554688,1000.0,0.0,0.6,0.4,9.0,6.0,3.0,31
278.4760437011719,66.43940734863281,13.287881469726562,1000.0,0.0,0.6,0.4666666666666667,9.0,7.0,3.0,31
314.8730773925781,56.29179000854492,11.258358001708984,1000.0,0.0,0.6,0.5333333333333333,9.0,8.0,3.0,31
293.48809814453125,66.5977783203125,13.3195556640625,1000.0,0.0,0.6,0.6,9.0,9.0,3.0,31
259.300048828125,64.69737243652344,12.939474487304688,1000.0,0.0,0.6,0.6666666666666666,9.0,10.0,3.0,31
257.44342041015625,67.27478790283203,13.454957580566406,1000.0,0.0,0.6,0.7333333333333333,9.0,11.0,3.0,31
240.32351684570312,57.337703704833984,11.467540740966797,1000.0,0.0,0.6,0.8,9.0,12.0,3.0,31
263.614990234375,84.15481567382812,16.830963134765625,1000.0,0.0,0.6,0.8666666666666667,9.0,13.0,3.0,31
261.6717834472656,77.21075439453125,15.44215087890625,1000.0,0.0,0.6,0.9333333333333333,9.0,14.0,3.0,31
271.1200256347656,74.35015869140625,14.87003173828125,1000.0,0.0,0.6,1.0,9.0,15.0,3.0,31
212.6707763671875,51.02327346801758,10.204654693603516,1000.0,0.0,0.6666666666666666,-1.0,10.0,-15.0,3.0,31
224.69322204589844,55.86465072631836,11.172930145263672,1000.0,0.0,0.6666666666666666,-0.9333333333333333,10.0,-14.0,3.0,31
216.22930908203125,55.97569274902344,11.195138549804687,1000.0,0.0,0.6666666666666666,-0.8666666666666667,10.0,-13.0,3.0,31
209.37680053710938,56.75690841674805,11.35138168334961,1000.0,0.0,0.6666666666666666,-0.8,10.0,-12.0,3.0,31
204.54852294921875,57.019657135009766,11.403931427001954,1000.0,0.0,0.6666666666666666,-0.7333333333333333,10.0,-11.0,3.0,31
213.2046356201172,53.73523712158203,10.747047424316406,1000.0,0.0,0.6666666666666666,-0.6666666666666666,10.0,-10.0,3.0,31
195.91307067871094,34.132266998291016,6.826453399658203,1000.0,0.0,0.6666666666666666,-0.6,10.0,-9.0,3.0,31
180.86489868164062,13.261048316955566,2.652209663391113,1000.0,0.0,0.6666666666666666,-0.5333333333333333,10.0,-8.0,3.0,31
193.12046813964844,22.424388885498047,4.4848777770996096,1000.0,0.0,0.6666666666666666,-0.4666666666666667,10.0,-7.0,3.0,31
190.01913452148438,16.095531463623047,3.2191062927246095,1000.0,0.0,0.6666666666666666,-0.4,10.0,-6.0,3.0,31
193.25050354003906,23.966522216796875,4.793304443359375,1000.0,0.0,0.6666666666666666,-0.3333333333333333,10.0,-5.0,3.0,31
201.7785186767578,31.37505531311035,6.27501106262207,1000.0,0.0,0.6666666666666666,-0.26666666666666666,10.0,-4.0,3.0,31
189.59597778320312,16.837783813476562,3.3675567626953127,1000.0,0.0,0.6666666666666666,-0.2,10.0,-3.0,3.0,31
188.82305908203125,19.75970458984375,3.95194091796875,1000.0,0.0,0.6666666666666666,-0.13333333333333333,10.0,-2.0,3.0,31
202.5847625732422,32.406394958496094,6.481278991699218,1000.0,0.0,0.6666666666666666,-0.06666666666666667,10.0,-1.0,3.0,31
181.53399658203125,15.199417114257812,3.0398834228515623,1000.0,0.0,0.6666666666666666,0.0,10.0,0.0,3.0,31
179.79037475585938,13.497164726257324,2.699432945251465,1000.0,0.0,0.6666666666666666,0.06666666666666667,10.0,1.0,3.0,31
182.54249572753906,14.295485496520996,2.8590970993041993,1000.0,0.0,0.6666666666666666,0.13333333333333333,10.0,2.0,3.0,31
192.57980346679688,34.00096893310547,6.800193786621094,1000.0,0.0,0.6666666666666666,0.2,10.0,3.0,3.0,31
200.70640563964844,39.613563537597656,7.922712707519532,1000.0,0.0,0.6666666666666666,0.26666666666666666,10.0,4.0,3.0,31
230.59292602539062,56.6455192565918,11.32910385131836,1000.0,0.0,0.6666666666666666,0.3333333333333333,10.0,5.0,3.0,31
250.72305297851562,70.51935577392578,14.103871154785157,1000.0,0.0,0.6666666666666666,0.4,10.0,6.0,3.0,31
239.80508422851562,79.01480865478516,15.802961730957032,1000.0,0.0,0.6666666666666666,0.4666666666666667,10.0,7.0,3.0,31
247.4203338623047,85.59848022460938,17.119696044921874,1000.0,0.0,0.6666666666666666,0.5333333333333333,10.0,8.0,3.0,31
286.4414367675781,63.11041259765625,12.62208251953125,1000.0,0.0,0.6666666666666666,0.6,10.0,9.0,3.0,31
276.82550048828125,69.1708984375,13.8341796875,1000.0,0.0,0.6666666666666666,0.6666666666666666,10.0,10.0,3.0,31
260.19891357421875,73.93162536621094,14.786325073242187,1000.0,0.0,0.6666666666666666,0.7333333333333333,10.0,11.0,3.0,31
292.6736755371094,65.50828552246094,13.101657104492187,1000.0,0.0,0.6666666666666666,0.8,10.0,12.0,3.0,31
289.74835205078125,78.53012084960938,15.706024169921875,1000.0,0.0,0.6666666666666666,0.8666666666666667,10.0,13.0,3.0,31
309.66021728515625,76.37239074707031,15.274478149414062,1000.0,0.0,0.6666666666666666,0.9333333333333333,10.0,14.0,3.0,31
263.9834899902344,71.03117370605469,14.206234741210938,1000.0,0.0,0.6666666666666666,1.0,10.0,15.0,3.0,31
224.98797607421875,58.19276809692383,11.638553619384766,1000.0,0.0,0.7333333333333333,-1.0,11.0,-15.0,3.0,31
202.91448974609375,48.84559631347656,9.769119262695312,1000.0,0.0,0.7333333333333333,-0.9333333333333333,11.0,-14.0,3.0,31
216.11985778808594,68.01801300048828,13.603602600097656,1000.0,0.0,0.7333333333333333,-0.8666666666666667,11.0,-13.0,3.0,31
227.8614044189453,75.55032348632812,15.110064697265624,1000.0,0.0,0.7333333333333333,-0.8,11.0,-12.0,3.0,31
203.9360809326172,48.5787467956543,9.715749359130859,1000.0,0.0,0.7333333333333333,-0.7333333333333333,11.0,-11.0,3.0,31
209.52978515625,47.09056854248047,9.418113708496094,1000.0,0.0,0.7333333333333333,-0.6666666666666666,11.0,-10.0,3.0,31
184.87994384765625,17.640579223632812,3.5281158447265626,1000.0,0.0,0.7333333333333333,-0.6,11.0,-9.0,3.0,31
194.34812927246094,27.70400047302246,5.540800094604492,1000.0,0.0,0.7333333333333333,-0.5333333333333333,11.0,-8.0,3.0,31
186.60357666015625,15.512670516967773,3.1025341033935545,1000.0,0.0,0.7333333333333333,-0.4666666666666667,11.0,-7.0,3.0,31
191.8493194580078,21.15397071838379,4.230794143676758,1000.0,0.0,0.7333333333333333,-0.4,11.0,-6.0,3.0,31
207.05686950683594,41.359336853027344,8.271867370605468,1000.0,0.0,0.7333333333333333,-0.3333333333333333,11.0,-5.0,3.0,31
200.96873474121094,33.86799240112305,6.773598480224609,1000.0,0.0,0.7333333333333333,-0.26666666666666666,11.0,-4.0,3.0,31
195.05494689941406,22.721708297729492,4.544341659545898,1000.0,0.0,0.7333333333333333,-0.2,11.0,-3.0,3.0,31
204.84320068359375,37.55813980102539,7.511627960205078,1000.0,0.0,0.7333333333333333,-0.13333333333333333,11.0,-2.0,3.0,31
204.1925811767578,32.837860107421875,6.567572021484375,1000.0,0.0,0.7333333333333333,-0.06666666666666667,11.0,-1.0,3.0,31
180.2724609375,16.41444206237793,3.282888412475586,1000.0,0.0,0.7333333333333333,0.0,11.0,0.0,3.0,31
187.97329711914062,18.40304183959961,3.680608367919922,1000.0,0.0,0.7333333333333333,0.06666666666666667,11.0,1.0,3.0,31
185.38540649414062,18.736968994140625,3.747393798828125,1000.0,0.0,0.7333333333333333,0.13333333333333333,11.0,2.0,3.0,31
189.0047607421875,20.307220458984375,4.061444091796875,1000.0,0.0,0.7333333333333333,0.2,11.0,3.0,3.0,31
188.68038940429688,26.179664611816406,5.235932922363281,1000.0,0.0,0.7333333333333333,0.26666666666666666,11.0,4.0,3.0,31
221.0597686767578,47.274925231933594,9.454985046386719,1000.0,0.0,0.7333333333333333,0.3333333333333333,11.0,5.0,3.0,31
246.62570190429688,49.94294738769531,9.988589477539062,1000.0,0.0,0.7333333333333333,0.4,11.0,6.0,3.0,31
232.69540405273438,67.1409912109375,13.4281982421875,1000.0,0.0,0.7333333333333333,0.4666666666666667,11.0,7.0,3.0,31
252.86651611328125,74.18463134765625,14.83692626953125,1000.0,0.0,0.7333333333333333,0.5333333333333333,11.0,8.0,3.0,31
227.31890869140625,61.62200927734375,12.32440185546875,1000.0,0.0,0.7333333333333333,0.6,11.0,9.0,3.0,31
247.46929931640625,52.60408401489258,10.520816802978516,1000.0,0.0,0.7333333333333333,0.6666666666666666,11.0,10.0,3.0,31
254.0810089111328,48.02206802368164,9.604413604736328,1000.0,0.0,0.7333333333333333,0.7333333333333333,11.0,11.0,3.0,31
250.12139892578125,64.97801971435547,12.995603942871094,1000.0,0.0,0.7333333333333333,0.8,11.0,12.0,3.0,31
258.65533447265625,54.8389778137207,10.96779556274414,1000.0,0.0,0.7333333333333333,0.8666666666666667,11.0,13.0,3.0,31
285.2799377441406,80.24028778076172,16.048057556152344,1000.0,0.0,0.7333333333333333,0.9333333333333333,11.0,14.0,3.0,31
248.84661865234375,56.78765869140625,11.35753173828125,1000.0,0.0,0.7333333333333333,1.0,11.0,15.0,3.0,31
213.96165466308594,60.6237678527832,12.12475357055664,1000.0,0.0,0.8,-1.0,12.0,-15.0,3.0,31
206.8725128173828,54.222049713134766,10.844409942626953,1000.0,0.0,0.8,-0.9333333333333333,12.0,-14.0,3.0,31
215.08966064453125,60.116756439208984,12.023351287841797,1000.0,0.0,0.8,-0.8666666666666667,12.0,-13.0,3.0,31
219.02134704589844,64.532958984375,12.906591796875,1000.0,0.0,0.8,-0.8,12.0,-12.0,3.0,31
206.08755493164062,47.1667594909668,9.43335189819336,1000.0,0.0,0.8,-0.7333333333333333,12.0,-11.0,3.0,31
199.51173400878906,33.7509651184082,6.750193023681641,1000.0,0.0,0.8,-0.6666666666666666,12.0,-10.0,3.0,31
199.1452178955078,29.769943237304688,5.953988647460937,1000.0,0.0,0.8,-0.6,12.0,-9.0,3.0,31
185.83615112304688,15.995284080505371,3.1990568161010744,1000.0,0.0,0.8,-0.5333333333333333,12.0,-8.0,3.0,31
190.6914520263672,19.348100662231445,3.869620132446289,1000.0,0.0,0.8,-0.4666666666666667,12.0,-7.0,3.0,31
200.69677734375,30.294389724731445,6.058877944946289,1000.0,0.0,0.8,-0.4,12.0,-6.0,3.0,31
201.43243408203125,31.880157470703125,6.376031494140625,1000.0,0.0,0.8,-0.3333333333333333,12.0,-5.0,3.0,31
205.80670166015625,34.145912170410156,6.829182434082031,1000.0,0.0,0.8,-0.26666666666666666,12.0,-4.0,3.0,31
202.27210998535156,32.012962341308594,6.402592468261719,1000.0,0.0,0.8,-0.2,12.0,-3.0,3.0,31
212.36041259765625,41.76898956298828,8.353797912597656,1000.0,0.0,0.8,-0.13333333333333333,12.0,-2.0,3.0,31
182.06326293945312,15.730428695678711,3.146085739135742,1000.0,0.0,0.8,-0.06666666666666667,12.0,-1.0,3.0,31
179.859375,10.872422218322754,2.174484443664551,1000.0,0.0,0.8,0.0,12.0,0.0,3.0,31
179.5570526123047,10.513686180114746,2.102737236022949,1000.0,0.0,0.8,0.06666666666666667,12.0,1.0,3.0,31
190.62486267089844,26.12545394897461,5.225090789794922,1000.0,0.0,0.8,0.13333333333333333,12.0,2.0,3.0,31
184.5756378173828,17.88259506225586,3.576519012451172,1000.0,0.0,0.8,0.2,12.0,3.0,3.0,31
193.27980041503906,36.01148986816406,7.202297973632812,1000.0,0.0,0.8,0.26666666666666666,12.0,4.0,3.0,31
193.1143035888672,31.807334899902344,6.361466979980468,1000.0,0.0,0.8,0.3333333333333333,12.0,5.0,3.0,31
224.32928466796875,33.20619583129883,6.641239166259766,1000.0,0.0,0.8,0.4,12.0,6.0,3.0,31
233.23861694335938,47.50279235839844,9.500558471679687,1000.0,0.0,0.8,0.4666666666666667,12.0,7.0,3.0,31
251.8640594482422,71.94992065429688,14.389984130859375,1000.0,0.0,0.8,0.5333333333333333,12.0,8.0,3.0,31
238.48687744140625,57.2081413269043,11.44162826538086,1000.0,0.0,0.8,0.6,12.0,9.0,3.0,31
252.2070770263672,82.02686309814453,16.405372619628906,1000.0,0.0,0.8,0.6666666666666666,12.0,10.0,3.0,31
256.1872253417969,90.71253967285156,18.14250793457031,1000.0,0.0,0.8,0.7333333333333333,12.0,11.0,3.0,31
249.0987091064453,58.54610061645508,11.709220123291015,1000.0,0.0,0.8,0.8,12.0,12.0,3.0,31
259.0330810546875,65.03895568847656,13.007791137695312,1000.0,0.0,0.8,0.8666666666666667,12.0,13.0,3.0,31
236.84844970703125,44.45192337036133,8.890384674072266,1000.0,0.0,0.8,0.9333333333333333,12.0,14.0,3.0,31
255.81622314453125,77.5144271850586,15.502885437011718,1000.0,0.0,0.8,1.0,12.0,15.0,3.0,31
205.32701110839844,44.376827239990234,8.875365447998046,1000.0,0.0,0.8666666666666667,-1.0,13.0,-15.0,3.0,31
214.01100158691406,59.834381103515625,11.966876220703124,1000.0,0.0,0.8666666666666667,-0.9333333333333333,13.0,-14.0,3.0,31
231.8006591796875,78.6558609008789,15.731172180175781,1000.0,0.0,0.8666666666666667,-0.8666666666666667,13.0,-13.0,3.0,31
214.77056884765625,59.74452209472656,11.948904418945313,1000.0,0.0,0.8666666666666667,-0.8,13.0,-12.0,3.0,31
219.51815795898438,55.10851287841797,11.021702575683594,1000.0,0.0,0.8666666666666667,-0.7333333333333333,13.0,-11.0,3.0,31
199.96080017089844,29.61524200439453,5.923048400878907,1000.0,0.0,0.8666666666666667,-0.6666666666666666,13.0,-10.0,3.0,31
190.1503143310547,20.882057189941406,4.176411437988281,1000.0,0.0,0.8666666666666667,-0.6,13.0,-9.0,3.0,31
187.3021240234375,16.85629653930664,3.371259307861328,1000.0,0.0,0.8666666666666667,-0.5333333333333333,13.0,-8.0,3.0,31
191.3114013671875,22.354717254638672,4.470943450927734,1000.0,0.0,0.8666666666666667,-0.4666666666666667,13.0,-7.0,3.0,31
204.2926025390625,35.53760528564453,7.107521057128906,1000.0,0.0,0.8666666666666667,-0.4,13.0,-6.0,3.0,31
202.8556671142578,31.865266799926758,6.373053359985351,1000.0,0.0,0.8666666666666667,-0.3333333333333333,13.0,-5.0,3.0,31
209.04119873046875,35.625701904296875,7.125140380859375,1000.0,0.0,0.8666666666666667,-0.26666666666666666,13.0,-4.0,3.0,31
217.04144287109375,45.478965759277344,9.095793151855469,1000.0,0.0,0.8666666666666667,-0.2,13.0,-3.0,3.0,31
196.0769500732422,24.947187423706055,4.989437484741211,1000.0,0.0,0.8666666666666667,-0.13333333333333333,13.0,-2.0,3.0,31
177.8134307861328,7.1443328857421875,1.4288665771484375,1000.0,0.0,0.8666666666666667,-0.06666666666666667,13.0,-1.0,3.0,31
176.50076293945312,6.4093403816223145,1.281868076324463,1000.0,0.0,0.8666666666666667,0.0,13.0,0.0,3.0,31
185.59112548828125,22.3403377532959,4.46806755065918,1000.0,0.0,0.8666666666666667,0.06666666666666667,13.0,1.0,3.0,31
186.10531616210938,19.58885955810547,3.917771911621094,1000.0,0.0,0.8666666666666667,0.13333333333333333,13.0,2.0,3.0,31
185.8817596435547,16.852563858032227,3.370512771606445,1000.0,0.0,0.8666666666666667,0.2,13.0,3.0,3.0,31
188.0283203125,12.703276634216309,2.540655326843262,1000.0,0.0,0.8666666666666667,0.26666666666666666,13.0,4.0,3.0,31
187.5207977294922,20.66613006591797,4.133226013183593,1000.0,0.0,0.8666666666666667,0.3333333333333333,13.0,5.0,3.0,31
208.11447143554688,44.314796447753906,8.862959289550782,1000.0,0.0,0.8666666666666667,0.4,13.0,6.0,3.0,31
237.8755340576172,49.220523834228516,9.844104766845703,1000.0,0.0,0.8666666666666667,0.4666666666666667,13.0,7.0,3.0,31
247.4013671875,52.584716796875,10.516943359375,1000.0,0.0,0.8666666666666667,0.5333333333333333,13.0,8.0,3.0,31
254.6908416748047,71.49329376220703,14.298658752441407,1000.0,0.0,0.8666666666666667,0.6,13.0,9.0,3.0,31
231.20433044433594,55.300601959228516,11.060120391845704,1000.0,0.0,0.8666666666666667,0.6666666666666666,13.0,10.0,3.0,31
240.7294464111328,79.3480453491211,15.869609069824218,1000.0,0.0,0.8666666666666667,0.7333333333333333,13.0,11.0,3.0,31
224.2780303955078,52.636634826660156,10.527326965332032,1000.0,0.0,0.8666666666666667,0.8,13.0,12.0,3.0,31
218.36293029785156,36.80805206298828,7.361610412597656,1000.0,0.0,0.8666666666666667,0.8666666666666667,13.0,13.0,3.0,31
256.8876647949219,55.759273529052734,11.151854705810546,1000.0,0.0,0.8666666666666667,0.9333333333333333,13.0,14.0,3.0,31
244.4617919921875,67.47323608398438,13.494647216796874,1000.0,0.0,0.8666666666666667,1.0,13.0,15.0,3.0,31
212.0681610107422,49.80851364135742,9.961702728271485,1000.0,0.0,0.9333333333333333,-1.0,14.0,-15.0,3.0,31
218.1968536376953,62.84263229370117,12.568526458740234,1000.0,0.0,0.9333333333333333,-0.9333333333333333,14.0,-14.0,3.0,31
220.36474609375,53.381324768066406,10.67626495361328,1000.0,0.0,0.9333333333333333,-0.8666666666666667,14.0,-13.0,3.0,31
211.96072387695312,52.285030364990234,10.457006072998047,1000.0,0.0,0.9333333333333333,-0.8,14.0,-12.0,3.0,31
198.6791534423828,34.71510696411133,6.943021392822265,1000.0,0.0,0.9333333333333333,-0.7333333333333333,14.0,-11.0,3.0,31
190.54071044921875,21.26799774169922,4.253599548339844,1000.0,0.0,0.9333333333333333,-0.6666666666666666,14.0,-10.0,3.0,31
188.01849365234375,15.522723197937012,3.1045446395874023,1000.0,0.0,0.9333333333333333,-0.6,14.0,-9.0,3.0,31
187.75180053710938,16.792354583740234,3.358470916748047,1000.0,0.0,0.9333333333333333,-0.5333333333333333,14.0,-8.0,3.0,31
189.93643188476562,18.243833541870117,3.6487667083740236,1000.0,0.0,0.9333333333333333,-0.4666666666666667,14.0,-7.0,3.0,31
205.4180450439453,32.13873291015625,6.42774658203125,1000.0,0.0,0.9333333333333333,-0.4,14.0,-6.0,3.0,31
198.0030517578125,31.65694236755371,6.331388473510742,1000.0,0.0,0.9333333333333333,-0.3333333333333333,14.0,-5.0,3.0,31
213.04034423828125,42.8092155456543,8.561843109130859,1000.0,0.0,0.9333333333333333,-0.26666666666666666,14.0,-4.0,3.0,31
199.5711669921875,28.996532440185547,5.799306488037109,1000.0,0.0,0.9333333333333333,-0.2,14.0,-3.0,3.0,31
180.26052856445312,9.566131591796875,1.913226318359375,1000.0,0.0,0.9333333333333333,-0.13333333333333333,14.0,-2.0,3.0,31
178.30677795410156,10.723326683044434,2.144665336608887,1000.0,0.0,0.9333333333333333,-0.06666666666666667,14.0,-1.0,3.0,31
179.6147003173828,12.671000480651855,2.534200096130371,1000.0,0.0,0.9333333333333333,0.0,14.0,0.0,3.0,31
182.18992614746094,21.89830780029297,4.379661560058594,1000.0,0.0,0.9333333333333333,0.06666666666666667,14.0,1.0,3.0,31
189.3260955810547,21.388568878173828,4.277713775634766,1000.0,0.0,0.9333333333333333,0.13333333333333333,14.0,2.0,3.0,31
181.69277954101562,16.259803771972656,3.2519607543945312,1000.0,0.0,0.9333333333333333,0.2,14.0,3.0,3.0,31
184.8466796875,15.388145446777344,3.0776290893554688,1000.0,0.0,0.9333333333333333,0.26666666666666666,14.0,4.0,3.0,31
177.92152404785156,14.258878707885742,2.8517757415771485,1000.0,0.0,0.9333333333333333,0.3333333333333333,14.0,5.0,3.0,31
195.87269592285156,35.91745376586914,7.183490753173828,1000.0,0.0,0.9333333333333333,0.4,14.0,6.0,3.0,31
232.59584045410156,40.52904510498047,8.105809020996094,1000.0,0.0,0.9333333333333333,0.4666666666666667,14.0,7.0,3.0,31
242.74884033203125,61.61762237548828,12.323524475097656,1000.0,0.0,0.9333333333333333,0.5333333333333333,14.0,8.0,3.0,31
236.98048400878906,62.650360107421875,12.530072021484376,1000.0,0.0,0.9333333333333333,0.6,14.0,9.0,3.0,31
241.02301025390625,58.9259147644043,11.78518295288086,1000.0,0.0,0.9333333333333333,0.6666666666666666,14.0,10.0,3.0,31
228.04547119140625,64.79249572753906,12.958499145507812,1000.0,0.0,0.9333333333333333,0.7333333333333333,14.0,11.0,3.0,31
211.29962158203125,53.14763641357422,10.629527282714843,1000.0,0.0,0.9333333333333333,0.8,14.0,12.0,3.0,31
227.0887908935547,62.250919342041016,12.450183868408203,1000.0,0.0,0.9333333333333333,0.8666666666666667,14.0,13.0,3.0,31
224.40460205078125,53.0255012512207,10.60510025024414,1000.0,0.0,0.9333333333333333,0.9333333333333333,14.0,14.0,3.0,31
241.86474609375,63.91146469116211,12.782292938232422,1000.0,0.0,0.9333333333333333,1.0,14.0,15.0,3.0,31
219.33731079101562,68.22180938720703,13.644361877441407,1000.0,0.0,1.0,-1.0,15.0,-15.0,3.0,31
213.62132263183594,59.482666015625,11.896533203125,1000.0,0.0,1.0,-0.9333333333333333,15.0,-14.0,3.0,31
213.60824584960938,48.77689743041992,9.755379486083985,1000.0,0.0,1.0,-0.8666666666666667,15.0,-13.0,3.0,31
197.0216827392578,34.83991622924805,6.967983245849609,1000.0,0.0,1.0,-0.8,15.0,-12.0,3.0,31
192.62689208984375,26.449811935424805,5.289962387084961,1000.0,0.0,1.0,-0.7333333333333333,15.0,-11.0,3.0,31
187.3477020263672,16.694835662841797,3.338967132568359,1000.0,0.0,1.0,-0.6666666666666666,15.0,-10.0,3.0,31
185.82412719726562,16.063541412353516,3.212708282470703,1000.0,0.0,1.0,-0.6,15.0,-9.0,3.0,31
185.22181701660156,14.179447174072266,2.835889434814453,1000.0,0.0,1.0,-0.5333333333333333,15.0,-8.0,3.0,31
193.64671325683594,20.9843692779541,4.1968738555908205,1000.0,0.0,1.0,-0.4666666666666667,15.0,-7.0,3.0,31
194.02066040039062,24.546545028686523,4.909309005737304,1000.0,0.0,1.0,-0.4,15.0,-6.0,3.0,31
198.2204132080078,34.55686950683594,6.911373901367187,1000.0,0.0,1.0,-0.3333333333333333,15.0,-5.0,3.0,31
209.87547302246094,38.033912658691406,7.606782531738281,1000.0,0.0,1.0,-0.26666666666666666,15.0,-4.0,3.0,31
189.5254669189453,23.52614402770996,4.705228805541992,1000.0,0.0,1.0,-0.2,15.0,-3.0,3.0,31
177.84625244140625,7.290045261383057,1.4580090522766114,1000.0,0.0,1.0,-0.13333333333333333,15.0,-2.0,3.0,31
178.52163696289062,10.717992782592773,2.1435985565185547,1000.0,0.0,1.0,-0.06666666666666667,15.0,-1.0,3.0,31
176.84019470214844,9.400409698486328,1.8800819396972657,1000.0,0.0,1.0,0.0,15.0,0.0,3.0,31
189.59165954589844,44.94896697998047,8.989793395996093,1000.0,0.0,1.0,0.06666666666666667,15.0,1.0,3.0,31
184.19044494628906,17.771991729736328,3.5543983459472654,1000.0,0.0,1.0,0.13333333333333333,15.0,2.0,3.0,31
179.87152099609375,14.602331161499023,2.9204662322998045,1000.0,0.0,1.0,0.2,15.0,3.0,3.0,31
178.5736846923828,12.955080032348633,2.5910160064697267,1000.0,0.0,1.0,0.26666666666666666,15.0,4.0,3.0,31
179.78480529785156,16.846357345581055,3.369271469116211,1000.0,0.0,1.0,0.3333333333333333,15.0,5.0,3.0,31
183.33277893066406,21.646770477294922,4.329354095458984,1000.0,0.0,1.0,0.4,15.0,6.0,3.0,31
196.4380340576172,30.664077758789062,6.132815551757813,1000.0,0.0,1.0,0.4666666666666667,15.0,7.0,3.0,31
230.57073974609375,47.64177703857422,9.528355407714844,1000.0,0.0,1.0,0.5333333333333333,15.0,8.0,3.0,31
228.5435333251953,63.59516143798828,12.719032287597656,1000.0,0.0,1.0,0.6,15.0,9.0,3.0,31
237.0823211669922,43.66326141357422,8.732652282714843,1000.0,0.0,1.0,0.6666666666666666,15.0,10.0,3.0,31
236.5225830078125,57.70718002319336,11.541436004638673,1000.0,0.0,1.0,0.7333333333333333,15.0,11.0,3.0,31
232.3379669189453,71.5316390991211,14.306327819824219,1000.0,0.0,1.0,0.8,15.0,12.0,3.0,31
230.0031280517578,69.16344451904297,13.832688903808593,1000.0,0.0,1.0,0.8666666666666667,15.0,13.0,3.0,31
235.89427185058594,60.564727783203125,12.112945556640625,1000.0,0.0,1.0,0.9333333333333333,15.0,14.0,3.0,31
230.45196533203125,49.355712890625,9.871142578125,1000.0,0.0,1.0,1.0,15.0,15.0,3.0,31
