episode_rewards,episode_std_rewards,episode_stderr_rewards,episode_avg_len,episode_std_avg_len,dim0,dim1,offset1,offset2,magnitude,grid_size
182.02146911621094,31.49773597717285,6.29954719543457,1000.0,0.0,-1.0,-1.0,-15.0,-15.0,3.0,31
182.33460998535156,24.418231964111328,4.883646392822266,1000.0,0.0,-1.0,-0.9333333333333333,-15.0,-14.0,3.0,31
172.8028106689453,7.160776615142822,1.4321553230285644,1000.0,0.0,-1.0,-0.8666666666666667,-15.0,-13.0,3.0,31
173.54173278808594,9.49264907836914,1.8985298156738282,1000.0,0.0,-1.0,-0.8,-15.0,-12.0,3.0,31
180.1572265625,8.975159645080566,1.7950319290161132,1000.0,0.0,-1.0,-0.7333333333333333,-15.0,-11.0,3.0,31
185.31390380859375,19.375246047973633,3.8750492095947267,1000.0,0.0,-1.0,-0.6666666666666666,-15.0,-10.0,3.0,31
189.55502319335938,20.053970336914062,4.010794067382813,1000.0,0.0,-1.0,-0.6,-15.0,-9.0,3.0,31
191.2805633544922,20.210901260375977,4.0421802520751955,1000.0,0.0,-1.0,-0.5333333333333333,-15.0,-8.0,3.0,31
196.83766174316406,31.43582534790039,6.2871650695800785,1000.0,0.0,-1.0,-0.4666666666666667,-15.0,-7.0,3.0,31
206.3226776123047,33.795963287353516,6.759192657470703,1000.0,0.0,-1.0,-0.4,-15.0,-6.0,3.0,31
200.18946838378906,27.976974487304688,5.595394897460937,1000.0,0.0,-1.0,-0.3333333333333333,-15.0,-5.0,3.0,31
214.74301147460938,32.97039794921875,6.59407958984375,1000.0,0.0,-1.0,-0.26666666666666666,-15.0,-4.0,3.0,31
213.1574249267578,41.9571647644043,8.391432952880859,1000.0,0.0,-1.0,-0.2,-15.0,-3.0,3.0,31
230.0452117919922,53.131874084472656,10.626374816894531,1000.0,0.0,-1.0,-0.13333333333333333,-15.0,-2.0,3.0,31
201.65744018554688,43.837181091308594,8.767436218261718,1000.0,0.0,-1.0,-0.06666666666666667,-15.0,-1.0,3.0,31
197.1356658935547,53.161598205566406,10.63231964111328,1000.0,0.0,-1.0,0.0,-15.0,0.0,3.0,31
197.83399963378906,40.54482650756836,8.108965301513672,1000.0,0.0,-1.0,0.06666666666666667,-15.0,1.0,3.0,31
189.76834106445312,23.676145553588867,4.735229110717773,1000.0,0.0,-1.0,0.13333333333333333,-15.0,2.0,3.0,31
182.31980895996094,15.70429801940918,3.140859603881836,1000.0,0.0,-1.0,0.2,-15.0,3.0,3.0,31
180.11013793945312,14.193694114685059,2.8387388229370116,1000.0,0.0,-1.0,0.26666666666666666,-15.0,4.0,3.0,31
182.4510955810547,15.16126537322998,3.032253074645996,1000.0,0.0,-1.0,0.3333333333333333,-15.0,5.0,3.0,31
182.33404541015625,18.390100479125977,3.6780200958251954,1000.0,0.0,-1.0,0.4,-15.0,6.0,3.0,31
183.6008758544922,14.69848918914795,2.93969783782959,1000.0,0.0,-1.0,0.4666666666666667,-15.0,7.0,3.0,31
179.77328491210938,8.961139678955078,1.7922279357910156,1000.0,0.0,-1.0,0.5333333333333333,-15.0,8.0,3.0,31
178.66650390625,11.075855255126953,2.215171051025391,1000.0,0.0,-1.0,0.6,-15.0,9.0,3.0,31
182.18482971191406,13.964191436767578,2.792838287353516,1000.0,0.0,-1.0,0.6666666666666666,-15.0,10.0,3.0,31
208.19952392578125,40.11184310913086,8.022368621826171,1000.0,0.0,-1.0,0.7333333333333333,-15.0,11.0,3.0,31
196.09698486328125,25.181720733642578,5.036344146728515,1000.0,0.0,-1.0,0.8,-15.0,12.0,3.0,31
188.6411590576172,14.869728088378906,2.9739456176757812,1000.0,0.0,-1.0,0.8666666666666667,-15.0,13.0,3.0,31
185.62335205078125,12.158424377441406,2.431684875488281,1000.0,0.0,-1.0,0.9333333333333333,-15.0,14.0,3.0,31
183.45809936523438,14.082784652709961,2.816556930541992,1000.0,0.0,-1.0,1.0,-15.0,15.0,3.0,31
177.5434112548828,13.428119659423828,2.6856239318847654,1000.0,0.0,-0.9333333333333333,-1.0,-14.0,-15.0,3.0,31
179.3300323486328,13.707897186279297,2.7415794372558593,1000.0,0.0,-0.9333333333333333,-0.9333333333333333,-14.0,-14.0,3.0,31
173.1377410888672,5.731395721435547,1.1462791442871094,1000.0,0.0,-0.9333333333333333,-0.8666666666666667,-14.0,-13.0,3.0,31
176.3408966064453,10.28612232208252,2.057224464416504,1000.0,0.0,-0.9333333333333333,-0.8,-14.0,-12.0,3.0,31
173.6917724609375,6.249687671661377,1.2499375343322754,1000.0,0.0,-0.9333333333333333,-0.7333333333333333,-14.0,-11.0,3.0,31
181.50758361816406,7.678062438964844,1.5356124877929687,1000.0,0.0,-0.9333333333333333,-0.6666666666666666,-14.0,-10.0,3.0,31
187.5252685546875,13.874969482421875,2.774993896484375,1000.0,0.0,-0.9333333333333333,-0.6,-14.0,-9.0,3.0,31
187.34033203125,13.28995132446289,2.657990264892578,1000.0,0.0,-0.9333333333333333,-0.5333333333333333,-14.0,-8.0,3.0,31
189.18923950195312,12.587920188903809,2.517584037780762,1000.0,0.0,-0.9333333333333333,-0.4666666666666667,-14.0,-7.0,3.0,31
199.0235137939453,28.39632225036621,5.6792644500732425,1000.0,0.0,-0.9333333333333333,-0.4,-14.0,-6.0,3.0,31
207.63873291015625,35.183738708496094,7.036747741699219,1000.0,0.0,-0.9333333333333333,-0.3333333333333333,-14.0,-5.0,3.0,31
210.5547332763672,31.242355346679688,6.248471069335937,1000.0,0.0,-0.9333333333333333,-0.26666666666666666,-14.0,-4.0,3.0,31
212.6748504638672,40.013877868652344,8.002775573730469,1000.0,0.0,-0.9333333333333333,-0.2,-14.0,-3.0,3.0,31
224.23191833496094,52.01335906982422,10.402671813964844,1000.0,0.0,-0.9333333333333333,-0.13333333333333333,-14.0,-2.0,3.0,31
196.43515014648438,41.40415573120117,8.280831146240235,1000.0,0.0,-0.9333333333333333,-0.06666666666666667,-14.0,-1.0,3.0,31
204.98585510253906,48.8587760925293,9.77175521850586,1000.0,0.0,-0.9333333333333333,0.0,-14.0,0.0,3.0,31
193.00950622558594,28.03093147277832,5.606186294555664,1000.0,0.0,-0.9333333333333333,0.06666666666666667,-14.0,1.0,3.0,31
188.0489501953125,19.651399612426758,3.9302799224853517,1000.0,0.0,-0.9333333333333333,0.13333333333333333,-14.0,2.0,3.0,31
183.26890563964844,14.245866775512695,2.849173355102539,1000.0,0.0,-0.9333333333333333,0.2,-14.0,3.0,3.0,31
180.24925231933594,10.900793075561523,2.1801586151123047,1000.0,0.0,-0.9333333333333333,0.26666666666666666,-14.0,4.0,3.0,31
182.6046142578125,16.29224967956543,3.258449935913086,1000.0,0.0,-0.9333333333333333,0.3333333333333333,-14.0,5.0,3.0,31
180.06297302246094,14.388821601867676,2.8777643203735352,1000.0,0.0,-0.9333333333333333,0.4,-14.0,6.0,3.0,31
180.95538330078125,13.7755126953125,2.7551025390625,1000.0,0.0,-0.9333333333333333,0.4666666666666667,-14.0,7.0,3.0,31
179.92120361328125,16.225439071655273,3.245087814331055,1000.0,0.0,-0.9333333333333333,0.5333333333333333,-14.0,8.0,3.0,31
180.24285888671875,10.615776062011719,2.123155212402344,1000.0,0.0,-0.9333333333333333,0.6,-14.0,9.0,3.0,31
196.99754333496094,27.158002853393555,5.431600570678711,1000.0,0.0,-0.9333333333333333,0.6666666666666666,-14.0,10.0,3.0,31
206.57492065429688,34.925697326660156,6.985139465332031,1000.0,0.0,-0.9333333333333333,0.7333333333333333,-14.0,11.0,3.0,31
192.8511505126953,18.698760986328125,3.739752197265625,1000.0,0.0,-0.9333333333333333,0.8,-14.0,12.0,3.0,31
192.65895080566406,20.56647491455078,4.113294982910157,1000.0,0.0,-0.9333333333333333,0.8666666666666667,-14.0,13.0,3.0,31
185.0520477294922,16.492183685302734,3.298436737060547,1000.0,0.0,-0.9333333333333333,0.9333333333333333,-14.0,14.0,3.0,31
220.2300567626953,55.176483154296875,11.035296630859374,1000.0,0.0,-0.9333333333333333,1.0,-14.0,15.0,3.0,31
183.04013061523438,18.4365291595459,3.6873058319091796,1000.0,0.0,-0.8666666666666667,-1.0,-13.0,-15.0,3.0,31
175.68603515625,14.51487922668457,2.902975845336914,1000.0,0.0,-0.8666666666666667,-0.9333333333333333,-13.0,-14.0,3.0,31
174.88980102539062,10.126448631286621,2.0252897262573244,1000.0,0.0,-0.8666666666666667,-0.8666666666666667,-13.0,-13.0,3.0,31
174.36700439453125,10.199220657348633,2.0398441314697267,1000.0,0.0,-0.8666666666666667,-0.8,-13.0,-12.0,3.0,31
174.39581298828125,7.526947975158691,1.5053895950317382,1000.0,0.0,-0.8666666666666667,-0.7333333333333333,-13.0,-11.0,3.0,31
173.7155303955078,7.234039783477783,1.4468079566955567,1000.0,0.0,-0.8666666666666667,-0.6666666666666666,-13.0,-10.0,3.0,31
181.77574157714844,8.114824295043945,1.622964859008789,1000.0,0.0,-0.8666666666666667,-0.6,-13.0,-9.0,3.0,31
189.07212829589844,20.148820877075195,4.029764175415039,1000.0,0.0,-0.8666666666666667,-0.5333333333333333,-13.0,-8.0,3.0,31
198.14218139648438,34.202144622802734,6.8404289245605465,1000.0,0.0,-0.8666666666666667,-0.4666666666666667,-13.0,-7.0,3.0,31
195.72354125976562,22.26597023010254,4.453194046020508,1000.0,0.0,-0.8666666666666667,-0.4,-13.0,-6.0,3.0,31
202.7757568359375,37.107887268066406,7.421577453613281,1000.0,0.0,-0.8666666666666667,-0.3333333333333333,-13.0,-5.0,3.0,31
218.31304931640625,38.71076202392578,7.742152404785156,1000.0,0.0,-0.8666666666666667,-0.26666666666666666,-13.0,-4.0,3.0,31
220.6215057373047,47.004432678222656,9.400886535644531,1000.0,0.0,-0.8666666666666667,-0.2,-13.0,-3.0,3.0,31
224.04039001464844,51.80546569824219,10.361093139648437,1000.0,0.0,-0.8666666666666667,-0.13333333333333333,-13.0,-2.0,3.0,31
200.54931640625,37.50736999511719,7.501473999023437,1000.0,0.0,-0.8666666666666667,-0.06666666666666667,-13.0,-1.0,3.0,31
188.2800750732422,24.8771915435791,4.9754383087158205,1000.0,0.0,-0.8666666666666667,0.0,-13.0,0.0,3.0,31
190.0182647705078,28.498958587646484,5.699791717529297,1000.0,0.0,-0.8666666666666667,0.06666666666666667,-13.0,1.0,3.0,31
190.01632690429688,25.68779754638672,5.137559509277343,1000.0,0.0,-0.8666666666666667,0.13333333333333333,-13.0,2.0,3.0,31
182.30787658691406,17.66543197631836,3.533086395263672,1000.0,0.0,-0.8666666666666667,0.2,-13.0,3.0,3.0,31
179.67478942871094,11.394906044006348,2.2789812088012695,1000.0,0.0,-0.8666666666666667,0.26666666666666666,-13.0,4.0,3.0,31
185.55645751953125,16.98774528503418,3.397549057006836,1000.0,0.0,-0.8666666666666667,0.3333333333333333,-13.0,5.0,3.0,31
179.85238647460938,13.643959999084473,2.7287919998168944,1000.0,0.0,-0.8666666666666667,0.4,-13.0,6.0,3.0,31
179.11196899414062,12.403470993041992,2.4806941986083983,1000.0,0.0,-0.8666666666666667,0.4666666666666667,-13.0,7.0,3.0,31
180.36842346191406,10.560032844543457,2.1120065689086913,1000.0,0.0,-0.8666666666666667,0.5333333333333333,-13.0,8.0,3.0,31
186.70440673828125,25.431909561157227,5.086381912231445,1000.0,0.0,-0.8666666666666667,0.6,-13.0,9.0,3.0,31
218.3742218017578,52.013328552246094,10.402665710449218,1000.0,0.0,-0.8666666666666667,0.6666666666666666,-13.0,10.0,3.0,31
193.55148315429688,18.971982955932617,3.7943965911865236,1000.0,0.0,-0.8666666666666667,0.7333333333333333,-13.0,11.0,3.0,31
191.96115112304688,15.56407356262207,3.112814712524414,1000.0,0.0,-0.8666666666666667,0.8,-13.0,12.0,3.0,31
185.1574249267578,15.9882230758667,3.1976446151733398,1000.0,0.0,-0.8666666666666667,0.8666666666666667,-13.0,13.0,3.0,31
200.72909545898438,38.83052444458008,7.766104888916016,1000.0,0.0,-0.8666666666666667,0.9333333333333333,-13.0,14.0,3.0,31
206.64483642578125,37.49635314941406,7.499270629882813,1000.0,0.0,-0.8666666666666667,1.0,-13.0,15.0,3.0,31
178.80557250976562,9.805244445800781,1.9610488891601563,1000.0,0.0,-0.8,-1.0,-12.0,-15.0,3.0,31
182.18324279785156,17.652986526489258,3.5305973052978517,1000.0,0.0,-0.8,-0.9333333333333333,-12.0,-14.0,3.0,31
177.50018310546875,14.786988258361816,2.9573976516723635,1000.0,0.0,-0.8,-0.8666666666666667,-12.0,-13.0,3.0,31
173.6381072998047,8.632168769836426,1.7264337539672852,1000.0,0.0,-0.8,-0.8,-12.0,-12.0,3.0,31
174.5616455078125,9.341780662536621,1.8683561325073241,1000.0,0.0,-0.8,-0.7333333333333333,-12.0,-11.0,3.0,31
175.6748809814453,13.098700523376465,2.619740104675293,1000.0,0.0,-0.8,-0.6666666666666666,-12.0,-10.0,3.0,31
175.23870849609375,9.244697570800781,1.8489395141601563,1000.0,0.0,-0.8,-0.6,-12.0,-9.0,3.0,31
182.3261260986328,6.823028087615967,1.3646056175231933,1000.0,0.0,-0.8,-0.5333333333333333,-12.0,-8.0,3.0,31
199.9859619140625,29.1951904296875,5.8390380859375,1000.0,0.0,-0.8,-0.4666666666666667,-12.0,-7.0,3.0,31
187.57276916503906,22.610261917114258,4.522052383422851,1000.0,0.0,-0.8,-0.4,-12.0,-6.0,3.0,31
213.79266357421875,47.40594482421875,9.48118896484375,1000.0,0.0,-0.8,-0.3333333333333333,-12.0,-5.0,3.0,31
224.2442626953125,49.84954833984375,9.96990966796875,1000.0,0.0,-0.8,-0.26666666666666666,-12.0,-4.0,3.0,31
226.7491455078125,43.61729049682617,8.723458099365235,1000.0,0.0,-0.8,-0.2,-12.0,-3.0,3.0,31
229.04290771484375,58.381019592285156,11.67620391845703,1000.0,0.0,-0.8,-0.13333333333333333,-12.0,-2.0,3.0,31
198.98609924316406,44.22371292114258,8.844742584228516,1000.0,0.0,-0.8,-0.06666666666666667,-12.0,-1.0,3.0,31
210.57296752929688,58.27016830444336,11.654033660888672,1000.0,0.0,-0.8,0.0,-12.0,0.0,3.0,31
190.06304931640625,28.626323699951172,5.7252647399902346,1000.0,0.0,-0.8,0.06666666666666667,-12.0,1.0,3.0,31
189.8336944580078,22.000144958496094,4.400028991699219,1000.0,0.0,-0.8,0.13333333333333333,-12.0,2.0,3.0,31
184.40841674804688,13.252169609069824,2.6504339218139648,1000.0,0.0,-0.8,0.2,-12.0,3.0,3.0,31
182.9318389892578,15.0734224319458,3.01468448638916,1000.0,0.0,-0.8,0.26666666666666666,-12.0,4.0,3.0,31
189.9151611328125,23.364036560058594,4.672807312011718,1000.0,0.0,-0.8,0.3333333333333333,-12.0,5.0,3.0,31
183.74078369140625,16.89544105529785,3.37908821105957,1000.0,0.0,-0.8,0.4,-12.0,6.0,3.0,31
175.4818572998047,7.333848476409912,1.4667696952819824,1000.0,0.0,-0.8,0.4666666666666667,-12.0,7.0,3.0,31
186.42677307128906,20.730344772338867,4.146068954467774,1000.0,0.0,-0.8,0.5333333333333333,-12.0,8.0,3.0,31
182.29043579101562,13.058950424194336,2.611790084838867,1000.0,0.0,-0.8,0.6,-12.0,9.0,3.0,31
211.3876495361328,40.657012939453125,8.131402587890625,1000.0,0.0,-0.8,0.6666666666666666,-12.0,10.0,3.0,31
187.9136505126953,16.27394676208496,3.254789352416992,1000.0,0.0,-0.8,0.7333333333333333,-12.0,11.0,3.0,31
189.57052612304688,21.00229835510254,4.200459671020508,1000.0,0.0,-0.8,0.8,-12.0,12.0,3.0,31
187.4783172607422,20.83966636657715,4.1679332733154295,1000.0,0.0,-0.8,0.8666666666666667,-12.0,13.0,3.0,31
221.07699584960938,49.25129318237305,9.85025863647461,1000.0,0.0,-0.8,0.9333333333333333,-12.0,14.0,3.0,31
189.67698669433594,17.285167694091797,3.4570335388183593,1000.0,0.0,-0.8,1.0,-12.0,15.0,3.0,31
193.71258544921875,25.94150161743164,5.188300323486328,1000.0,0.0,-0.7333333333333333,-1.0,-11.0,-15.0,3.0,31
183.90365600585938,16.871553421020508,3.3743106842041017,1000.0,0.0,-0.7333333333333333,-0.9333333333333333,-11.0,-14.0,3.0,31
178.62779235839844,11.533851623535156,2.3067703247070312,1000.0,0.0,-0.7333333333333333,-0.8666666666666667,-11.0,-13.0,3.0,31
177.82984924316406,15.1633939743042,3.03267879486084,1000.0,0.0,-0.7333333333333333,-0.8,-11.0,-12.0,3.0,31
177.6198272705078,11.082828521728516,2.216565704345703,1000.0,0.0,-0.7333333333333333,-0.7333333333333333,-11.0,-11.0,3.0,31
180.09310913085938,17.855716705322266,3.5711433410644533,1000.0,0.0,-0.7333333333333333,-0.6666666666666666,-11.0,-10.0,3.0,31
173.9574737548828,7.6207804679870605,1.524156093597412,1000.0,0.0,-0.7333333333333333,-0.6,-11.0,-9.0,3.0,31
174.34690856933594,6.028671741485596,1.2057343482971192,1000.0,0.0,-0.7333333333333333,-0.5333333333333333,-11.0,-8.0,3.0,31
187.95892333984375,12.623662948608398,2.5247325897216797,1000.0,0.0,-0.7333333333333333,-0.4666666666666667,-11.0,-7.0,3.0,31
199.50001525878906,25.543203353881836,5.108640670776367,1000.0,0.0,-0.7333333333333333,-0.4,-11.0,-6.0,3.0,31
210.6477508544922,50.85639572143555,10.171279144287109,1000.0,0.0,-0.7333333333333333,-0.3333333333333333,-11.0,-5.0,3.0,31
220.19668579101562,49.029640197753906,9.805928039550782,1000.0,0.0,-0.7333333333333333,-0.26666666666666666,-11.0,-4.0,3.0,31
247.5058135986328,57.12811279296875,11.42562255859375,1000.0,0.0,-0.7333333333333333,-0.2,-11.0,-3.0,3.0,31
222.01512145996094,50.10310745239258,10.020621490478515,1000.0,0.0,-0.7333333333333333,-0.13333333333333333,-11.0,-2.0,3.0,31
219.62013244628906,56.39098358154297,11.278196716308594,1000.0,0.0,-0.7333333333333333,-0.06666666666666667,-11.0,-1.0,3.0,31
202.5946044921875,47.25734329223633,9.451468658447265,1000.0,0.0,-0.7333333333333333,0.0,-11.0,0.0,3.0,31
185.90721130371094,19.17901039123535,3.8358020782470703,1000.0,0.0,-0.7333333333333333,0.06666666666666667,-11.0,1.0,3.0,31
186.00083923339844,18.327838897705078,3.6655677795410155,1000.0,0.0,-0.7333333333333333,0.13333333333333333,-11.0,2.0,3.0,31
185.14320373535156,19.646482467651367,3.9292964935302734,1000.0,0.0,-0.7333333333333333,0.2,-11.0,3.0,3.0,31
183.38177490234375,16.09532928466797,3.219065856933594,1000.0,0.0,-0.7333333333333333,0.26666666666666666,-11.0,4.0,3.0,31
191.33250427246094,20.22563934326172,4.045127868652344,1000.0,0.0,-0.7333333333333333,0.3333333333333333,-11.0,5.0,3.0,31
180.08486938476562,11.662490844726562,2.3324981689453126,1000.0,0.0,-0.7333333333333333,0.4,-11.0,6.0,3.0,31
191.23751831054688,18.109601974487305,3.6219203948974608,1000.0,0.0,-0.7333333333333333,0.4666666666666667,-11.0,7.0,3.0,31
183.1558380126953,11.957345008850098,2.3914690017700195,1000.0,0.0,-0.7333333333333333,0.5333333333333333,-11.0,8.0,3.0,31
204.13107299804688,48.368350982666016,9.673670196533203,1000.0,0.0,-0.7333333333333333,0.6,-11.0,9.0,3.0,31
189.82260131835938,15.484749794006348,3.0969499588012694,1000.0,0.0,-0.7333333333333333,0.6666666666666666,-11.0,10.0,3.0,31
188.8426971435547,17.597951889038086,3.519590377807617,1000.0,0.0,-0.7333333333333333,0.7333333333333333,-11.0,11.0,3.0,31
202.54151916503906,35.985137939453125,7.197027587890625,1000.0,0.0,-0.7333333333333333,0.8,-11.0,12.0,3.0,31
203.66917419433594,44.84303283691406,8.968606567382812,1000.0,0.0,-0.7333333333333333,0.8666666666666667,-11.0,13.0,3.0,31
200.45965576171875,28.20929718017578,5.641859436035157,1000.0,0.0,-0.7333333333333333,0.9333333333333333,-11.0,14.0,3.0,31
195.09373474121094,26.47747039794922,5.295494079589844,1000.0,0.0,-0.7333333333333333,1.0,-11.0,15.0,3.0,31
191.48468017578125,27.2557315826416,5.4511463165283205,1000.0,0.0,-0.6666666666666666,-1.0,-10.0,-15.0,3.0,31
183.7476043701172,13.35669994354248,2.671339988708496,1000.0,0.0,-0.6666666666666666,-0.9333333333333333,-10.0,-14.0,3.0,31
185.49659729003906,13.71927261352539,2.743854522705078,1000.0,0.0,-0.6666666666666666,-0.8666666666666667,-10.0,-13.0,3.0,31
188.1485137939453,24.668550491333008,4.933710098266602,1000.0,0.0,-0.6666666666666666,-0.8,-10.0,-12.0,3.0,31
177.1919403076172,12.99435043334961,2.5988700866699217,1000.0,0.0,-0.6666666666666666,-0.7333333333333333,-10.0,-11.0,3.0,31
175.22149658203125,11.670682907104492,2.3341365814208985,1000.0,0.0,-0.6666666666666666,-0.6666666666666666,-10.0,-10.0,3.0,31
173.90122985839844,7.348180770874023,1.4696361541748046,1000.0,0.0,-0.6666666666666666,-0.6,-10.0,-9.0,3.0,31
172.97885131835938,7.8717851638793945,1.574357032775879,1000.0,0.0,-0.6666666666666666,-0.5333333333333333,-10.0,-8.0,3.0,31
175.0791473388672,7.412177085876465,1.482435417175293,1000.0,0.0,-0.6666666666666666,-0.4666666666666667,-10.0,-7.0,3.0,31
209.75169372558594,20.533363342285156,4.106672668457032,1000.0,0.0,-0.6666666666666666,-0.4,-10.0,-6.0,3.0,31
193.7572784423828,22.295652389526367,4.459130477905274,1000.0,0.0,-0.6666666666666666,-0.3333333333333333,-10.0,-5.0,3.0,31
219.0926971435547,49.454551696777344,9.890910339355468,1000.0,0.0,-0.6666666666666666,-0.26666666666666666,-10.0,-4.0,3.0,31
246.1918487548828,47.36129379272461,9.472258758544921,1000.0,0.0,-0.6666666666666666,-0.2,-10.0,-3.0,3.0,31
219.45809936523438,56.83385467529297,11.366770935058593,1000.0,0.0,-0.6666666666666666,-0.13333333333333333,-10.0,-2.0,3.0,31
244.9591827392578,75.06439971923828,15.012879943847656,1000.0,0.0,-0.6666666666666666,-0.06666666666666667,-10.0,-1.0,3.0,31
198.59596252441406,46.41716384887695,9.283432769775391,1000.0,0.0,-0.6666666666666666,0.0,-10.0,0.0,3.0,31
203.35057067871094,38.68840789794922,7.737681579589844,1000.0,0.0,-0.6666666666666666,0.06666666666666667,-10.0,1.0,3.0,31
195.80804443359375,25.08625030517578,5.017250061035156,1000.0,0.0,-0.6666666666666666,0.13333333333333333,-10.0,2.0,3.0,31
184.38726806640625,20.35762596130371,4.071525192260742,1000.0,0.0,-0.6666666666666666,0.2,-10.0,3.0,3.0,31
187.47071838378906,21.945886611938477,4.389177322387695,1000.0,0.0,-0.6666666666666666,0.26666666666666666,-10.0,4.0,3.0,31
186.08023071289062,16.349063873291016,3.2698127746582033,1000.0,0.0,-0.6666666666666666,0.3333333333333333,-10.0,5.0,3.0,31
193.73805236816406,18.48126792907715,3.6962535858154295,1000.0,0.0,-0.6666666666666666,0.4,-10.0,6.0,3.0,31
190.53018188476562,20.906858444213867,4.181371688842773,1000.0,0.0,-0.6666666666666666,0.4666666666666667,-10.0,7.0,3.0,31
195.09059143066406,46.41208267211914,9.282416534423827,1000.0,0.0,-0.6666666666666666,0.5333333333333333,-10.0,8.0,3.0,31
202.19161987304688,29.2711124420166,5.8542224884033205,1000.0,0.0,-0.6666666666666666,0.6,-10.0,9.0,3.0,31
189.4287109375,18.812789916992188,3.7625579833984375,1000.0,0.0,-0.6666666666666666,0.6666666666666666,-10.0,10.0,3.0,31
211.03683471679688,41.26103210449219,8.252206420898437,1000.0,0.0,-0.6666666666666666,0.7333333333333333,-10.0,11.0,3.0,31
204.68310546875,37.23735427856445,7.447470855712891,1000.0,0.0,-0.6666666666666666,0.8,-10.0,12.0,3.0,31
211.49432373046875,31.336458206176758,6.267291641235351,1000.0,0.0,-0.6666666666666666,0.8666666666666667,-10.0,13.0,3.0,31
192.73855590820312,25.30880355834961,5.061760711669922,1000.0,0.0,-0.6666666666666666,0.9333333333333333,-10.0,14.0,3.0,31
192.90802001953125,29.968969345092773,5.993793869018555,1000.0,0.0,-0.6666666666666666,1.0,-10.0,15.0,3.0,31
188.38583374023438,28.733963012695312,5.746792602539062,1000.0,0.0,-0.6,-1.0,-9.0,-15.0,3.0,31
181.5512237548828,10.816839218139648,2.1633678436279298,1000.0,0.0,-0.6,-0.9333333333333333,-9.0,-14.0,3.0,31
185.5104522705078,21.582204818725586,4.3164409637451175,1000.0,0.0,-0.6,-0.8666666666666667,-9.0,-13.0,3.0,31
189.6505126953125,21.510818481445312,4.302163696289062,1000.0,0.0,-0.6,-0.8,-9.0,-12.0,3.0,31
180.24615478515625,13.083107948303223,2.6166215896606446,1000.0,0.0,-0.6,-0.7333333333333333,-9.0,-11.0,3.0,31
176.00704956054688,8.980606079101562,1.7961212158203126,1000.0,0.0,-0.6,-0.6666666666666666,-9.0,-10.0,3.0,31
174.07110595703125,7.49471378326416,1.498942756652832,1000.0,0.0,-0.6,-0.6,-9.0,-9.0,3.0,31
177.86651611328125,13.901408195495605,2.780281639099121,1000.0,0.0,-0.6,-0.5333333333333333,-9.0,-8.0,3.0,31
173.89871215820312,7.510015487670898,1.5020030975341796,1000.0,0.0,-0.6,-0.4666666666666667,-9.0,-7.0,3.0,31
187.31472778320312,11.739953994750977,2.347990798950195,1000.0,0.0,-0.6,-0.4,-9.0,-6.0,3.0,31
205.42636108398438,14.480463981628418,2.8960927963256835,1000.0,0.0,-0.6,-0.3333333333333333,-9.0,-5.0,3.0,31
240.35140991210938,33.82359313964844,6.764718627929687,1000.0,0.0,-0.6,-0.26666666666666666,-9.0,-4.0,3.0,31
252.90284729003906,41.73987579345703,8.347975158691407,1000.0,0.0,-0.6,-0.2,-9.0,-3.0,3.0,31
208.04644775390625,53.385562896728516,10.677112579345703,1000.0,0.0,-0.6,-0.13333333333333333,-9.0,-2.0,3.0,31
222.8730926513672,61.037105560302734,12.207421112060548,1000.0,0.0,-0.6,-0.06666666666666667,-9.0,-1.0,3.0,31
222.14199829101562,62.06254196166992,12.412508392333985,1000.0,0.0,-0.6,0.0,-9.0,0.0,3.0,31
210.94964599609375,52.82854080200195,10.56570816040039,1000.0,0.0,-0.6,0.06666666666666667,-9.0,1.0,3.0,31
184.30706787109375,19.006071090698242,3.8012142181396484,1000.0,0.0,-0.6,0.13333333333333333,-9.0,2.0,3.0,31
180.51190185546875,13.127422332763672,2.6254844665527344,1000.0,0.0,-0.6,0.2,-9.0,3.0,3.0,31
181.4189910888672,15.866739273071289,3.1733478546142577,1000.0,0.0,-0.6,0.26666666666666666,-9.0,4.0,3.0,31
184.57679748535156,22.638696670532227,4.527739334106445,1000.0,0.0,-0.6,0.3333333333333333,-9.0,5.0,3.0,31
203.8843536376953,30.258333206176758,6.051666641235352,1000.0,0.0,-0.6,0.4,-9.0,6.0,3.0,31
190.12493896484375,18.267412185668945,3.653482437133789,1000.0,0.0,-0.6,0.4666666666666667,-9.0,7.0,3.0,31
190.1719207763672,20.036104202270508,4.007220840454101,1000.0,0.0,-0.6,0.5333333333333333,-9.0,8.0,3.0,31
197.29434204101562,23.29491424560547,4.658982849121093,1000.0,0.0,-0.6,0.6,-9.0,9.0,3.0,31
197.90525817871094,28.129486083984375,5.625897216796875,1000.0,0.0,-0.6,0.6666666666666666,-9.0,10.0,3.0,31
210.96707153320312,40.475162506103516,8.095032501220704,1000.0,0.0,-0.6,0.7333333333333333,-9.0,11.0,3.0,31
193.1854705810547,30.727190017700195,6.145438003540039,1000.0,0.0,-0.6,0.8,-9.0,12.0,3.0,31
200.08535766601562,30.977550506591797,6.1955101013183596,1000.0,0.0,-0.6,0.8666666666666667,-9.0,13.0,3.0,31
200.74090576171875,25.36713409423828,5.073426818847656,1000.0,0.0,-0.6,0.9333333333333333,-9.0,14.0,3.0,31
201.49581909179688,29.99462127685547,5.998924255371094,1000.0,0.0,-0.6,1.0,-9.0,15.0,3.0,31
189.26876831054688,20.177555084228516,4.035511016845703,1000.0,0.0,-0.5333333333333333,-1.0,-8.0,-15.0,3.0,31
183.1424560546875,17.660526275634766,3.532105255126953,1000.0,0.0,-0.5333333333333333,-0.9333333333333333,-8.0,-14.0,3.0,31
181.2670135498047,10.068827629089355,2.0137655258178713,1000.0,0.0,-0.5333333333333333,-0.8666666666666667,-8.0,-13.0,3.0,31
185.3964385986328,13.77865982055664,2.755731964111328,1000.0,0.0,-0.5333333333333333,-0.8,-8.0,-12.0,3.0,31
190.60353088378906,19.848270416259766,3.969654083251953,1000.0,0.0,-0.5333333333333333,-0.7333333333333333,-8.0,-11.0,3.0,31
180.3335418701172,13.86882209777832,2.773764419555664,1000.0,0.0,-0.5333333333333333,-0.6666666666666666,-8.0,-10.0,3.0,31
175.25828552246094,9.86259651184082,1.972519302368164,1000.0,0.0,-0.5333333333333333,-0.6,-8.0,-9.0,3.0,31
176.44000244140625,11.22467041015625,2.24493408203125,1000.0,0.0,-0.5333333333333333,-0.5333333333333333,-8.0,-8.0,3.0,31
174.2635498046875,7.924260139465332,1.5848520278930665,1000.0,0.0,-0.5333333333333333,-0.4666666666666667,-8.0,-7.0,3.0,31
177.6808624267578,14.645535469055176,2.929107093811035,1000.0,0.0,-0.5333333333333333,-0.4,-8.0,-6.0,3.0,31
220.72999572753906,32.357215881347656,6.471443176269531,1000.0,0.0,-0.5333333333333333,-0.3333333333333333,-8.0,-5.0,3.0,31
256.8389587402344,21.914308547973633,4.382861709594726,1000.0,0.0,-0.5333333333333333,-0.26666666666666666,-8.0,-4.0,3.0,31
229.78555297851562,34.400081634521484,6.880016326904297,1000.0,0.0,-0.5333333333333333,-0.2,-8.0,-3.0,3.0,31
207.8035125732422,37.397789001464844,7.479557800292969,1000.0,0.0,-0.5333333333333333,-0.13333333333333333,-8.0,-2.0,3.0,31
248.51490783691406,69.51453399658203,13.902906799316407,1000.0,0.0,-0.5333333333333333,-0.06666666666666667,-8.0,-1.0,3.0,31
195.73060607910156,36.10185623168945,7.220371246337891,1000.0,0.0,-0.5333333333333333,0.0,-8.0,0.0,3.0,31
204.32086181640625,40.969181060791016,8.193836212158203,1000.0,0.0,-0.5333333333333333,0.06666666666666667,-8.0,1.0,3.0,31
188.95205688476562,21.96842384338379,4.393684768676758,1000.0,0.0,-0.5333333333333333,0.13333333333333333,-8.0,2.0,3.0,31
184.9955596923828,14.48234748840332,2.896469497680664,1000.0,0.0,-0.5333333333333333,0.2,-8.0,3.0,3.0,31
180.21580505371094,14.887503623962402,2.9775007247924803,1000.0,0.0,-0.5333333333333333,0.26666666666666666,-8.0,4.0,3.0,31
196.1737518310547,31.073745727539062,6.214749145507812,1000.0,0.0,-0.5333333333333333,0.3333333333333333,-8.0,5.0,3.0,31
213.5791015625,35.38418960571289,7.0768379211425785,1000.0,0.0,-0.5333333333333333,0.4,-8.0,6.0,3.0,31
193.78997802734375,28.67679214477539,5.735358428955078,1000.0,0.0,-0.5333333333333333,0.4666666666666667,-8.0,7.0,3.0,31
204.48577880859375,30.397090911865234,6.079418182373047,1000.0,0.0,-0.5333333333333333,0.5333333333333333,-8.0,8.0,3.0,31
193.8018341064453,17.95553207397461,3.591106414794922,1000.0,0.0,-0.5333333333333333,0.6,-8.0,9.0,3.0,31
201.51730346679688,35.261898040771484,7.052379608154297,1000.0,0.0,-0.5333333333333333,0.6666666666666666,-8.0,10.0,3.0,31
195.1520538330078,30.044355392456055,6.008871078491211,1000.0,0.0,-0.5333333333333333,0.7333333333333333,-8.0,11.0,3.0,31
191.55801391601562,18.60433578491211,3.720867156982422,1000.0,0.0,-0.5333333333333333,0.8,-8.0,12.0,3.0,31
197.85337829589844,28.942928314208984,5.788585662841797,1000.0,0.0,-0.5333333333333333,0.8666666666666667,-8.0,13.0,3.0,31
210.00669860839844,34.70552444458008,6.941104888916016,1000.0,0.0,-0.5333333333333333,0.9333333333333333,-8.0,14.0,3.0,31
250.29122924804688,65.99828338623047,13.199656677246093,1000.0,0.0,-0.5333333333333333,1.0,-8.0,15.0,3.0,31
186.31900024414062,20.02972412109375,4.00594482421875,1000.0,0.0,-0.4666666666666667,-1.0,-7.0,-15.0,3.0,31
182.19427490234375,14.165167808532715,2.833033561706543,1000.0,0.0,-0.4666666666666667,-0.9333333333333333,-7.0,-14.0,3.0,31
183.97866821289062,13.199579238891602,2.6399158477783202,1000.0,0.0,-0.4666666666666667,-0.8666666666666667,-7.0,-13.0,3.0,31
186.6590576171875,18.918886184692383,3.7837772369384766,1000.0,0.0,-0.4666666666666667,-0.8,-7.0,-12.0,3.0,31
190.31983947753906,16.87263298034668,3.374526596069336,1000.0,0.0,-0.4666666666666667,-0.7333333333333333,-7.0,-11.0,3.0,31
195.44757080078125,22.6258487701416,4.525169754028321,1000.0,0.0,-0.4666666666666667,-0.6666666666666666,-7.0,-10.0,3.0,31
182.5959014892578,18.33438491821289,3.6668769836425783,1000.0,0.0,-0.4666666666666667,-0.6,-7.0,-9.0,3.0,31
173.68316650390625,7.585914611816406,1.5171829223632813,1000.0,0.0,-0.4666666666666667,-0.5333333333333333,-7.0,-8.0,3.0,31
174.41929626464844,7.537145614624023,1.5074291229248047,1000.0,0.0,-0.4666666666666667,-0.4666666666666667,-7.0,-7.0,3.0,31
175.6621551513672,9.492377281188965,1.898475456237793,1000.0,0.0,-0.4666666666666667,-0.4,-7.0,-6.0,3.0,31
193.65145874023438,28.61579132080078,5.723158264160157,1000.0,0.0,-0.4666666666666667,-0.3333333333333333,-7.0,-5.0,3.0,31
271.6654052734375,23.64675521850586,4.729351043701172,1000.0,0.0,-0.4666666666666667,-0.26666666666666666,-7.0,-4.0,3.0,31
248.4134979248047,47.39076232910156,9.478152465820312,1000.0,0.0,-0.4666666666666667,-0.2,-7.0,-3.0,3.0,31
214.96900939941406,35.47286605834961,7.094573211669922,1000.0,0.0,-0.4666666666666667,-0.13333333333333333,-7.0,-2.0,3.0,31
267.40966796875,117.70177459716797,23.540354919433593,1000.0,0.0,-0.4666666666666667,-0.06666666666666667,-7.0,-1.0,3.0,31
238.3671417236328,65.60845947265625,13.12169189453125,1000.0,0.0,-0.4666666666666667,0.0,-7.0,0.0,3.0,31
202.17787170410156,58.03230285644531,11.606460571289062,1000.0,0.0,-0.4666666666666667,0.06666666666666667,-7.0,1.0,3.0,31
217.2963409423828,47.587345123291016,9.517469024658203,1000.0,0.0,-0.4666666666666667,0.13333333333333333,-7.0,2.0,3.0,31
189.04867553710938,27.874425888061523,5.5748851776123045,1000.0,0.0,-0.4666666666666667,0.2,-7.0,3.0,3.0,31
185.29701232910156,12.516389846801758,2.5032779693603517,1000.0,0.0,-0.4666666666666667,0.26666666666666666,-7.0,4.0,3.0,31
204.39459228515625,33.10585021972656,6.6211700439453125,1000.0,0.0,-0.4666666666666667,0.3333333333333333,-7.0,5.0,3.0,31
204.7544708251953,38.92739486694336,7.785478973388672,1000.0,0.0,-0.4666666666666667,0.4,-7.0,6.0,3.0,31
189.59886169433594,19.765291213989258,3.9530582427978516,1000.0,0.0,-0.4666666666666667,0.4666666666666667,-7.0,7.0,3.0,31
188.3126983642578,22.867168426513672,4.573433685302734,1000.0,0.0,-0.4666666666666667,0.5333333333333333,-7.0,8.0,3.0,31
211.9532470703125,38.61107635498047,7.722215270996093,1000.0,0.0,-0.4666666666666667,0.6,-7.0,9.0,3.0,31
200.3806610107422,26.264249801635742,5.252849960327149,1000.0,0.0,-0.4666666666666667,0.6666666666666666,-7.0,10.0,3.0,31
199.8367919921875,28.562246322631836,5.712449264526367,1000.0,0.0,-0.4666666666666667,0.7333333333333333,-7.0,11.0,3.0,31
203.1601104736328,29.632543563842773,5.9265087127685545,1000.0,0.0,-0.4666666666666667,0.8,-7.0,12.0,3.0,31
199.59425354003906,31.51641273498535,6.30328254699707,1000.0,0.0,-0.4666666666666667,0.8666666666666667,-7.0,13.0,3.0,31
218.01466369628906,39.26380157470703,7.852760314941406,1000.0,0.0,-0.4666666666666667,0.9333333333333333,-7.0,14.0,3.0,31
234.74832153320312,46.520999908447266,9.304199981689454,1000.0,0.0,-0.4666666666666667,1.0,-7.0,15.0,3.0,31
195.4320068359375,27.799663543701172,5.559932708740234,1000.0,0.0,-0.4,-1.0,-6.0,-15.0,3.0,31
187.99191284179688,23.496950149536133,4.699390029907226,1000.0,0.0,-0.4,-0.9333333333333333,-6.0,-14.0,3.0,31
180.96385192871094,10.093122482299805,2.018624496459961,1000.0,0.0,-0.4,-0.8666666666666667,-6.0,-13.0,3.0,31
181.07040405273438,12.531548500061035,2.506309700012207,1000.0,0.0,-0.4,-0.8,-6.0,-12.0,3.0,31
186.18458557128906,17.47298240661621,3.494596481323242,1000.0,0.0,-0.4,-0.7333333333333333,-6.0,-11.0,3.0,31
196.19314575195312,22.784326553344727,4.556865310668945,1000.0,0.0,-0.4,-0.6666666666666666,-6.0,-10.0,3.0,31
199.55636596679688,22.29432487487793,4.458864974975586,1000.0,0.0,-0.4,-0.6,-6.0,-9.0,3.0,31
185.9860382080078,18.741296768188477,3.748259353637695,1000.0,0.0,-0.4,-0.5333333333333333,-6.0,-8.0,3.0,31
174.7660675048828,7.090684413909912,1.4181368827819825,1000.0,0.0,-0.4,-0.4666666666666667,-6.0,-7.0,3.0,31
175.74337768554688,12.074339866638184,2.414867973327637,1000.0,0.0,-0.4,-0.4,-6.0,-6.0,3.0,31
182.97079467773438,16.856420516967773,3.3712841033935548,1000.0,0.0,-0.4,-0.3333333333333333,-6.0,-5.0,3.0,31
265.7787170410156,31.20585060119629,6.241170120239258,1000.0,0.0,-0.4,-0.26666666666666666,-6.0,-4.0,3.0,31
238.0209197998047,55.476688385009766,11.095337677001954,1000.0,0.0,-0.4,-0.2,-6.0,-3.0,3.0,31
236.25074768066406,58.49650955200195,11.69930191040039,1000.0,0.0,-0.4,-0.13333333333333333,-6.0,-2.0,3.0,31
336.7677307128906,185.34852600097656,37.069705200195315,1000.0,0.0,-0.4,-0.06666666666666667,-6.0,-1.0,3.0,31
262.3070983886719,131.4407501220703,26.288150024414062,1000.0,0.0,-0.4,0.0,-6.0,0.0,3.0,31
218.14109802246094,62.25858688354492,12.451717376708984,1000.0,0.0,-0.4,0.06666666666666667,-6.0,1.0,3.0,31
204.15887451171875,37.93788528442383,7.587577056884766,1000.0,0.0,-0.4,0.13333333333333333,-6.0,2.0,3.0,31
194.9647674560547,29.144214630126953,5.8288429260253904,1000.0,0.0,-0.4,0.2,-6.0,3.0,3.0,31
197.52133178710938,26.317087173461914,5.263417434692383,1000.0,0.0,-0.4,0.26666666666666666,-6.0,4.0,3.0,31
197.2919464111328,26.14952850341797,5.229905700683593,1000.0,0.0,-0.4,0.3333333333333333,-6.0,5.0,3.0,31
193.92547607421875,25.816322326660156,5.163264465332031,1000.0,0.0,-0.4,0.4,-6.0,6.0,3.0,31
182.17391967773438,13.876620292663574,2.775324058532715,1000.0,0.0,-0.4,0.4666666666666667,-6.0,7.0,3.0,31
198.79693603515625,29.013513565063477,5.802702713012695,1000.0,0.0,-0.4,0.5333333333333333,-6.0,8.0,3.0,31
206.36187744140625,30.59055519104004,6.118111038208008,1000.0,0.0,-0.4,0.6,-6.0,9.0,3.0,31
196.12718200683594,18.25682258605957,3.6513645172119142,1000.0,0.0,-0.4,0.6666666666666666,-6.0,10.0,3.0,31
197.3418426513672,18.544300079345703,3.7088600158691407,1000.0,0.0,-0.4,0.7333333333333333,-6.0,11.0,3.0,31
205.12159729003906,24.13849449157715,4.82769889831543,1000.0,0.0,-0.4,0.8,-6.0,12.0,3.0,31
213.4981689453125,32.5794677734375,6.5158935546875,1000.0,0.0,-0.4,0.8666666666666667,-6.0,13.0,3.0,31
228.4160919189453,52.048099517822266,10.409619903564453,1000.0,0.0,-0.4,0.9333333333333333,-6.0,14.0,3.0,31
234.31307983398438,41.13126754760742,8.226253509521484,1000.0,0.0,-0.4,1.0,-6.0,15.0,3.0,31
203.2928466796875,31.210063934326172,6.242012786865234,1000.0,0.0,-0.3333333333333333,-1.0,-5.0,-15.0,3.0,31
195.28988647460938,26.720165252685547,5.344033050537109,1000.0,0.0,-0.3333333333333333,-0.9333333333333333,-5.0,-14.0,3.0,31
190.5440673828125,20.664081573486328,4.132816314697266,1000.0,0.0,-0.3333333333333333,-0.8666666666666667,-5.0,-13.0,3.0,31
186.6353759765625,16.662792205810547,3.332558441162109,1000.0,0.0,-0.3333333333333333,-0.8,-5.0,-12.0,3.0,31
187.53977966308594,17.663501739501953,3.5327003479003904,1000.0,0.0,-0.3333333333333333,-0.7333333333333333,-5.0,-11.0,3.0,31
198.02720642089844,31.225542068481445,6.245108413696289,1000.0,0.0,-0.3333333333333333,-0.6666666666666666,-5.0,-10.0,3.0,31
205.32093811035156,34.42949295043945,6.885898590087891,1000.0,0.0,-0.3333333333333333,-0.6,-5.0,-9.0,3.0,31
225.38755798339844,36.7838020324707,7.356760406494141,1000.0,0.0,-0.3333333333333333,-0.5333333333333333,-5.0,-8.0,3.0,31
211.7286376953125,34.74480438232422,6.948960876464843,1000.0,0.0,-0.3333333333333333,-0.4666666666666667,-5.0,-7.0,3.0,31
184.6667938232422,13.995158195495605,2.799031639099121,1000.0,0.0,-0.3333333333333333,-0.4,-5.0,-6.0,3.0,31
203.80223083496094,43.009803771972656,8.601960754394531,1000.0,0.0,-0.3333333333333333,-0.3333333333333333,-5.0,-5.0,3.0,31
249.7644500732422,28.48176383972168,5.696352767944336,1000.0,0.0,-0.3333333333333333,-0.26666666666666666,-5.0,-4.0,3.0,31
268.2940368652344,66.41946411132812,13.283892822265624,1000.0,0.0,-0.3333333333333333,-0.2,-5.0,-3.0,3.0,31
284.5317077636719,105.36532592773438,21.073065185546874,1000.0,0.0,-0.3333333333333333,-0.13333333333333333,-5.0,-2.0,3.0,31
397.0929260253906,230.3514862060547,46.07029724121094,1000.0,0.0,-0.3333333333333333,-0.06666666666666667,-5.0,-1.0,3.0,31
290.4824523925781,141.76092529296875,28.35218505859375,1000.0,0.0,-0.3333333333333333,0.0,-5.0,0.0,3.0,31
264.87017822265625,124.08192443847656,24.816384887695314,1000.0,0.0,-0.3333333333333333,0.06666666666666667,-5.0,1.0,3.0,31
213.5469970703125,60.75531768798828,12.151063537597656,1000.0,0.0,-0.3333333333333333,0.13333333333333333,-5.0,2.0,3.0,31
217.8674774169922,41.860904693603516,8.372180938720703,1000.0,0.0,-0.3333333333333333,0.2,-5.0,3.0,3.0,31
213.28492736816406,34.69563674926758,6.939127349853516,1000.0,0.0,-0.3333333333333333,0.26666666666666666,-5.0,4.0,3.0,31
198.7479248046875,33.98946762084961,6.797893524169922,1000.0,0.0,-0.3333333333333333,0.3333333333333333,-5.0,5.0,3.0,31
183.5999755859375,16.628524780273438,3.3257049560546874,1000.0,0.0,-0.3333333333333333,0.4,-5.0,6.0,3.0,31
188.2311553955078,22.316326141357422,4.463265228271484,1000.0,0.0,-0.3333333333333333,0.4666666666666667,-5.0,7.0,3.0,31
199.69573974609375,27.235719680786133,5.447143936157227,1000.0,0.0,-0.3333333333333333,0.5333333333333333,-5.0,8.0,3.0,31
197.2090301513672,19.68763542175293,3.937527084350586,1000.0,0.0,-0.3333333333333333,0.6,-5.0,9.0,3.0,31
208.59075927734375,35.71419906616211,7.142839813232422,1000.0,0.0,-0.3333333333333333,0.6666666666666666,-5.0,10.0,3.0,31
198.31654357910156,29.506338119506836,5.901267623901367,1000.0,0.0,-0.3333333333333333,0.7333333333333333,-5.0,11.0,3.0,31
205.09751892089844,27.192726135253906,5.438545227050781,1000.0,0.0,-0.3333333333333333,0.8,-5.0,12.0,3.0,31
219.3838653564453,36.19306564331055,7.238613128662109,1000.0,0.0,-0.3333333333333333,0.8666666666666667,-5.0,13.0,3.0,31
208.7962646484375,37.463993072509766,7.492798614501953,1000.0,0.0,-0.3333333333333333,0.9333333333333333,-5.0,14.0,3.0,31
220.0849609375,52.24332809448242,10.448665618896484,1000.0,0.0,-0.3333333333333333,1.0,-5.0,15.0,3.0,31
220.0919952392578,46.90725326538086,9.381450653076172,1000.0,0.0,-0.26666666666666666,-1.0,-4.0,-15.0,3.0,31
224.99684143066406,45.693058013916016,9.138611602783204,1000.0,0.0,-0.26666666666666666,-0.9333333333333333,-4.0,-14.0,3.0,31
200.77224731445312,30.512619018554688,6.1025238037109375,1000.0,0.0,-0.26666666666666666,-0.8666666666666667,-4.0,-13.0,3.0,31
215.9112091064453,56.23379135131836,11.246758270263673,1000.0,0.0,-0.26666666666666666,-0.8,-4.0,-12.0,3.0,31
211.62339782714844,36.88335037231445,7.376670074462891,1000.0,0.0,-0.26666666666666666,-0.7333333333333333,-4.0,-11.0,3.0,31
201.18023681640625,31.998157501220703,6.399631500244141,1000.0,0.0,-0.26666666666666666,-0.6666666666666666,-4.0,-10.0,3.0,31
212.57888793945312,30.752349853515625,6.150469970703125,1000.0,0.0,-0.26666666666666666,-0.6,-4.0,-9.0,3.0,31
218.80902099609375,37.51509475708008,7.503018951416015,1000.0,0.0,-0.26666666666666666,-0.5333333333333333,-4.0,-8.0,3.0,31
259.01171875,22.50041389465332,4.500082778930664,1000.0,0.0,-0.26666666666666666,-0.4666666666666667,-4.0,-7.0,3.0,31
253.3451690673828,34.5007209777832,6.90014419555664,1000.0,0.0,-0.26666666666666666,-0.4,-4.0,-6.0,3.0,31
251.3276824951172,60.039302825927734,12.007860565185547,1000.0,0.0,-0.26666666666666666,-0.3333333333333333,-4.0,-5.0,3.0,31
274.0116882324219,44.785125732421875,8.957025146484375,1000.0,0.0,-0.26666666666666666,-0.26666666666666666,-4.0,-4.0,3.0,31
241.9358367919922,62.9938850402832,12.59877700805664,1000.0,0.0,-0.26666666666666666,-0.2,-4.0,-3.0,3.0,31
259.2087097167969,122.70816040039062,24.541632080078124,1000.0,0.0,-0.26666666666666666,-0.13333333333333333,-4.0,-2.0,3.0,31
474.9794921875,326.5621643066406,65.31243286132812,1000.0,0.0,-0.26666666666666666,-0.06666666666666667,-4.0,-1.0,3.0,31
503.1788330078125,270.0413513183594,54.008270263671875,1000.0,0.0,-0.26666666666666666,0.0,-4.0,0.0,3.0,31
434.46734619140625,188.34835815429688,37.669671630859376,1000.0,0.0,-0.26666666666666666,0.06666666666666667,-4.0,1.0,3.0,31
292.94384765625,107.5582504272461,21.51165008544922,1000.0,0.0,-0.26666666666666666,0.13333333333333333,-4.0,2.0,3.0,31
208.4417724609375,45.98579406738281,9.197158813476562,1000.0,0.0,-0.26666666666666666,0.2,-4.0,3.0,3.0,31
195.8968963623047,32.16678237915039,6.433356475830078,1000.0,0.0,-0.26666666666666666,0.26666666666666666,-4.0,4.0,3.0,31
196.69740295410156,28.038742065429688,5.607748413085938,1000.0,0.0,-0.26666666666666666,0.3333333333333333,-4.0,5.0,3.0,31
192.46987915039062,19.554561614990234,3.9109123229980467,1000.0,0.0,-0.26666666666666666,0.4,-4.0,6.0,3.0,31
193.0125732421875,28.52854347229004,5.705708694458008,1000.0,0.0,-0.26666666666666666,0.4666666666666667,-4.0,7.0,3.0,31
194.89492797851562,24.416776657104492,4.883355331420899,1000.0,0.0,-0.26666666666666666,0.5333333333333333,-4.0,8.0,3.0,31
204.4365997314453,34.07228469848633,6.814456939697266,1000.0,0.0,-0.26666666666666666,0.6,-4.0,9.0,3.0,31
213.7711944580078,34.97731018066406,6.995462036132812,1000.0,0.0,-0.26666666666666666,0.6666666666666666,-4.0,10.0,3.0,31
192.40948486328125,25.756608963012695,5.151321792602539,1000.0,0.0,-0.26666666666666666,0.7333333333333333,-4.0,11.0,3.0,31
188.17771911621094,26.44719886779785,5.28943977355957,1000.0,0.0,-0.26666666666666666,0.8,-4.0,12.0,3.0,31
212.4701690673828,40.63522720336914,8.127045440673829,1000.0,0.0,-0.26666666666666666,0.8666666666666667,-4.0,13.0,3.0,31
220.86993408203125,50.43464660644531,10.086929321289062,1000.0,0.0,-0.26666666666666666,0.9333333333333333,-4.0,14.0,3.0,31
200.86151123046875,31.771825790405273,6.3543651580810545,1000.0,0.0,-0.26666666666666666,1.0,-4.0,15.0,3.0,31
214.12791442871094,45.98518753051758,9.197037506103516,1000.0,0.0,-0.2,-1.0,-3.0,-15.0,3.0,31
214.14569091796875,46.070980072021484,9.214196014404298,1000.0,0.0,-0.2,-0.9333333333333333,-3.0,-14.0,3.0,31
230.44781494140625,52.74186706542969,10.548373413085937,1000.0,0.0,-0.2,-0.8666666666666667,-3.0,-13.0,3.0,31
240.77316284179688,61.704368591308594,12.340873718261719,1000.0,0.0,-0.2,-0.8,-3.0,-12.0,3.0,31
211.5701904296875,43.06428527832031,8.612857055664062,1000.0,0.0,-0.2,-0.7333333333333333,-3.0,-11.0,3.0,31
206.5854034423828,36.32329559326172,7.264659118652344,1000.0,0.0,-0.2,-0.6666666666666666,-3.0,-10.0,3.0,31
198.0133056640625,30.313716888427734,6.062743377685547,1000.0,0.0,-0.2,-0.6,-3.0,-9.0,3.0,31
249.52120971679688,44.327056884765625,8.865411376953125,1000.0,0.0,-0.2,-0.5333333333333333,-3.0,-8.0,3.0,31
228.8898468017578,44.2414436340332,8.84828872680664,1000.0,0.0,-0.2,-0.4666666666666667,-3.0,-7.0,3.0,31
262.38458251953125,23.748865127563477,4.749773025512695,1000.0,0.0,-0.2,-0.4,-3.0,-6.0,3.0,31
261.25933837890625,25.44365119934082,5.088730239868164,1000.0,0.0,-0.2,-0.3333333333333333,-3.0,-5.0,3.0,31
300.4203796386719,29.87143898010254,5.974287796020508,1000.0,0.0,-0.2,-0.26666666666666666,-3.0,-4.0,3.0,31
372.9010009765625,63.04146194458008,12.608292388916016,1000.0,0.0,-0.2,-0.2,-3.0,-3.0,3.0,31
451.5712890625,172.25247192382812,34.450494384765626,1000.0,0.0,-0.2,-0.13333333333333333,-3.0,-2.0,3.0,31
747.2726440429688,153.9365997314453,30.787319946289063,1000.0,0.0,-0.2,-0.06666666666666667,-3.0,-1.0,3.0,31
727.5722045898438,219.11715698242188,43.823431396484374,1000.0,0.0,-0.2,0.0,-3.0,0.0,3.0,31
599.9689331054688,330.7014465332031,66.14028930664062,1000.0,0.0,-0.2,0.06666666666666667,-3.0,1.0,3.0,31
335.0968017578125,166.0659942626953,33.213198852539065,1000.0,0.0,-0.2,0.13333333333333333,-3.0,2.0,3.0,31
286.77606201171875,90.9096908569336,18.18193817138672,1000.0,0.0,-0.2,0.2,-3.0,3.0,3.0,31
214.73641967773438,43.20014953613281,8.640029907226562,1000.0,0.0,-0.2,0.26666666666666666,-3.0,4.0,3.0,31
207.33584594726562,39.749000549316406,7.949800109863281,1000.0,0.0,-0.2,0.3333333333333333,-3.0,5.0,3.0,31
194.79197692871094,24.859180450439453,4.971836090087891,1000.0,0.0,-0.2,0.4,-3.0,6.0,3.0,31
204.7236785888672,33.18722915649414,6.6374458312988285,1000.0,0.0,-0.2,0.4666666666666667,-3.0,7.0,3.0,31
229.89129638671875,32.42219543457031,6.484439086914063,1000.0,0.0,-0.2,0.5333333333333333,-3.0,8.0,3.0,31
280.64013671875,37.071022033691406,7.414204406738281,1000.0,0.0,-0.2,0.6,-3.0,9.0,3.0,31
192.77023315429688,29.422687530517578,5.8845375061035154,1000.0,0.0,-0.2,0.6666666666666666,-3.0,10.0,3.0,31
186.29534912109375,24.83855628967285,4.96771125793457,1000.0,0.0,-0.2,0.7333333333333333,-3.0,11.0,3.0,31
195.96324157714844,36.042274475097656,7.208454895019531,1000.0,0.0,-0.2,0.8,-3.0,12.0,3.0,31
199.8489990234375,24.632017135620117,4.926403427124024,1000.0,0.0,-0.2,0.8666666666666667,-3.0,13.0,3.0,31
207.98416137695312,36.10003662109375,7.22000732421875,1000.0,0.0,-0.2,0.9333333333333333,-3.0,14.0,3.0,31
200.01339721679688,35.51114273071289,7.1022285461425785,1000.0,0.0,-0.2,1.0,-3.0,15.0,3.0,31
223.21914672851562,51.312782287597656,10.262556457519532,1000.0,0.0,-0.13333333333333333,-1.0,-2.0,-15.0,3.0,31
223.7335205078125,49.913143157958984,9.982628631591798,1000.0,0.0,-0.13333333333333333,-0.9333333333333333,-2.0,-14.0,3.0,31
232.95823669433594,61.225337982177734,12.245067596435547,1000.0,0.0,-0.13333333333333333,-0.8666666666666667,-2.0,-13.0,3.0,31
222.03753662109375,54.397247314453125,10.879449462890625,1000.0,0.0,-0.13333333333333333,-0.8,-2.0,-12.0,3.0,31
220.6048583984375,45.843196868896484,9.168639373779296,1000.0,0.0,-0.13333333333333333,-0.7333333333333333,-2.0,-11.0,3.0,31
219.54798889160156,38.01095199584961,7.602190399169922,1000.0,0.0,-0.13333333333333333,-0.6666666666666666,-2.0,-10.0,3.0,31
207.4195556640625,33.214393615722656,6.642878723144531,1000.0,0.0,-0.13333333333333333,-0.6,-2.0,-9.0,3.0,31
242.1157684326172,59.40693283081055,11.88138656616211,1000.0,0.0,-0.13333333333333333,-0.5333333333333333,-2.0,-8.0,3.0,31
280.1807556152344,48.417930603027344,9.683586120605469,1000.0,0.0,-0.13333333333333333,-0.4666666666666667,-2.0,-7.0,3.0,31
209.25709533691406,36.43581771850586,7.287163543701172,1000.0,0.0,-0.13333333333333333,-0.4,-2.0,-6.0,3.0,31
210.16969299316406,26.114513397216797,5.22290267944336,1000.0,0.0,-0.13333333333333333,-0.3333333333333333,-2.0,-5.0,3.0,31
235.50381469726562,42.519344329833984,8.503868865966798,1000.0,0.0,-0.13333333333333333,-0.26666666666666666,-2.0,-4.0,3.0,31
391.99371337890625,89.98784637451172,17.997569274902343,1000.0,0.0,-0.13333333333333333,-0.2,-2.0,-3.0,3.0,31
656.0864868164062,208.30758666992188,41.66151733398438,1000.0,0.0,-0.13333333333333333,-0.13333333333333333,-2.0,-2.0,3.0,31
884.8361206054688,164.24014282226562,32.848028564453124,1000.0,0.0,-0.13333333333333333,-0.06666666666666667,-2.0,-1.0,3.0,31
972.6722412109375,11.576543807983398,2.31530876159668,1000.0,0.0,-0.13333333333333333,0.0,-2.0,0.0,3.0,31
902.9390869140625,119.40447235107422,23.880894470214844,1000.0,0.0,-0.13333333333333333,0.06666666666666667,-2.0,1.0,3.0,31
473.49261474609375,177.0538787841797,35.41077575683594,1000.0,0.0,-0.13333333333333333,0.13333333333333333,-2.0,2.0,3.0,31
225.0933074951172,49.201934814453125,9.840386962890625,1000.0,0.0,-0.13333333333333333,0.2,-2.0,3.0,3.0,31
329.6910400390625,85.9049072265625,17.1809814453125,1000.0,0.0,-0.13333333333333333,0.26666666666666666,-2.0,4.0,3.0,31
244.80966186523438,44.372352600097656,8.874470520019532,1000.0,0.0,-0.13333333333333333,0.3333333333333333,-2.0,5.0,3.0,31
205.4499969482422,35.54355239868164,7.108710479736328,1000.0,0.0,-0.13333333333333333,0.4,-2.0,6.0,3.0,31
224.0020294189453,55.028038024902344,11.005607604980469,1000.0,0.0,-0.13333333333333333,0.4666666666666667,-2.0,7.0,3.0,31
209.27398681640625,37.79374694824219,7.558749389648438,1000.0,0.0,-0.13333333333333333,0.5333333333333333,-2.0,8.0,3.0,31
236.1540069580078,58.88491439819336,11.776982879638672,1000.0,0.0,-0.13333333333333333,0.6,-2.0,9.0,3.0,31
189.9849395751953,26.19230842590332,5.238461685180664,1000.0,0.0,-0.13333333333333333,0.6666666666666666,-2.0,10.0,3.0,31
198.9132843017578,47.458251953125,9.491650390625,1000.0,0.0,-0.13333333333333333,0.7333333333333333,-2.0,11.0,3.0,31
201.10531616210938,48.97288513183594,9.794577026367188,1000.0,0.0,-0.13333333333333333,0.8,-2.0,12.0,3.0,31
205.91323852539062,34.22415542602539,6.844831085205078,1000.0,0.0,-0.13333333333333333,0.8666666666666667,-2.0,13.0,3.0,31
195.26881408691406,26.171743392944336,5.2343486785888675,1000.0,0.0,-0.13333333333333333,0.9333333333333333,-2.0,14.0,3.0,31
209.85768127441406,58.133113861083984,11.626622772216797,1000.0,0.0,-0.13333333333333333,1.0,-2.0,15.0,3.0,31
232.23779296875,45.20294189453125,9.04058837890625,1000.0,0.0,-0.06666666666666667,-1.0,-1.0,-15.0,3.0,31
224.5591583251953,43.5322151184082,8.70644302368164,1000.0,0.0,-0.06666666666666667,-0.9333333333333333,-1.0,-14.0,3.0,31
229.6304168701172,50.0236930847168,10.00473861694336,1000.0,0.0,-0.06666666666666667,-0.8666666666666667,-1.0,-13.0,3.0,31
236.5528564453125,49.672977447509766,9.934595489501953,1000.0,0.0,-0.06666666666666667,-0.8,-1.0,-12.0,3.0,31
223.09291076660156,47.67074966430664,9.534149932861329,1000.0,0.0,-0.06666666666666667,-0.7333333333333333,-1.0,-11.0,3.0,31
246.1597137451172,61.20554733276367,12.241109466552734,1000.0,0.0,-0.06666666666666667,-0.6666666666666666,-1.0,-10.0,3.0,31
250.5745086669922,48.787166595458984,9.757433319091797,1000.0,0.0,-0.06666666666666667,-0.6,-1.0,-9.0,3.0,31
248.79054260253906,47.519805908203125,9.503961181640625,1000.0,0.0,-0.06666666666666667,-0.5333333333333333,-1.0,-8.0,3.0,31
287.13690185546875,44.00661087036133,8.801322174072265,1000.0,0.0,-0.06666666666666667,-0.4666666666666667,-1.0,-7.0,3.0,31
257.215087890625,34.92083740234375,6.98416748046875,1000.0,0.0,-0.06666666666666667,-0.4,-1.0,-6.0,3.0,31
179.13059997558594,16.199169158935547,3.2398338317871094,1000.0,0.0,-0.06666666666666667,-0.3333333333333333,-1.0,-5.0,3.0,31
255.13461303710938,16.974323272705078,3.3948646545410157,1000.0,0.0,-0.06666666666666667,-0.26666666666666666,-1.0,-4.0,3.0,31
443.6187438964844,89.55388641357422,17.910777282714843,1000.0,0.0,-0.06666666666666667,-0.2,-1.0,-3.0,3.0,31
809.2002563476562,144.42625427246094,28.885250854492188,1000.0,0.0,-0.06666666666666667,-0.13333333333333333,-1.0,-2.0,3.0,31
968.5934448242188,17.89281463623047,3.578562927246094,1000.0,0.0,-0.06666666666666667,-0.06666666666666667,-1.0,-1.0,3.0,31
979.330322265625,12.263813972473145,2.452762794494629,1000.0,0.0,-0.06666666666666667,0.0,-1.0,0.0,3.0,31
972.4832153320312,16.238428115844727,3.2476856231689455,1000.0,0.0,-0.06666666666666667,0.06666666666666667,-1.0,1.0,3.0,31
524.5585327148438,237.13905334472656,47.42781066894531,1000.0,0.0,-0.06666666666666667,0.13333333333333333,-1.0,2.0,3.0,31
273.999267578125,69.44612884521484,13.88922576904297,1000.0,0.0,-0.06666666666666667,0.2,-1.0,3.0,3.0,31
279.1554870605469,47.50932693481445,9.50186538696289,1000.0,0.0,-0.06666666666666667,0.26666666666666666,-1.0,4.0,3.0,31
281.9127502441406,64.11804962158203,12.823609924316406,1000.0,0.0,-0.06666666666666667,0.3333333333333333,-1.0,5.0,3.0,31
259.7699279785156,60.85433578491211,12.170867156982421,1000.0,0.0,-0.06666666666666667,0.4,-1.0,6.0,3.0,31
266.0963134765625,69.51545715332031,13.903091430664062,1000.0,0.0,-0.06666666666666667,0.4666666666666667,-1.0,7.0,3.0,31
239.99049377441406,73.49714660644531,14.699429321289063,1000.0,0.0,-0.06666666666666667,0.5333333333333333,-1.0,8.0,3.0,31
213.66790771484375,61.72908401489258,12.345816802978515,1000.0,0.0,-0.06666666666666667,0.6,-1.0,9.0,3.0,31
195.86126708984375,33.29916000366211,6.659832000732422,1000.0,0.0,-0.06666666666666667,0.6666666666666666,-1.0,10.0,3.0,31
201.75892639160156,33.70866394042969,6.741732788085938,1000.0,0.0,-0.06666666666666667,0.7333333333333333,-1.0,11.0,3.0,31
204.20880126953125,33.90800476074219,6.7816009521484375,1000.0,0.0,-0.06666666666666667,0.8,-1.0,12.0,3.0,31
215.46517944335938,60.02423095703125,12.00484619140625,1000.0,0.0,-0.06666666666666667,0.8666666666666667,-1.0,13.0,3.0,31
207.48751831054688,32.505516052246094,6.501103210449219,1000.0,0.0,-0.06666666666666667,0.9333333333333333,-1.0,14.0,3.0,31
206.7100067138672,58.06888198852539,11.613776397705077,1000.0,0.0,-0.06666666666666667,1.0,-1.0,15.0,3.0,31
224.89947509765625,32.421875,6.484375,1000.0,0.0,0.0,-1.0,0.0,-15.0,3.0,31
207.98452758789062,29.471267700195312,5.894253540039062,1000.0,0.0,0.0,-0.9333333333333333,0.0,-14.0,3.0,31
213.14056396484375,45.1143684387207,9.022873687744141,1000.0,0.0,0.0,-0.8666666666666667,0.0,-13.0,3.0,31
226.1354522705078,38.37520980834961,7.675041961669922,1000.0,0.0,0.0,-0.8,0.0,-12.0,3.0,31
229.42593383789062,51.181217193603516,10.236243438720702,1000.0,0.0,0.0,-0.7333333333333333,0.0,-11.0,3.0,31
228.3798370361328,48.95998764038086,9.791997528076172,1000.0,0.0,0.0,-0.6666666666666666,0.0,-10.0,3.0,31
236.75413513183594,48.93373107910156,9.786746215820312,1000.0,0.0,0.0,-0.6,0.0,-9.0,3.0,31
248.84194946289062,57.75457763671875,11.55091552734375,1000.0,0.0,0.0,-0.5333333333333333,0.0,-8.0,3.0,31
271.5198669433594,56.258846282958984,11.251769256591796,1000.0,0.0,0.0,-0.4666666666666667,0.0,-7.0,3.0,31
254.88848876953125,54.158729553222656,10.831745910644532,1000.0,0.0,0.0,-0.4,0.0,-6.0,3.0,31
204.43699645996094,34.54698181152344,6.909396362304688,1000.0,0.0,0.0,-0.3333333333333333,0.0,-5.0,3.0,31
224.50494384765625,22.843082427978516,4.568616485595703,1000.0,0.0,0.0,-0.26666666666666666,0.0,-4.0,3.0,31
426.7458190917969,68.97689819335938,13.795379638671875,1000.0,0.0,0.0,-0.2,0.0,-3.0,3.0,31
790.9384155273438,238.4154052734375,47.6830810546875,1000.0,0.0,0.0,-0.13333333333333333,0.0,-2.0,3.0,31
979.2775268554688,8.441057205200195,1.688211441040039,1000.0,0.0,0.0,-0.06666666666666667,0.0,-1.0,3.0,31
981.3200073242188,6.908749580383301,1.3817499160766602,1000.0,0.0,0.0,0.0,0.0,0.0,3.0,31
977.0113525390625,9.427518844604492,1.8855037689208984,1000.0,0.0,0.0,0.06666666666666667,0.0,1.0,3.0,31
420.4600524902344,255.01205444335938,51.002410888671875,1000.0,0.0,0.0,0.13333333333333333,0.0,2.0,3.0,31
261.6014404296875,93.75962829589844,18.751925659179687,1000.0,0.0,0.0,0.2,0.0,3.0,3.0,31
231.1204071044922,51.660987854003906,10.332197570800782,1000.0,0.0,0.0,0.26666666666666666,0.0,4.0,3.0,31
216.52679443359375,41.39887237548828,8.279774475097657,1000.0,0.0,0.0,0.3333333333333333,0.0,5.0,3.0,31
286.5267639160156,67.34068298339844,13.468136596679688,1000.0,0.0,0.0,0.4,0.0,6.0,3.0,31
282.5231628417969,92.5340805053711,18.506816101074218,1000.0,0.0,0.0,0.4666666666666667,0.0,7.0,3.0,31
236.33621215820312,69.50262451171875,13.90052490234375,1000.0,0.0,0.0,0.5333333333333333,0.0,8.0,3.0,31
204.6408233642578,39.400753021240234,7.880150604248047,1000.0,0.0,0.0,0.6,0.0,9.0,3.0,31
222.10406494140625,59.89270782470703,11.978541564941406,1000.0,0.0,0.0,0.6666666666666666,0.0,10.0,3.0,31
235.96395874023438,71.51951599121094,14.303903198242187,1000.0,0.0,0.0,0.7333333333333333,0.0,11.0,3.0,31
213.3831787109375,55.114463806152344,11.02289276123047,1000.0,0.0,0.0,0.8,0.0,12.0,3.0,31
223.22828674316406,60.87085723876953,12.174171447753906,1000.0,0.0,0.0,0.8666666666666667,0.0,13.0,3.0,31
224.7212677001953,58.88472366333008,11.776944732666015,1000.0,0.0,0.0,0.9333333333333333,0.0,14.0,3.0,31
214.16253662109375,57.83169174194336,11.566338348388673,1000.0,0.0,0.0,1.0,0.0,15.0,3.0,31
226.48577880859375,49.47840118408203,9.895680236816407,1000.0,0.0,0.06666666666666667,-1.0,1.0,-15.0,3.0,31
235.29217529296875,40.78496170043945,8.156992340087891,1000.0,0.0,0.06666666666666667,-0.9333333333333333,1.0,-14.0,3.0,31
219.6519775390625,35.45574188232422,7.091148376464844,1000.0,0.0,0.06666666666666667,-0.8666666666666667,1.0,-13.0,3.0,31
212.69366455078125,30.245376586914062,6.049075317382813,1000.0,0.0,0.06666666666666667,-0.8,1.0,-12.0,3.0,31
221.60775756835938,32.094425201416016,6.418885040283203,1000.0,0.0,0.06666666666666667,-0.7333333333333333,1.0,-11.0,3.0,31
216.8488311767578,41.82016372680664,8.364032745361328,1000.0,0.0,0.06666666666666667,-0.6666666666666666,1.0,-10.0,3.0,31
234.45924377441406,44.61658477783203,8.923316955566406,1000.0,0.0,0.06666666666666667,-0.6,1.0,-9.0,3.0,31
246.7995147705078,49.53483581542969,9.906967163085938,1000.0,0.0,0.06666666666666667,-0.5333333333333333,1.0,-8.0,3.0,31
244.8732452392578,61.54952621459961,12.309905242919921,1000.0,0.0,0.06666666666666667,-0.4666666666666667,1.0,-7.0,3.0,31
281.4917907714844,64.16767120361328,12.833534240722656,1000.0,0.0,0.06666666666666667,-0.4,1.0,-6.0,3.0,31
253.30859375,46.56316375732422,9.312632751464843,1000.0,0.0,0.06666666666666667,-0.3333333333333333,1.0,-5.0,3.0,31
250.47882080078125,111.05207824707031,22.210415649414063,1000.0,0.0,0.06666666666666667,-0.26666666666666666,1.0,-4.0,3.0,31
317.43511962890625,55.373191833496094,11.074638366699219,1000.0,0.0,0.06666666666666667,-0.2,1.0,-3.0,3.0,31
659.993896484375,224.00949096679688,44.80189819335938,1000.0,0.0,0.06666666666666667,-0.13333333333333333,1.0,-2.0,3.0,31
975.8192138671875,13.407176971435547,2.681435394287109,1000.0,0.0,0.06666666666666667,-0.06666666666666667,1.0,-1.0,3.0,31
974.231201171875,12.313246726989746,2.462649345397949,1000.0,0.0,0.06666666666666667,0.0,1.0,0.0,3.0,31
949.3779907226562,81.17623901367188,16.235247802734374,1000.0,0.0,0.06666666666666667,0.06666666666666667,1.0,1.0,3.0,31
324.13690185546875,182.37945556640625,36.47589111328125,1000.0,0.0,0.06666666666666667,0.13333333333333333,1.0,2.0,3.0,31
195.59042358398438,41.39054870605469,8.278109741210937,1000.0,0.0,0.06666666666666667,0.2,1.0,3.0,3.0,31
191.9371337890625,26.627321243286133,5.325464248657227,1000.0,0.0,0.06666666666666667,0.26666666666666666,1.0,4.0,3.0,31
192.14361572265625,20.533836364746094,4.106767272949218,1000.0,0.0,0.06666666666666667,0.3333333333333333,1.0,5.0,3.0,31
254.86669921875,74.8587875366211,14.971757507324218,1000.0,0.0,0.06666666666666667,0.4,1.0,6.0,3.0,31
289.2285461425781,55.111270904541016,11.022254180908202,1000.0,0.0,0.06666666666666667,0.4666666666666667,1.0,7.0,3.0,31
288.0694885253906,68.52793884277344,13.705587768554688,1000.0,0.0,0.06666666666666667,0.5333333333333333,1.0,8.0,3.0,31
264.6318359375,72.16889953613281,14.433779907226562,1000.0,0.0,0.06666666666666667,0.6,1.0,9.0,3.0,31
329.2079772949219,57.9290885925293,11.58581771850586,1000.0,0.0,0.06666666666666667,0.6666666666666666,1.0,10.0,3.0,31
274.46722412109375,79.17919921875,15.83583984375,1000.0,0.0,0.06666666666666667,0.7333333333333333,1.0,11.0,3.0,31
260.0301818847656,81.98558807373047,16.397117614746094,1000.0,0.0,0.06666666666666667,0.8,1.0,12.0,3.0,31
266.45916748046875,99.45977783203125,19.89195556640625,1000.0,0.0,0.06666666666666667,0.8666666666666667,1.0,13.0,3.0,31
282.74468994140625,116.84274291992188,23.368548583984374,1000.0,0.0,0.06666666666666667,0.9333333333333333,1.0,14.0,3.0,31
273.2313232421875,92.72581481933594,18.545162963867188,1000.0,0.0,0.06666666666666667,1.0,1.0,15.0,3.0,31
252.41868591308594,35.08988952636719,7.017977905273438,1000.0,0.0,0.13333333333333333,-1.0,2.0,-15.0,3.0,31
217.57716369628906,39.69350051879883,7.938700103759766,1000.0,0.0,0.13333333333333333,-0.9333333333333333,2.0,-14.0,3.0,31
199.79437255859375,28.48008155822754,5.696016311645508,1000.0,0.0,0.13333333333333333,-0.8666666666666667,2.0,-13.0,3.0,31
204.45941162109375,38.02893829345703,7.605787658691407,1000.0,0.0,0.13333333333333333,-0.8,2.0,-12.0,3.0,31
207.08599853515625,30.348712921142578,6.069742584228516,1000.0,0.0,0.13333333333333333,-0.7333333333333333,2.0,-11.0,3.0,31
213.94805908203125,42.5818977355957,8.51637954711914,1000.0,0.0,0.13333333333333333,-0.6666666666666666,2.0,-10.0,3.0,31
223.02816772460938,50.2599983215332,10.05199966430664,1000.0,0.0,0.13333333333333333,-0.6,2.0,-9.0,3.0,31
231.8445281982422,48.053592681884766,9.610718536376954,1000.0,0.0,0.13333333333333333,-0.5333333333333333,2.0,-8.0,3.0,31
238.37557983398438,58.83450698852539,11.766901397705078,1000.0,0.0,0.13333333333333333,-0.4666666666666667,2.0,-7.0,3.0,31
259.2735595703125,58.48297882080078,11.696595764160156,1000.0,0.0,0.13333333333333333,-0.4,2.0,-6.0,3.0,31
304.69683837890625,51.16152572631836,10.232305145263672,1000.0,0.0,0.13333333333333333,-0.3333333333333333,2.0,-5.0,3.0,31
326.92236328125,64.83257293701172,12.966514587402344,1000.0,0.0,0.13333333333333333,-0.26666666666666666,2.0,-4.0,3.0,31
385.8418884277344,73.72818756103516,14.745637512207031,1000.0,0.0,0.13333333333333333,-0.2,2.0,-3.0,3.0,31
333.1313171386719,95.14111328125,19.02822265625,1000.0,0.0,0.13333333333333333,-0.13333333333333333,2.0,-2.0,3.0,31
599.845458984375,48.31333923339844,9.662667846679687,1000.0,0.0,0.13333333333333333,-0.06666666666666667,2.0,-1.0,3.0,31
367.7040100097656,242.705810546875,48.541162109375,1000.0,0.0,0.13333333333333333,0.0,2.0,0.0,3.0,31
461.27191162109375,238.85885620117188,47.77177124023437,1000.0,0.0,0.13333333333333333,0.06666666666666667,2.0,1.0,3.0,31
270.2925720214844,91.33025360107422,18.266050720214842,1000.0,0.0,0.13333333333333333,0.13333333333333333,2.0,2.0,3.0,31
219.7191925048828,36.212154388427734,7.242430877685547,1000.0,0.0,0.13333333333333333,0.2,2.0,3.0,3.0,31
177.9542999267578,7.678787708282471,1.5357575416564941,1000.0,0.0,0.13333333333333333,0.26666666666666666,2.0,4.0,3.0,31
192.1356964111328,19.917612075805664,3.983522415161133,1000.0,0.0,0.13333333333333333,0.3333333333333333,2.0,5.0,3.0,31
247.3045654296875,57.235206604003906,11.447041320800782,1000.0,0.0,0.13333333333333333,0.4,2.0,6.0,3.0,31
251.93667602539062,47.495994567871094,9.499198913574219,1000.0,0.0,0.13333333333333333,0.4666666666666667,2.0,7.0,3.0,31
311.89874267578125,75.80188751220703,15.160377502441406,1000.0,0.0,0.13333333333333333,0.5333333333333333,2.0,8.0,3.0,31
322.3388671875,80.5467300415039,16.109346008300783,1000.0,0.0,0.13333333333333333,0.6,2.0,9.0,3.0,31
336.24066162109375,82.20905303955078,16.441810607910156,1000.0,0.0,0.13333333333333333,0.6666666666666666,2.0,10.0,3.0,31
349.3974914550781,85.22962951660156,17.045925903320313,1000.0,0.0,0.13333333333333333,0.7333333333333333,2.0,11.0,3.0,31
307.8663635253906,62.44551467895508,12.489102935791015,1000.0,0.0,0.13333333333333333,0.8,2.0,12.0,3.0,31
322.0837097167969,87.42940521240234,17.485881042480468,1000.0,0.0,0.13333333333333333,0.8666666666666667,2.0,13.0,3.0,31
333.924560546875,107.99008178710938,21.598016357421876,1000.0,0.0,0.13333333333333333,0.9333333333333333,2.0,14.0,3.0,31
374.6531982421875,111.70953369140625,22.34190673828125,1000.0,0.0,0.13333333333333333,1.0,2.0,15.0,3.0,31
196.28448486328125,31.84129524230957,6.368259048461914,1000.0,0.0,0.2,-1.0,3.0,-15.0,3.0,31
205.78057861328125,47.13157272338867,9.426314544677734,1000.0,0.0,0.2,-0.9333333333333333,3.0,-14.0,3.0,31
192.7482452392578,29.326139450073242,5.865227890014649,1000.0,0.0,0.2,-0.8666666666666667,3.0,-13.0,3.0,31
202.78248596191406,39.036224365234375,7.807244873046875,1000.0,0.0,0.2,-0.8,3.0,-12.0,3.0,31
212.4745330810547,53.44691467285156,10.689382934570313,1000.0,0.0,0.2,-0.7333333333333333,3.0,-11.0,3.0,31
202.3472900390625,37.107208251953125,7.421441650390625,1000.0,0.0,0.2,-0.6666666666666666,3.0,-10.0,3.0,31
219.7147674560547,45.774391174316406,9.154878234863281,1000.0,0.0,0.2,-0.6,3.0,-9.0,3.0,31
226.6317596435547,64.6317138671875,12.9263427734375,1000.0,0.0,0.2,-0.5333333333333333,3.0,-8.0,3.0,31
228.99925231933594,65.69223022460938,13.138446044921874,1000.0,0.0,0.2,-0.4666666666666667,3.0,-7.0,3.0,31
235.14181518554688,57.58802795410156,11.517605590820313,1000.0,0.0,0.2,-0.4,3.0,-6.0,3.0,31
271.62335205078125,60.32537841796875,12.06507568359375,1000.0,0.0,0.2,-0.3333333333333333,3.0,-5.0,3.0,31
315.6780090332031,77.96366882324219,15.592733764648438,1000.0,0.0,0.2,-0.26666666666666666,3.0,-4.0,3.0,31
380.299560546875,63.87031555175781,12.774063110351562,1000.0,0.0,0.2,-0.2,3.0,-3.0,3.0,31
319.6954345703125,95.3313217163086,19.066264343261718,1000.0,0.0,0.2,-0.13333333333333333,3.0,-2.0,3.0,31
260.78521728515625,57.49513244628906,11.499026489257812,1000.0,0.0,0.2,-0.06666666666666667,3.0,-1.0,3.0,31
238.22474670410156,56.49460983276367,11.298921966552735,1000.0,0.0,0.2,0.0,3.0,0.0,3.0,31
207.60227966308594,49.892059326171875,9.978411865234374,1000.0,0.0,0.2,0.06666666666666667,3.0,1.0,3.0,31
249.25572204589844,58.435577392578125,11.687115478515626,1000.0,0.0,0.2,0.13333333333333333,3.0,2.0,3.0,31
267.7678527832031,104.37336730957031,20.874673461914064,1000.0,0.0,0.2,0.2,3.0,3.0,3.0,31
184.30963134765625,19.850141525268555,3.970028305053711,1000.0,0.0,0.2,0.26666666666666666,3.0,4.0,3.0,31
213.60491943359375,34.20355987548828,6.840711975097657,1000.0,0.0,0.2,0.3333333333333333,3.0,5.0,3.0,31
292.56280517578125,91.0634994506836,18.21269989013672,1000.0,0.0,0.2,0.4,3.0,6.0,3.0,31
265.1135559082031,69.9269027709961,13.985380554199219,1000.0,0.0,0.2,0.4666666666666667,3.0,7.0,3.0,31
304.8670654296875,83.7100601196289,16.74201202392578,1000.0,0.0,0.2,0.5333333333333333,3.0,8.0,3.0,31
302.2001953125,81.65481567382812,16.330963134765625,1000.0,0.0,0.2,0.6,3.0,9.0,3.0,31
268.6141662597656,97.53021240234375,19.50604248046875,1000.0,0.0,0.2,0.6666666666666666,3.0,10.0,3.0,31
272.267822265625,88.74348449707031,17.748696899414064,1000.0,0.0,0.2,0.7333333333333333,3.0,11.0,3.0,31
252.1488037109375,69.33084106445312,13.866168212890624,1000.0,0.0,0.2,0.8,3.0,12.0,3.0,31
286.1216125488281,101.1129150390625,20.2225830078125,1000.0,0.0,0.2,0.8666666666666667,3.0,13.0,3.0,31
286.3370361328125,79.91000366210938,15.982000732421875,1000.0,0.0,0.2,0.9333333333333333,3.0,14.0,3.0,31
294.24932861328125,94.32350158691406,18.864700317382812,1000.0,0.0,0.2,1.0,3.0,15.0,3.0,31
188.99249267578125,24.500648498535156,4.900129699707032,1000.0,0.0,0.26666666666666666,-1.0,4.0,-15.0,3.0,31
198.33839416503906,35.35462951660156,7.070925903320313,1000.0,0.0,0.26666666666666666,-0.9333333333333333,4.0,-14.0,3.0,31
206.90048217773438,51.95376205444336,10.390752410888672,1000.0,0.0,0.26666666666666666,-0.8666666666666667,4.0,-13.0,3.0,31
217.4136199951172,61.41661834716797,12.283323669433594,1000.0,0.0,0.26666666666666666,-0.8,4.0,-12.0,3.0,31
212.7107391357422,54.53274917602539,10.906549835205078,1000.0,0.0,0.26666666666666666,-0.7333333333333333,4.0,-11.0,3.0,31
224.3921356201172,60.34510803222656,12.069021606445313,1000.0,0.0,0.26666666666666666,-0.6666666666666666,4.0,-10.0,3.0,31
217.9666748046875,59.950843811035156,11.99016876220703,1000.0,0.0,0.26666666666666666,-0.6,4.0,-9.0,3.0,31
230.2841033935547,70.586669921875,14.117333984375,1000.0,0.0,0.26666666666666666,-0.5333333333333333,4.0,-8.0,3.0,31
228.68594360351562,59.0841064453125,11.8168212890625,1000.0,0.0,0.26666666666666666,-0.4666666666666667,4.0,-7.0,3.0,31
225.98126220703125,49.38093185424805,9.87618637084961,1000.0,0.0,0.26666666666666666,-0.4,4.0,-6.0,3.0,31
275.9237060546875,63.53892517089844,12.707785034179688,1000.0,0.0,0.26666666666666666,-0.3333333333333333,4.0,-5.0,3.0,31
344.87078857421875,39.47507095336914,7.8950141906738285,1000.0,0.0,0.26666666666666666,-0.26666666666666666,4.0,-4.0,3.0,31
318.4594421386719,108.58726501464844,21.717453002929688,1000.0,0.0,0.26666666666666666,-0.2,4.0,-3.0,3.0,31
289.8273620605469,49.82854080200195,9.965708160400391,1000.0,0.0,0.26666666666666666,-0.13333333333333333,4.0,-2.0,3.0,31
226.6266632080078,39.13132858276367,7.826265716552735,1000.0,0.0,0.26666666666666666,-0.06666666666666667,4.0,-1.0,3.0,31
247.8378448486328,47.55361557006836,9.510723114013672,1000.0,0.0,0.26666666666666666,0.0,4.0,0.0,3.0,31
249.18653869628906,65.05657958984375,13.01131591796875,1000.0,0.0,0.26666666666666666,0.06666666666666667,4.0,1.0,3.0,31
336.1328125,66.68489074707031,13.336978149414062,1000.0,0.0,0.26666666666666666,0.13333333333333333,4.0,2.0,3.0,31
280.7886962890625,91.31958770751953,18.263917541503908,1000.0,0.0,0.26666666666666666,0.2,4.0,3.0,3.0,31
219.38673400878906,68.57789611816406,13.715579223632812,1000.0,0.0,0.26666666666666666,0.26666666666666666,4.0,4.0,3.0,31
249.19158935546875,79.29401397705078,15.858802795410156,1000.0,0.0,0.26666666666666666,0.3333333333333333,4.0,5.0,3.0,31
255.55397033691406,78.14810943603516,15.629621887207032,1000.0,0.0,0.26666666666666666,0.4,4.0,6.0,3.0,31
259.8640441894531,89.32183837890625,17.86436767578125,1000.0,0.0,0.26666666666666666,0.4666666666666667,4.0,7.0,3.0,31
275.0347900390625,93.28099060058594,18.65619812011719,1000.0,0.0,0.26666666666666666,0.5333333333333333,4.0,8.0,3.0,31
269.33837890625,93.9776840209961,18.79553680419922,1000.0,0.0,0.26666666666666666,0.6,4.0,9.0,3.0,31
276.4496154785156,101.67415618896484,20.33483123779297,1000.0,0.0,0.26666666666666666,0.6666666666666666,4.0,10.0,3.0,31
268.2308349609375,96.40834045410156,19.28166809082031,1000.0,0.0,0.26666666666666666,0.7333333333333333,4.0,11.0,3.0,31
277.1800842285156,86.12687683105469,17.225375366210937,1000.0,0.0,0.26666666666666666,0.8,4.0,12.0,3.0,31
261.73406982421875,65.52828979492188,13.105657958984375,1000.0,0.0,0.26666666666666666,0.8666666666666667,4.0,13.0,3.0,31
269.8789367675781,81.05547332763672,16.211094665527344,1000.0,0.0,0.26666666666666666,0.9333333333333333,4.0,14.0,3.0,31
289.8852233886719,109.7593002319336,21.95186004638672,1000.0,0.0,0.26666666666666666,1.0,4.0,15.0,3.0,31
193.3452606201172,30.023942947387695,6.004788589477539,1000.0,0.0,0.3333333333333333,-1.0,5.0,-15.0,3.0,31
204.82005310058594,41.83510971069336,8.367021942138672,1000.0,0.0,0.3333333333333333,-0.9333333333333333,5.0,-14.0,3.0,31
200.0968780517578,49.959659576416016,9.991931915283203,1000.0,0.0,0.3333333333333333,-0.8666666666666667,5.0,-13.0,3.0,31
217.88650512695312,59.40583038330078,11.881166076660156,1000.0,0.0,0.3333333333333333,-0.8,5.0,-12.0,3.0,31
219.34222412109375,58.83983612060547,11.767967224121094,1000.0,0.0,0.3333333333333333,-0.7333333333333333,5.0,-11.0,3.0,31
229.9307403564453,57.39793395996094,11.479586791992187,1000.0,0.0,0.3333333333333333,-0.6666666666666666,5.0,-10.0,3.0,31
226.90074157714844,69.26131439208984,13.852262878417969,1000.0,0.0,0.3333333333333333,-0.6,5.0,-9.0,3.0,31
231.2081298828125,78.6919174194336,15.738383483886718,1000.0,0.0,0.3333333333333333,-0.5333333333333333,5.0,-8.0,3.0,31
226.07884216308594,56.52794647216797,11.305589294433593,1000.0,0.0,0.3333333333333333,-0.4666666666666667,5.0,-7.0,3.0,31
233.2449951171875,56.79940414428711,11.359880828857422,1000.0,0.0,0.3333333333333333,-0.4,5.0,-6.0,3.0,31
265.8870849609375,68.26644897460938,13.653289794921875,1000.0,0.0,0.3333333333333333,-0.3333333333333333,5.0,-5.0,3.0,31
297.61309814453125,93.47189331054688,18.694378662109376,1000.0,0.0,0.3333333333333333,-0.26666666666666666,5.0,-4.0,3.0,31
300.2189636230469,88.9306640625,17.7861328125,1000.0,0.0,0.3333333333333333,-0.2,5.0,-3.0,3.0,31
251.6778564453125,62.11653518676758,12.423307037353515,1000.0,0.0,0.3333333333333333,-0.13333333333333333,5.0,-2.0,3.0,31
270.3490905761719,59.99612808227539,11.999225616455078,1000.0,0.0,0.3333333333333333,-0.06666666666666667,5.0,-1.0,3.0,31
252.60043334960938,66.81009674072266,13.362019348144532,1000.0,0.0,0.3333333333333333,0.0,5.0,0.0,3.0,31
280.17181396484375,80.2639389038086,16.05278778076172,1000.0,0.0,0.3333333333333333,0.06666666666666667,5.0,1.0,3.0,31
363.0384826660156,76.7656021118164,15.353120422363281,1000.0,0.0,0.3333333333333333,0.13333333333333333,5.0,2.0,3.0,31
305.5078430175781,104.80716705322266,20.96143341064453,1000.0,0.0,0.3333333333333333,0.2,5.0,3.0,3.0,31
220.46917724609375,60.1384162902832,12.02768325805664,1000.0,0.0,0.3333333333333333,0.26666666666666666,5.0,4.0,3.0,31
220.30592346191406,43.510128021240234,8.702025604248046,1000.0,0.0,0.3333333333333333,0.3333333333333333,5.0,5.0,3.0,31
231.2617950439453,66.72956085205078,13.345912170410156,1000.0,0.0,0.3333333333333333,0.4,5.0,6.0,3.0,31
234.18968200683594,66.77262878417969,13.354525756835937,1000.0,0.0,0.3333333333333333,0.4666666666666667,5.0,7.0,3.0,31
249.3316650390625,105.42896270751953,21.085792541503906,1000.0,0.0,0.3333333333333333,0.5333333333333333,5.0,8.0,3.0,31
299.3938903808594,89.6020736694336,17.92041473388672,1000.0,0.0,0.3333333333333333,0.6,5.0,9.0,3.0,31
267.16473388671875,70.06755828857422,14.013511657714844,1000.0,0.0,0.3333333333333333,0.6666666666666666,5.0,10.0,3.0,31
294.1880187988281,101.83988952636719,20.367977905273438,1000.0,0.0,0.3333333333333333,0.7333333333333333,5.0,11.0,3.0,31
239.38027954101562,59.90138626098633,11.980277252197265,1000.0,0.0,0.3333333333333333,0.8,5.0,12.0,3.0,31
250.66209411621094,67.8235855102539,13.564717102050782,1000.0,0.0,0.3333333333333333,0.8666666666666667,5.0,13.0,3.0,31
246.4644317626953,71.92082214355469,14.384164428710937,1000.0,0.0,0.3333333333333333,0.9333333333333333,5.0,14.0,3.0,31
260.1953430175781,96.49283599853516,19.29856719970703,1000.0,0.0,0.3333333333333333,1.0,5.0,15.0,3.0,31
200.7907257080078,41.12890625,8.22578125,1000.0,0.0,0.4,-1.0,6.0,-15.0,3.0,31
199.4954833984375,38.32994079589844,7.665988159179688,1000.0,0.0,0.4,-0.9333333333333333,6.0,-14.0,3.0,31
211.9455108642578,49.97079086303711,9.994158172607422,1000.0,0.0,0.4,-0.8666666666666667,6.0,-13.0,3.0,31
239.9837646484375,67.90010070800781,13.580020141601562,1000.0,0.0,0.4,-0.8,6.0,-12.0,3.0,31
225.69700622558594,69.53681945800781,13.907363891601562,1000.0,0.0,0.4,-0.7333333333333333,6.0,-11.0,3.0,31
245.63937377929688,83.07018280029297,16.614036560058594,1000.0,0.0,0.4,-0.6666666666666666,6.0,-10.0,3.0,31
238.86581420898438,85.14405822753906,17.028811645507812,1000.0,0.0,0.4,-0.6,6.0,-9.0,3.0,31
246.74874877929688,81.0168228149414,16.20336456298828,1000.0,0.0,0.4,-0.5333333333333333,6.0,-8.0,3.0,31
248.7344207763672,74.8240737915039,14.964814758300781,1000.0,0.0,0.4,-0.4666666666666667,6.0,-7.0,3.0,31
250.9810791015625,77.3031997680664,15.460639953613281,1000.0,0.0,0.4,-0.4,6.0,-6.0,3.0,31
251.31423950195312,64.58369445800781,12.916738891601563,1000.0,0.0,0.4,-0.3333333333333333,6.0,-5.0,3.0,31
277.9297790527344,89.92634582519531,17.985269165039064,1000.0,0.0,0.4,-0.26666666666666666,6.0,-4.0,3.0,31
269.98358154296875,66.38866424560547,13.277732849121094,1000.0,0.0,0.4,-0.2,6.0,-3.0,3.0,31
247.7510223388672,59.11488342285156,11.822976684570312,1000.0,0.0,0.4,-0.13333333333333333,6.0,-2.0,3.0,31
281.2515563964844,61.81924057006836,12.363848114013672,1000.0,0.0,0.4,-0.06666666666666667,6.0,-1.0,3.0,31
298.5399169921875,65.5367431640625,13.1073486328125,1000.0,0.0,0.4,0.0,6.0,0.0,3.0,31
260.47442626953125,88.85684967041016,17.77136993408203,1000.0,0.0,0.4,0.06666666666666667,6.0,1.0,3.0,31
331.03350830078125,85.7974853515625,17.1594970703125,1000.0,0.0,0.4,0.13333333333333333,6.0,2.0,3.0,31
278.0693359375,76.95074462890625,15.39014892578125,1000.0,0.0,0.4,0.2,6.0,3.0,3.0,31
235.37530517578125,51.657344818115234,10.331468963623047,1000.0,0.0,0.4,0.26666666666666666,6.0,4.0,3.0,31
224.9420928955078,51.80815124511719,10.361630249023438,1000.0,0.0,0.4,0.3333333333333333,6.0,5.0,3.0,31
215.0773468017578,44.06629180908203,8.813258361816406,1000.0,0.0,0.4,0.4,6.0,6.0,3.0,31
217.78866577148438,59.33747863769531,11.867495727539062,1000.0,0.0,0.4,0.4666666666666667,6.0,7.0,3.0,31
249.33831787109375,75.50395965576172,15.100791931152344,1000.0,0.0,0.4,0.5333333333333333,6.0,8.0,3.0,31
251.8964385986328,71.71041870117188,14.342083740234376,1000.0,0.0,0.4,0.6,6.0,9.0,3.0,31
266.72589111328125,70.20042419433594,14.040084838867188,1000.0,0.0,0.4,0.6666666666666666,6.0,10.0,3.0,31
265.94940185546875,94.64915466308594,18.929830932617186,1000.0,0.0,0.4,0.7333333333333333,6.0,11.0,3.0,31
282.9678649902344,94.74989318847656,18.949978637695313,1000.0,0.0,0.4,0.8,6.0,12.0,3.0,31
283.12042236328125,101.3018798828125,20.2603759765625,1000.0,0.0,0.4,0.8666666666666667,6.0,13.0,3.0,31
266.5325622558594,92.28697967529297,18.457395935058592,1000.0,0.0,0.4,0.9333333333333333,6.0,14.0,3.0,31
250.4326629638672,86.17802429199219,17.23560485839844,1000.0,0.0,0.4,1.0,6.0,15.0,3.0,31
218.23121643066406,56.2761116027832,11.25522232055664,1000.0,0.0,0.4666666666666667,-1.0,7.0,-15.0,3.0,31
230.42739868164062,73.15562438964844,14.631124877929688,1000.0,0.0,0.4666666666666667,-0.9333333333333333,7.0,-14.0,3.0,31
224.72308349609375,68.62579345703125,13.72515869140625,1000.0,0.0,0.4666666666666667,-0.8666666666666667,7.0,-13.0,3.0,31
254.69100952148438,104.70687103271484,20.941374206542967,1000.0,0.0,0.4666666666666667,-0.8,7.0,-12.0,3.0,31
278.8829345703125,97.07613372802734,19.41522674560547,1000.0,0.0,0.4666666666666667,-0.7333333333333333,7.0,-11.0,3.0,31
248.41461181640625,80.79332733154297,16.158665466308594,1000.0,0.0,0.4666666666666667,-0.6666666666666666,7.0,-10.0,3.0,31
240.29222106933594,66.03711700439453,13.207423400878906,1000.0,0.0,0.4666666666666667,-0.6,7.0,-9.0,3.0,31
236.6085968017578,76.2392349243164,15.247846984863282,1000.0,0.0,0.4666666666666667,-0.5333333333333333,7.0,-8.0,3.0,31
261.2693176269531,79.21131134033203,15.842262268066406,1000.0,0.0,0.4666666666666667,-0.4666666666666667,7.0,-7.0,3.0,31
252.05043029785156,70.24937438964844,14.049874877929687,1000.0,0.0,0.4666666666666667,-0.4,7.0,-6.0,3.0,31
260.9808349609375,70.99771881103516,14.199543762207032,1000.0,0.0,0.4666666666666667,-0.3333333333333333,7.0,-5.0,3.0,31
283.17901611328125,69.73072814941406,13.946145629882812,1000.0,0.0,0.4666666666666667,-0.26666666666666666,7.0,-4.0,3.0,31
271.3653564453125,56.977970123291016,11.395594024658203,1000.0,0.0,0.4666666666666667,-0.2,7.0,-3.0,3.0,31
263.0099182128906,59.51845932006836,11.903691864013672,1000.0,0.0,0.4666666666666667,-0.13333333333333333,7.0,-2.0,3.0,31
267.6151428222656,77.78056335449219,15.556112670898438,1000.0,0.0,0.4666666666666667,-0.06666666666666667,7.0,-1.0,3.0,31
309.7642517089844,76.56415557861328,15.312831115722656,1000.0,0.0,0.4666666666666667,0.0,7.0,0.0,3.0,31
259.8238525390625,83.20025634765625,16.64005126953125,1000.0,0.0,0.4666666666666667,0.06666666666666667,7.0,1.0,3.0,31
225.95831298828125,61.83019256591797,12.366038513183593,1000.0,0.0,0.4666666666666667,0.13333333333333333,7.0,2.0,3.0,31
228.60609436035156,62.61067199707031,12.522134399414062,1000.0,0.0,0.4666666666666667,0.2,7.0,3.0,3.0,31
286.599365234375,95.48573303222656,19.097146606445314,1000.0,0.0,0.4666666666666667,0.26666666666666666,7.0,4.0,3.0,31
249.39907836914062,74.29691314697266,14.859382629394531,1000.0,0.0,0.4666666666666667,0.3333333333333333,7.0,5.0,3.0,31
204.54515075683594,39.251739501953125,7.850347900390625,1000.0,0.0,0.4666666666666667,0.4,7.0,6.0,3.0,31
240.27163696289062,58.12125778198242,11.624251556396484,1000.0,0.0,0.4666666666666667,0.4666666666666667,7.0,7.0,3.0,31
225.0559539794922,58.12453079223633,11.624906158447265,1000.0,0.0,0.4666666666666667,0.5333333333333333,7.0,8.0,3.0,31
259.624755859375,71.25809478759766,14.251618957519531,1000.0,0.0,0.4666666666666667,0.6,7.0,9.0,3.0,31
256.742919921875,70.38221740722656,14.076443481445313,1000.0,0.0,0.4666666666666667,0.6666666666666666,7.0,10.0,3.0,31
271.6200866699219,73.8924789428711,14.778495788574219,1000.0,0.0,0.4666666666666667,0.7333333333333333,7.0,11.0,3.0,31
252.06826782226562,58.741580963134766,11.748316192626953,1000.0,0.0,0.4666666666666667,0.8,7.0,12.0,3.0,31
276.1709899902344,85.80036163330078,17.160072326660156,1000.0,0.0,0.4666666666666667,0.8666666666666667,7.0,13.0,3.0,31
256.6612243652344,84.16617584228516,16.83323516845703,1000.0,0.0,0.4666666666666667,0.9333333333333333,7.0,14.0,3.0,31
271.3767395019531,91.05286407470703,18.210572814941408,1000.0,0.0,0.4666666666666667,1.0,7.0,15.0,3.0,31
220.4507293701172,59.99046325683594,11.998092651367188,1000.0,0.0,0.5333333333333333,-1.0,8.0,-15.0,3.0,31
219.52587890625,58.352989196777344,11.67059783935547,1000.0,0.0,0.5333333333333333,-0.9333333333333333,8.0,-14.0,3.0,31
246.15325927734375,73.91114807128906,14.782229614257812,1000.0,0.0,0.5333333333333333,-0.8666666666666667,8.0,-13.0,3.0,31
238.00222778320312,92.55941772460938,18.511883544921876,1000.0,0.0,0.5333333333333333,-0.8,8.0,-12.0,3.0,31
246.0974578857422,86.75132751464844,17.350265502929688,1000.0,0.0,0.5333333333333333,-0.7333333333333333,8.0,-11.0,3.0,31
257.45037841796875,91.11326599121094,18.222653198242188,1000.0,0.0,0.5333333333333333,-0.6666666666666666,8.0,-10.0,3.0,31
270.4644470214844,100.49271392822266,20.098542785644533,1000.0,0.0,0.5333333333333333,-0.6,8.0,-9.0,3.0,31
247.60984802246094,53.63920593261719,10.727841186523438,1000.0,0.0,0.5333333333333333,-0.5333333333333333,8.0,-8.0,3.0,31
212.0596923828125,38.73923110961914,7.747846221923828,1000.0,0.0,0.5333333333333333,-0.4666666666666667,8.0,-7.0,3.0,31
237.6021270751953,60.83663558959961,12.167327117919921,1000.0,0.0,0.5333333333333333,-0.4,8.0,-6.0,3.0,31
202.5292205810547,25.58485221862793,5.116970443725586,1000.0,0.0,0.5333333333333333,-0.3333333333333333,8.0,-5.0,3.0,31
233.7256622314453,46.781028747558594,9.35620574951172,1000.0,0.0,0.5333333333333333,-0.26666666666666666,8.0,-4.0,3.0,31
269.2760009765625,43.02470397949219,8.604940795898438,1000.0,0.0,0.5333333333333333,-0.2,8.0,-3.0,3.0,31
234.67303466796875,45.46407699584961,9.092815399169922,1000.0,0.0,0.5333333333333333,-0.13333333333333333,8.0,-2.0,3.0,31
268.98089599609375,60.7799072265625,12.1559814453125,1000.0,0.0,0.5333333333333333,-0.06666666666666667,8.0,-1.0,3.0,31
274.1935729980469,69.24443054199219,13.848886108398437,1000.0,0.0,0.5333333333333333,0.0,8.0,0.0,3.0,31
257.0901184082031,61.237918853759766,12.247583770751953,1000.0,0.0,0.5333333333333333,0.06666666666666667,8.0,1.0,3.0,31
233.2353057861328,57.1561164855957,11.431223297119141,1000.0,0.0,0.5333333333333333,0.13333333333333333,8.0,2.0,3.0,31
233.4327392578125,68.68499755859375,13.73699951171875,1000.0,0.0,0.5333333333333333,0.2,8.0,3.0,3.0,31
290.473876953125,95.92770385742188,19.185540771484376,1000.0,0.0,0.5333333333333333,0.26666666666666666,8.0,4.0,3.0,31
264.7610778808594,82.6571044921875,16.5314208984375,1000.0,0.0,0.5333333333333333,0.3333333333333333,8.0,5.0,3.0,31
273.4698486328125,72.07814025878906,14.415628051757812,1000.0,0.0,0.5333333333333333,0.4,8.0,6.0,3.0,31
237.69383239746094,59.681419372558594,11.93628387451172,1000.0,0.0,0.5333333333333333,0.4666666666666667,8.0,7.0,3.0,31
229.62376403808594,52.31929397583008,10.463858795166015,1000.0,0.0,0.5333333333333333,0.5333333333333333,8.0,8.0,3.0,31
242.6147003173828,64.53547668457031,12.907095336914063,1000.0,0.0,0.5333333333333333,0.6,8.0,9.0,3.0,31
274.8179931640625,90.9531021118164,18.19062042236328,1000.0,0.0,0.5333333333333333,0.6666666666666666,8.0,10.0,3.0,31
245.14556884765625,60.54231262207031,12.108462524414062,1000.0,0.0,0.5333333333333333,0.7333333333333333,8.0,11.0,3.0,31
255.67251586914062,61.989376068115234,12.397875213623047,1000.0,0.0,0.5333333333333333,0.8,8.0,12.0,3.0,31
253.92430114746094,65.4241943359375,13.0848388671875,1000.0,0.0,0.5333333333333333,0.8666666666666667,8.0,13.0,3.0,31
247.07081604003906,73.3642807006836,14.67285614013672,1000.0,0.0,0.5333333333333333,0.9333333333333333,8.0,14.0,3.0,31
236.3734130859375,46.564456939697266,9.312891387939453,1000.0,0.0,0.5333333333333333,1.0,8.0,15.0,3.0,31
244.85702514648438,83.82516479492188,16.765032958984374,1000.0,0.0,0.6,-1.0,9.0,-15.0,3.0,31
217.61465454101562,73.65036010742188,14.730072021484375,1000.0,0.0,0.6,-0.9333333333333333,9.0,-14.0,3.0,31
223.7053680419922,66.99421691894531,13.398843383789062,1000.0,0.0,0.6,-0.8666666666666667,9.0,-13.0,3.0,31
247.21800231933594,87.42079162597656,17.484158325195313,1000.0,0.0,0.6,-0.8,9.0,-12.0,3.0,31
245.63427734375,89.00177764892578,17.800355529785158,1000.0,0.0,0.6,-0.7333333333333333,9.0,-11.0,3.0,31
245.4114990234375,81.53565216064453,16.307130432128908,1000.0,0.0,0.6,-0.6666666666666666,9.0,-10.0,3.0,31
206.50347900390625,35.386505126953125,7.077301025390625,1000.0,0.0,0.6,-0.6,9.0,-9.0,3.0,31
199.46141052246094,34.57965087890625,6.91593017578125,1000.0,0.0,0.6,-0.5333333333333333,9.0,-8.0,3.0,31
201.53997802734375,40.41842269897461,8.083684539794922,1000.0,0.0,0.6,-0.4666666666666667,9.0,-7.0,3.0,31
198.6768798828125,32.87409210205078,6.574818420410156,1000.0,0.0,0.6,-0.4,9.0,-6.0,3.0,31
202.72410583496094,24.943538665771484,4.988707733154297,1000.0,0.0,0.6,-0.3333333333333333,9.0,-5.0,3.0,31
213.6239013671875,29.09060287475586,5.8181205749511715,1000.0,0.0,0.6,-0.26666666666666666,9.0,-4.0,3.0,31
250.23419189453125,47.871177673339844,9.574235534667968,1000.0,0.0,0.6,-0.2,9.0,-3.0,3.0,31
224.11074829101562,39.54786682128906,7.909573364257812,1000.0,0.0,0.6,-0.13333333333333333,9.0,-2.0,3.0,31
253.5406036376953,52.511863708496094,10.502372741699219,1000.0,0.0,0.6,-0.06666666666666667,9.0,-1.0,3.0,31
292.32977294921875,64.74761962890625,12.94952392578125,1000.0,0.0,0.6,0.0,9.0,0.0,3.0,31
252.3860321044922,59.34047317504883,11.868094635009765,1000.0,0.0,0.6,0.06666666666666667,9.0,1.0,3.0,31
247.9578094482422,49.65656280517578,9.931312561035156,1000.0,0.0,0.6,0.13333333333333333,9.0,2.0,3.0,31
240.9769744873047,63.01704025268555,12.603408050537109,1000.0,0.0,0.6,0.2,9.0,3.0,3.0,31
264.1714782714844,102.27525329589844,20.455050659179687,1000.0,0.0,0.6,0.26666666666666666,9.0,4.0,3.0,31
285.810546875,92.67681884765625,18.53536376953125,1000.0,0.0,0.6,0.3333333333333333,9.0,5.0,3.0,31
281.8328552246094,92.76394653320312,18.552789306640626,1000.0,0.0,0.6,0.4,9.0,6.0,3.0,31
295.6448974609375,64.34254455566406,12.868508911132812,1000.0,0.0,0.6,0.4666666666666667,9.0,7.0,3.0,31
210.064453125,43.20557403564453,8.641114807128906,1000.0,0.0,0.6,0.5333333333333333,9.0,8.0,3.0,31
213.72698974609375,47.43763732910156,9.487527465820312,1000.0,0.0,0.6,0.6,9.0,9.0,3.0,31
257.3370361328125,68.36071014404297,13.672142028808594,1000.0,0.0,0.6,0.6666666666666666,9.0,10.0,3.0,31
235.11065673828125,59.00629425048828,11.801258850097657,1000.0,0.0,0.6,0.7333333333333333,9.0,11.0,3.0,31
258.61248779296875,82.94895935058594,16.58979187011719,1000.0,0.0,0.6,0.8,9.0,12.0,3.0,31
260.47723388671875,70.87005615234375,14.17401123046875,1000.0,0.0,0.6,0.8666666666666667,9.0,13.0,3.0,31
256.7060852050781,63.880279541015625,12.776055908203125,1000.0,0.0,0.6,0.9333333333333333,9.0,14.0,3.0,31
229.9252471923828,50.63788604736328,10.127577209472657,1000.0,0.0,0.6,1.0,9.0,15.0,3.0,31
215.98452758789062,57.54570007324219,11.509140014648438,1000.0,0.0,0.6666666666666666,-1.0,10.0,-15.0,3.0,31
243.5453643798828,86.16205596923828,17.232411193847657,1000.0,0.0,0.6666666666666666,-0.9333333333333333,10.0,-14.0,3.0,31
252.10401916503906,101.73806762695312,20.347613525390624,1000.0,0.0,0.6666666666666666,-0.8666666666666667,10.0,-13.0,3.0,31
243.1772003173828,93.23419189453125,18.64683837890625,1000.0,0.0,0.6666666666666666,-0.8,10.0,-12.0,3.0,31
255.83642578125,92.52108764648438,18.504217529296874,1000.0,0.0,0.6666666666666666,-0.7333333333333333,10.0,-11.0,3.0,31
245.85646057128906,64.7484359741211,12.949687194824218,1000.0,0.0,0.6666666666666666,-0.6666666666666666,10.0,-10.0,3.0,31
195.8396453857422,30.462387084960938,6.092477416992187,1000.0,0.0,0.6666666666666666,-0.6,10.0,-9.0,3.0,31
193.80616760253906,33.17781448364258,6.635562896728516,1000.0,0.0,0.6666666666666666,-0.5333333333333333,10.0,-8.0,3.0,31
192.48927307128906,38.58224105834961,7.716448211669922,1000.0,0.0,0.6666666666666666,-0.4666666666666667,10.0,-7.0,3.0,31
210.33372497558594,32.879573822021484,6.575914764404297,1000.0,0.0,0.6666666666666666,-0.4,10.0,-6.0,3.0,31
187.4566650390625,24.491756439208984,4.8983512878417965,1000.0,0.0,0.6666666666666666,-0.3333333333333333,10.0,-5.0,3.0,31
209.00909423828125,31.611711502075195,6.322342300415039,1000.0,0.0,0.6666666666666666,-0.26666666666666666,10.0,-4.0,3.0,31
216.37420654296875,39.882423400878906,7.976484680175782,1000.0,0.0,0.6666666666666666,-0.2,10.0,-3.0,3.0,31
229.24945068359375,45.51746368408203,9.103492736816406,1000.0,0.0,0.6666666666666666,-0.13333333333333333,10.0,-2.0,3.0,31
263.27691650390625,56.212913513183594,11.242582702636719,1000.0,0.0,0.6666666666666666,-0.06666666666666667,10.0,-1.0,3.0,31
270.8211669921875,54.68149185180664,10.936298370361328,1000.0,0.0,0.6666666666666666,0.0,10.0,0.0,3.0,31
251.0746307373047,61.95565414428711,12.391130828857422,1000.0,0.0,0.6666666666666666,0.06666666666666667,10.0,1.0,3.0,31
262.42498779296875,52.821006774902344,10.564201354980469,1000.0,0.0,0.6666666666666666,0.13333333333333333,10.0,2.0,3.0,31
221.25804138183594,54.972198486328125,10.994439697265625,1000.0,0.0,0.6666666666666666,0.2,10.0,3.0,3.0,31
224.5277557373047,59.741355895996094,11.948271179199219,1000.0,0.0,0.6666666666666666,0.26666666666666666,10.0,4.0,3.0,31
259.7182922363281,99.68264770507812,19.936529541015624,1000.0,0.0,0.6666666666666666,0.3333333333333333,10.0,5.0,3.0,31
277.2375183105469,95.48823547363281,19.09764709472656,1000.0,0.0,0.6666666666666666,0.4,10.0,6.0,3.0,31
233.21209716796875,61.95530319213867,12.391060638427735,1000.0,0.0,0.6666666666666666,0.4666666666666667,10.0,7.0,3.0,31
222.4789581298828,60.62483215332031,12.124966430664063,1000.0,0.0,0.6666666666666666,0.5333333333333333,10.0,8.0,3.0,31
242.5950164794922,65.27043151855469,13.054086303710937,1000.0,0.0,0.6666666666666666,0.6,10.0,9.0,3.0,31
225.75257873535156,59.59585189819336,11.919170379638672,1000.0,0.0,0.6666666666666666,0.6666666666666666,10.0,10.0,3.0,31
229.5431671142578,56.51236343383789,11.302472686767578,1000.0,0.0,0.6666666666666666,0.7333333333333333,10.0,11.0,3.0,31
231.7984161376953,60.73793029785156,12.147586059570312,1000.0,0.0,0.6666666666666666,0.8,10.0,12.0,3.0,31
251.18319702148438,77.99522399902344,15.599044799804688,1000.0,0.0,0.6666666666666666,0.8666666666666667,10.0,13.0,3.0,31
241.9697265625,66.33967590332031,13.267935180664063,1000.0,0.0,0.6666666666666666,0.9333333333333333,10.0,14.0,3.0,31
233.31761169433594,74.75213623046875,14.95042724609375,1000.0,0.0,0.6666666666666666,1.0,10.0,15.0,3.0,31
211.92605590820312,64.15365600585938,12.830731201171876,1000.0,0.0,0.7333333333333333,-1.0,11.0,-15.0,3.0,31
221.00320434570312,71.08763885498047,14.217527770996094,1000.0,0.0,0.7333333333333333,-0.9333333333333333,11.0,-14.0,3.0,31
239.77293395996094,72.32556915283203,14.465113830566406,1000.0,0.0,0.7333333333333333,-0.8666666666666667,11.0,-13.0,3.0,31
228.8193359375,67.73880767822266,13.547761535644531,1000.0,0.0,0.7333333333333333,-0.8,11.0,-12.0,3.0,31
233.5894775390625,68.32669830322266,13.66533966064453,1000.0,0.0,0.7333333333333333,-0.7333333333333333,11.0,-11.0,3.0,31
208.0337371826172,36.264320373535156,7.252864074707031,1000.0,0.0,0.7333333333333333,-0.6666666666666666,11.0,-10.0,3.0,31
198.97454833984375,28.04743766784668,5.609487533569336,1000.0,0.0,0.7333333333333333,-0.6,11.0,-9.0,3.0,31
192.62010192871094,30.814790725708008,6.162958145141602,1000.0,0.0,0.7333333333333333,-0.5333333333333333,11.0,-8.0,3.0,31
196.25242614746094,22.347122192382812,4.469424438476563,1000.0,0.0,0.7333333333333333,-0.4666666666666667,11.0,-7.0,3.0,31
198.17047119140625,31.581180572509766,6.316236114501953,1000.0,0.0,0.7333333333333333,-0.4,11.0,-6.0,3.0,31
202.21914672851562,29.629873275756836,5.925974655151367,1000.0,0.0,0.7333333333333333,-0.3333333333333333,11.0,-5.0,3.0,31
197.10052490234375,26.787107467651367,5.357421493530273,1000.0,0.0,0.7333333333333333,-0.26666666666666666,11.0,-4.0,3.0,31
216.32164001464844,39.80604934692383,7.961209869384765,1000.0,0.0,0.7333333333333333,-0.2,11.0,-3.0,3.0,31
223.2451629638672,28.436418533325195,5.687283706665039,1000.0,0.0,0.7333333333333333,-0.13333333333333333,11.0,-2.0,3.0,31
245.94781494140625,47.593048095703125,9.518609619140625,1000.0,0.0,0.7333333333333333,-0.06666666666666667,11.0,-1.0,3.0,31
268.1318664550781,58.33909225463867,11.667818450927735,1000.0,0.0,0.7333333333333333,0.0,11.0,0.0,3.0,31
262.65655517578125,45.8528938293457,9.170578765869141,1000.0,0.0,0.7333333333333333,0.06666666666666667,11.0,1.0,3.0,31
241.75634765625,47.218936920166016,9.443787384033204,1000.0,0.0,0.7333333333333333,0.13333333333333333,11.0,2.0,3.0,31
211.65798950195312,31.945817947387695,6.389163589477539,1000.0,0.0,0.7333333333333333,0.2,11.0,3.0,3.0,31
201.6201629638672,43.331809997558594,8.666361999511718,1000.0,0.0,0.7333333333333333,0.26666666666666666,11.0,4.0,3.0,31
264.318603515625,102.05784606933594,20.41156921386719,1000.0,0.0,0.7333333333333333,0.3333333333333333,11.0,5.0,3.0,31
254.95018005371094,84.64807891845703,16.929615783691407,1000.0,0.0,0.7333333333333333,0.4,11.0,6.0,3.0,31
267.1817626953125,87.00847625732422,17.401695251464844,1000.0,0.0,0.7333333333333333,0.4666666666666667,11.0,7.0,3.0,31
276.2276916503906,81.18656921386719,16.23731384277344,1000.0,0.0,0.7333333333333333,0.5333333333333333,11.0,8.0,3.0,31
249.22216796875,73.25942993164062,14.651885986328125,1000.0,0.0,0.7333333333333333,0.6,11.0,9.0,3.0,31
245.33486938476562,80.78437805175781,16.156875610351562,1000.0,0.0,0.7333333333333333,0.6666666666666666,11.0,10.0,3.0,31
245.86033630371094,74.98773193359375,14.99754638671875,1000.0,0.0,0.7333333333333333,0.7333333333333333,11.0,11.0,3.0,31
257.0503234863281,75.63788604736328,15.127577209472657,1000.0,0.0,0.7333333333333333,0.8,11.0,12.0,3.0,31
240.42262268066406,73.13761901855469,14.627523803710938,1000.0,0.0,0.7333333333333333,0.8666666666666667,11.0,13.0,3.0,31
220.88343811035156,47.986595153808594,9.597319030761719,1000.0,0.0,0.7333333333333333,0.9333333333333333,11.0,14.0,3.0,31
223.91358947753906,42.13562774658203,8.427125549316406,1000.0,0.0,0.7333333333333333,1.0,11.0,15.0,3.0,31
222.94879150390625,68.6209716796875,13.7241943359375,1000.0,0.0,0.8,-1.0,12.0,-15.0,3.0,31
216.5848846435547,73.56721496582031,14.713442993164062,1000.0,0.0,0.8,-0.9333333333333333,12.0,-14.0,3.0,31
221.3856658935547,65.76962280273438,13.153924560546875,1000.0,0.0,0.8,-0.8666666666666667,12.0,-13.0,3.0,31
219.92010498046875,51.414913177490234,10.282982635498048,1000.0,0.0,0.8,-0.8,12.0,-12.0,3.0,31
207.01785278320312,42.184791564941406,8.436958312988281,1000.0,0.0,0.8,-0.7333333333333333,12.0,-11.0,3.0,31
203.00018310546875,28.0821590423584,5.616431808471679,1000.0,0.0,0.8,-0.6666666666666666,12.0,-10.0,3.0,31
191.6063690185547,35.125732421875,7.025146484375,1000.0,0.0,0.8,-0.6,12.0,-9.0,3.0,31
188.77816772460938,20.120914459228516,4.024182891845703,1000.0,0.0,0.8,-0.5333333333333333,12.0,-8.0,3.0,31
200.78204345703125,21.12718391418457,4.225436782836914,1000.0,0.0,0.8,-0.4666666666666667,12.0,-7.0,3.0,31
192.54339599609375,18.73577880859375,3.74715576171875,1000.0,0.0,0.8,-0.4,12.0,-6.0,3.0,31
192.18922424316406,18.183082580566406,3.636616516113281,1000.0,0.0,0.8,-0.3333333333333333,12.0,-5.0,3.0,31
192.9241180419922,25.462568283081055,5.092513656616211,1000.0,0.0,0.8,-0.26666666666666666,12.0,-4.0,3.0,31
214.4183349609375,28.785160064697266,5.757032012939453,1000.0,0.0,0.8,-0.2,12.0,-3.0,3.0,31
218.16873168945312,42.01779556274414,8.403559112548828,1000.0,0.0,0.8,-0.13333333333333333,12.0,-2.0,3.0,31
219.4404296875,41.224056243896484,8.244811248779296,1000.0,0.0,0.8,-0.06666666666666667,12.0,-1.0,3.0,31
227.20730590820312,51.270137786865234,10.254027557373046,1000.0,0.0,0.8,0.0,12.0,0.0,3.0,31
234.87948608398438,48.375492095947266,9.675098419189453,1000.0,0.0,0.8,0.06666666666666667,12.0,1.0,3.0,31
239.2191925048828,39.70836639404297,7.941673278808594,1000.0,0.0,0.8,0.13333333333333333,12.0,2.0,3.0,31
214.11669921875,30.74347686767578,6.148695373535157,1000.0,0.0,0.8,0.2,12.0,3.0,3.0,31
202.4298095703125,35.054039001464844,7.010807800292969,1000.0,0.0,0.8,0.26666666666666666,12.0,4.0,3.0,31
234.88502502441406,72.40707397460938,14.481414794921875,1000.0,0.0,0.8,0.3333333333333333,12.0,5.0,3.0,31
262.8061828613281,106.00154876708984,21.20030975341797,1000.0,0.0,0.8,0.4,12.0,6.0,3.0,31
246.6563262939453,79.4214859008789,15.884297180175782,1000.0,0.0,0.8,0.4666666666666667,12.0,7.0,3.0,31
265.5317077636719,87.84003448486328,17.568006896972655,1000.0,0.0,0.8,0.5333333333333333,12.0,8.0,3.0,31
266.855712890625,87.69693756103516,17.539387512207032,1000.0,0.0,0.8,0.6,12.0,9.0,3.0,31
285.5593566894531,85.65179443359375,17.13035888671875,1000.0,0.0,0.8,0.6666666666666666,12.0,10.0,3.0,31
269.03033447265625,87.47068786621094,17.494137573242188,1000.0,0.0,0.8,0.7333333333333333,12.0,11.0,3.0,31
281.3441162109375,88.9670639038086,17.79341278076172,1000.0,0.0,0.8,0.8,12.0,12.0,3.0,31
268.75732421875,90.71626281738281,18.143252563476562,1000.0,0.0,0.8,0.8666666666666667,12.0,13.0,3.0,31
241.44189453125,65.3514633178711,13.070292663574218,1000.0,0.0,0.8,0.9333333333333333,12.0,14.0,3.0,31
244.09083557128906,74.09523010253906,14.819046020507812,1000.0,0.0,0.8,1.0,12.0,15.0,3.0,31
205.4442596435547,44.906734466552734,8.981346893310548,1000.0,0.0,0.8666666666666667,-1.0,13.0,-15.0,3.0,31
205.40631103515625,40.901241302490234,8.180248260498047,1000.0,0.0,0.8666666666666667,-0.9333333333333333,13.0,-14.0,3.0,31
213.63189697265625,46.05280303955078,9.210560607910157,1000.0,0.0,0.8666666666666667,-0.8666666666666667,13.0,-13.0,3.0,31
193.28729248046875,24.148096084594727,4.829619216918945,1000.0,0.0,0.8666666666666667,-0.8,13.0,-12.0,3.0,31
191.5457763671875,20.249923706054688,4.049984741210937,1000.0,0.0,0.8666666666666667,-0.7333333333333333,13.0,-11.0,3.0,31
197.85287475585938,29.975502014160156,5.995100402832032,1000.0,0.0,0.8666666666666667,-0.6666666666666666,13.0,-10.0,3.0,31
188.82762145996094,25.884510040283203,5.176902008056641,1000.0,0.0,0.8666666666666667,-0.6,13.0,-9.0,3.0,31
186.67486572265625,15.614717483520508,3.1229434967041017,1000.0,0.0,0.8666666666666667,-0.5333333333333333,13.0,-8.0,3.0,31
187.1182861328125,18.398197174072266,3.679639434814453,1000.0,0.0,0.8666666666666667,-0.4666666666666667,13.0,-7.0,3.0,31
189.5702667236328,23.263303756713867,4.652660751342774,1000.0,0.0,0.8666666666666667,-0.4,13.0,-6.0,3.0,31
207.49143981933594,31.435985565185547,6.287197113037109,1000.0,0.0,0.8666666666666667,-0.3333333333333333,13.0,-5.0,3.0,31
195.67568969726562,29.14348030090332,5.828696060180664,1000.0,0.0,0.8666666666666667,-0.26666666666666666,13.0,-4.0,3.0,31
210.6402587890625,29.843414306640625,5.968682861328125,1000.0,0.0,0.8666666666666667,-0.2,13.0,-3.0,3.0,31
209.67674255371094,30.060693740844727,6.012138748168946,1000.0,0.0,0.8666666666666667,-0.13333333333333333,13.0,-2.0,3.0,31
212.14598083496094,43.86790084838867,8.773580169677734,1000.0,0.0,0.8666666666666667,-0.06666666666666667,13.0,-1.0,3.0,31
224.6997528076172,41.64017105102539,8.328034210205079,1000.0,0.0,0.8666666666666667,0.0,13.0,0.0,3.0,31
214.61285400390625,54.214515686035156,10.842903137207031,1000.0,0.0,0.8666666666666667,0.06666666666666667,13.0,1.0,3.0,31
238.69390869140625,55.57393264770508,11.114786529541016,1000.0,0.0,0.8666666666666667,0.13333333333333333,13.0,2.0,3.0,31
209.1287841796875,34.2827262878418,6.856545257568359,1000.0,0.0,0.8666666666666667,0.2,13.0,3.0,3.0,31
205.64015197753906,48.30113220214844,9.660226440429687,1000.0,0.0,0.8666666666666667,0.26666666666666666,13.0,4.0,3.0,31
219.80099487304688,68.31961822509766,13.663923645019532,1000.0,0.0,0.8666666666666667,0.3333333333333333,13.0,5.0,3.0,31
250.04177856445312,86.56387329101562,17.312774658203125,1000.0,0.0,0.8666666666666667,0.4,13.0,6.0,3.0,31
267.6744079589844,107.09469604492188,21.418939208984376,1000.0,0.0,0.8666666666666667,0.4666666666666667,13.0,7.0,3.0,31
247.68722534179688,73.56193542480469,14.712387084960938,1000.0,0.0,0.8666666666666667,0.5333333333333333,13.0,8.0,3.0,31
241.6878662109375,66.73127746582031,13.346255493164062,1000.0,0.0,0.8666666666666667,0.6,13.0,9.0,3.0,31
282.90191650390625,85.4120864868164,17.082417297363282,1000.0,0.0,0.8666666666666667,0.6666666666666666,13.0,10.0,3.0,31
280.79931640625,88.32843017578125,17.66568603515625,1000.0,0.0,0.8666666666666667,0.7333333333333333,13.0,11.0,3.0,31
267.1519775390625,85.94612121582031,17.189224243164062,1000.0,0.0,0.8666666666666667,0.8,13.0,12.0,3.0,31
281.386962890625,84.31099700927734,16.86219940185547,1000.0,0.0,0.8666666666666667,0.8666666666666667,13.0,13.0,3.0,31
288.1896057128906,78.32891845703125,15.66578369140625,1000.0,0.0,0.8666666666666667,0.9333333333333333,13.0,14.0,3.0,31
256.954833984375,83.78535461425781,16.75707092285156,1000.0,0.0,0.8666666666666667,1.0,13.0,15.0,3.0,31
207.57261657714844,59.44203567504883,11.888407135009766,1000.0,0.0,0.9333333333333333,-1.0,14.0,-15.0,3.0,31
202.5045928955078,46.42283248901367,9.284566497802734,1000.0,0.0,0.9333333333333333,-0.9333333333333333,14.0,-14.0,3.0,31
196.50448608398438,25.119495391845703,5.023899078369141,1000.0,0.0,0.9333333333333333,-0.8666666666666667,14.0,-13.0,3.0,31
188.96063232421875,19.97614860534668,3.995229721069336,1000.0,0.0,0.9333333333333333,-0.8,14.0,-12.0,3.0,31
209.33993530273438,53.056907653808594,10.611381530761719,1000.0,0.0,0.9333333333333333,-0.7333333333333333,14.0,-11.0,3.0,31
190.04347229003906,18.96532440185547,3.7930648803710936,1000.0,0.0,0.9333333333333333,-0.6666666666666666,14.0,-10.0,3.0,31
190.29933166503906,19.600927352905273,3.9201854705810546,1000.0,0.0,0.9333333333333333,-0.6,14.0,-9.0,3.0,31
202.7699432373047,31.398622512817383,6.279724502563477,1000.0,0.0,0.9333333333333333,-0.5333333333333333,14.0,-8.0,3.0,31
198.3614501953125,27.15920639038086,5.431841278076172,1000.0,0.0,0.9333333333333333,-0.4666666666666667,14.0,-7.0,3.0,31
190.09405517578125,23.70174217224121,4.740348434448242,1000.0,0.0,0.9333333333333333,-0.4,14.0,-6.0,3.0,31
199.1730499267578,24.044239044189453,4.808847808837891,1000.0,0.0,0.9333333333333333,-0.3333333333333333,14.0,-5.0,3.0,31
202.64544677734375,29.163467407226562,5.832693481445313,1000.0,0.0,0.9333333333333333,-0.26666666666666666,14.0,-4.0,3.0,31
213.99220275878906,31.46994972229004,6.293989944458008,1000.0,0.0,0.9333333333333333,-0.2,14.0,-3.0,3.0,31
210.2992706298828,33.338497161865234,6.6676994323730465,1000.0,0.0,0.9333333333333333,-0.13333333333333333,14.0,-2.0,3.0,31
206.2969207763672,31.291141510009766,6.258228302001953,1000.0,0.0,0.9333333333333333,-0.06666666666666667,14.0,-1.0,3.0,31
232.4213104248047,65.25740814208984,13.051481628417969,1000.0,0.0,0.9333333333333333,0.0,14.0,0.0,3.0,31
207.25479125976562,42.386802673339844,8.47736053466797,1000.0,0.0,0.9333333333333333,0.06666666666666667,14.0,1.0,3.0,31
220.65557861328125,46.15655517578125,9.23131103515625,1000.0,0.0,0.9333333333333333,0.13333333333333333,14.0,2.0,3.0,31
224.2529296875,28.760129928588867,5.752025985717774,1000.0,0.0,0.9333333333333333,0.2,14.0,3.0,3.0,31
202.22198486328125,32.07838821411133,6.415677642822265,1000.0,0.0,0.9333333333333333,0.26666666666666666,14.0,4.0,3.0,31
213.7391815185547,49.945133209228516,9.989026641845703,1000.0,0.0,0.9333333333333333,0.3333333333333333,14.0,5.0,3.0,31
232.73892211914062,76.12491607666016,15.224983215332031,1000.0,0.0,0.9333333333333333,0.4,14.0,6.0,3.0,31
261.018310546875,89.98580932617188,17.997161865234375,1000.0,0.0,0.9333333333333333,0.4666666666666667,14.0,7.0,3.0,31
257.28448486328125,96.39380645751953,19.278761291503905,1000.0,0.0,0.9333333333333333,0.5333333333333333,14.0,8.0,3.0,31
262.2167663574219,80.65369415283203,16.130738830566408,1000.0,0.0,0.9333333333333333,0.6,14.0,9.0,3.0,31
238.39068603515625,70.72554016113281,14.145108032226563,1000.0,0.0,0.9333333333333333,0.6666666666666666,14.0,10.0,3.0,31
274.5477294921875,83.71763610839844,16.743527221679688,1000.0,0.0,0.9333333333333333,0.7333333333333333,14.0,11.0,3.0,31
291.2826843261719,84.99188232421875,16.99837646484375,1000.0,0.0,0.9333333333333333,0.8,14.0,12.0,3.0,31
300.014892578125,72.80815124511719,14.561630249023438,1000.0,0.0,0.9333333333333333,0.8666666666666667,14.0,13.0,3.0,31
271.51611328125,83.99530029296875,16.79906005859375,1000.0,0.0,0.9333333333333333,0.9333333333333333,14.0,14.0,3.0,31
275.8579406738281,92.48345947265625,18.49669189453125,1000.0,0.0,0.9333333333333333,1.0,14.0,15.0,3.0,31
207.68081665039062,48.23358917236328,9.646717834472657,1000.0,0.0,1.0,-1.0,15.0,-15.0,3.0,31
191.22996520996094,29.25737953186035,5.8514759063720705,1000.0,0.0,1.0,-0.9333333333333333,15.0,-14.0,3.0,31
196.6484832763672,32.98147201538086,6.596294403076172,1000.0,0.0,1.0,-0.8666666666666667,15.0,-13.0,3.0,31
200.05624389648438,31.620630264282227,6.324126052856445,1000.0,0.0,1.0,-0.8,15.0,-12.0,3.0,31
193.07452392578125,24.274572372436523,4.8549144744873045,1000.0,0.0,1.0,-0.7333333333333333,15.0,-11.0,3.0,31
193.5166015625,22.09381103515625,4.41876220703125,1000.0,0.0,1.0,-0.6666666666666666,15.0,-10.0,3.0,31
191.90274047851562,17.702104568481445,3.540420913696289,1000.0,0.0,1.0,-0.6,15.0,-9.0,3.0,31
195.5112762451172,19.61204719543457,3.922409439086914,1000.0,0.0,1.0,-0.5333333333333333,15.0,-8.0,3.0,31
195.10552978515625,20.79543685913086,4.159087371826172,1000.0,0.0,1.0,-0.4666666666666667,15.0,-7.0,3.0,31
197.7781982421875,22.355636596679688,4.471127319335937,1000.0,0.0,1.0,-0.4,15.0,-6.0,3.0,31
196.51303100585938,25.45012855529785,5.09002571105957,1000.0,0.0,1.0,-0.3333333333333333,15.0,-5.0,3.0,31
206.97442626953125,35.23163604736328,7.046327209472656,1000.0,0.0,1.0,-0.26666666666666666,15.0,-4.0,3.0,31
211.9663543701172,33.56004333496094,6.712008666992188,1000.0,0.0,1.0,-0.2,15.0,-3.0,3.0,31
209.3948211669922,30.364015579223633,6.072803115844726,1000.0,0.0,1.0,-0.13333333333333333,15.0,-2.0,3.0,31
210.07472229003906,37.725196838378906,7.545039367675781,1000.0,0.0,1.0,-0.06666666666666667,15.0,-1.0,3.0,31
210.23045349121094,38.589820861816406,7.717964172363281,1000.0,0.0,1.0,0.0,15.0,0.0,3.0,31
216.39080810546875,48.969730377197266,9.793946075439454,1000.0,0.0,1.0,0.06666666666666667,15.0,1.0,3.0,31
217.68157958984375,47.39956283569336,9.479912567138673,1000.0,0.0,1.0,0.13333333333333333,15.0,2.0,3.0,31
227.3351593017578,37.326168060302734,7.465233612060547,1000.0,0.0,1.0,0.2,15.0,3.0,3.0,31
213.18484497070312,37.48014450073242,7.496028900146484,1000.0,0.0,1.0,0.26666666666666666,15.0,4.0,3.0,31
212.05892944335938,44.77192306518555,8.95438461303711,1000.0,0.0,1.0,0.3333333333333333,15.0,5.0,3.0,31
226.28822326660156,59.84773635864258,11.969547271728516,1000.0,0.0,1.0,0.4,15.0,6.0,3.0,31
246.8283233642578,78.8437728881836,15.768754577636718,1000.0,0.0,1.0,0.4666666666666667,15.0,7.0,3.0,31
259.2601623535156,96.75455474853516,19.350910949707032,1000.0,0.0,1.0,0.5333333333333333,15.0,8.0,3.0,31
249.53256225585938,89.13743591308594,17.827487182617187,1000.0,0.0,1.0,0.6,15.0,9.0,3.0,31
258.0776672363281,86.16864013671875,17.23372802734375,1000.0,0.0,1.0,0.6666666666666666,15.0,10.0,3.0,31
254.87757873535156,86.92787170410156,17.385574340820312,1000.0,0.0,1.0,0.7333333333333333,15.0,11.0,3.0,31
258.59796142578125,95.70295715332031,19.140591430664063,1000.0,0.0,1.0,0.8,15.0,12.0,3.0,31
282.891845703125,80.01905059814453,16.003810119628906,1000.0,0.0,1.0,0.8666666666666667,15.0,13.0,3.0,31
298.0880432128906,88.57129669189453,17.714259338378906,1000.0,0.0,1.0,0.9333333333333333,15.0,14.0,3.0,31
290.2411804199219,84.2212142944336,16.84424285888672,1000.0,0.0,1.0,1.0,15.0,15.0,3.0,31
