episode_rewards,episode_std_rewards,episode_stderr_rewards,episode_avg_len,episode_std_avg_len,dim0,dim1,offset1,offset2,magnitude,grid_size
210.00076293945312,24.067216873168945,4.813443374633789,1000.0,0.0,-1.0,-1.0,-15.0,-15.0,3.0,31
213.2781219482422,25.332653045654297,5.06653060913086,1000.0,0.0,-1.0,-0.9333333333333333,-15.0,-14.0,3.0,31
202.02691650390625,20.854215621948242,4.170843124389648,1000.0,0.0,-1.0,-0.8666666666666667,-15.0,-13.0,3.0,31
203.2822265625,38.69116973876953,7.738233947753907,1000.0,0.0,-1.0,-0.8,-15.0,-12.0,3.0,31
191.02523803710938,19.069276809692383,3.8138553619384767,1000.0,0.0,-1.0,-0.7333333333333333,-15.0,-11.0,3.0,31
197.8525848388672,34.20480728149414,6.840961456298828,1000.0,0.0,-1.0,-0.6666666666666666,-15.0,-10.0,3.0,31
189.58042907714844,11.897517204284668,2.3795034408569338,1000.0,0.0,-1.0,-0.6,-15.0,-9.0,3.0,31
197.6456298828125,32.18669509887695,6.437339019775391,1000.0,0.0,-1.0,-0.5333333333333333,-15.0,-8.0,3.0,31
192.67591857910156,24.100296020507812,4.820059204101563,1000.0,0.0,-1.0,-0.4666666666666667,-15.0,-7.0,3.0,31
191.20785522460938,21.985424041748047,4.397084808349609,1000.0,0.0,-1.0,-0.4,-15.0,-6.0,3.0,31
192.98211669921875,22.080644607543945,4.416128921508789,1000.0,0.0,-1.0,-0.3333333333333333,-15.0,-5.0,3.0,31
197.0244903564453,22.02397918701172,4.404795837402344,1000.0,0.0,-1.0,-0.26666666666666666,-15.0,-4.0,3.0,31
205.4735870361328,29.717191696166992,5.943438339233398,1000.0,0.0,-1.0,-0.2,-15.0,-3.0,3.0,31
213.9566650390625,78.3416519165039,15.66833038330078,1000.0,0.0,-1.0,-0.13333333333333333,-15.0,-2.0,3.0,31
234.29710388183594,80.2184066772461,16.043681335449218,1000.0,0.0,-1.0,-0.06666666666666667,-15.0,-1.0,3.0,31
244.24246215820312,89.1765365600586,17.835307312011718,1000.0,0.0,-1.0,0.0,-15.0,0.0,3.0,31
232.48655700683594,65.07721710205078,13.015443420410156,1000.0,0.0,-1.0,0.06666666666666667,-15.0,1.0,3.0,31
235.32440185546875,62.34719467163086,12.469438934326172,1000.0,0.0,-1.0,0.13333333333333333,-15.0,2.0,3.0,31
255.92164611816406,64.83670043945312,12.967340087890625,1000.0,0.0,-1.0,0.2,-15.0,3.0,3.0,31
236.79766845703125,60.53191375732422,12.106382751464844,1000.0,0.0,-1.0,0.26666666666666666,-15.0,4.0,3.0,31
238.69923400878906,53.63389587402344,10.726779174804687,1000.0,0.0,-1.0,0.3333333333333333,-15.0,5.0,3.0,31
261.04669189453125,35.108863830566406,7.021772766113282,1000.0,0.0,-1.0,0.4,-15.0,6.0,3.0,31
304.9263000488281,55.85933303833008,11.171866607666015,1000.0,0.0,-1.0,0.4666666666666667,-15.0,7.0,3.0,31
333.18194580078125,80.12608337402344,16.02521667480469,1000.0,0.0,-1.0,0.5333333333333333,-15.0,8.0,3.0,31
333.3008728027344,90.40701293945312,18.081402587890626,1000.0,0.0,-1.0,0.6,-15.0,9.0,3.0,31
355.5033874511719,131.1311492919922,26.226229858398437,1000.0,0.0,-1.0,0.6666666666666666,-15.0,10.0,3.0,31
314.8392333984375,112.04403686523438,22.408807373046876,1000.0,0.0,-1.0,0.7333333333333333,-15.0,11.0,3.0,31
337.68414306640625,103.83267211914062,20.766534423828126,1000.0,0.0,-1.0,0.8,-15.0,12.0,3.0,31
236.73941040039062,68.605224609375,13.721044921875,1000.0,0.0,-1.0,0.8666666666666667,-15.0,13.0,3.0,31
204.36880493164062,23.04230308532715,4.60846061706543,1000.0,0.0,-1.0,0.9333333333333333,-15.0,14.0,3.0,31
198.29766845703125,26.616628646850586,5.323325729370117,1000.0,0.0,-1.0,1.0,-15.0,15.0,3.0,31
214.35922241210938,26.36831283569336,5.273662567138672,1000.0,0.0,-0.9333333333333333,-1.0,-14.0,-15.0,3.0,31
211.87171936035156,25.157127380371094,5.031425476074219,1000.0,0.0,-0.9333333333333333,-0.9333333333333333,-14.0,-14.0,3.0,31
208.71542358398438,22.35176658630371,4.470353317260742,1000.0,0.0,-0.9333333333333333,-0.8666666666666667,-14.0,-13.0,3.0,31
197.9357452392578,17.263097763061523,3.4526195526123047,1000.0,0.0,-0.9333333333333333,-0.8,-14.0,-12.0,3.0,31
196.29660034179688,25.60601043701172,5.121202087402343,1000.0,0.0,-0.9333333333333333,-0.7333333333333333,-14.0,-11.0,3.0,31
200.6002960205078,29.14595603942871,5.829191207885742,1000.0,0.0,-0.9333333333333333,-0.6666666666666666,-14.0,-10.0,3.0,31
204.5626983642578,29.10589027404785,5.82117805480957,1000.0,0.0,-0.9333333333333333,-0.6,-14.0,-9.0,3.0,31
203.18402099609375,38.05490493774414,7.610980987548828,1000.0,0.0,-0.9333333333333333,-0.5333333333333333,-14.0,-8.0,3.0,31
186.0534210205078,16.81292152404785,3.3625843048095705,1000.0,0.0,-0.9333333333333333,-0.4666666666666667,-14.0,-7.0,3.0,31
197.70945739746094,30.00524139404297,6.001048278808594,1000.0,0.0,-0.9333333333333333,-0.4,-14.0,-6.0,3.0,31
196.44259643554688,18.01915740966797,3.603831481933594,1000.0,0.0,-0.9333333333333333,-0.3333333333333333,-14.0,-5.0,3.0,31
199.78614807128906,21.393524169921875,4.278704833984375,1000.0,0.0,-0.9333333333333333,-0.26666666666666666,-14.0,-4.0,3.0,31
211.54672241210938,37.71601867675781,7.543203735351563,1000.0,0.0,-0.9333333333333333,-0.2,-14.0,-3.0,3.0,31
235.8312530517578,78.57720947265625,15.71544189453125,1000.0,0.0,-0.9333333333333333,-0.13333333333333333,-14.0,-2.0,3.0,31
245.64968872070312,103.1004867553711,20.620097351074218,1000.0,0.0,-0.9333333333333333,-0.06666666666666667,-14.0,-1.0,3.0,31
233.41419982910156,80.90414428710938,16.180828857421876,1000.0,0.0,-0.9333333333333333,0.0,-14.0,0.0,3.0,31
232.5439910888672,69.59037780761719,13.918075561523438,1000.0,0.0,-0.9333333333333333,0.06666666666666667,-14.0,1.0,3.0,31
252.38296508789062,67.60961151123047,13.521922302246093,1000.0,0.0,-0.9333333333333333,0.13333333333333333,-14.0,2.0,3.0,31
257.9932556152344,66.82868194580078,13.365736389160157,1000.0,0.0,-0.9333333333333333,0.2,-14.0,3.0,3.0,31
256.2530517578125,62.765380859375,12.553076171875,1000.0,0.0,-0.9333333333333333,0.26666666666666666,-14.0,4.0,3.0,31
255.50880432128906,52.17375564575195,10.43475112915039,1000.0,0.0,-0.9333333333333333,0.3333333333333333,-14.0,5.0,3.0,31
290.870361328125,39.96142578125,7.99228515625,1000.0,0.0,-0.9333333333333333,0.4,-14.0,6.0,3.0,31
347.9283142089844,54.697265625,10.939453125,1000.0,0.0,-0.9333333333333333,0.4666666666666667,-14.0,7.0,3.0,31
341.04620361328125,102.93965148925781,20.587930297851564,1000.0,0.0,-0.9333333333333333,0.5333333333333333,-14.0,8.0,3.0,31
334.682373046875,102.40801239013672,20.481602478027344,1000.0,0.0,-0.9333333333333333,0.6,-14.0,9.0,3.0,31
372.8970947265625,130.17337036132812,26.034674072265624,1000.0,0.0,-0.9333333333333333,0.6666666666666666,-14.0,10.0,3.0,31
310.7140197753906,104.19633483886719,20.839266967773437,1000.0,0.0,-0.9333333333333333,0.7333333333333333,-14.0,11.0,3.0,31
239.3047637939453,74.61359405517578,14.922718811035157,1000.0,0.0,-0.9333333333333333,0.8,-14.0,12.0,3.0,31
218.7572784423828,37.15756607055664,7.4315132141113285,1000.0,0.0,-0.9333333333333333,0.8666666666666667,-14.0,13.0,3.0,31
191.0211181640625,20.227632522583008,4.045526504516602,1000.0,0.0,-0.9333333333333333,0.9333333333333333,-14.0,14.0,3.0,31
196.56613159179688,19.859094619750977,3.9718189239501953,1000.0,0.0,-0.9333333333333333,1.0,-14.0,15.0,3.0,31
214.7132568359375,21.834388732910156,4.366877746582031,1000.0,0.0,-0.8666666666666667,-1.0,-13.0,-15.0,3.0,31
220.88751220703125,32.71796798706055,6.5435935974121096,1000.0,0.0,-0.8666666666666667,-0.9333333333333333,-13.0,-14.0,3.0,31
208.3542938232422,22.26693344116211,4.453386688232422,1000.0,0.0,-0.8666666666666667,-0.8666666666666667,-13.0,-13.0,3.0,31
202.2714385986328,14.170843124389648,2.83416862487793,1000.0,0.0,-0.8666666666666667,-0.8,-13.0,-12.0,3.0,31
208.1155242919922,39.4093017578125,7.8818603515625,1000.0,0.0,-0.8666666666666667,-0.7333333333333333,-13.0,-11.0,3.0,31
203.43870544433594,34.457950592041016,6.891590118408203,1000.0,0.0,-0.8666666666666667,-0.6666666666666666,-13.0,-10.0,3.0,31
216.9535369873047,48.95558547973633,9.791117095947266,1000.0,0.0,-0.8666666666666667,-0.6,-13.0,-9.0,3.0,31
205.3701629638672,36.25542449951172,7.251084899902343,1000.0,0.0,-0.8666666666666667,-0.5333333333333333,-13.0,-8.0,3.0,31
204.4043731689453,43.1547966003418,8.63095932006836,1000.0,0.0,-0.8666666666666667,-0.4666666666666667,-13.0,-7.0,3.0,31
216.4215087890625,42.98772430419922,8.597544860839843,1000.0,0.0,-0.8666666666666667,-0.4,-13.0,-6.0,3.0,31
196.67062377929688,19.28472900390625,3.85694580078125,1000.0,0.0,-0.8666666666666667,-0.3333333333333333,-13.0,-5.0,3.0,31
206.59927368164062,18.973237991333008,3.7946475982666015,1000.0,0.0,-0.8666666666666667,-0.26666666666666666,-13.0,-4.0,3.0,31
239.4317626953125,63.6815299987793,12.73630599975586,1000.0,0.0,-0.8666666666666667,-0.2,-13.0,-3.0,3.0,31
225.8438720703125,67.28894805908203,13.457789611816406,1000.0,0.0,-0.8666666666666667,-0.13333333333333333,-13.0,-2.0,3.0,31
238.80921936035156,91.22514343261719,18.245028686523437,1000.0,0.0,-0.8666666666666667,-0.06666666666666667,-13.0,-1.0,3.0,31
256.27838134765625,95.28812408447266,19.05762481689453,1000.0,0.0,-0.8666666666666667,0.0,-13.0,0.0,3.0,31
234.70648193359375,68.03662872314453,13.607325744628906,1000.0,0.0,-0.8666666666666667,0.06666666666666667,-13.0,1.0,3.0,31
247.94219970703125,75.62873840332031,15.125747680664062,1000.0,0.0,-0.8666666666666667,0.13333333333333333,-13.0,2.0,3.0,31
244.00372314453125,73.96713256835938,14.793426513671875,1000.0,0.0,-0.8666666666666667,0.2,-13.0,3.0,3.0,31
254.07325744628906,59.72188186645508,11.944376373291016,1000.0,0.0,-0.8666666666666667,0.26666666666666666,-13.0,4.0,3.0,31
268.6958312988281,43.450138092041016,8.690027618408203,1000.0,0.0,-0.8666666666666667,0.3333333333333333,-13.0,5.0,3.0,31
299.53985595703125,48.53611755371094,9.707223510742187,1000.0,0.0,-0.8666666666666667,0.4,-13.0,6.0,3.0,31
349.4246826171875,56.503631591796875,11.300726318359375,1000.0,0.0,-0.8666666666666667,0.4666666666666667,-13.0,7.0,3.0,31
340.46563720703125,95.03715515136719,19.007431030273438,1000.0,0.0,-0.8666666666666667,0.5333333333333333,-13.0,8.0,3.0,31
345.6499938964844,116.26704406738281,23.25340881347656,1000.0,0.0,-0.8666666666666667,0.6,-13.0,9.0,3.0,31
276.8023681640625,95.05499267578125,19.01099853515625,1000.0,0.0,-0.8666666666666667,0.6666666666666666,-13.0,10.0,3.0,31
222.81515502929688,49.01192092895508,9.802384185791016,1000.0,0.0,-0.8666666666666667,0.7333333333333333,-13.0,11.0,3.0,31
220.34527587890625,46.904972076416016,9.380994415283203,1000.0,0.0,-0.8666666666666667,0.8,-13.0,12.0,3.0,31
207.7025604248047,32.11107635498047,6.422215270996094,1000.0,0.0,-0.8666666666666667,0.8666666666666667,-13.0,13.0,3.0,31
200.0312957763672,26.165313720703125,5.233062744140625,1000.0,0.0,-0.8666666666666667,0.9333333333333333,-13.0,14.0,3.0,31
231.19696044921875,49.66563034057617,9.933126068115234,1000.0,0.0,-0.8666666666666667,1.0,-13.0,15.0,3.0,31
215.73995971679688,25.260318756103516,5.052063751220703,1000.0,0.0,-0.8,-1.0,-12.0,-15.0,3.0,31
220.9473876953125,29.36614227294922,5.873228454589844,1000.0,0.0,-0.8,-0.9333333333333333,-12.0,-14.0,3.0,31
215.7135772705078,29.94593620300293,5.989187240600586,1000.0,0.0,-0.8,-0.8666666666666667,-12.0,-13.0,3.0,31
199.7823028564453,11.730199813842773,2.346039962768555,1000.0,0.0,-0.8,-0.8,-12.0,-12.0,3.0,31
204.55328369140625,33.50566482543945,6.701132965087891,1000.0,0.0,-0.8,-0.7333333333333333,-12.0,-11.0,3.0,31
205.0320281982422,40.06742858886719,8.013485717773438,1000.0,0.0,-0.8,-0.6666666666666666,-12.0,-10.0,3.0,31
208.0265655517578,41.22295379638672,8.244590759277344,1000.0,0.0,-0.8,-0.6,-12.0,-9.0,3.0,31
207.58558654785156,43.96303176879883,8.792606353759766,1000.0,0.0,-0.8,-0.5333333333333333,-12.0,-8.0,3.0,31
201.46810913085938,34.51858139038086,6.903716278076172,1000.0,0.0,-0.8,-0.4666666666666667,-12.0,-7.0,3.0,31
222.33282470703125,39.51602554321289,7.903205108642578,1000.0,0.0,-0.8,-0.4,-12.0,-6.0,3.0,31
213.6771240234375,33.98779296875,6.79755859375,1000.0,0.0,-0.8,-0.3333333333333333,-12.0,-5.0,3.0,31
221.0990447998047,45.95546340942383,9.191092681884765,1000.0,0.0,-0.8,-0.26666666666666666,-12.0,-4.0,3.0,31
235.0532989501953,60.072509765625,12.014501953125,1000.0,0.0,-0.8,-0.2,-12.0,-3.0,3.0,31
250.9600830078125,83.79113006591797,16.758226013183595,1000.0,0.0,-0.8,-0.13333333333333333,-12.0,-2.0,3.0,31
246.51718139648438,104.3401870727539,20.86803741455078,1000.0,0.0,-0.8,-0.06666666666666667,-12.0,-1.0,3.0,31
250.92892456054688,71.9925765991211,14.398515319824218,1000.0,0.0,-0.8,0.0,-12.0,0.0,3.0,31
231.50221252441406,58.84852981567383,11.769705963134765,1000.0,0.0,-0.8,0.06666666666666667,-12.0,1.0,3.0,31
260.16107177734375,81.23711395263672,16.247422790527345,1000.0,0.0,-0.8,0.13333333333333333,-12.0,2.0,3.0,31
253.29212951660156,61.39939498901367,12.279878997802735,1000.0,0.0,-0.8,0.2,-12.0,3.0,3.0,31
252.3160400390625,48.22553253173828,9.645106506347656,1000.0,0.0,-0.8,0.26666666666666666,-12.0,4.0,3.0,31
253.93841552734375,47.131229400634766,9.426245880126952,1000.0,0.0,-0.8,0.3333333333333333,-12.0,5.0,3.0,31
305.05560302734375,54.73470687866211,10.946941375732422,1000.0,0.0,-0.8,0.4,-12.0,6.0,3.0,31
294.66082763671875,83.59235382080078,16.718470764160156,1000.0,0.0,-0.8,0.4666666666666667,-12.0,7.0,3.0,31
341.934814453125,106.87675476074219,21.375350952148438,1000.0,0.0,-0.8,0.5333333333333333,-12.0,8.0,3.0,31
324.9638366699219,101.78963470458984,20.35792694091797,1000.0,0.0,-0.8,0.6,-12.0,9.0,3.0,31
219.89154052734375,30.83500099182129,6.167000198364258,1000.0,0.0,-0.8,0.6666666666666666,-12.0,10.0,3.0,31
220.9255828857422,43.58544921875,8.71708984375,1000.0,0.0,-0.8,0.7333333333333333,-12.0,11.0,3.0,31
226.32135009765625,45.0578727722168,9.01157455444336,1000.0,0.0,-0.8,0.8,-12.0,12.0,3.0,31
184.98910522460938,12.20434284210205,2.4408685684204103,1000.0,0.0,-0.8,0.8666666666666667,-12.0,13.0,3.0,31
223.71046447753906,49.258934020996094,9.851786804199218,1000.0,0.0,-0.8,0.9333333333333333,-12.0,14.0,3.0,31
180.33580017089844,13.336882591247559,2.6673765182495117,1000.0,0.0,-0.8,1.0,-12.0,15.0,3.0,31
214.2705535888672,18.260169982910156,3.6520339965820314,1000.0,0.0,-0.7333333333333333,-1.0,-11.0,-15.0,3.0,31
212.37139892578125,17.773090362548828,3.554618072509766,1000.0,0.0,-0.7333333333333333,-0.9333333333333333,-11.0,-14.0,3.0,31
204.17271423339844,23.468812942504883,4.693762588500976,1000.0,0.0,-0.7333333333333333,-0.8666666666666667,-11.0,-13.0,3.0,31
218.00096130371094,41.75286102294922,8.350572204589843,1000.0,0.0,-0.7333333333333333,-0.8,-11.0,-12.0,3.0,31
198.1503448486328,16.693397521972656,3.3386795043945314,1000.0,0.0,-0.7333333333333333,-0.7333333333333333,-11.0,-11.0,3.0,31
210.71157836914062,38.843135833740234,7.768627166748047,1000.0,0.0,-0.7333333333333333,-0.6666666666666666,-11.0,-10.0,3.0,31
203.87648010253906,41.92505645751953,8.385011291503906,1000.0,0.0,-0.7333333333333333,-0.6,-11.0,-9.0,3.0,31
200.36595153808594,40.5315055847168,8.10630111694336,1000.0,0.0,-0.7333333333333333,-0.5333333333333333,-11.0,-8.0,3.0,31
208.51202392578125,47.17841720581055,9.435683441162109,1000.0,0.0,-0.7333333333333333,-0.4666666666666667,-11.0,-7.0,3.0,31
227.34376525878906,48.0799674987793,9.61599349975586,1000.0,0.0,-0.7333333333333333,-0.4,-11.0,-6.0,3.0,31
233.5044403076172,48.612518310546875,9.722503662109375,1000.0,0.0,-0.7333333333333333,-0.3333333333333333,-11.0,-5.0,3.0,31
231.66104125976562,55.92503356933594,11.185006713867187,1000.0,0.0,-0.7333333333333333,-0.26666666666666666,-11.0,-4.0,3.0,31
257.1492919921875,72.90708923339844,14.581417846679688,1000.0,0.0,-0.7333333333333333,-0.2,-11.0,-3.0,3.0,31
251.88641357421875,75.37380981445312,15.074761962890625,1000.0,0.0,-0.7333333333333333,-0.13333333333333333,-11.0,-2.0,3.0,31
277.0533447265625,96.72660827636719,19.345321655273438,1000.0,0.0,-0.7333333333333333,-0.06666666666666667,-11.0,-1.0,3.0,31
231.69573974609375,76.08341979980469,15.216683959960937,1000.0,0.0,-0.7333333333333333,0.0,-11.0,0.0,3.0,31
245.92503356933594,75.56036376953125,15.11207275390625,1000.0,0.0,-0.7333333333333333,0.06666666666666667,-11.0,1.0,3.0,31
245.77735900878906,81.09603118896484,16.219206237792967,1000.0,0.0,-0.7333333333333333,0.13333333333333333,-11.0,2.0,3.0,31
238.91143798828125,56.447120666503906,11.28942413330078,1000.0,0.0,-0.7333333333333333,0.2,-11.0,3.0,3.0,31
268.17144775390625,52.63128662109375,10.52625732421875,1000.0,0.0,-0.7333333333333333,0.26666666666666666,-11.0,4.0,3.0,31
276.8968200683594,45.790863037109375,9.158172607421875,1000.0,0.0,-0.7333333333333333,0.3333333333333333,-11.0,5.0,3.0,31
308.3988037109375,69.80760192871094,13.961520385742187,1000.0,0.0,-0.7333333333333333,0.4,-11.0,6.0,3.0,31
330.5074462890625,103.7360610961914,20.747212219238282,1000.0,0.0,-0.7333333333333333,0.4666666666666667,-11.0,7.0,3.0,31
294.5665283203125,99.14328002929688,19.828656005859376,1000.0,0.0,-0.7333333333333333,0.5333333333333333,-11.0,8.0,3.0,31
235.17869567871094,46.605159759521484,9.321031951904297,1000.0,0.0,-0.7333333333333333,0.6,-11.0,9.0,3.0,31
209.86663818359375,43.77484130859375,8.75496826171875,1000.0,0.0,-0.7333333333333333,0.6666666666666666,-11.0,10.0,3.0,31
227.6384735107422,47.62405776977539,9.524811553955079,1000.0,0.0,-0.7333333333333333,0.7333333333333333,-11.0,11.0,3.0,31
222.53843688964844,34.66107177734375,6.93221435546875,1000.0,0.0,-0.7333333333333333,0.8,-11.0,12.0,3.0,31
223.46946716308594,34.04977035522461,6.809954071044922,1000.0,0.0,-0.7333333333333333,0.8666666666666667,-11.0,13.0,3.0,31
184.06248474121094,15.547574043273926,3.1095148086547852,1000.0,0.0,-0.7333333333333333,0.9333333333333333,-11.0,14.0,3.0,31
180.30154418945312,12.761434555053711,2.552286911010742,1000.0,0.0,-0.7333333333333333,1.0,-11.0,15.0,3.0,31
210.6829833984375,22.783716201782227,4.556743240356445,1000.0,0.0,-0.6666666666666666,-1.0,-10.0,-15.0,3.0,31
215.34584045410156,24.846542358398438,4.969308471679687,1000.0,0.0,-0.6666666666666666,-0.9333333333333333,-10.0,-14.0,3.0,31
209.22935485839844,24.76539421081543,4.953078842163086,1000.0,0.0,-0.6666666666666666,-0.8666666666666667,-10.0,-13.0,3.0,31
228.87669372558594,42.39469528198242,8.478939056396484,1000.0,0.0,-0.6666666666666666,-0.8,-10.0,-12.0,3.0,31
206.39732360839844,18.599306106567383,3.7198612213134767,1000.0,0.0,-0.6666666666666666,-0.7333333333333333,-10.0,-11.0,3.0,31
212.7137451171875,39.31205749511719,7.8624114990234375,1000.0,0.0,-0.6666666666666666,-0.6666666666666666,-10.0,-10.0,3.0,31
215.74099731445312,52.856239318847656,10.571247863769532,1000.0,0.0,-0.6666666666666666,-0.6,-10.0,-9.0,3.0,31
219.6110382080078,57.65052795410156,11.530105590820312,1000.0,0.0,-0.6666666666666666,-0.5333333333333333,-10.0,-8.0,3.0,31
210.6698760986328,44.887168884277344,8.977433776855468,1000.0,0.0,-0.6666666666666666,-0.4666666666666667,-10.0,-7.0,3.0,31
256.13800048828125,68.22722625732422,13.645445251464844,1000.0,0.0,-0.6666666666666666,-0.4,-10.0,-6.0,3.0,31
243.23973083496094,69.66297912597656,13.932595825195312,1000.0,0.0,-0.6666666666666666,-0.3333333333333333,-10.0,-5.0,3.0,31
248.755859375,76.53119659423828,15.306239318847656,1000.0,0.0,-0.6666666666666666,-0.26666666666666666,-10.0,-4.0,3.0,31
275.8667297363281,94.52540588378906,18.90508117675781,1000.0,0.0,-0.6666666666666666,-0.2,-10.0,-3.0,3.0,31
274.1507568359375,71.13616180419922,14.227232360839844,1000.0,0.0,-0.6666666666666666,-0.13333333333333333,-10.0,-2.0,3.0,31
285.23809814453125,67.18844604492188,13.437689208984375,1000.0,0.0,-0.6666666666666666,-0.06666666666666667,-10.0,-1.0,3.0,31
262.33026123046875,73.9505844116211,14.790116882324218,1000.0,0.0,-0.6666666666666666,0.0,-10.0,0.0,3.0,31
230.56781005859375,59.09566879272461,11.819133758544922,1000.0,0.0,-0.6666666666666666,0.06666666666666667,-10.0,1.0,3.0,31
268.2359313964844,77.43180084228516,15.486360168457031,1000.0,0.0,-0.6666666666666666,0.13333333333333333,-10.0,2.0,3.0,31
273.4273376464844,94.23410034179688,18.846820068359374,1000.0,0.0,-0.6666666666666666,0.2,-10.0,3.0,3.0,31
268.6541442871094,66.63510131835938,13.327020263671875,1000.0,0.0,-0.6666666666666666,0.26666666666666666,-10.0,4.0,3.0,31
265.833740234375,56.71974182128906,11.343948364257812,1000.0,0.0,-0.6666666666666666,0.3333333333333333,-10.0,5.0,3.0,31
318.77294921875,74.81494140625,14.96298828125,1000.0,0.0,-0.6666666666666666,0.4,-10.0,6.0,3.0,31
290.5492858886719,105.49361419677734,21.098722839355467,1000.0,0.0,-0.6666666666666666,0.4666666666666667,-10.0,7.0,3.0,31
256.2348937988281,76.5706787109375,15.3141357421875,1000.0,0.0,-0.6666666666666666,0.5333333333333333,-10.0,8.0,3.0,31
221.56857299804688,41.16474151611328,8.232948303222656,1000.0,0.0,-0.6666666666666666,0.6,-10.0,9.0,3.0,31
235.12954711914062,37.44123840332031,7.488247680664062,1000.0,0.0,-0.6666666666666666,0.6666666666666666,-10.0,10.0,3.0,31
224.64564514160156,36.61641311645508,7.323282623291016,1000.0,0.0,-0.6666666666666666,0.7333333333333333,-10.0,11.0,3.0,31
206.6717987060547,30.601470947265625,6.120294189453125,1000.0,0.0,-0.6666666666666666,0.8,-10.0,12.0,3.0,31
181.97962951660156,11.555435180664062,2.3110870361328124,1000.0,0.0,-0.6666666666666666,0.8666666666666667,-10.0,13.0,3.0,31
182.0369110107422,16.12250518798828,3.224501037597656,1000.0,0.0,-0.6666666666666666,0.9333333333333333,-10.0,14.0,3.0,31
184.01148986816406,14.748719215393066,2.9497438430786134,1000.0,0.0,-0.6666666666666666,1.0,-10.0,15.0,3.0,31
215.3328857421875,24.126157760620117,4.825231552124023,1000.0,0.0,-0.6,-1.0,-9.0,-15.0,3.0,31
210.8296356201172,26.9853515625,5.3970703125,1000.0,0.0,-0.6,-0.9333333333333333,-9.0,-14.0,3.0,31
204.16407775878906,20.798974990844727,4.1597949981689455,1000.0,0.0,-0.6,-0.8666666666666667,-9.0,-13.0,3.0,31
203.7041015625,30.734352111816406,6.146870422363281,1000.0,0.0,-0.6,-0.8,-9.0,-12.0,3.0,31
202.93455505371094,14.907529830932617,2.9815059661865235,1000.0,0.0,-0.6,-0.7333333333333333,-9.0,-11.0,3.0,31
222.74290466308594,42.07179641723633,8.414359283447265,1000.0,0.0,-0.6,-0.6666666666666666,-9.0,-10.0,3.0,31
216.98269653320312,63.138275146484375,12.627655029296875,1000.0,0.0,-0.6,-0.6,-9.0,-9.0,3.0,31
212.02491760253906,56.480125427246094,11.29602508544922,1000.0,0.0,-0.6,-0.5333333333333333,-9.0,-8.0,3.0,31
239.1397247314453,74.71221160888672,14.942442321777344,1000.0,0.0,-0.6,-0.4666666666666667,-9.0,-7.0,3.0,31
251.13597106933594,62.59196472167969,12.518392944335938,1000.0,0.0,-0.6,-0.4,-9.0,-6.0,3.0,31
264.5050048828125,82.62480926513672,16.524961853027342,1000.0,0.0,-0.6,-0.3333333333333333,-9.0,-5.0,3.0,31
267.8699645996094,83.79501342773438,16.759002685546875,1000.0,0.0,-0.6,-0.26666666666666666,-9.0,-4.0,3.0,31
260.0726623535156,84.83656311035156,16.967312622070313,1000.0,0.0,-0.6,-0.2,-9.0,-3.0,3.0,31
266.37872314453125,74.11563110351562,14.823126220703125,1000.0,0.0,-0.6,-0.13333333333333333,-9.0,-2.0,3.0,31
246.27090454101562,72.6253662109375,14.5250732421875,1000.0,0.0,-0.6,-0.06666666666666667,-9.0,-1.0,3.0,31
248.93719482421875,66.14447021484375,13.22889404296875,1000.0,0.0,-0.6,0.0,-9.0,0.0,3.0,31
274.6302795410156,79.84375762939453,15.968751525878906,1000.0,0.0,-0.6,0.06666666666666667,-9.0,1.0,3.0,31
314.9473876953125,100.2954330444336,20.05908660888672,1000.0,0.0,-0.6,0.13333333333333333,-9.0,2.0,3.0,31
305.0916748046875,83.26482391357422,16.652964782714843,1000.0,0.0,-0.6,0.2,-9.0,3.0,3.0,31
315.6864013671875,98.48554229736328,19.697108459472656,1000.0,0.0,-0.6,0.26666666666666666,-9.0,4.0,3.0,31
298.7467346191406,64.07640075683594,12.815280151367187,1000.0,0.0,-0.6,0.3333333333333333,-9.0,5.0,3.0,31
286.8094482421875,99.34136199951172,19.868272399902345,1000.0,0.0,-0.6,0.4,-9.0,6.0,3.0,31
279.2188415527344,81.90162658691406,16.380325317382812,1000.0,0.0,-0.6,0.4666666666666667,-9.0,7.0,3.0,31
227.7564239501953,58.71690368652344,11.743380737304687,1000.0,0.0,-0.6,0.5333333333333333,-9.0,8.0,3.0,31
220.36502075195312,41.31388854980469,8.262777709960938,1000.0,0.0,-0.6,0.6,-9.0,9.0,3.0,31
218.39239501953125,26.118017196655273,5.223603439331055,1000.0,0.0,-0.6,0.6666666666666666,-9.0,10.0,3.0,31
192.36497497558594,13.563393592834473,2.7126787185668944,1000.0,0.0,-0.6,0.7333333333333333,-9.0,11.0,3.0,31
181.58950805664062,14.074423789978027,2.8148847579956056,1000.0,0.0,-0.6,0.8,-9.0,12.0,3.0,31
182.3543701171875,12.455348014831543,2.4910696029663084,1000.0,0.0,-0.6,0.8666666666666667,-9.0,13.0,3.0,31
184.1473846435547,20.81422996520996,4.1628459930419925,1000.0,0.0,-0.6,0.9333333333333333,-9.0,14.0,3.0,31
184.2691192626953,19.421924591064453,3.8843849182128904,1000.0,0.0,-0.6,1.0,-9.0,15.0,3.0,31
217.3696746826172,22.13644027709961,4.427288055419922,1000.0,0.0,-0.5333333333333333,-1.0,-8.0,-15.0,3.0,31
224.04344177246094,32.37456130981445,6.47491226196289,1000.0,0.0,-0.5333333333333333,-0.9333333333333333,-8.0,-14.0,3.0,31
207.52108764648438,25.772890090942383,5.154578018188476,1000.0,0.0,-0.5333333333333333,-0.8666666666666667,-8.0,-13.0,3.0,31
197.07289123535156,14.275712013244629,2.8551424026489256,1000.0,0.0,-0.5333333333333333,-0.8,-8.0,-12.0,3.0,31
199.06520080566406,25.896934509277344,5.179386901855469,1000.0,0.0,-0.5333333333333333,-0.7333333333333333,-8.0,-11.0,3.0,31
220.56007385253906,53.066627502441406,10.613325500488282,1000.0,0.0,-0.5333333333333333,-0.6666666666666666,-8.0,-10.0,3.0,31
206.6186065673828,43.47442626953125,8.69488525390625,1000.0,0.0,-0.5333333333333333,-0.6,-8.0,-9.0,3.0,31
221.5113067626953,50.44573974609375,10.08914794921875,1000.0,0.0,-0.5333333333333333,-0.5333333333333333,-8.0,-8.0,3.0,31
219.27462768554688,61.27500915527344,12.255001831054688,1000.0,0.0,-0.5333333333333333,-0.4666666666666667,-8.0,-7.0,3.0,31
228.56529235839844,69.80430603027344,13.960861206054688,1000.0,0.0,-0.5333333333333333,-0.4,-8.0,-6.0,3.0,31
254.93275451660156,67.939697265625,13.587939453125,1000.0,0.0,-0.5333333333333333,-0.3333333333333333,-8.0,-5.0,3.0,31
260.9741516113281,79.14218139648438,15.828436279296875,1000.0,0.0,-0.5333333333333333,-0.26666666666666666,-8.0,-4.0,3.0,31
266.8457336425781,80.22626495361328,16.045252990722656,1000.0,0.0,-0.5333333333333333,-0.2,-8.0,-3.0,3.0,31
258.4713134765625,87.281005859375,17.456201171875,1000.0,0.0,-0.5333333333333333,-0.13333333333333333,-8.0,-2.0,3.0,31
215.5099639892578,66.64991760253906,13.329983520507813,1000.0,0.0,-0.5333333333333333,-0.06666666666666667,-8.0,-1.0,3.0,31
253.19873046875,50.768287658691406,10.153657531738281,1000.0,0.0,-0.5333333333333333,0.0,-8.0,0.0,3.0,31
275.6963195800781,77.216552734375,15.443310546875,1000.0,0.0,-0.5333333333333333,0.06666666666666667,-8.0,1.0,3.0,31
273.7332763671875,115.22761535644531,23.04552307128906,1000.0,0.0,-0.5333333333333333,0.13333333333333333,-8.0,2.0,3.0,31
302.3094482421875,92.6483154296875,18.5296630859375,1000.0,0.0,-0.5333333333333333,0.2,-8.0,3.0,3.0,31
284.1568908691406,75.87381744384766,15.174763488769532,1000.0,0.0,-0.5333333333333333,0.26666666666666666,-8.0,4.0,3.0,31
299.33624267578125,98.21395111083984,19.642790222167967,1000.0,0.0,-0.5333333333333333,0.3333333333333333,-8.0,5.0,3.0,31
264.8465270996094,88.93172454833984,17.786344909667967,1000.0,0.0,-0.5333333333333333,0.4,-8.0,6.0,3.0,31
260.06317138671875,59.82215881347656,11.964431762695312,1000.0,0.0,-0.5333333333333333,0.4666666666666667,-8.0,7.0,3.0,31
230.12889099121094,55.095760345458984,11.019152069091797,1000.0,0.0,-0.5333333333333333,0.5333333333333333,-8.0,8.0,3.0,31
210.90724182128906,43.87678146362305,8.77535629272461,1000.0,0.0,-0.5333333333333333,0.6,-8.0,9.0,3.0,31
197.71572875976562,22.853792190551758,4.570758438110351,1000.0,0.0,-0.5333333333333333,0.6666666666666666,-8.0,10.0,3.0,31
188.4912567138672,17.427339553833008,3.4854679107666016,1000.0,0.0,-0.5333333333333333,0.7333333333333333,-8.0,11.0,3.0,31
184.98074340820312,15.58237075805664,3.116474151611328,1000.0,0.0,-0.5333333333333333,0.8,-8.0,12.0,3.0,31
184.6630859375,20.72861671447754,4.145723342895508,1000.0,0.0,-0.5333333333333333,0.8666666666666667,-8.0,13.0,3.0,31
182.10594177246094,12.70019817352295,2.54003963470459,1000.0,0.0,-0.5333333333333333,0.9333333333333333,-8.0,14.0,3.0,31
190.7873992919922,32.559837341308594,6.511967468261719,1000.0,0.0,-0.5333333333333333,1.0,-8.0,15.0,3.0,31
231.21963500976562,29.63962745666504,5.927925491333008,1000.0,0.0,-0.4666666666666667,-1.0,-7.0,-15.0,3.0,31
232.02357482910156,33.91790771484375,6.78358154296875,1000.0,0.0,-0.4666666666666667,-0.9333333333333333,-7.0,-14.0,3.0,31
210.96176147460938,21.81613540649414,4.363227081298828,1000.0,0.0,-0.4666666666666667,-0.8666666666666667,-7.0,-13.0,3.0,31
206.04559326171875,20.371055603027344,4.074211120605469,1000.0,0.0,-0.4666666666666667,-0.8,-7.0,-12.0,3.0,31
199.80699157714844,23.1326904296875,4.6265380859375,1000.0,0.0,-0.4666666666666667,-0.7333333333333333,-7.0,-11.0,3.0,31
207.28347778320312,31.973974227905273,6.394794845581055,1000.0,0.0,-0.4666666666666667,-0.6666666666666666,-7.0,-10.0,3.0,31
198.4613037109375,11.773698806762695,2.354739761352539,1000.0,0.0,-0.4666666666666667,-0.6,-7.0,-9.0,3.0,31
217.45765686035156,54.5252685546875,10.9050537109375,1000.0,0.0,-0.4666666666666667,-0.5333333333333333,-7.0,-8.0,3.0,31
217.70750427246094,49.14891052246094,9.829782104492187,1000.0,0.0,-0.4666666666666667,-0.4666666666666667,-7.0,-7.0,3.0,31
255.32176208496094,67.45396423339844,13.490792846679687,1000.0,0.0,-0.4666666666666667,-0.4,-7.0,-6.0,3.0,31
228.4251708984375,54.267578125,10.853515625,1000.0,0.0,-0.4666666666666667,-0.3333333333333333,-7.0,-5.0,3.0,31
261.8948669433594,86.75189208984375,17.35037841796875,1000.0,0.0,-0.4666666666666667,-0.26666666666666666,-7.0,-4.0,3.0,31
239.67066955566406,72.56143188476562,14.512286376953124,1000.0,0.0,-0.4666666666666667,-0.2,-7.0,-3.0,3.0,31
214.95828247070312,67.72731018066406,13.545462036132813,1000.0,0.0,-0.4666666666666667,-0.13333333333333333,-7.0,-2.0,3.0,31
213.12326049804688,59.337974548339844,11.867594909667968,1000.0,0.0,-0.4666666666666667,-0.06666666666666667,-7.0,-1.0,3.0,31
273.15069580078125,80.32860565185547,16.065721130371095,1000.0,0.0,-0.4666666666666667,0.0,-7.0,0.0,3.0,31
308.8573913574219,118.13790130615234,23.62758026123047,1000.0,0.0,-0.4666666666666667,0.06666666666666667,-7.0,1.0,3.0,31
320.3564147949219,142.3690948486328,28.473818969726562,1000.0,0.0,-0.4666666666666667,0.13333333333333333,-7.0,2.0,3.0,31
343.3017883300781,137.8101043701172,27.56202087402344,1000.0,0.0,-0.4666666666666667,0.2,-7.0,3.0,3.0,31
272.3080749511719,74.98481750488281,14.996963500976562,1000.0,0.0,-0.4666666666666667,0.26666666666666666,-7.0,4.0,3.0,31
257.5628967285156,74.75511932373047,14.951023864746094,1000.0,0.0,-0.4666666666666667,0.3333333333333333,-7.0,5.0,3.0,31
274.8575744628906,72.8739242553711,14.574784851074218,1000.0,0.0,-0.4666666666666667,0.4,-7.0,6.0,3.0,31
239.7326202392578,43.04097366333008,8.608194732666016,1000.0,0.0,-0.4666666666666667,0.4666666666666667,-7.0,7.0,3.0,31
235.17514038085938,57.98258972167969,11.596517944335938,1000.0,0.0,-0.4666666666666667,0.5333333333333333,-7.0,8.0,3.0,31
214.5619354248047,43.66990661621094,8.733981323242187,1000.0,0.0,-0.4666666666666667,0.6,-7.0,9.0,3.0,31
188.5545654296875,15.348795890808105,3.069759178161621,1000.0,0.0,-0.4666666666666667,0.6666666666666666,-7.0,10.0,3.0,31
187.62464904785156,20.88743782043457,4.177487564086914,1000.0,0.0,-0.4666666666666667,0.7333333333333333,-7.0,11.0,3.0,31
182.78140258789062,13.195825576782227,2.6391651153564455,1000.0,0.0,-0.4666666666666667,0.8,-7.0,12.0,3.0,31
186.04393005371094,17.96961212158203,3.593922424316406,1000.0,0.0,-0.4666666666666667,0.8666666666666667,-7.0,13.0,3.0,31
187.73599243164062,18.63265609741211,3.726531219482422,1000.0,0.0,-0.4666666666666667,0.9333333333333333,-7.0,14.0,3.0,31
187.85382080078125,32.18271255493164,6.436542510986328,1000.0,0.0,-0.4666666666666667,1.0,-7.0,15.0,3.0,31
221.65380859375,38.053585052490234,7.610717010498047,1000.0,0.0,-0.4,-1.0,-6.0,-15.0,3.0,31
234.01324462890625,29.386337280273438,5.877267456054687,1000.0,0.0,-0.4,-0.9333333333333333,-6.0,-14.0,3.0,31
230.88973999023438,25.663381576538086,5.132676315307617,1000.0,0.0,-0.4,-0.8666666666666667,-6.0,-13.0,3.0,31
202.5233917236328,14.643305778503418,2.9286611557006834,1000.0,0.0,-0.4,-0.8,-6.0,-12.0,3.0,31
199.43011474609375,18.420690536499023,3.6841381072998045,1000.0,0.0,-0.4,-0.7333333333333333,-6.0,-11.0,3.0,31
200.9320526123047,32.45869827270508,6.491739654541016,1000.0,0.0,-0.4,-0.6666666666666666,-6.0,-10.0,3.0,31
195.0731201171875,14.069927215576172,2.8139854431152345,1000.0,0.0,-0.4,-0.6,-6.0,-9.0,3.0,31
204.5756378173828,26.3798770904541,5.2759754180908205,1000.0,0.0,-0.4,-0.5333333333333333,-6.0,-8.0,3.0,31
204.64910888671875,50.20491409301758,10.040982818603515,1000.0,0.0,-0.4,-0.4666666666666667,-6.0,-7.0,3.0,31
213.25685119628906,55.43511199951172,11.087022399902343,1000.0,0.0,-0.4,-0.4,-6.0,-6.0,3.0,31
222.4552764892578,49.94889450073242,9.989778900146485,1000.0,0.0,-0.4,-0.3333333333333333,-6.0,-5.0,3.0,31
228.0447998046875,56.220008850097656,11.244001770019532,1000.0,0.0,-0.4,-0.26666666666666666,-6.0,-4.0,3.0,31
230.51345825195312,59.349578857421875,11.869915771484376,1000.0,0.0,-0.4,-0.2,-6.0,-3.0,3.0,31
237.70179748535156,63.24070358276367,12.648140716552735,1000.0,0.0,-0.4,-0.13333333333333333,-6.0,-2.0,3.0,31
277.53192138671875,89.74706268310547,17.949412536621093,1000.0,0.0,-0.4,-0.06666666666666667,-6.0,-1.0,3.0,31
325.33514404296875,149.04444885253906,29.80888977050781,1000.0,0.0,-0.4,0.0,-6.0,0.0,3.0,31
377.3212585449219,169.8701934814453,33.974038696289064,1000.0,0.0,-0.4,0.06666666666666667,-6.0,1.0,3.0,31
341.1919250488281,142.794189453125,28.558837890625,1000.0,0.0,-0.4,0.13333333333333333,-6.0,2.0,3.0,31
274.92913818359375,89.11005401611328,17.822010803222657,1000.0,0.0,-0.4,0.2,-6.0,3.0,3.0,31
234.06907653808594,40.74900817871094,8.149801635742188,1000.0,0.0,-0.4,0.26666666666666666,-6.0,4.0,3.0,31
247.8957977294922,54.099266052246094,10.819853210449219,1000.0,0.0,-0.4,0.3333333333333333,-6.0,5.0,3.0,31
239.43312072753906,61.87348937988281,12.374697875976562,1000.0,0.0,-0.4,0.4,-6.0,6.0,3.0,31
217.22332763671875,43.07830810546875,8.61566162109375,1000.0,0.0,-0.4,0.4666666666666667,-6.0,7.0,3.0,31
224.10086059570312,47.40105056762695,9.480210113525391,1000.0,0.0,-0.4,0.5333333333333333,-6.0,8.0,3.0,31
206.72384643554688,29.156728744506836,5.831345748901367,1000.0,0.0,-0.4,0.6,-6.0,9.0,3.0,31
197.2439422607422,20.955629348754883,4.191125869750977,1000.0,0.0,-0.4,0.6666666666666666,-6.0,10.0,3.0,31
190.5946807861328,21.370311737060547,4.2740623474121096,1000.0,0.0,-0.4,0.7333333333333333,-6.0,11.0,3.0,31
189.89047241210938,20.57262420654297,4.114524841308594,1000.0,0.0,-0.4,0.8,-6.0,12.0,3.0,31
199.1891632080078,32.35430145263672,6.470860290527344,1000.0,0.0,-0.4,0.8666666666666667,-6.0,13.0,3.0,31
192.4154510498047,24.517257690429688,4.903451538085937,1000.0,0.0,-0.4,0.9333333333333333,-6.0,14.0,3.0,31
185.76553344726562,21.304500579833984,4.2609001159667965,1000.0,0.0,-0.4,1.0,-6.0,15.0,3.0,31
239.77523803710938,38.375240325927734,7.675048065185547,1000.0,0.0,-0.3333333333333333,-1.0,-5.0,-15.0,3.0,31
221.14459228515625,40.47114944458008,8.094229888916015,1000.0,0.0,-0.3333333333333333,-0.9333333333333333,-5.0,-14.0,3.0,31
215.20684814453125,35.27724075317383,7.055448150634765,1000.0,0.0,-0.3333333333333333,-0.8666666666666667,-5.0,-13.0,3.0,31
213.29629516601562,32.081111907958984,6.416222381591797,1000.0,0.0,-0.3333333333333333,-0.8,-5.0,-12.0,3.0,31
208.41090393066406,22.02494239807129,4.404988479614258,1000.0,0.0,-0.3333333333333333,-0.7333333333333333,-5.0,-11.0,3.0,31
193.1704559326172,20.342655181884766,4.068531036376953,1000.0,0.0,-0.3333333333333333,-0.6666666666666666,-5.0,-10.0,3.0,31
198.47386169433594,26.22987174987793,5.245974349975586,1000.0,0.0,-0.3333333333333333,-0.6,-5.0,-9.0,3.0,31
198.1962432861328,40.60224151611328,8.120448303222656,1000.0,0.0,-0.3333333333333333,-0.5333333333333333,-5.0,-8.0,3.0,31
193.89047241210938,39.934627532958984,7.986925506591797,1000.0,0.0,-0.3333333333333333,-0.4666666666666667,-5.0,-7.0,3.0,31
196.81834411621094,32.31816482543945,6.463632965087891,1000.0,0.0,-0.3333333333333333,-0.4,-5.0,-6.0,3.0,31
192.4925537109375,24.218708038330078,4.843741607666016,1000.0,0.0,-0.3333333333333333,-0.3333333333333333,-5.0,-5.0,3.0,31
197.99755859375,26.086793899536133,5.217358779907227,1000.0,0.0,-0.3333333333333333,-0.26666666666666666,-5.0,-4.0,3.0,31
281.3289794921875,34.727169036865234,6.945433807373047,1000.0,0.0,-0.3333333333333333,-0.2,-5.0,-3.0,3.0,31
280.48858642578125,75.93347930908203,15.186695861816407,1000.0,0.0,-0.3333333333333333,-0.13333333333333333,-5.0,-2.0,3.0,31
322.8937072753906,128.7251739501953,25.745034790039064,1000.0,0.0,-0.3333333333333333,-0.06666666666666667,-5.0,-1.0,3.0,31
365.4528503417969,171.3233642578125,34.2646728515625,1000.0,0.0,-0.3333333333333333,0.0,-5.0,0.0,3.0,31
337.727783203125,172.6044158935547,34.52088317871094,1000.0,0.0,-0.3333333333333333,0.06666666666666667,-5.0,1.0,3.0,31
197.73561096191406,29.273775100708008,5.854755020141601,1000.0,0.0,-0.3333333333333333,0.13333333333333333,-5.0,2.0,3.0,31
237.5380859375,42.42254638671875,8.48450927734375,1000.0,0.0,-0.3333333333333333,0.2,-5.0,3.0,3.0,31
252.83914184570312,50.271759033203125,10.054351806640625,1000.0,0.0,-0.3333333333333333,0.26666666666666666,-5.0,4.0,3.0,31
215.58448791503906,31.113426208496094,6.222685241699219,1000.0,0.0,-0.3333333333333333,0.3333333333333333,-5.0,5.0,3.0,31
203.82252502441406,37.23267364501953,7.446534729003906,1000.0,0.0,-0.3333333333333333,0.4,-5.0,6.0,3.0,31
212.52365112304688,36.1424446105957,7.228488922119141,1000.0,0.0,-0.3333333333333333,0.4666666666666667,-5.0,7.0,3.0,31
223.68130493164062,56.50588607788086,11.301177215576171,1000.0,0.0,-0.3333333333333333,0.5333333333333333,-5.0,8.0,3.0,31
220.7554931640625,40.99643325805664,8.199286651611327,1000.0,0.0,-0.3333333333333333,0.6,-5.0,9.0,3.0,31
198.82089233398438,31.565845489501953,6.31316909790039,1000.0,0.0,-0.3333333333333333,0.6666666666666666,-5.0,10.0,3.0,31
203.1741943359375,43.70043182373047,8.740086364746094,1000.0,0.0,-0.3333333333333333,0.7333333333333333,-5.0,11.0,3.0,31
223.3340301513672,60.58216857910156,12.116433715820312,1000.0,0.0,-0.3333333333333333,0.8,-5.0,12.0,3.0,31
244.8122100830078,74.6949234008789,14.938984680175782,1000.0,0.0,-0.3333333333333333,0.8666666666666667,-5.0,13.0,3.0,31
238.95916748046875,76.88088989257812,15.376177978515624,1000.0,0.0,-0.3333333333333333,0.9333333333333333,-5.0,14.0,3.0,31
239.70802307128906,77.57398223876953,15.514796447753906,1000.0,0.0,-0.3333333333333333,1.0,-5.0,15.0,3.0,31
243.24420166015625,51.881248474121094,10.376249694824219,1000.0,0.0,-0.26666666666666666,-1.0,-4.0,-15.0,3.0,31
225.04779052734375,39.37409591674805,7.87481918334961,1000.0,0.0,-0.26666666666666666,-0.9333333333333333,-4.0,-14.0,3.0,31
215.5939483642578,34.13081359863281,6.826162719726563,1000.0,0.0,-0.26666666666666666,-0.8666666666666667,-4.0,-13.0,3.0,31
232.1614227294922,42.596168518066406,8.519233703613281,1000.0,0.0,-0.26666666666666666,-0.8,-4.0,-12.0,3.0,31
231.22500610351562,40.93106460571289,8.186212921142578,1000.0,0.0,-0.26666666666666666,-0.7333333333333333,-4.0,-11.0,3.0,31
213.8407440185547,30.624792098999023,6.124958419799805,1000.0,0.0,-0.26666666666666666,-0.6666666666666666,-4.0,-10.0,3.0,31
192.45541381835938,24.59421157836914,4.918842315673828,1000.0,0.0,-0.26666666666666666,-0.6,-4.0,-9.0,3.0,31
223.2092742919922,53.156639099121094,10.631327819824218,1000.0,0.0,-0.26666666666666666,-0.5333333333333333,-4.0,-8.0,3.0,31
201.98812866210938,35.9964485168457,7.199289703369141,1000.0,0.0,-0.26666666666666666,-0.4666666666666667,-4.0,-7.0,3.0,31
277.750732421875,80.09427642822266,16.01885528564453,1000.0,0.0,-0.26666666666666666,-0.4,-4.0,-6.0,3.0,31
247.54949951171875,62.670711517333984,12.534142303466798,1000.0,0.0,-0.26666666666666666,-0.3333333333333333,-4.0,-5.0,3.0,31
224.47608947753906,69.6401138305664,13.928022766113282,1000.0,0.0,-0.26666666666666666,-0.26666666666666666,-4.0,-4.0,3.0,31
293.62774658203125,60.5328254699707,12.10656509399414,1000.0,0.0,-0.26666666666666666,-0.2,-4.0,-3.0,3.0,31
311.4259338378906,91.27303314208984,18.254606628417967,1000.0,0.0,-0.26666666666666666,-0.13333333333333333,-4.0,-2.0,3.0,31
353.5425109863281,103.3023452758789,20.66046905517578,1000.0,0.0,-0.26666666666666666,-0.06666666666666667,-4.0,-1.0,3.0,31
366.12420654296875,146.21531677246094,29.243063354492186,1000.0,0.0,-0.26666666666666666,0.0,-4.0,0.0,3.0,31
384.2569580078125,122.5222396850586,24.50444793701172,1000.0,0.0,-0.26666666666666666,0.06666666666666667,-4.0,1.0,3.0,31
252.76776123046875,60.562469482421875,12.112493896484375,1000.0,0.0,-0.26666666666666666,0.13333333333333333,-4.0,2.0,3.0,31
225.7208251953125,41.86952209472656,8.373904418945312,1000.0,0.0,-0.26666666666666666,0.2,-4.0,3.0,3.0,31
222.64044189453125,41.092037200927734,8.218407440185548,1000.0,0.0,-0.26666666666666666,0.26666666666666666,-4.0,4.0,3.0,31
233.4702606201172,80.02238464355469,16.004476928710936,1000.0,0.0,-0.26666666666666666,0.3333333333333333,-4.0,5.0,3.0,31
218.50445556640625,51.148075103759766,10.229615020751954,1000.0,0.0,-0.26666666666666666,0.4,-4.0,6.0,3.0,31
263.0687255859375,81.82699584960938,16.365399169921876,1000.0,0.0,-0.26666666666666666,0.4666666666666667,-4.0,7.0,3.0,31
242.7868194580078,57.72521209716797,11.545042419433594,1000.0,0.0,-0.26666666666666666,0.5333333333333333,-4.0,8.0,3.0,31
254.87136840820312,79.47624969482422,15.895249938964843,1000.0,0.0,-0.26666666666666666,0.6,-4.0,9.0,3.0,31
254.81973266601562,86.4839859008789,17.29679718017578,1000.0,0.0,-0.26666666666666666,0.6666666666666666,-4.0,10.0,3.0,31
252.9524383544922,87.69447326660156,17.538894653320312,1000.0,0.0,-0.26666666666666666,0.7333333333333333,-4.0,11.0,3.0,31
264.5970458984375,84.36114501953125,16.87222900390625,1000.0,0.0,-0.26666666666666666,0.8,-4.0,12.0,3.0,31
257.1907958984375,86.07695007324219,17.215390014648438,1000.0,0.0,-0.26666666666666666,0.8666666666666667,-4.0,13.0,3.0,31
260.0028381347656,84.42151641845703,16.884303283691406,1000.0,0.0,-0.26666666666666666,0.9333333333333333,-4.0,14.0,3.0,31
289.09625244140625,90.09494018554688,18.018988037109374,1000.0,0.0,-0.26666666666666666,1.0,-4.0,15.0,3.0,31
227.07032775878906,35.72373962402344,7.144747924804688,1000.0,0.0,-0.2,-1.0,-3.0,-15.0,3.0,31
228.49691772460938,41.426292419433594,8.285258483886718,1000.0,0.0,-0.2,-0.9333333333333333,-3.0,-14.0,3.0,31
218.83775329589844,38.15043640136719,7.630087280273438,1000.0,0.0,-0.2,-0.8666666666666667,-3.0,-13.0,3.0,31
249.91372680664062,51.83501052856445,10.36700210571289,1000.0,0.0,-0.2,-0.8,-3.0,-12.0,3.0,31
244.12124633789062,51.37959289550781,10.275918579101562,1000.0,0.0,-0.2,-0.7333333333333333,-3.0,-11.0,3.0,31
237.5507354736328,50.42459487915039,10.084918975830078,1000.0,0.0,-0.2,-0.6666666666666666,-3.0,-10.0,3.0,31
214.9233856201172,34.48649597167969,6.897299194335938,1000.0,0.0,-0.2,-0.6,-3.0,-9.0,3.0,31
203.4935760498047,24.653709411621094,4.930741882324218,1000.0,0.0,-0.2,-0.5333333333333333,-3.0,-8.0,3.0,31
196.9639434814453,29.218151092529297,5.84363021850586,1000.0,0.0,-0.2,-0.4666666666666667,-3.0,-7.0,3.0,31
204.74871826171875,34.61279296875,6.92255859375,1000.0,0.0,-0.2,-0.4,-3.0,-6.0,3.0,31
225.580078125,59.80461883544922,11.960923767089843,1000.0,0.0,-0.2,-0.3333333333333333,-3.0,-5.0,3.0,31
271.19061279296875,94.2867202758789,18.85734405517578,1000.0,0.0,-0.2,-0.26666666666666666,-3.0,-4.0,3.0,31
305.0992126464844,73.06281280517578,14.612562561035157,1000.0,0.0,-0.2,-0.2,-3.0,-3.0,3.0,31
387.1099853515625,78.34337615966797,15.668675231933594,1000.0,0.0,-0.2,-0.13333333333333333,-3.0,-2.0,3.0,31
526.6956176757812,104.73282623291016,20.946565246582033,1000.0,0.0,-0.2,-0.06666666666666667,-3.0,-1.0,3.0,31
422.3433837890625,143.61878967285156,28.723757934570312,1000.0,0.0,-0.2,0.0,-3.0,0.0,3.0,31
333.2076110839844,136.05953979492188,27.211907958984376,1000.0,0.0,-0.2,0.06666666666666667,-3.0,1.0,3.0,31
417.42828369140625,92.34046173095703,18.468092346191405,1000.0,0.0,-0.2,0.13333333333333333,-3.0,2.0,3.0,31
282.110595703125,78.88402557373047,15.776805114746093,1000.0,0.0,-0.2,0.2,-3.0,3.0,3.0,31
258.8387451171875,66.1719970703125,13.2343994140625,1000.0,0.0,-0.2,0.26666666666666666,-3.0,4.0,3.0,31
252.32496643066406,57.36558532714844,11.473117065429687,1000.0,0.0,-0.2,0.3333333333333333,-3.0,5.0,3.0,31
266.76580810546875,96.93440246582031,19.386880493164064,1000.0,0.0,-0.2,0.4,-3.0,6.0,3.0,31
310.1094665527344,94.36213684082031,18.87242736816406,1000.0,0.0,-0.2,0.4666666666666667,-3.0,7.0,3.0,31
279.229248046875,95.66150665283203,19.132301330566406,1000.0,0.0,-0.2,0.5333333333333333,-3.0,8.0,3.0,31
306.9489440917969,100.97692108154297,20.195384216308593,1000.0,0.0,-0.2,0.6,-3.0,9.0,3.0,31
290.29681396484375,91.95176696777344,18.390353393554687,1000.0,0.0,-0.2,0.6666666666666666,-3.0,10.0,3.0,31
284.564453125,91.49758911132812,18.299517822265624,1000.0,0.0,-0.2,0.7333333333333333,-3.0,11.0,3.0,31
275.71990966796875,89.08234405517578,17.816468811035158,1000.0,0.0,-0.2,0.8,-3.0,12.0,3.0,31
265.2324523925781,95.94169616699219,19.188339233398438,1000.0,0.0,-0.2,0.8666666666666667,-3.0,13.0,3.0,31
254.91015625,80.32427215576172,16.064854431152344,1000.0,0.0,-0.2,0.9333333333333333,-3.0,14.0,3.0,31
281.7484436035156,103.10832977294922,20.621665954589844,1000.0,0.0,-0.2,1.0,-3.0,15.0,3.0,31
223.14883422851562,25.645736694335938,5.129147338867187,1000.0,0.0,-0.13333333333333333,-1.0,-2.0,-15.0,3.0,31
218.78582763671875,31.92607307434082,6.385214614868164,1000.0,0.0,-0.13333333333333333,-0.9333333333333333,-2.0,-14.0,3.0,31
208.18731689453125,22.968975067138672,4.5937950134277346,1000.0,0.0,-0.13333333333333333,-0.8666666666666667,-2.0,-13.0,3.0,31
212.35699462890625,33.25023651123047,6.650047302246094,1000.0,0.0,-0.13333333333333333,-0.8,-2.0,-12.0,3.0,31
213.26199340820312,38.13497543334961,7.626995086669922,1000.0,0.0,-0.13333333333333333,-0.7333333333333333,-2.0,-11.0,3.0,31
211.58677673339844,26.13938331604004,5.227876663208008,1000.0,0.0,-0.13333333333333333,-0.6666666666666666,-2.0,-10.0,3.0,31
213.47125244140625,38.51923370361328,7.703846740722656,1000.0,0.0,-0.13333333333333333,-0.6,-2.0,-9.0,3.0,31
207.43960571289062,27.57276153564453,5.514552307128906,1000.0,0.0,-0.13333333333333333,-0.5333333333333333,-2.0,-8.0,3.0,31
229.9824981689453,38.76663589477539,7.753327178955078,1000.0,0.0,-0.13333333333333333,-0.4666666666666667,-2.0,-7.0,3.0,31
194.2632598876953,19.167936325073242,3.8335872650146485,1000.0,0.0,-0.13333333333333333,-0.4,-2.0,-6.0,3.0,31
208.97061157226562,46.416202545166016,9.283240509033202,1000.0,0.0,-0.13333333333333333,-0.3333333333333333,-2.0,-5.0,3.0,31
280.5606384277344,51.833580017089844,10.366716003417968,1000.0,0.0,-0.13333333333333333,-0.26666666666666666,-2.0,-4.0,3.0,31
226.64007568359375,70.96326446533203,14.192652893066406,1000.0,0.0,-0.13333333333333333,-0.2,-2.0,-3.0,3.0,31
336.8987121582031,121.97057342529297,24.394114685058593,1000.0,0.0,-0.13333333333333333,-0.13333333333333333,-2.0,-2.0,3.0,31
816.842041015625,126.86724853515625,25.37344970703125,1000.0,0.0,-0.13333333333333333,-0.06666666666666667,-2.0,-1.0,3.0,31
924.072509765625,73.34647369384766,14.669294738769532,1000.0,0.0,-0.13333333333333333,0.0,-2.0,0.0,3.0,31
635.9959106445312,324.4202880859375,64.8840576171875,1000.0,0.0,-0.13333333333333333,0.06666666666666667,-2.0,1.0,3.0,31
380.4649353027344,121.8218765258789,24.36437530517578,1000.0,0.0,-0.13333333333333333,0.13333333333333333,-2.0,2.0,3.0,31
292.579345703125,78.73165130615234,15.746330261230469,1000.0,0.0,-0.13333333333333333,0.2,-2.0,3.0,3.0,31
433.43194580078125,122.25677490234375,24.45135498046875,1000.0,0.0,-0.13333333333333333,0.26666666666666666,-2.0,4.0,3.0,31
324.6561279296875,114.5865707397461,22.91731414794922,1000.0,0.0,-0.13333333333333333,0.3333333333333333,-2.0,5.0,3.0,31
331.7203063964844,126.29904174804688,25.259808349609376,1000.0,0.0,-0.13333333333333333,0.4,-2.0,6.0,3.0,31
299.26116943359375,97.21058654785156,19.442117309570314,1000.0,0.0,-0.13333333333333333,0.4666666666666667,-2.0,7.0,3.0,31
292.0048828125,109.86260223388672,21.972520446777345,1000.0,0.0,-0.13333333333333333,0.5333333333333333,-2.0,8.0,3.0,31
291.92254638671875,119.75012969970703,23.950025939941405,1000.0,0.0,-0.13333333333333333,0.6,-2.0,9.0,3.0,31
287.8631286621094,95.03264617919922,19.006529235839842,1000.0,0.0,-0.13333333333333333,0.6666666666666666,-2.0,10.0,3.0,31
256.9307556152344,87.28776550292969,17.457553100585937,1000.0,0.0,-0.13333333333333333,0.7333333333333333,-2.0,11.0,3.0,31
254.74171447753906,70.8819808959961,14.17639617919922,1000.0,0.0,-0.13333333333333333,0.8,-2.0,12.0,3.0,31
239.72166442871094,67.24473571777344,13.448947143554687,1000.0,0.0,-0.13333333333333333,0.8666666666666667,-2.0,13.0,3.0,31
277.089111328125,80.51972961425781,16.103945922851562,1000.0,0.0,-0.13333333333333333,0.9333333333333333,-2.0,14.0,3.0,31
233.25299072265625,60.8079948425293,12.16159896850586,1000.0,0.0,-0.13333333333333333,1.0,-2.0,15.0,3.0,31
263.8697509765625,72.72704315185547,14.545408630371094,1000.0,0.0,-0.06666666666666667,-1.0,-1.0,-15.0,3.0,31
272.4803771972656,63.58538818359375,12.71707763671875,1000.0,0.0,-0.06666666666666667,-0.9333333333333333,-1.0,-14.0,3.0,31
219.80917358398438,40.664974212646484,8.132994842529296,1000.0,0.0,-0.06666666666666667,-0.8666666666666667,-1.0,-13.0,3.0,31
204.7100067138672,28.369779586791992,5.673955917358398,1000.0,0.0,-0.06666666666666667,-0.8,-1.0,-12.0,3.0,31
195.76388549804688,23.625200271606445,4.725040054321289,1000.0,0.0,-0.06666666666666667,-0.7333333333333333,-1.0,-11.0,3.0,31
198.23167419433594,21.19513511657715,4.23902702331543,1000.0,0.0,-0.06666666666666667,-0.6666666666666666,-1.0,-10.0,3.0,31
210.99363708496094,22.664079666137695,4.532815933227539,1000.0,0.0,-0.06666666666666667,-0.6,-1.0,-9.0,3.0,31
209.39796447753906,25.895103454589844,5.179020690917969,1000.0,0.0,-0.06666666666666667,-0.5333333333333333,-1.0,-8.0,3.0,31
195.18490600585938,26.183956146240234,5.2367912292480465,1000.0,0.0,-0.06666666666666667,-0.4666666666666667,-1.0,-7.0,3.0,31
313.0361633300781,75.93447875976562,15.186895751953125,1000.0,0.0,-0.06666666666666667,-0.4,-1.0,-6.0,3.0,31
291.8247375488281,120.25704956054688,24.051409912109374,1000.0,0.0,-0.06666666666666667,-0.3333333333333333,-1.0,-5.0,3.0,31
368.93341064453125,131.43002319335938,26.286004638671876,1000.0,0.0,-0.06666666666666667,-0.26666666666666666,-1.0,-4.0,3.0,31
191.4515838623047,23.712982177734375,4.742596435546875,1000.0,0.0,-0.06666666666666667,-0.2,-1.0,-3.0,3.0,31
426.52178955078125,166.6212921142578,33.324258422851564,1000.0,0.0,-0.06666666666666667,-0.13333333333333333,-1.0,-2.0,3.0,31
960.3705444335938,14.97386360168457,2.994772720336914,1000.0,0.0,-0.06666666666666667,-0.06666666666666667,-1.0,-1.0,3.0,31
969.6021118164062,16.323726654052734,3.264745330810547,1000.0,0.0,-0.06666666666666667,0.0,-1.0,0.0,3.0,31
948.903564453125,24.692626953125,4.938525390625,1000.0,0.0,-0.06666666666666667,0.06666666666666667,-1.0,1.0,3.0,31
681.2315063476562,190.43809509277344,38.08761901855469,1000.0,0.0,-0.06666666666666667,0.13333333333333333,-1.0,2.0,3.0,31
577.9528198242188,167.37265014648438,33.47453002929687,1000.0,0.0,-0.06666666666666667,0.2,-1.0,3.0,3.0,31
438.94561767578125,162.31503295898438,32.463006591796876,1000.0,0.0,-0.06666666666666667,0.26666666666666666,-1.0,4.0,3.0,31
388.222900390625,106.27365112304688,21.254730224609375,1000.0,0.0,-0.06666666666666667,0.3333333333333333,-1.0,5.0,3.0,31
308.45086669921875,125.15901947021484,25.03180389404297,1000.0,0.0,-0.06666666666666667,0.4,-1.0,6.0,3.0,31
291.23077392578125,131.5980224609375,26.3196044921875,1000.0,0.0,-0.06666666666666667,0.4666666666666667,-1.0,7.0,3.0,31
266.7025451660156,105.08364868164062,21.016729736328124,1000.0,0.0,-0.06666666666666667,0.5333333333333333,-1.0,8.0,3.0,31
274.7110290527344,116.5771255493164,23.31542510986328,1000.0,0.0,-0.06666666666666667,0.6,-1.0,9.0,3.0,31
287.737060546875,124.66606903076172,24.933213806152345,1000.0,0.0,-0.06666666666666667,0.6666666666666666,-1.0,10.0,3.0,31
262.4358215332031,111.02298736572266,22.20459747314453,1000.0,0.0,-0.06666666666666667,0.7333333333333333,-1.0,11.0,3.0,31
255.82598876953125,85.54071044921875,17.10814208984375,1000.0,0.0,-0.06666666666666667,0.8,-1.0,12.0,3.0,31
296.86248779296875,98.35131072998047,19.670262145996094,1000.0,0.0,-0.06666666666666667,0.8666666666666667,-1.0,13.0,3.0,31
295.5288391113281,89.8185043334961,17.96370086669922,1000.0,0.0,-0.06666666666666667,0.9333333333333333,-1.0,14.0,3.0,31
299.431884765625,92.86595153808594,18.57319030761719,1000.0,0.0,-0.06666666666666667,1.0,-1.0,15.0,3.0,31
274.6845703125,71.09886932373047,14.219773864746093,1000.0,0.0,0.0,-1.0,0.0,-15.0,3.0,31
270.6592102050781,64.44764709472656,12.889529418945312,1000.0,0.0,0.0,-0.9333333333333333,0.0,-14.0,3.0,31
207.42921447753906,49.66302490234375,9.93260498046875,1000.0,0.0,0.0,-0.8666666666666667,0.0,-13.0,3.0,31
202.10789489746094,37.46640396118164,7.4932807922363285,1000.0,0.0,0.0,-0.8,0.0,-12.0,3.0,31
222.5397491455078,55.480194091796875,11.096038818359375,1000.0,0.0,0.0,-0.7333333333333333,0.0,-11.0,3.0,31
199.7990264892578,25.146879196166992,5.029375839233398,1000.0,0.0,0.0,-0.6666666666666666,0.0,-10.0,3.0,31
219.38804626464844,50.379154205322266,10.075830841064453,1000.0,0.0,0.0,-0.6,0.0,-9.0,3.0,31
230.17974853515625,54.29960250854492,10.859920501708984,1000.0,0.0,0.0,-0.5333333333333333,0.0,-8.0,3.0,31
295.0063171386719,104.29071807861328,20.858143615722657,1000.0,0.0,0.0,-0.4666666666666667,0.0,-7.0,3.0,31
335.33233642578125,121.85977172851562,24.371954345703124,1000.0,0.0,0.0,-0.4,0.0,-6.0,3.0,31
326.3672790527344,150.8189697265625,30.1637939453125,1000.0,0.0,0.0,-0.3333333333333333,0.0,-5.0,3.0,31
252.64572143554688,100.0072021484375,20.0014404296875,1000.0,0.0,0.0,-0.26666666666666666,0.0,-4.0,3.0,31
202.20428466796875,52.27585220336914,10.455170440673829,1000.0,0.0,0.0,-0.2,0.0,-3.0,3.0,31
362.9998779296875,176.0653076171875,35.2130615234375,1000.0,0.0,0.0,-0.13333333333333333,0.0,-2.0,3.0,31
926.5828857421875,157.2108917236328,31.442178344726564,1000.0,0.0,0.0,-0.06666666666666667,0.0,-1.0,3.0,31
978.83740234375,10.838617324829102,2.16772346496582,1000.0,0.0,0.0,0.0,0.0,0.0,3.0,31
967.05126953125,9.556387901306152,1.9112775802612305,1000.0,0.0,0.0,0.06666666666666667,0.0,1.0,3.0,31
656.2777099609375,236.42108154296875,47.28421630859375,1000.0,0.0,0.0,0.13333333333333333,0.0,2.0,3.0,31
273.43133544921875,69.5931625366211,13.918632507324219,1000.0,0.0,0.0,0.2,0.0,3.0,3.0,31
233.2264404296875,76.89463806152344,15.378927612304688,1000.0,0.0,0.0,0.26666666666666666,0.0,4.0,3.0,31
227.25926208496094,66.45364379882812,13.290728759765624,1000.0,0.0,0.0,0.3333333333333333,0.0,5.0,3.0,31
230.4956512451172,68.01114654541016,13.60222930908203,1000.0,0.0,0.0,0.4,0.0,6.0,3.0,31
219.60447692871094,66.6500473022461,13.330009460449219,1000.0,0.0,0.0,0.4666666666666667,0.0,7.0,3.0,31
223.68780517578125,86.83506774902344,17.36701354980469,1000.0,0.0,0.0,0.5333333333333333,0.0,8.0,3.0,31
267.84222412109375,114.79463195800781,22.958926391601562,1000.0,0.0,0.0,0.6,0.0,9.0,3.0,31
286.6278076171875,115.82706451416016,23.16541290283203,1000.0,0.0,0.0,0.6666666666666666,0.0,10.0,3.0,31
287.5964050292969,118.55333709716797,23.710667419433594,1000.0,0.0,0.0,0.7333333333333333,0.0,11.0,3.0,31
294.62127685546875,109.95757293701172,21.991514587402342,1000.0,0.0,0.0,0.8,0.0,12.0,3.0,31
294.5396423339844,110.34011840820312,22.068023681640625,1000.0,0.0,0.0,0.8666666666666667,0.0,13.0,3.0,31
295.7353210449219,108.5330581665039,21.70661163330078,1000.0,0.0,0.0,0.9333333333333333,0.0,14.0,3.0,31
278.949951171875,113.17069244384766,22.63413848876953,1000.0,0.0,0.0,1.0,0.0,15.0,3.0,31
262.7662658691406,70.5897216796875,14.1179443359375,1000.0,0.0,0.06666666666666667,-1.0,1.0,-15.0,3.0,31
211.90855407714844,50.30242156982422,10.060484313964844,1000.0,0.0,0.06666666666666667,-0.9333333333333333,1.0,-14.0,3.0,31
201.79881286621094,36.80593490600586,7.361186981201172,1000.0,0.0,0.06666666666666667,-0.8666666666666667,1.0,-13.0,3.0,31
244.83963012695312,64.64157104492188,12.928314208984375,1000.0,0.0,0.06666666666666667,-0.8,1.0,-12.0,3.0,31
262.85211181640625,74.74134063720703,14.948268127441406,1000.0,0.0,0.06666666666666667,-0.7333333333333333,1.0,-11.0,3.0,31
263.84423828125,86.13494110107422,17.226988220214842,1000.0,0.0,0.06666666666666667,-0.6666666666666666,1.0,-10.0,3.0,31
308.7657775878906,64.63541412353516,12.927082824707032,1000.0,0.0,0.06666666666666667,-0.6,1.0,-9.0,3.0,31
315.9823303222656,61.376708984375,12.275341796875,1000.0,0.0,0.06666666666666667,-0.5333333333333333,1.0,-8.0,3.0,31
271.2889099121094,83.91019439697266,16.78203887939453,1000.0,0.0,0.06666666666666667,-0.4666666666666667,1.0,-7.0,3.0,31
300.1396789550781,74.214599609375,14.842919921875,1000.0,0.0,0.06666666666666667,-0.4,1.0,-6.0,3.0,31
215.10433959960938,32.4069709777832,6.481394195556641,1000.0,0.0,0.06666666666666667,-0.3333333333333333,1.0,-5.0,3.0,31
195.0895538330078,37.5217399597168,7.5043479919433596,1000.0,0.0,0.06666666666666667,-0.26666666666666666,1.0,-4.0,3.0,31
211.91397094726562,59.62601852416992,11.925203704833985,1000.0,0.0,0.06666666666666667,-0.2,1.0,-3.0,3.0,31
223.79840087890625,47.43730545043945,9.48746109008789,1000.0,0.0,0.06666666666666667,-0.13333333333333333,1.0,-2.0,3.0,31
730.0333862304688,284.8067626953125,56.9613525390625,1000.0,0.0,0.06666666666666667,-0.06666666666666667,1.0,-1.0,3.0,31
963.298095703125,15.092628479003906,3.0185256958007813,1000.0,0.0,0.06666666666666667,0.0,1.0,0.0,3.0,31
938.956298828125,25.587486267089844,5.117497253417969,1000.0,0.0,0.06666666666666667,0.06666666666666667,1.0,1.0,3.0,31
317.2491455078125,133.6466064453125,26.7293212890625,1000.0,0.0,0.06666666666666667,0.13333333333333333,1.0,2.0,3.0,31
220.10316467285156,32.64494323730469,6.528988647460937,1000.0,0.0,0.06666666666666667,0.2,1.0,3.0,3.0,31
230.09707641601562,60.68162155151367,12.136324310302735,1000.0,0.0,0.06666666666666667,0.26666666666666666,1.0,4.0,3.0,31
234.34628295898438,48.19084167480469,9.638168334960938,1000.0,0.0,0.06666666666666667,0.3333333333333333,1.0,5.0,3.0,31
212.18133544921875,44.169498443603516,8.833899688720702,1000.0,0.0,0.06666666666666667,0.4,1.0,6.0,3.0,31
212.25772094726562,45.43803405761719,9.087606811523438,1000.0,0.0,0.06666666666666667,0.4666666666666667,1.0,7.0,3.0,31
233.5490264892578,56.64192199707031,11.328384399414062,1000.0,0.0,0.06666666666666667,0.5333333333333333,1.0,8.0,3.0,31
250.90371704101562,79.90692901611328,15.981385803222656,1000.0,0.0,0.06666666666666667,0.6,1.0,9.0,3.0,31
234.95408630371094,91.06368255615234,18.212736511230467,1000.0,0.0,0.06666666666666667,0.6666666666666666,1.0,10.0,3.0,31
287.4219665527344,122.72781372070312,24.545562744140625,1000.0,0.0,0.06666666666666667,0.7333333333333333,1.0,11.0,3.0,31
243.17349243164062,98.9444351196289,19.78888702392578,1000.0,0.0,0.06666666666666667,0.8,1.0,12.0,3.0,31
274.9252624511719,121.1200180053711,24.22400360107422,1000.0,0.0,0.06666666666666667,0.8666666666666667,1.0,13.0,3.0,31
287.0908508300781,94.34441375732422,18.868882751464845,1000.0,0.0,0.06666666666666667,0.9333333333333333,1.0,14.0,3.0,31
273.4839172363281,92.32518768310547,18.465037536621093,1000.0,0.0,0.06666666666666667,1.0,1.0,15.0,3.0,31
206.85601806640625,43.735389709472656,8.747077941894531,1000.0,0.0,0.13333333333333333,-1.0,2.0,-15.0,3.0,31
232.16958618164062,69.3244400024414,13.864888000488282,1000.0,0.0,0.13333333333333333,-0.9333333333333333,2.0,-14.0,3.0,31
256.9393310546875,73.04103088378906,14.608206176757813,1000.0,0.0,0.13333333333333333,-0.8666666666666667,2.0,-13.0,3.0,31
266.6436767578125,70.6872329711914,14.13744659423828,1000.0,0.0,0.13333333333333333,-0.8,2.0,-12.0,3.0,31
265.1446533203125,62.144195556640625,12.428839111328125,1000.0,0.0,0.13333333333333333,-0.7333333333333333,2.0,-11.0,3.0,31
281.831787109375,63.32069396972656,12.664138793945312,1000.0,0.0,0.13333333333333333,-0.6666666666666666,2.0,-10.0,3.0,31
285.6689147949219,70.4591064453125,14.0918212890625,1000.0,0.0,0.13333333333333333,-0.6,2.0,-9.0,3.0,31
268.1527099609375,79.1822509765625,15.8364501953125,1000.0,0.0,0.13333333333333333,-0.5333333333333333,2.0,-8.0,3.0,31
183.7624969482422,16.976503372192383,3.3953006744384764,1000.0,0.0,0.13333333333333333,-0.4666666666666667,2.0,-7.0,3.0,31
182.0830841064453,13.903475761413574,2.780695152282715,1000.0,0.0,0.13333333333333333,-0.4,2.0,-6.0,3.0,31
196.03587341308594,31.533660888671875,6.306732177734375,1000.0,0.0,0.13333333333333333,-0.3333333333333333,2.0,-5.0,3.0,31
225.3423309326172,83.25957489013672,16.651914978027342,1000.0,0.0,0.13333333333333333,-0.26666666666666666,2.0,-4.0,3.0,31
198.16830444335938,44.54468536376953,8.908937072753906,1000.0,0.0,0.13333333333333333,-0.2,2.0,-3.0,3.0,31
246.80789184570312,104.32467651367188,20.864935302734374,1000.0,0.0,0.13333333333333333,-0.13333333333333333,2.0,-2.0,3.0,31
288.429931640625,118.71598052978516,23.743196105957033,1000.0,0.0,0.13333333333333333,-0.06666666666666667,2.0,-1.0,3.0,31
716.0429077148438,235.74754333496094,47.14950866699219,1000.0,0.0,0.13333333333333333,0.0,2.0,0.0,3.0,31
396.9463806152344,157.7452392578125,31.5490478515625,1000.0,0.0,0.13333333333333333,0.06666666666666667,2.0,1.0,3.0,31
228.7480926513672,46.38471984863281,9.276943969726563,1000.0,0.0,0.13333333333333333,0.13333333333333333,2.0,2.0,3.0,31
214.87547302246094,48.294654846191406,9.65893096923828,1000.0,0.0,0.13333333333333333,0.2,2.0,3.0,3.0,31
257.5939025878906,68.55575561523438,13.711151123046875,1000.0,0.0,0.13333333333333333,0.26666666666666666,2.0,4.0,3.0,31
200.64620971679688,28.922462463378906,5.784492492675781,1000.0,0.0,0.13333333333333333,0.3333333333333333,2.0,5.0,3.0,31
210.9688720703125,47.03435134887695,9.406870269775391,1000.0,0.0,0.13333333333333333,0.4,2.0,6.0,3.0,31
220.97560119628906,48.094154357910156,9.61883087158203,1000.0,0.0,0.13333333333333333,0.4666666666666667,2.0,7.0,3.0,31
238.14064025878906,55.40046691894531,11.080093383789062,1000.0,0.0,0.13333333333333333,0.5333333333333333,2.0,8.0,3.0,31
219.62319946289062,64.12068176269531,12.824136352539062,1000.0,0.0,0.13333333333333333,0.6,2.0,9.0,3.0,31
262.2280578613281,109.26879119873047,21.853758239746092,1000.0,0.0,0.13333333333333333,0.6666666666666666,2.0,10.0,3.0,31
255.3720245361328,97.15874481201172,19.431748962402345,1000.0,0.0,0.13333333333333333,0.7333333333333333,2.0,11.0,3.0,31
271.298583984375,103.18256378173828,20.636512756347656,1000.0,0.0,0.13333333333333333,0.8,2.0,12.0,3.0,31
270.7713623046875,103.81499481201172,20.762998962402342,1000.0,0.0,0.13333333333333333,0.8666666666666667,2.0,13.0,3.0,31
276.9755859375,90.5578842163086,18.11157684326172,1000.0,0.0,0.13333333333333333,0.9333333333333333,2.0,14.0,3.0,31
302.6502990722656,100.530029296875,20.106005859375,1000.0,0.0,0.13333333333333333,1.0,2.0,15.0,3.0,31
235.3889617919922,70.25588989257812,14.051177978515625,1000.0,0.0,0.2,-1.0,3.0,-15.0,3.0,31
245.3413848876953,73.08287811279297,14.616575622558594,1000.0,0.0,0.2,-0.9333333333333333,3.0,-14.0,3.0,31
240.8351593017578,72.69493865966797,14.538987731933593,1000.0,0.0,0.2,-0.8666666666666667,3.0,-13.0,3.0,31
258.197265625,74.64412689208984,14.928825378417969,1000.0,0.0,0.2,-0.8,3.0,-12.0,3.0,31
257.3885192871094,73.4049301147461,14.680986022949218,1000.0,0.0,0.2,-0.7333333333333333,3.0,-11.0,3.0,31
240.0123291015625,65.90702056884766,13.181404113769531,1000.0,0.0,0.2,-0.6666666666666666,3.0,-10.0,3.0,31
237.6552734375,51.40168380737305,10.28033676147461,1000.0,0.0,0.2,-0.6,3.0,-9.0,3.0,31
241.02850341796875,55.06647491455078,11.013294982910157,1000.0,0.0,0.2,-0.5333333333333333,3.0,-8.0,3.0,31
242.3454132080078,56.559669494628906,11.311933898925782,1000.0,0.0,0.2,-0.4666666666666667,3.0,-7.0,3.0,31
207.30337524414062,35.221900939941406,7.044380187988281,1000.0,0.0,0.2,-0.4,3.0,-6.0,3.0,31
188.23843383789062,47.02708435058594,9.405416870117188,1000.0,0.0,0.2,-0.3333333333333333,3.0,-5.0,3.0,31
193.83892822265625,34.83693313598633,6.967386627197266,1000.0,0.0,0.2,-0.26666666666666666,3.0,-4.0,3.0,31
206.62283325195312,48.86795425415039,9.773590850830079,1000.0,0.0,0.2,-0.2,3.0,-3.0,3.0,31
209.0203094482422,51.19659423828125,10.23931884765625,1000.0,0.0,0.2,-0.13333333333333333,3.0,-2.0,3.0,31
220.82919311523438,85.14522552490234,17.02904510498047,1000.0,0.0,0.2,-0.06666666666666667,3.0,-1.0,3.0,31
259.3750915527344,106.27660369873047,21.255320739746093,1000.0,0.0,0.2,0.0,3.0,0.0,3.0,31
249.0175323486328,72.06501007080078,14.413002014160156,1000.0,0.0,0.2,0.06666666666666667,3.0,1.0,3.0,31
299.697998046875,101.59896087646484,20.319792175292967,1000.0,0.0,0.2,0.13333333333333333,3.0,2.0,3.0,31
248.9462432861328,46.87193298339844,9.374386596679688,1000.0,0.0,0.2,0.2,3.0,3.0,3.0,31
262.7597351074219,65.25576782226562,13.051153564453125,1000.0,0.0,0.2,0.26666666666666666,3.0,4.0,3.0,31
210.55526733398438,36.42831802368164,7.285663604736328,1000.0,0.0,0.2,0.3333333333333333,3.0,5.0,3.0,31
216.34356689453125,55.621490478515625,11.124298095703125,1000.0,0.0,0.2,0.4,3.0,6.0,3.0,31
236.21981811523438,71.76461791992188,14.352923583984374,1000.0,0.0,0.2,0.4666666666666667,3.0,7.0,3.0,31
209.02371215820312,40.28322982788086,8.056645965576172,1000.0,0.0,0.2,0.5333333333333333,3.0,8.0,3.0,31
235.1061553955078,68.32636260986328,13.665272521972657,1000.0,0.0,0.2,0.6,3.0,9.0,3.0,31
229.84414672851562,60.477664947509766,12.095532989501953,1000.0,0.0,0.2,0.6666666666666666,3.0,10.0,3.0,31
266.6396179199219,123.8669204711914,24.77338409423828,1000.0,0.0,0.2,0.7333333333333333,3.0,11.0,3.0,31
256.9761962890625,92.17950439453125,18.43590087890625,1000.0,0.0,0.2,0.8,3.0,12.0,3.0,31
251.07403564453125,95.32342529296875,19.06468505859375,1000.0,0.0,0.2,0.8666666666666667,3.0,13.0,3.0,31
264.28253173828125,86.2606201171875,17.2521240234375,1000.0,0.0,0.2,0.9333333333333333,3.0,14.0,3.0,31
270.1108703613281,82.51505279541016,16.503010559082032,1000.0,0.0,0.2,1.0,3.0,15.0,3.0,31
241.6302490234375,59.4269905090332,11.88539810180664,1000.0,0.0,0.26666666666666666,-1.0,4.0,-15.0,3.0,31
221.33642578125,67.32421112060547,13.464842224121094,1000.0,0.0,0.26666666666666666,-0.9333333333333333,4.0,-14.0,3.0,31
241.6450958251953,62.11225509643555,12.42245101928711,1000.0,0.0,0.26666666666666666,-0.8666666666666667,4.0,-13.0,3.0,31
244.9647674560547,62.98336410522461,12.596672821044923,1000.0,0.0,0.26666666666666666,-0.8,4.0,-12.0,3.0,31
220.04376220703125,44.877288818359375,8.975457763671875,1000.0,0.0,0.26666666666666666,-0.7333333333333333,4.0,-11.0,3.0,31
216.8451385498047,46.87314224243164,9.374628448486328,1000.0,0.0,0.26666666666666666,-0.6666666666666666,4.0,-10.0,3.0,31
202.11563110351562,28.674962997436523,5.734992599487304,1000.0,0.0,0.26666666666666666,-0.6,4.0,-9.0,3.0,31
203.69134521484375,24.360633850097656,4.872126770019531,1000.0,0.0,0.26666666666666666,-0.5333333333333333,4.0,-8.0,3.0,31
210.9609832763672,31.090303421020508,6.218060684204102,1000.0,0.0,0.26666666666666666,-0.4666666666666667,4.0,-7.0,3.0,31
183.89990234375,17.408344268798828,3.4816688537597655,1000.0,0.0,0.26666666666666666,-0.4,4.0,-6.0,3.0,31
185.51141357421875,20.405460357666016,4.081092071533203,1000.0,0.0,0.26666666666666666,-0.3333333333333333,4.0,-5.0,3.0,31
188.24998474121094,24.0068359375,4.8013671875,1000.0,0.0,0.26666666666666666,-0.26666666666666666,4.0,-4.0,3.0,31
194.1725616455078,26.082571029663086,5.216514205932617,1000.0,0.0,0.26666666666666666,-0.2,4.0,-3.0,3.0,31
194.49798583984375,29.726118087768555,5.945223617553711,1000.0,0.0,0.26666666666666666,-0.13333333333333333,4.0,-2.0,3.0,31
203.84352111816406,41.15370559692383,8.230741119384765,1000.0,0.0,0.26666666666666666,-0.06666666666666667,4.0,-1.0,3.0,31
221.40757751464844,49.3289680480957,9.865793609619141,1000.0,0.0,0.26666666666666666,0.0,4.0,0.0,3.0,31
297.1910095214844,137.5726318359375,27.5145263671875,1000.0,0.0,0.26666666666666666,0.06666666666666667,4.0,1.0,3.0,31
323.3619689941406,151.5948486328125,30.3189697265625,1000.0,0.0,0.26666666666666666,0.13333333333333333,4.0,2.0,3.0,31
350.6045227050781,166.6210174560547,33.32420349121094,1000.0,0.0,0.26666666666666666,0.2,4.0,3.0,3.0,31
235.73745727539062,51.48617935180664,10.297235870361328,1000.0,0.0,0.26666666666666666,0.26666666666666666,4.0,4.0,3.0,31
226.46490478515625,57.06092071533203,11.412184143066407,1000.0,0.0,0.26666666666666666,0.3333333333333333,4.0,5.0,3.0,31
257.6806335449219,91.32270812988281,18.264541625976562,1000.0,0.0,0.26666666666666666,0.4,4.0,6.0,3.0,31
279.6610107421875,69.5556640625,13.9111328125,1000.0,0.0,0.26666666666666666,0.4666666666666667,4.0,7.0,3.0,31
232.9819793701172,67.52948760986328,13.505897521972656,1000.0,0.0,0.26666666666666666,0.5333333333333333,4.0,8.0,3.0,31
247.42396545410156,86.51771545410156,17.303543090820312,1000.0,0.0,0.26666666666666666,0.6,4.0,9.0,3.0,31
279.1307373046875,118.28899383544922,23.657798767089844,1000.0,0.0,0.26666666666666666,0.6666666666666666,4.0,10.0,3.0,31
270.2294616699219,95.08160400390625,19.01632080078125,1000.0,0.0,0.26666666666666666,0.7333333333333333,4.0,11.0,3.0,31
291.3702392578125,110.07180786132812,22.014361572265624,1000.0,0.0,0.26666666666666666,0.8,4.0,12.0,3.0,31
298.7196044921875,126.66498565673828,25.332997131347657,1000.0,0.0,0.26666666666666666,0.8666666666666667,4.0,13.0,3.0,31
317.2987060546875,105.51448822021484,21.10289764404297,1000.0,0.0,0.26666666666666666,0.9333333333333333,4.0,14.0,3.0,31
308.0793762207031,112.66526794433594,22.533053588867187,1000.0,0.0,0.26666666666666666,1.0,4.0,15.0,3.0,31
230.51202392578125,62.728511810302734,12.545702362060547,1000.0,0.0,0.3333333333333333,-1.0,5.0,-15.0,3.0,31
230.5245361328125,64.52960968017578,12.905921936035156,1000.0,0.0,0.3333333333333333,-0.9333333333333333,5.0,-14.0,3.0,31
218.25390625,48.20758056640625,9.64151611328125,1000.0,0.0,0.3333333333333333,-0.8666666666666667,5.0,-13.0,3.0,31
226.72232055664062,54.62184524536133,10.924369049072265,1000.0,0.0,0.3333333333333333,-0.8,5.0,-12.0,3.0,31
226.69732666015625,58.47123336791992,11.694246673583985,1000.0,0.0,0.3333333333333333,-0.7333333333333333,5.0,-11.0,3.0,31
235.8404083251953,63.607120513916016,12.721424102783203,1000.0,0.0,0.3333333333333333,-0.6666666666666666,5.0,-10.0,3.0,31
206.73509216308594,43.12550735473633,8.625101470947266,1000.0,0.0,0.3333333333333333,-0.6,5.0,-9.0,3.0,31
198.01625061035156,33.3012580871582,6.660251617431641,1000.0,0.0,0.3333333333333333,-0.5333333333333333,5.0,-8.0,3.0,31
182.3438262939453,16.137306213378906,3.227461242675781,1000.0,0.0,0.3333333333333333,-0.4666666666666667,5.0,-7.0,3.0,31
182.71420288085938,15.419590950012207,3.0839181900024415,1000.0,0.0,0.3333333333333333,-0.4,5.0,-6.0,3.0,31
183.0245361328125,16.275611877441406,3.2551223754882814,1000.0,0.0,0.3333333333333333,-0.3333333333333333,5.0,-5.0,3.0,31
190.2101593017578,23.80624008178711,4.761248016357422,1000.0,0.0,0.3333333333333333,-0.26666666666666666,5.0,-4.0,3.0,31
181.31417846679688,16.686677932739258,3.3373355865478516,1000.0,0.0,0.3333333333333333,-0.2,5.0,-3.0,3.0,31
182.30303955078125,19.919208526611328,3.9838417053222654,1000.0,0.0,0.3333333333333333,-0.13333333333333333,5.0,-2.0,3.0,31
194.50503540039062,31.6136417388916,6.3227283477783205,1000.0,0.0,0.3333333333333333,-0.06666666666666667,5.0,-1.0,3.0,31
198.01487731933594,41.785945892333984,8.357189178466797,1000.0,0.0,0.3333333333333333,0.0,5.0,0.0,3.0,31
202.04949951171875,33.30643081665039,6.661286163330078,1000.0,0.0,0.3333333333333333,0.06666666666666667,5.0,1.0,3.0,31
347.56854248046875,128.59829711914062,25.719659423828126,1000.0,0.0,0.3333333333333333,0.13333333333333333,5.0,2.0,3.0,31
285.092529296875,134.88470458984375,26.97694091796875,1000.0,0.0,0.3333333333333333,0.2,5.0,3.0,3.0,31
288.57781982421875,130.2788848876953,26.05577697753906,1000.0,0.0,0.3333333333333333,0.26666666666666666,5.0,4.0,3.0,31
306.402587890625,126.69219970703125,25.33843994140625,1000.0,0.0,0.3333333333333333,0.3333333333333333,5.0,5.0,3.0,31
275.5112609863281,92.68374633789062,18.536749267578124,1000.0,0.0,0.3333333333333333,0.4,5.0,6.0,3.0,31
324.8968811035156,97.54878234863281,19.50975646972656,1000.0,0.0,0.3333333333333333,0.4666666666666667,5.0,7.0,3.0,31
327.5156555175781,91.83912658691406,18.367825317382813,1000.0,0.0,0.3333333333333333,0.5333333333333333,5.0,8.0,3.0,31
267.79425048828125,95.05577850341797,19.011155700683595,1000.0,0.0,0.3333333333333333,0.6,5.0,9.0,3.0,31
259.0865783691406,89.43915557861328,17.887831115722655,1000.0,0.0,0.3333333333333333,0.6666666666666666,5.0,10.0,3.0,31
280.0784606933594,103.07413482666016,20.614826965332032,1000.0,0.0,0.3333333333333333,0.7333333333333333,5.0,11.0,3.0,31
280.32867431640625,104.99372100830078,20.998744201660156,1000.0,0.0,0.3333333333333333,0.8,5.0,12.0,3.0,31
308.23809814453125,122.57173919677734,24.51434783935547,1000.0,0.0,0.3333333333333333,0.8666666666666667,5.0,13.0,3.0,31
284.5368957519531,93.5428237915039,18.70856475830078,1000.0,0.0,0.3333333333333333,0.9333333333333333,5.0,14.0,3.0,31
304.9251708984375,107.78059387207031,21.556118774414063,1000.0,0.0,0.3333333333333333,1.0,5.0,15.0,3.0,31
220.26104736328125,50.10923767089844,10.021847534179688,1000.0,0.0,0.4,-1.0,6.0,-15.0,3.0,31
225.64111328125,58.092708587646484,11.618541717529297,1000.0,0.0,0.4,-0.9333333333333333,6.0,-14.0,3.0,31
222.15330505371094,59.0123291015625,11.8024658203125,1000.0,0.0,0.4,-0.8666666666666667,6.0,-13.0,3.0,31
223.5666961669922,60.31531524658203,12.063063049316407,1000.0,0.0,0.4,-0.8,6.0,-12.0,3.0,31
217.50949096679688,62.61821746826172,12.523643493652344,1000.0,0.0,0.4,-0.7333333333333333,6.0,-11.0,3.0,31
212.29441833496094,46.784446716308594,9.356889343261718,1000.0,0.0,0.4,-0.6666666666666666,6.0,-10.0,3.0,31
210.56201171875,45.980133056640625,9.196026611328126,1000.0,0.0,0.4,-0.6,6.0,-9.0,3.0,31
196.08853149414062,33.73365020751953,6.746730041503906,1000.0,0.0,0.4,-0.5333333333333333,6.0,-8.0,3.0,31
179.10765075683594,13.022298812866211,2.604459762573242,1000.0,0.0,0.4,-0.4666666666666667,6.0,-7.0,3.0,31
180.4247589111328,17.926925659179688,3.5853851318359373,1000.0,0.0,0.4,-0.4,6.0,-6.0,3.0,31
179.52330017089844,12.905881881713867,2.5811763763427735,1000.0,0.0,0.4,-0.3333333333333333,6.0,-5.0,3.0,31
181.78196716308594,11.310097694396973,2.2620195388793944,1000.0,0.0,0.4,-0.26666666666666666,6.0,-4.0,3.0,31
179.6435089111328,17.341567993164062,3.4683135986328124,1000.0,0.0,0.4,-0.2,6.0,-3.0,3.0,31
177.15438842773438,8.676071166992188,1.7352142333984375,1000.0,0.0,0.4,-0.13333333333333333,6.0,-2.0,3.0,31
176.7144317626953,8.64486312866211,1.7289726257324218,1000.0,0.0,0.4,-0.06666666666666667,6.0,-1.0,3.0,31
200.29066467285156,38.94716262817383,7.789432525634766,1000.0,0.0,0.4,0.0,6.0,0.0,3.0,31
203.11602783203125,38.94952392578125,7.78990478515625,1000.0,0.0,0.4,0.06666666666666667,6.0,1.0,3.0,31
232.58570861816406,38.492774963378906,7.698554992675781,1000.0,0.0,0.4,0.13333333333333333,6.0,2.0,3.0,31
353.0804443359375,62.47561264038086,12.495122528076172,1000.0,0.0,0.4,0.2,6.0,3.0,3.0,31
386.61187744140625,121.47171783447266,24.294343566894533,1000.0,0.0,0.4,0.26666666666666666,6.0,4.0,3.0,31
366.4520568847656,130.43310546875,26.08662109375,1000.0,0.0,0.4,0.3333333333333333,6.0,5.0,3.0,31
361.09747314453125,100.18840789794922,20.037681579589844,1000.0,0.0,0.4,0.4,6.0,6.0,3.0,31
344.4125061035156,86.30467987060547,17.260935974121093,1000.0,0.0,0.4,0.4666666666666667,6.0,7.0,3.0,31
335.26043701171875,116.55909729003906,23.31181945800781,1000.0,0.0,0.4,0.5333333333333333,6.0,8.0,3.0,31
360.92120361328125,95.56477355957031,19.112954711914064,1000.0,0.0,0.4,0.6,6.0,9.0,3.0,31
311.40533447265625,92.2798080444336,18.455961608886717,1000.0,0.0,0.4,0.6666666666666666,6.0,10.0,3.0,31
284.8787841796875,93.32506561279297,18.665013122558594,1000.0,0.0,0.4,0.7333333333333333,6.0,11.0,3.0,31
298.872802734375,94.52572631835938,18.905145263671876,1000.0,0.0,0.4,0.8,6.0,12.0,3.0,31
281.7509765625,87.85404968261719,17.57080993652344,1000.0,0.0,0.4,0.8666666666666667,6.0,13.0,3.0,31
288.2346496582031,85.11193084716797,17.022386169433595,1000.0,0.0,0.4,0.9333333333333333,6.0,14.0,3.0,31
329.30584716796875,110.94463348388672,22.188926696777344,1000.0,0.0,0.4,1.0,6.0,15.0,3.0,31
239.19476318359375,34.07469940185547,6.814939880371094,1000.0,0.0,0.4666666666666667,-1.0,7.0,-15.0,3.0,31
216.83123779296875,56.25341033935547,11.250682067871093,1000.0,0.0,0.4666666666666667,-0.9333333333333333,7.0,-14.0,3.0,31
213.70501708984375,48.708683013916016,9.741736602783202,1000.0,0.0,0.4666666666666667,-0.8666666666666667,7.0,-13.0,3.0,31
244.0411376953125,79.74668884277344,15.949337768554688,1000.0,0.0,0.4666666666666667,-0.8,7.0,-12.0,3.0,31
226.62765502929688,70.5223617553711,14.104472351074218,1000.0,0.0,0.4666666666666667,-0.7333333333333333,7.0,-11.0,3.0,31
214.68496704101562,69.66056823730469,13.932113647460938,1000.0,0.0,0.4666666666666667,-0.6666666666666666,7.0,-10.0,3.0,31
187.02735900878906,31.221881866455078,6.244376373291016,1000.0,0.0,0.4666666666666667,-0.6,7.0,-9.0,3.0,31
182.0253448486328,17.044742584228516,3.408948516845703,1000.0,0.0,0.4666666666666667,-0.5333333333333333,7.0,-8.0,3.0,31
180.8238525390625,16.926799774169922,3.3853599548339846,1000.0,0.0,0.4666666666666667,-0.4666666666666667,7.0,-7.0,3.0,31
175.46475219726562,8.7692289352417,1.75384578704834,1000.0,0.0,0.4666666666666667,-0.4,7.0,-6.0,3.0,31
177.58535766601562,8.234991073608398,1.6469982147216797,1000.0,0.0,0.4666666666666667,-0.3333333333333333,7.0,-5.0,3.0,31
183.03298950195312,15.220927238464355,3.044185447692871,1000.0,0.0,0.4666666666666667,-0.26666666666666666,7.0,-4.0,3.0,31
176.85726928710938,9.215906143188477,1.8431812286376954,1000.0,0.0,0.4666666666666667,-0.2,7.0,-3.0,3.0,31
178.90911865234375,9.701309204101562,1.9402618408203125,1000.0,0.0,0.4666666666666667,-0.13333333333333333,7.0,-2.0,3.0,31
177.65794372558594,9.106992721557617,1.8213985443115235,1000.0,0.0,0.4666666666666667,-0.06666666666666667,7.0,-1.0,3.0,31
194.7889862060547,27.01727294921875,5.40345458984375,1000.0,0.0,0.4666666666666667,0.0,7.0,0.0,3.0,31
194.19236755371094,32.490882873535156,6.498176574707031,1000.0,0.0,0.4666666666666667,0.06666666666666667,7.0,1.0,3.0,31
208.42669677734375,44.86716842651367,8.973433685302734,1000.0,0.0,0.4666666666666667,0.13333333333333333,7.0,2.0,3.0,31
254.45631408691406,40.63011932373047,8.126023864746093,1000.0,0.0,0.4666666666666667,0.2,7.0,3.0,3.0,31
342.405517578125,64.57496643066406,12.914993286132812,1000.0,0.0,0.4666666666666667,0.26666666666666666,7.0,4.0,3.0,31
450.2748718261719,113.93362426757812,22.786724853515626,1000.0,0.0,0.4666666666666667,0.3333333333333333,7.0,5.0,3.0,31
413.18438720703125,101.75626373291016,20.35125274658203,1000.0,0.0,0.4666666666666667,0.4,7.0,6.0,3.0,31
399.7574462890625,102.69670867919922,20.539341735839844,1000.0,0.0,0.4666666666666667,0.4666666666666667,7.0,7.0,3.0,31
380.8895568847656,104.0165023803711,20.80330047607422,1000.0,0.0,0.4666666666666667,0.5333333333333333,7.0,8.0,3.0,31
377.14300537109375,107.95743560791016,21.59148712158203,1000.0,0.0,0.4666666666666667,0.6,7.0,9.0,3.0,31
365.2059631347656,93.8313217163086,18.766264343261717,1000.0,0.0,0.4666666666666667,0.6666666666666666,7.0,10.0,3.0,31
303.8785095214844,89.97064208984375,17.99412841796875,1000.0,0.0,0.4666666666666667,0.7333333333333333,7.0,11.0,3.0,31
282.4990539550781,74.88951873779297,14.977903747558594,1000.0,0.0,0.4666666666666667,0.8,7.0,12.0,3.0,31
292.6868896484375,96.88545989990234,19.37709197998047,1000.0,0.0,0.4666666666666667,0.8666666666666667,7.0,13.0,3.0,31
310.6117858886719,82.45783996582031,16.49156799316406,1000.0,0.0,0.4666666666666667,0.9333333333333333,7.0,14.0,3.0,31
347.4729309082031,97.688232421875,19.537646484375,1000.0,0.0,0.4666666666666667,1.0,7.0,15.0,3.0,31
252.59423828125,31.556076049804688,6.311215209960937,1000.0,0.0,0.5333333333333333,-1.0,8.0,-15.0,3.0,31
224.39056396484375,53.69382858276367,10.738765716552734,1000.0,0.0,0.5333333333333333,-0.9333333333333333,8.0,-14.0,3.0,31
237.0026397705078,79.7488021850586,15.949760437011719,1000.0,0.0,0.5333333333333333,-0.8666666666666667,8.0,-13.0,3.0,31
222.8477020263672,65.44390869140625,13.08878173828125,1000.0,0.0,0.5333333333333333,-0.8,8.0,-12.0,3.0,31
214.4247589111328,56.18715286254883,11.237430572509766,1000.0,0.0,0.5333333333333333,-0.7333333333333333,8.0,-11.0,3.0,31
201.63597106933594,47.8918342590332,9.57836685180664,1000.0,0.0,0.5333333333333333,-0.6666666666666666,8.0,-10.0,3.0,31
181.57568359375,20.059810638427734,4.011962127685547,1000.0,0.0,0.5333333333333333,-0.6,8.0,-9.0,3.0,31
177.3311309814453,9.026335716247559,1.8052671432495118,1000.0,0.0,0.5333333333333333,-0.5333333333333333,8.0,-8.0,3.0,31
173.7274169921875,7.254909992218018,1.4509819984436034,1000.0,0.0,0.5333333333333333,-0.4666666666666667,8.0,-7.0,3.0,31
177.62808227539062,12.148111343383789,2.429622268676758,1000.0,0.0,0.5333333333333333,-0.4,8.0,-6.0,3.0,31
179.3226776123047,15.111451148986816,3.0222902297973633,1000.0,0.0,0.5333333333333333,-0.3333333333333333,8.0,-5.0,3.0,31
183.2145538330078,13.656394958496094,2.731278991699219,1000.0,0.0,0.5333333333333333,-0.26666666666666666,8.0,-4.0,3.0,31
177.40687561035156,7.4614458084106445,1.492289161682129,1000.0,0.0,0.5333333333333333,-0.2,8.0,-3.0,3.0,31
180.18002319335938,13.050366401672363,2.610073280334473,1000.0,0.0,0.5333333333333333,-0.13333333333333333,8.0,-2.0,3.0,31
179.1884765625,11.966177940368652,2.3932355880737304,1000.0,0.0,0.5333333333333333,-0.06666666666666667,8.0,-1.0,3.0,31
183.6846923828125,11.386492729187012,2.2772985458374024,1000.0,0.0,0.5333333333333333,0.0,8.0,0.0,3.0,31
185.24737548828125,17.94472312927246,3.5889446258544924,1000.0,0.0,0.5333333333333333,0.06666666666666667,8.0,1.0,3.0,31
201.37872314453125,34.78212356567383,6.956424713134766,1000.0,0.0,0.5333333333333333,0.13333333333333333,8.0,2.0,3.0,31
216.0167999267578,56.3622932434082,11.27245864868164,1000.0,0.0,0.5333333333333333,0.2,8.0,3.0,3.0,31
306.1576232910156,53.573978424072266,10.714795684814453,1000.0,0.0,0.5333333333333333,0.26666666666666666,8.0,4.0,3.0,31
361.70050048828125,41.35940170288086,8.271880340576171,1000.0,0.0,0.5333333333333333,0.3333333333333333,8.0,5.0,3.0,31
396.1777038574219,55.140987396240234,11.028197479248046,1000.0,0.0,0.5333333333333333,0.4,8.0,6.0,3.0,31
406.438232421875,69.09745025634766,13.819490051269531,1000.0,0.0,0.5333333333333333,0.4666666666666667,8.0,7.0,3.0,31
385.0299987792969,72.5392074584961,14.507841491699219,1000.0,0.0,0.5333333333333333,0.5333333333333333,8.0,8.0,3.0,31
394.4471130371094,61.58310317993164,12.316620635986329,1000.0,0.0,0.5333333333333333,0.6,8.0,9.0,3.0,31
342.75164794921875,86.08924102783203,17.217848205566405,1000.0,0.0,0.5333333333333333,0.6666666666666666,8.0,10.0,3.0,31
301.4003601074219,85.5042495727539,17.100849914550782,1000.0,0.0,0.5333333333333333,0.7333333333333333,8.0,11.0,3.0,31
300.78009033203125,96.8840560913086,19.376811218261718,1000.0,0.0,0.5333333333333333,0.8,8.0,12.0,3.0,31
271.17022705078125,108.34400939941406,21.668801879882814,1000.0,0.0,0.5333333333333333,0.8666666666666667,8.0,13.0,3.0,31
266.5469055175781,86.76590728759766,17.353181457519533,1000.0,0.0,0.5333333333333333,0.9333333333333333,8.0,14.0,3.0,31
308.0751647949219,89.09278869628906,17.818557739257812,1000.0,0.0,0.5333333333333333,1.0,8.0,15.0,3.0,31
244.58006286621094,53.104373931884766,10.620874786376953,1000.0,0.0,0.6,-1.0,9.0,-15.0,3.0,31
256.39544677734375,56.79256057739258,11.358512115478515,1000.0,0.0,0.6,-0.9333333333333333,9.0,-14.0,3.0,31
250.57176208496094,90.0202865600586,18.004057312011717,1000.0,0.0,0.6,-0.8666666666666667,9.0,-13.0,3.0,31
223.404296875,80.24397277832031,16.048794555664063,1000.0,0.0,0.6,-0.8,9.0,-12.0,3.0,31
218.09027099609375,60.26287841796875,12.05257568359375,1000.0,0.0,0.6,-0.7333333333333333,9.0,-11.0,3.0,31
189.7147216796875,29.36032485961914,5.8720649719238285,1000.0,0.0,0.6,-0.6666666666666666,9.0,-10.0,3.0,31
177.3740997314453,19.920902252197266,3.984180450439453,1000.0,0.0,0.6,-0.6,9.0,-9.0,3.0,31
175.48150634765625,6.355649948120117,1.2711299896240233,1000.0,0.0,0.6,-0.5333333333333333,9.0,-8.0,3.0,31
177.90138244628906,9.185098648071289,1.8370197296142579,1000.0,0.0,0.6,-0.4666666666666667,9.0,-7.0,3.0,31
184.53201293945312,15.591448783874512,3.118289756774902,1000.0,0.0,0.6,-0.4,9.0,-6.0,3.0,31
177.62191772460938,7.252363204956055,1.450472640991211,1000.0,0.0,0.6,-0.3333333333333333,9.0,-5.0,3.0,31
176.97195434570312,7.992711067199707,1.5985422134399414,1000.0,0.0,0.6,-0.26666666666666666,9.0,-4.0,3.0,31
181.6436767578125,23.240785598754883,4.648157119750977,1000.0,0.0,0.6,-0.2,9.0,-3.0,3.0,31
186.20436096191406,16.52737045288086,3.3054740905761717,1000.0,0.0,0.6,-0.13333333333333333,9.0,-2.0,3.0,31
182.3065185546875,15.90324878692627,3.180649757385254,1000.0,0.0,0.6,-0.06666666666666667,9.0,-1.0,3.0,31
186.53990173339844,17.03297996520996,3.406595993041992,1000.0,0.0,0.6,0.0,9.0,0.0,3.0,31
186.3118133544922,15.80681324005127,3.161362648010254,1000.0,0.0,0.6,0.06666666666666667,9.0,1.0,3.0,31
201.0267791748047,37.96330261230469,7.592660522460937,1000.0,0.0,0.6,0.13333333333333333,9.0,2.0,3.0,31
226.15716552734375,48.4266242980957,9.68532485961914,1000.0,0.0,0.6,0.2,9.0,3.0,3.0,31
234.80445861816406,68.53335571289062,13.706671142578125,1000.0,0.0,0.6,0.26666666666666666,9.0,4.0,3.0,31
241.03492736816406,66.3841781616211,13.276835632324218,1000.0,0.0,0.6,0.3333333333333333,9.0,5.0,3.0,31
325.5398864746094,43.535255432128906,8.707051086425782,1000.0,0.0,0.6,0.4,9.0,6.0,3.0,31
367.39080810546875,39.55255126953125,7.91051025390625,1000.0,0.0,0.6,0.4666666666666667,9.0,7.0,3.0,31
382.8145446777344,58.29460525512695,11.658921051025391,1000.0,0.0,0.6,0.5333333333333333,9.0,8.0,3.0,31
368.9466857910156,66.45178985595703,13.290357971191407,1000.0,0.0,0.6,0.6,9.0,9.0,3.0,31
382.4910888671875,57.91326141357422,11.582652282714843,1000.0,0.0,0.6,0.6666666666666666,9.0,10.0,3.0,31
374.52874755859375,84.555908203125,16.911181640625,1000.0,0.0,0.6,0.7333333333333333,9.0,11.0,3.0,31
334.42156982421875,83.5043716430664,16.70087432861328,1000.0,0.0,0.6,0.8,9.0,12.0,3.0,31
316.1647644042969,105.80146026611328,21.160292053222655,1000.0,0.0,0.6,0.8666666666666667,9.0,13.0,3.0,31
297.90447998046875,102.89837646484375,20.57967529296875,1000.0,0.0,0.6,0.9333333333333333,9.0,14.0,3.0,31
317.82257080078125,90.35638427734375,18.07127685546875,1000.0,0.0,0.6,1.0,9.0,15.0,3.0,31
230.4610595703125,69.89081573486328,13.978163146972657,1000.0,0.0,0.6666666666666666,-1.0,10.0,-15.0,3.0,31
202.48484802246094,49.949886322021484,9.989977264404297,1000.0,0.0,0.6666666666666666,-0.9333333333333333,10.0,-14.0,3.0,31
223.25234985351562,82.36344146728516,16.472688293457033,1000.0,0.0,0.6666666666666666,-0.8666666666666667,10.0,-13.0,3.0,31
221.52268981933594,81.1913833618164,16.23827667236328,1000.0,0.0,0.6666666666666666,-0.8,10.0,-12.0,3.0,31
218.99301147460938,77.39921569824219,15.479843139648438,1000.0,0.0,0.6666666666666666,-0.7333333333333333,10.0,-11.0,3.0,31
177.76861572265625,13.116228103637695,2.623245620727539,1000.0,0.0,0.6666666666666666,-0.6666666666666666,10.0,-10.0,3.0,31
178.85537719726562,12.523348808288574,2.504669761657715,1000.0,0.0,0.6666666666666666,-0.6,10.0,-9.0,3.0,31
186.6175537109375,19.73247718811035,3.9464954376220702,1000.0,0.0,0.6666666666666666,-0.5333333333333333,10.0,-8.0,3.0,31
184.18295288085938,14.530231475830078,2.9060462951660155,1000.0,0.0,0.6666666666666666,-0.4666666666666667,10.0,-7.0,3.0,31
180.99444580078125,10.340449333190918,2.0680898666381835,1000.0,0.0,0.6666666666666666,-0.4,10.0,-6.0,3.0,31
183.7168731689453,14.94597053527832,2.9891941070556642,1000.0,0.0,0.6666666666666666,-0.3333333333333333,10.0,-5.0,3.0,31
183.94309997558594,16.476594924926758,3.2953189849853515,1000.0,0.0,0.6666666666666666,-0.26666666666666666,10.0,-4.0,3.0,31
178.0624542236328,8.301383018493652,1.6602766036987304,1000.0,0.0,0.6666666666666666,-0.2,10.0,-3.0,3.0,31
180.74917602539062,11.932267189025879,2.3864534378051756,1000.0,0.0,0.6666666666666666,-0.13333333333333333,10.0,-2.0,3.0,31
193.69461059570312,18.761533737182617,3.7523067474365233,1000.0,0.0,0.6666666666666666,-0.06666666666666667,10.0,-1.0,3.0,31
180.95620727539062,11.245320320129395,2.249064064025879,1000.0,0.0,0.6666666666666666,0.0,10.0,0.0,3.0,31
181.8261260986328,14.436104774475098,2.8872209548950196,1000.0,0.0,0.6666666666666666,0.06666666666666667,10.0,1.0,3.0,31
188.30361938476562,22.452594757080078,4.490518951416016,1000.0,0.0,0.6666666666666666,0.13333333333333333,10.0,2.0,3.0,31
213.7567596435547,60.84453582763672,12.168907165527344,1000.0,0.0,0.6666666666666666,0.2,10.0,3.0,3.0,31
211.23672485351562,58.644432067871094,11.72888641357422,1000.0,0.0,0.6666666666666666,0.26666666666666666,10.0,4.0,3.0,31
236.09649658203125,65.67520141601562,13.135040283203125,1000.0,0.0,0.6666666666666666,0.3333333333333333,10.0,5.0,3.0,31
253.2943878173828,81.52020263671875,16.30404052734375,1000.0,0.0,0.6666666666666666,0.4,10.0,6.0,3.0,31
278.48138427734375,71.46380615234375,14.29276123046875,1000.0,0.0,0.6666666666666666,0.4666666666666667,10.0,7.0,3.0,31
340.5024108886719,37.971500396728516,7.594300079345703,1000.0,0.0,0.6666666666666666,0.5333333333333333,10.0,8.0,3.0,31
357.3702087402344,55.208553314208984,11.041710662841798,1000.0,0.0,0.6666666666666666,0.6,10.0,9.0,3.0,31
370.4202880859375,40.825565338134766,8.165113067626953,1000.0,0.0,0.6666666666666666,0.6666666666666666,10.0,10.0,3.0,31
340.5923767089844,86.88446807861328,17.376893615722658,1000.0,0.0,0.6666666666666666,0.7333333333333333,10.0,11.0,3.0,31
365.983154296875,81.24867248535156,16.249734497070314,1000.0,0.0,0.6666666666666666,0.8,10.0,12.0,3.0,31
349.35125732421875,93.85592651367188,18.771185302734374,1000.0,0.0,0.6666666666666666,0.8666666666666667,10.0,13.0,3.0,31
313.6260681152344,99.88050842285156,19.976101684570313,1000.0,0.0,0.6666666666666666,0.9333333333333333,10.0,14.0,3.0,31
339.04364013671875,81.1473388671875,16.2294677734375,1000.0,0.0,0.6666666666666666,1.0,10.0,15.0,3.0,31
218.5899658203125,70.83622741699219,14.167245483398437,1000.0,0.0,0.7333333333333333,-1.0,11.0,-15.0,3.0,31
217.15841674804688,70.81625366210938,14.163250732421876,1000.0,0.0,0.7333333333333333,-0.9333333333333333,11.0,-14.0,3.0,31
240.3954620361328,86.83052062988281,17.366104125976562,1000.0,0.0,0.7333333333333333,-0.8666666666666667,11.0,-13.0,3.0,31
225.64932250976562,76.12492370605469,15.224984741210937,1000.0,0.0,0.7333333333333333,-0.8,11.0,-12.0,3.0,31
222.01373291015625,72.46390533447266,14.492781066894532,1000.0,0.0,0.7333333333333333,-0.7333333333333333,11.0,-11.0,3.0,31
190.24058532714844,28.056724548339844,5.611344909667968,1000.0,0.0,0.7333333333333333,-0.6666666666666666,11.0,-10.0,3.0,31
190.66314697265625,29.783422470092773,5.956684494018555,1000.0,0.0,0.7333333333333333,-0.6,11.0,-9.0,3.0,31
186.3262939453125,16.995309829711914,3.3990619659423826,1000.0,0.0,0.7333333333333333,-0.5333333333333333,11.0,-8.0,3.0,31
182.6263427734375,11.514984130859375,2.302996826171875,1000.0,0.0,0.7333333333333333,-0.4666666666666667,11.0,-7.0,3.0,31
178.5399169921875,9.352900505065918,1.8705801010131835,1000.0,0.0,0.7333333333333333,-0.4,11.0,-6.0,3.0,31
186.4228515625,15.498607635498047,3.0997215270996095,1000.0,0.0,0.7333333333333333,-0.3333333333333333,11.0,-5.0,3.0,31
184.64492797851562,14.843421936035156,2.9686843872070314,1000.0,0.0,0.7333333333333333,-0.26666666666666666,11.0,-4.0,3.0,31
181.9013214111328,11.693684577941895,2.338736915588379,1000.0,0.0,0.7333333333333333,-0.2,11.0,-3.0,3.0,31
179.0759735107422,10.384597778320312,2.0769195556640625,1000.0,0.0,0.7333333333333333,-0.13333333333333333,11.0,-2.0,3.0,31
200.79400634765625,22.80504035949707,4.561008071899414,1000.0,0.0,0.7333333333333333,-0.06666666666666667,11.0,-1.0,3.0,31
178.14720153808594,10.249424934387207,2.0498849868774416,1000.0,0.0,0.7333333333333333,0.0,11.0,0.0,3.0,31
179.30218505859375,10.358489036560059,2.071697807312012,1000.0,0.0,0.7333333333333333,0.06666666666666667,11.0,1.0,3.0,31
181.4960479736328,14.332358360290527,2.8664716720581054,1000.0,0.0,0.7333333333333333,0.13333333333333333,11.0,2.0,3.0,31
183.32290649414062,16.084150314331055,3.2168300628662108,1000.0,0.0,0.7333333333333333,0.2,11.0,3.0,3.0,31
190.1934814453125,22.432573318481445,4.486514663696289,1000.0,0.0,0.7333333333333333,0.26666666666666666,11.0,4.0,3.0,31
215.48199462890625,51.68471145629883,10.336942291259765,1000.0,0.0,0.7333333333333333,0.3333333333333333,11.0,5.0,3.0,31
243.59268188476562,70.07919311523438,14.015838623046875,1000.0,0.0,0.7333333333333333,0.4,11.0,6.0,3.0,31
263.0639953613281,82.18146514892578,16.436293029785155,1000.0,0.0,0.7333333333333333,0.4666666666666667,11.0,7.0,3.0,31
241.8965606689453,76.62897491455078,15.325794982910157,1000.0,0.0,0.7333333333333333,0.5333333333333333,11.0,8.0,3.0,31
287.10107421875,49.80564880371094,9.961129760742187,1000.0,0.0,0.7333333333333333,0.6,11.0,9.0,3.0,31
322.0769348144531,60.661773681640625,12.132354736328125,1000.0,0.0,0.7333333333333333,0.6666666666666666,11.0,10.0,3.0,31
330.5121765136719,55.02943420410156,11.005886840820313,1000.0,0.0,0.7333333333333333,0.7333333333333333,11.0,11.0,3.0,31
329.3816833496094,63.650779724121094,12.730155944824219,1000.0,0.0,0.7333333333333333,0.8,11.0,12.0,3.0,31
330.7204284667969,88.25159454345703,17.650318908691407,1000.0,0.0,0.7333333333333333,0.8666666666666667,11.0,13.0,3.0,31
334.7270202636719,58.51567459106445,11.703134918212891,1000.0,0.0,0.7333333333333333,0.9333333333333333,11.0,14.0,3.0,31
309.73504638671875,98.06443786621094,19.612887573242187,1000.0,0.0,0.7333333333333333,1.0,11.0,15.0,3.0,31
212.87588500976562,61.25864028930664,12.251728057861328,1000.0,0.0,0.8,-1.0,12.0,-15.0,3.0,31
234.47323608398438,76.39241790771484,15.278483581542968,1000.0,0.0,0.8,-0.9333333333333333,12.0,-14.0,3.0,31
229.1313934326172,80.14730072021484,16.029460144042968,1000.0,0.0,0.8,-0.8666666666666667,12.0,-13.0,3.0,31
229.17208862304688,77.92937469482422,15.585874938964844,1000.0,0.0,0.8,-0.8,12.0,-12.0,3.0,31
217.4053192138672,60.32790756225586,12.065581512451171,1000.0,0.0,0.8,-0.7333333333333333,12.0,-11.0,3.0,31
203.5409698486328,39.68458938598633,7.936917877197265,1000.0,0.0,0.8,-0.6666666666666666,12.0,-10.0,3.0,31
192.7783203125,23.405609130859375,4.681121826171875,1000.0,0.0,0.8,-0.6,12.0,-9.0,3.0,31
183.18038940429688,13.101329803466797,2.6202659606933594,1000.0,0.0,0.8,-0.5333333333333333,12.0,-8.0,3.0,31
181.57789611816406,11.351553916931152,2.2703107833862304,1000.0,0.0,0.8,-0.4666666666666667,12.0,-7.0,3.0,31
183.5850372314453,14.217558860778809,2.843511772155762,1000.0,0.0,0.8,-0.4,12.0,-6.0,3.0,31
181.63894653320312,14.21164608001709,2.842329216003418,1000.0,0.0,0.8,-0.3333333333333333,12.0,-5.0,3.0,31
179.06561279296875,11.783888816833496,2.3567777633666993,1000.0,0.0,0.8,-0.26666666666666666,12.0,-4.0,3.0,31
180.03485107421875,10.662014961242676,2.1324029922485352,1000.0,0.0,0.8,-0.2,12.0,-3.0,3.0,31
183.77529907226562,15.315808296203613,3.0631616592407225,1000.0,0.0,0.8,-0.13333333333333333,12.0,-2.0,3.0,31
189.57736206054688,18.934968948364258,3.7869937896728514,1000.0,0.0,0.8,-0.06666666666666667,12.0,-1.0,3.0,31
175.8125,7.823614120483398,1.5647228240966797,1000.0,0.0,0.8,0.0,12.0,0.0,3.0,31
181.25001525878906,15.734833717346191,3.146966743469238,1000.0,0.0,0.8,0.06666666666666667,12.0,1.0,3.0,31
182.07806396484375,12.261038780212402,2.4522077560424806,1000.0,0.0,0.8,0.13333333333333333,12.0,2.0,3.0,31
184.77366638183594,16.68338966369629,3.3366779327392577,1000.0,0.0,0.8,0.2,12.0,3.0,3.0,31
197.0868682861328,33.803855895996094,6.760771179199219,1000.0,0.0,0.8,0.26666666666666666,12.0,4.0,3.0,31
189.30775451660156,24.60813331604004,4.9216266632080075,1000.0,0.0,0.8,0.3333333333333333,12.0,5.0,3.0,31
215.91419982910156,38.85859298706055,7.771718597412109,1000.0,0.0,0.8,0.4,12.0,6.0,3.0,31
251.79013061523438,76.90894317626953,15.381788635253907,1000.0,0.0,0.8,0.4666666666666667,12.0,7.0,3.0,31
255.81320190429688,81.50102996826172,16.300205993652344,1000.0,0.0,0.8,0.5333333333333333,12.0,8.0,3.0,31
260.0352478027344,90.14318084716797,18.028636169433593,1000.0,0.0,0.8,0.6,12.0,9.0,3.0,31
253.72003173828125,86.20598602294922,17.241197204589845,1000.0,0.0,0.8,0.6666666666666666,12.0,10.0,3.0,31
273.52618408203125,61.76478576660156,12.352957153320313,1000.0,0.0,0.8,0.7333333333333333,12.0,11.0,3.0,31
327.88604736328125,54.76844787597656,10.953689575195312,1000.0,0.0,0.8,0.8,12.0,12.0,3.0,31
311.53631591796875,54.90699768066406,10.981399536132812,1000.0,0.0,0.8,0.8666666666666667,12.0,13.0,3.0,31
345.8095703125,60.24234390258789,12.048468780517577,1000.0,0.0,0.8,0.9333333333333333,12.0,14.0,3.0,31
307.88507080078125,92.73121643066406,18.546243286132814,1000.0,0.0,0.8,1.0,12.0,15.0,3.0,31
213.28976440429688,58.46687698364258,11.693375396728516,1000.0,0.0,0.8666666666666667,-1.0,13.0,-15.0,3.0,31
240.23968505859375,80.88241577148438,16.176483154296875,1000.0,0.0,0.8666666666666667,-0.9333333333333333,13.0,-14.0,3.0,31
227.99609375,69.64466094970703,13.928932189941406,1000.0,0.0,0.8666666666666667,-0.8666666666666667,13.0,-13.0,3.0,31
211.7941436767578,51.861976623535156,10.372395324707032,1000.0,0.0,0.8666666666666667,-0.8,13.0,-12.0,3.0,31
209.4290008544922,40.903724670410156,8.180744934082032,1000.0,0.0,0.8666666666666667,-0.7333333333333333,13.0,-11.0,3.0,31
209.23101806640625,39.516780853271484,7.9033561706542965,1000.0,0.0,0.8666666666666667,-0.6666666666666666,13.0,-10.0,3.0,31
187.3555145263672,18.488849639892578,3.6977699279785154,1000.0,0.0,0.8666666666666667,-0.6,13.0,-9.0,3.0,31
182.27574157714844,20.81340980529785,4.162681961059571,1000.0,0.0,0.8666666666666667,-0.5333333333333333,13.0,-8.0,3.0,31
180.3136749267578,12.108034133911133,2.4216068267822264,1000.0,0.0,0.8666666666666667,-0.4666666666666667,13.0,-7.0,3.0,31
182.1298065185547,17.121971130371094,3.424394226074219,1000.0,0.0,0.8666666666666667,-0.4,13.0,-6.0,3.0,31
180.49371337890625,11.725415229797363,2.3450830459594725,1000.0,0.0,0.8666666666666667,-0.3333333333333333,13.0,-5.0,3.0,31
178.2051544189453,9.420961380004883,1.8841922760009766,1000.0,0.0,0.8666666666666667,-0.26666666666666666,13.0,-4.0,3.0,31
181.52101135253906,13.834547996520996,2.766909599304199,1000.0,0.0,0.8666666666666667,-0.2,13.0,-3.0,3.0,31
180.931640625,14.037939071655273,2.807587814331055,1000.0,0.0,0.8666666666666667,-0.13333333333333333,13.0,-2.0,3.0,31
181.5099639892578,15.130524635314941,3.0261049270629883,1000.0,0.0,0.8666666666666667,-0.06666666666666667,13.0,-1.0,3.0,31
177.9198455810547,9.137288093566895,1.8274576187133789,1000.0,0.0,0.8666666666666667,0.0,13.0,0.0,3.0,31
179.1270294189453,12.603670120239258,2.5207340240478517,1000.0,0.0,0.8666666666666667,0.06666666666666667,13.0,1.0,3.0,31
182.51731872558594,19.00669288635254,3.8013385772705077,1000.0,0.0,0.8666666666666667,0.13333333333333333,13.0,2.0,3.0,31
184.37173461914062,16.009342193603516,3.201868438720703,1000.0,0.0,0.8666666666666667,0.2,13.0,3.0,3.0,31
192.31820678710938,29.182205200195312,5.8364410400390625,1000.0,0.0,0.8666666666666667,0.26666666666666666,13.0,4.0,3.0,31
194.6825408935547,44.76188659667969,8.952377319335938,1000.0,0.0,0.8666666666666667,0.3333333333333333,13.0,5.0,3.0,31
188.1245574951172,22.22304344177246,4.444608688354492,1000.0,0.0,0.8666666666666667,0.4,13.0,6.0,3.0,31
238.95123291015625,50.27522659301758,10.055045318603515,1000.0,0.0,0.8666666666666667,0.4666666666666667,13.0,7.0,3.0,31
264.8468933105469,82.51089477539062,16.502178955078126,1000.0,0.0,0.8666666666666667,0.5333333333333333,13.0,8.0,3.0,31
248.92758178710938,67.31571197509766,13.463142395019531,1000.0,0.0,0.8666666666666667,0.6,13.0,9.0,3.0,31
256.2547302246094,91.05967712402344,18.211935424804686,1000.0,0.0,0.8666666666666667,0.6666666666666666,13.0,10.0,3.0,31
257.5408935546875,76.12419128417969,15.224838256835938,1000.0,0.0,0.8666666666666667,0.7333333333333333,13.0,11.0,3.0,31
277.6155090332031,87.614990234375,17.522998046875,1000.0,0.0,0.8666666666666667,0.8,13.0,12.0,3.0,31
302.5109558105469,80.66356658935547,16.132713317871094,1000.0,0.0,0.8666666666666667,0.8666666666666667,13.0,13.0,3.0,31
307.0413818359375,68.8111343383789,13.762226867675782,1000.0,0.0,0.8666666666666667,0.9333333333333333,13.0,14.0,3.0,31
330.59442138671875,59.883399963378906,11.97667999267578,1000.0,0.0,0.8666666666666667,1.0,13.0,15.0,3.0,31
231.97740173339844,72.84642791748047,14.569285583496093,1000.0,0.0,0.9333333333333333,-1.0,14.0,-15.0,3.0,31
219.94602966308594,66.64749145507812,13.329498291015625,1000.0,0.0,0.9333333333333333,-0.9333333333333333,14.0,-14.0,3.0,31
212.71923828125,51.453189849853516,10.290637969970703,1000.0,0.0,0.9333333333333333,-0.8666666666666667,14.0,-13.0,3.0,31
211.21922302246094,46.63564682006836,9.327129364013672,1000.0,0.0,0.9333333333333333,-0.8,14.0,-12.0,3.0,31
198.61553955078125,30.70484733581543,6.140969467163086,1000.0,0.0,0.9333333333333333,-0.7333333333333333,14.0,-11.0,3.0,31
193.0786895751953,26.970787048339844,5.394157409667969,1000.0,0.0,0.9333333333333333,-0.6666666666666666,14.0,-10.0,3.0,31
181.4593505859375,12.009625434875488,2.4019250869750977,1000.0,0.0,0.9333333333333333,-0.6,14.0,-9.0,3.0,31
181.6486358642578,10.822023391723633,2.1644046783447264,1000.0,0.0,0.9333333333333333,-0.5333333333333333,14.0,-8.0,3.0,31
179.45223999023438,10.512428283691406,2.1024856567382812,1000.0,0.0,0.9333333333333333,-0.4666666666666667,14.0,-7.0,3.0,31
179.66928100585938,13.58961009979248,2.717922019958496,1000.0,0.0,0.9333333333333333,-0.4,14.0,-6.0,3.0,31
177.2030029296875,9.731745719909668,1.9463491439819336,1000.0,0.0,0.9333333333333333,-0.3333333333333333,14.0,-5.0,3.0,31
181.0164031982422,10.345848083496094,2.069169616699219,1000.0,0.0,0.9333333333333333,-0.26666666666666666,14.0,-4.0,3.0,31
199.60232543945312,45.98896408081055,9.19779281616211,1000.0,0.0,0.9333333333333333,-0.2,14.0,-3.0,3.0,31
187.9117431640625,13.48714542388916,2.697429084777832,1000.0,0.0,0.9333333333333333,-0.13333333333333333,14.0,-2.0,3.0,31
176.23561096191406,8.887663841247559,1.7775327682495117,1000.0,0.0,0.9333333333333333,-0.06666666666666667,14.0,-1.0,3.0,31
179.59556579589844,17.365331649780273,3.4730663299560547,1000.0,0.0,0.9333333333333333,0.0,14.0,0.0,3.0,31
179.3034210205078,12.136704444885254,2.4273408889770507,1000.0,0.0,0.9333333333333333,0.06666666666666667,14.0,1.0,3.0,31
187.30596923828125,28.194263458251953,5.63885269165039,1000.0,0.0,0.9333333333333333,0.13333333333333333,14.0,2.0,3.0,31
187.3515167236328,19.140186309814453,3.8280372619628906,1000.0,0.0,0.9333333333333333,0.2,14.0,3.0,3.0,31
190.43455505371094,22.439664840698242,4.487932968139648,1000.0,0.0,0.9333333333333333,0.26666666666666666,14.0,4.0,3.0,31
186.69581604003906,22.78879165649414,4.557758331298828,1000.0,0.0,0.9333333333333333,0.3333333333333333,14.0,5.0,3.0,31
193.57566833496094,38.77685546875,7.75537109375,1000.0,0.0,0.9333333333333333,0.4,14.0,6.0,3.0,31
237.39959716796875,60.342262268066406,12.068452453613281,1000.0,0.0,0.9333333333333333,0.4666666666666667,14.0,7.0,3.0,31
238.19805908203125,66.09261322021484,13.218522644042968,1000.0,0.0,0.9333333333333333,0.5333333333333333,14.0,8.0,3.0,31
263.9935302734375,59.78706359863281,11.957412719726562,1000.0,0.0,0.9333333333333333,0.6,14.0,9.0,3.0,31
263.93426513671875,82.82373809814453,16.564747619628907,1000.0,0.0,0.9333333333333333,0.6666666666666666,14.0,10.0,3.0,31
259.4486083984375,74.42926788330078,14.885853576660157,1000.0,0.0,0.9333333333333333,0.7333333333333333,14.0,11.0,3.0,31
256.3167724609375,84.24479675292969,16.848959350585936,1000.0,0.0,0.9333333333333333,0.8,14.0,12.0,3.0,31
253.98004150390625,76.18907928466797,15.237815856933594,1000.0,0.0,0.9333333333333333,0.8666666666666667,14.0,13.0,3.0,31
258.38507080078125,72.59400939941406,14.518801879882812,1000.0,0.0,0.9333333333333333,0.9333333333333333,14.0,14.0,3.0,31
315.94989013671875,72.95807647705078,14.591615295410156,1000.0,0.0,0.9333333333333333,1.0,14.0,15.0,3.0,31
221.05540466308594,55.45246887207031,11.090493774414062,1000.0,0.0,1.0,-1.0,15.0,-15.0,3.0,31
233.37661743164062,70.82640075683594,14.165280151367188,1000.0,0.0,1.0,-0.9333333333333333,15.0,-14.0,3.0,31
208.63494873046875,44.688194274902344,8.937638854980468,1000.0,0.0,1.0,-0.8666666666666667,15.0,-13.0,3.0,31
215.2679901123047,49.25190734863281,9.850381469726562,1000.0,0.0,1.0,-0.8,15.0,-12.0,3.0,31
197.32814025878906,28.83445930480957,5.766891860961914,1000.0,0.0,1.0,-0.7333333333333333,15.0,-11.0,3.0,31
185.7790069580078,16.780370712280273,3.3560741424560545,1000.0,0.0,1.0,-0.6666666666666666,15.0,-10.0,3.0,31
183.27603149414062,14.594949722290039,2.9189899444580076,1000.0,0.0,1.0,-0.6,15.0,-9.0,3.0,31
181.91378784179688,12.714227676391602,2.54284553527832,1000.0,0.0,1.0,-0.5333333333333333,15.0,-8.0,3.0,31
179.19212341308594,9.792767524719238,1.9585535049438476,1000.0,0.0,1.0,-0.4666666666666667,15.0,-7.0,3.0,31
178.13104248046875,10.347951889038086,2.069590377807617,1000.0,0.0,1.0,-0.4,15.0,-6.0,3.0,31
178.05670166015625,10.93939208984375,2.18787841796875,1000.0,0.0,1.0,-0.3333333333333333,15.0,-5.0,3.0,31
208.23509216308594,60.74978256225586,12.149956512451173,1000.0,0.0,1.0,-0.26666666666666666,15.0,-4.0,3.0,31
177.66720581054688,9.11981201171875,1.82396240234375,1000.0,0.0,1.0,-0.2,15.0,-3.0,3.0,31
177.38995361328125,9.359587669372559,1.8719175338745118,1000.0,0.0,1.0,-0.13333333333333333,15.0,-2.0,3.0,31
179.9325714111328,11.699562072753906,2.3399124145507812,1000.0,0.0,1.0,-0.06666666666666667,15.0,-1.0,3.0,31
177.3209991455078,9.956807136535645,1.991361427307129,1000.0,0.0,1.0,0.0,15.0,0.0,3.0,31
179.8838348388672,10.171764373779297,2.0343528747558595,1000.0,0.0,1.0,0.06666666666666667,15.0,1.0,3.0,31
182.2953338623047,14.257448196411133,2.8514896392822267,1000.0,0.0,1.0,0.13333333333333333,15.0,2.0,3.0,31
182.70086669921875,19.67310333251953,3.934620666503906,1000.0,0.0,1.0,0.2,15.0,3.0,3.0,31
186.4930877685547,18.684675216674805,3.736935043334961,1000.0,0.0,1.0,0.26666666666666666,15.0,4.0,3.0,31
187.19371032714844,19.722990036010742,3.9445980072021483,1000.0,0.0,1.0,0.3333333333333333,15.0,5.0,3.0,31
185.75709533691406,21.171525955200195,4.234305191040039,1000.0,0.0,1.0,0.4,15.0,6.0,3.0,31
209.74301147460938,52.94242477416992,10.588484954833984,1000.0,0.0,1.0,0.4666666666666667,15.0,7.0,3.0,31
226.0650634765625,59.897029876708984,11.979405975341797,1000.0,0.0,1.0,0.5333333333333333,15.0,8.0,3.0,31
245.0718536376953,65.03670501708984,13.007341003417968,1000.0,0.0,1.0,0.6,15.0,9.0,3.0,31
266.6251220703125,73.54157257080078,14.708314514160156,1000.0,0.0,1.0,0.6666666666666666,15.0,10.0,3.0,31
271.0330810546875,71.86961364746094,14.373922729492188,1000.0,0.0,1.0,0.7333333333333333,15.0,11.0,3.0,31
272.06121826171875,77.82699584960938,15.565399169921875,1000.0,0.0,1.0,0.8,15.0,12.0,3.0,31
276.6385498046875,95.15390014648438,19.030780029296874,1000.0,0.0,1.0,0.8666666666666667,15.0,13.0,3.0,31
277.99285888671875,92.98287200927734,18.59657440185547,1000.0,0.0,1.0,0.9333333333333333,15.0,14.0,3.0,31
294.5058898925781,80.91848754882812,16.183697509765626,1000.0,0.0,1.0,1.0,15.0,15.0,3.0,31
