episode_rewards,episode_std_rewards,episode_stderr_rewards,episode_avg_len,episode_std_avg_len,dim0,dim1,offset1,offset2,magnitude,grid_size
184.2611541748047,17.74259376525879,3.548518753051758,1000.0,0.0,-1.0,-1.0,-15.0,-15.0,3.0,31
184.2147674560547,14.625296592712402,2.9250593185424805,1000.0,0.0,-1.0,-0.9333333333333333,-15.0,-14.0,3.0,31
182.11378479003906,15.092270851135254,3.018454170227051,1000.0,0.0,-1.0,-0.8666666666666667,-15.0,-13.0,3.0,31
181.982421875,10.517280578613281,2.1034561157226563,1000.0,0.0,-1.0,-0.8,-15.0,-12.0,3.0,31
215.51763916015625,40.46875762939453,8.093751525878906,1000.0,0.0,-1.0,-0.7333333333333333,-15.0,-11.0,3.0,31
247.01145935058594,63.137943267822266,12.627588653564453,1000.0,0.0,-1.0,-0.6666666666666666,-15.0,-10.0,3.0,31
196.19198608398438,35.828311920166016,7.165662384033203,1000.0,0.0,-1.0,-0.6,-15.0,-9.0,3.0,31
187.7397918701172,17.493759155273438,3.4987518310546877,1000.0,0.0,-1.0,-0.5333333333333333,-15.0,-8.0,3.0,31
191.2889404296875,21.09066390991211,4.218132781982422,1000.0,0.0,-1.0,-0.4666666666666667,-15.0,-7.0,3.0,31
181.77117919921875,21.106828689575195,4.221365737915039,1000.0,0.0,-1.0,-0.4,-15.0,-6.0,3.0,31
190.4678192138672,19.529911041259766,3.9059822082519533,1000.0,0.0,-1.0,-0.3333333333333333,-15.0,-5.0,3.0,31
194.6989288330078,26.511804580688477,5.302360916137696,1000.0,0.0,-1.0,-0.26666666666666666,-15.0,-4.0,3.0,31
192.2884979248047,17.885175704956055,3.577035140991211,1000.0,0.0,-1.0,-0.2,-15.0,-3.0,3.0,31
219.83905029296875,44.115089416503906,8.823017883300782,1000.0,0.0,-1.0,-0.13333333333333333,-15.0,-2.0,3.0,31
336.7059020996094,118.7593002319336,23.751860046386717,1000.0,0.0,-1.0,-0.06666666666666667,-15.0,-1.0,3.0,31
347.23321533203125,93.62350463867188,18.724700927734375,1000.0,0.0,-1.0,0.0,-15.0,0.0,3.0,31
383.47113037109375,67.33526611328125,13.46705322265625,1000.0,0.0,-1.0,0.06666666666666667,-15.0,1.0,3.0,31
404.6839599609375,47.534305572509766,9.506861114501953,1000.0,0.0,-1.0,0.13333333333333333,-15.0,2.0,3.0,31
358.9491271972656,40.627105712890625,8.125421142578125,1000.0,0.0,-1.0,0.2,-15.0,3.0,3.0,31
366.1142578125,44.68763732910156,8.937527465820313,1000.0,0.0,-1.0,0.26666666666666666,-15.0,4.0,3.0,31
380.5199279785156,88.1502456665039,17.63004913330078,1000.0,0.0,-1.0,0.3333333333333333,-15.0,5.0,3.0,31
368.2974853515625,85.26936340332031,17.053872680664064,1000.0,0.0,-1.0,0.4,-15.0,6.0,3.0,31
336.00750732421875,74.08745574951172,14.817491149902343,1000.0,0.0,-1.0,0.4666666666666667,-15.0,7.0,3.0,31
328.1708679199219,61.927024841308594,12.385404968261719,1000.0,0.0,-1.0,0.5333333333333333,-15.0,8.0,3.0,31
289.0562744140625,59.87373352050781,11.974746704101562,1000.0,0.0,-1.0,0.6,-15.0,9.0,3.0,31
292.1814270019531,37.91480255126953,7.582960510253907,1000.0,0.0,-1.0,0.6666666666666666,-15.0,10.0,3.0,31
276.05889892578125,32.4486083984375,6.4897216796875,1000.0,0.0,-1.0,0.7333333333333333,-15.0,11.0,3.0,31
254.1551971435547,35.60367202758789,7.120734405517578,1000.0,0.0,-1.0,0.8,-15.0,12.0,3.0,31
253.5637664794922,37.126434326171875,7.425286865234375,1000.0,0.0,-1.0,0.8666666666666667,-15.0,13.0,3.0,31
237.14625549316406,34.883506774902344,6.976701354980468,1000.0,0.0,-1.0,0.9333333333333333,-15.0,14.0,3.0,31
229.50775146484375,28.18107795715332,5.636215591430664,1000.0,0.0,-1.0,1.0,-15.0,15.0,3.0,31
181.2726593017578,13.367079734802246,2.673415946960449,1000.0,0.0,-0.9333333333333333,-1.0,-14.0,-15.0,3.0,31
182.92950439453125,15.532200813293457,3.1064401626586915,1000.0,0.0,-0.9333333333333333,-0.9333333333333333,-14.0,-14.0,3.0,31
179.99391174316406,14.578081130981445,2.9156162261962892,1000.0,0.0,-0.9333333333333333,-0.8666666666666667,-14.0,-13.0,3.0,31
182.16683959960938,12.508504867553711,2.5017009735107423,1000.0,0.0,-0.9333333333333333,-0.8,-14.0,-12.0,3.0,31
188.0173797607422,18.10833168029785,3.6216663360595702,1000.0,0.0,-0.9333333333333333,-0.7333333333333333,-14.0,-11.0,3.0,31
267.1092529296875,52.30590057373047,10.461180114746094,1000.0,0.0,-0.9333333333333333,-0.6666666666666666,-14.0,-10.0,3.0,31
212.11660766601562,43.608097076416016,8.721619415283204,1000.0,0.0,-0.9333333333333333,-0.6,-14.0,-9.0,3.0,31
190.80184936523438,22.58156394958496,4.516312789916992,1000.0,0.0,-0.9333333333333333,-0.5333333333333333,-14.0,-8.0,3.0,31
183.7274169921875,16.859777450561523,3.3719554901123048,1000.0,0.0,-0.9333333333333333,-0.4666666666666667,-14.0,-7.0,3.0,31
180.74436950683594,11.191182136535645,2.238236427307129,1000.0,0.0,-0.9333333333333333,-0.4,-14.0,-6.0,3.0,31
182.94752502441406,13.264703750610352,2.6529407501220703,1000.0,0.0,-0.9333333333333333,-0.3333333333333333,-14.0,-5.0,3.0,31
194.88516235351562,29.181730270385742,5.836346054077149,1000.0,0.0,-0.9333333333333333,-0.26666666666666666,-14.0,-4.0,3.0,31
186.93870544433594,13.136879920959473,2.6273759841918944,1000.0,0.0,-0.9333333333333333,-0.2,-14.0,-3.0,3.0,31
213.47003173828125,35.645164489746094,7.129032897949219,1000.0,0.0,-0.9333333333333333,-0.13333333333333333,-14.0,-2.0,3.0,31
351.24945068359375,104.84883117675781,20.969766235351564,1000.0,0.0,-0.9333333333333333,-0.06666666666666667,-14.0,-1.0,3.0,31
349.4562072753906,95.42933654785156,19.08586730957031,1000.0,0.0,-0.9333333333333333,0.0,-14.0,0.0,3.0,31
393.19140625,50.157901763916016,10.031580352783203,1000.0,0.0,-0.9333333333333333,0.06666666666666667,-14.0,1.0,3.0,31
396.3116760253906,46.8150520324707,9.36301040649414,1000.0,0.0,-0.9333333333333333,0.13333333333333333,-14.0,2.0,3.0,31
364.28167724609375,37.470970153808594,7.494194030761719,1000.0,0.0,-0.9333333333333333,0.2,-14.0,3.0,3.0,31
343.0415344238281,66.67189025878906,13.334378051757813,1000.0,0.0,-0.9333333333333333,0.26666666666666666,-14.0,4.0,3.0,31
360.8172607421875,112.5731430053711,22.514628601074218,1000.0,0.0,-0.9333333333333333,0.3333333333333333,-14.0,5.0,3.0,31
348.2221984863281,96.8920669555664,19.37841339111328,1000.0,0.0,-0.9333333333333333,0.4,-14.0,6.0,3.0,31
315.2856140136719,74.04009246826172,14.808018493652344,1000.0,0.0,-0.9333333333333333,0.4666666666666667,-14.0,7.0,3.0,31
290.8793640136719,40.44419860839844,8.088839721679687,1000.0,0.0,-0.9333333333333333,0.5333333333333333,-14.0,8.0,3.0,31
305.9315185546875,40.46795654296875,8.09359130859375,1000.0,0.0,-0.9333333333333333,0.6,-14.0,9.0,3.0,31
279.92633056640625,35.39104080200195,7.078208160400391,1000.0,0.0,-0.9333333333333333,0.6666666666666666,-14.0,10.0,3.0,31
274.5701599121094,30.827392578125,6.165478515625,1000.0,0.0,-0.9333333333333333,0.7333333333333333,-14.0,11.0,3.0,31
256.51898193359375,36.617095947265625,7.323419189453125,1000.0,0.0,-0.9333333333333333,0.8,-14.0,12.0,3.0,31
256.9354248046875,34.976985931396484,6.9953971862792965,1000.0,0.0,-0.9333333333333333,0.8666666666666667,-14.0,13.0,3.0,31
236.51612854003906,34.949371337890625,6.989874267578125,1000.0,0.0,-0.9333333333333333,0.9333333333333333,-14.0,14.0,3.0,31
222.14283752441406,47.041866302490234,9.408373260498047,1000.0,0.0,-0.9333333333333333,1.0,-14.0,15.0,3.0,31
179.51316833496094,15.2425537109375,3.0485107421875,1000.0,0.0,-0.8666666666666667,-1.0,-13.0,-15.0,3.0,31
181.2751922607422,14.400728225708008,2.8801456451416017,1000.0,0.0,-0.8666666666666667,-0.9333333333333333,-13.0,-14.0,3.0,31
181.19705200195312,14.091740608215332,2.8183481216430666,1000.0,0.0,-0.8666666666666667,-0.8666666666666667,-13.0,-13.0,3.0,31
181.17404174804688,12.828511238098145,2.5657022476196287,1000.0,0.0,-0.8666666666666667,-0.8,-13.0,-12.0,3.0,31
182.43133544921875,12.503352165222168,2.5006704330444336,1000.0,0.0,-0.8666666666666667,-0.7333333333333333,-13.0,-11.0,3.0,31
203.76345825195312,42.38399124145508,8.476798248291015,1000.0,0.0,-0.8666666666666667,-0.6666666666666666,-13.0,-10.0,3.0,31
252.28656005859375,60.35300064086914,12.070600128173828,1000.0,0.0,-0.8666666666666667,-0.6,-13.0,-9.0,3.0,31
213.4577178955078,53.338836669921875,10.667767333984376,1000.0,0.0,-0.8666666666666667,-0.5333333333333333,-13.0,-8.0,3.0,31
190.95181274414062,21.666433334350586,4.3332866668701175,1000.0,0.0,-0.8666666666666667,-0.4666666666666667,-13.0,-7.0,3.0,31
183.33648681640625,13.321107864379883,2.6642215728759764,1000.0,0.0,-0.8666666666666667,-0.4,-13.0,-6.0,3.0,31
189.35304260253906,24.55308723449707,4.910617446899414,1000.0,0.0,-0.8666666666666667,-0.3333333333333333,-13.0,-5.0,3.0,31
187.1104278564453,16.59119987487793,3.3182399749755858,1000.0,0.0,-0.8666666666666667,-0.26666666666666666,-13.0,-4.0,3.0,31
190.07986450195312,19.25973129272461,3.851946258544922,1000.0,0.0,-0.8666666666666667,-0.2,-13.0,-3.0,3.0,31
199.3579864501953,20.190683364868164,4.038136672973633,1000.0,0.0,-0.8666666666666667,-0.13333333333333333,-13.0,-2.0,3.0,31
347.6094665527344,84.50248718261719,16.900497436523438,1000.0,0.0,-0.8666666666666667,-0.06666666666666667,-13.0,-1.0,3.0,31
390.8240966796875,73.17813873291016,14.635627746582031,1000.0,0.0,-0.8666666666666667,0.0,-13.0,0.0,3.0,31
397.21124267578125,47.414737701416016,9.482947540283202,1000.0,0.0,-0.8666666666666667,0.06666666666666667,-13.0,1.0,3.0,31
373.6110534667969,52.75236129760742,10.550472259521484,1000.0,0.0,-0.8666666666666667,0.13333333333333333,-13.0,2.0,3.0,31
337.2317199707031,48.89091491699219,9.778182983398438,1000.0,0.0,-0.8666666666666667,0.2,-13.0,3.0,3.0,31
375.5257873535156,70.35970306396484,14.071940612792968,1000.0,0.0,-0.8666666666666667,0.26666666666666666,-13.0,4.0,3.0,31
365.4706726074219,95.94145202636719,19.188290405273438,1000.0,0.0,-0.8666666666666667,0.3333333333333333,-13.0,5.0,3.0,31
372.29022216796875,87.99182891845703,17.598365783691406,1000.0,0.0,-0.8666666666666667,0.4,-13.0,6.0,3.0,31
309.91571044921875,73.60276794433594,14.720553588867187,1000.0,0.0,-0.8666666666666667,0.4666666666666667,-13.0,7.0,3.0,31
292.9383850097656,45.82539367675781,9.165078735351562,1000.0,0.0,-0.8666666666666667,0.5333333333333333,-13.0,8.0,3.0,31
276.70245361328125,48.500308990478516,9.700061798095703,1000.0,0.0,-0.8666666666666667,0.6,-13.0,9.0,3.0,31
260.8279724121094,28.623003005981445,5.724600601196289,1000.0,0.0,-0.8666666666666667,0.6666666666666666,-13.0,10.0,3.0,31
260.5129089355469,46.186798095703125,9.237359619140625,1000.0,0.0,-0.8666666666666667,0.7333333333333333,-13.0,11.0,3.0,31
272.9185791015625,38.469512939453125,7.693902587890625,1000.0,0.0,-0.8666666666666667,0.8,-13.0,12.0,3.0,31
243.6114501953125,34.06084060668945,6.812168121337891,1000.0,0.0,-0.8666666666666667,0.8666666666666667,-13.0,13.0,3.0,31
230.7909393310547,56.788230895996094,11.357646179199218,1000.0,0.0,-0.8666666666666667,0.9333333333333333,-13.0,14.0,3.0,31
223.29421997070312,53.240631103515625,10.648126220703125,1000.0,0.0,-0.8666666666666667,1.0,-13.0,15.0,3.0,31
188.93234252929688,26.575319290161133,5.315063858032227,1000.0,0.0,-0.8,-1.0,-12.0,-15.0,3.0,31
185.09213256835938,18.092233657836914,3.6184467315673827,1000.0,0.0,-0.8,-0.9333333333333333,-12.0,-14.0,3.0,31
184.7794189453125,17.53079605102539,3.506159210205078,1000.0,0.0,-0.8,-0.8666666666666667,-12.0,-13.0,3.0,31
181.87408447265625,16.60488510131836,3.3209770202636717,1000.0,0.0,-0.8,-0.8,-12.0,-12.0,3.0,31
181.2918701171875,13.09955883026123,2.619911766052246,1000.0,0.0,-0.8,-0.7333333333333333,-12.0,-11.0,3.0,31
181.6013641357422,11.961864471435547,2.392372894287109,1000.0,0.0,-0.8,-0.6666666666666666,-12.0,-10.0,3.0,31
243.87820434570312,57.06825256347656,11.413650512695312,1000.0,0.0,-0.8,-0.6,-12.0,-9.0,3.0,31
264.51904296875,69.65288543701172,13.930577087402344,1000.0,0.0,-0.8,-0.5333333333333333,-12.0,-8.0,3.0,31
216.64256286621094,43.56753921508789,8.713507843017577,1000.0,0.0,-0.8,-0.4666666666666667,-12.0,-7.0,3.0,31
180.16586303710938,11.296714782714844,2.2593429565429686,1000.0,0.0,-0.8,-0.4,-12.0,-6.0,3.0,31
183.3594970703125,18.9307918548584,3.7861583709716795,1000.0,0.0,-0.8,-0.3333333333333333,-12.0,-5.0,3.0,31
188.9229736328125,21.363290786743164,4.272658157348633,1000.0,0.0,-0.8,-0.26666666666666666,-12.0,-4.0,3.0,31
191.5968780517578,19.6613826751709,3.9322765350341795,1000.0,0.0,-0.8,-0.2,-12.0,-3.0,3.0,31
192.89720153808594,30.208553314208984,6.041710662841797,1000.0,0.0,-0.8,-0.13333333333333333,-12.0,-2.0,3.0,31
278.10784912109375,42.4965705871582,8.499314117431641,1000.0,0.0,-0.8,-0.06666666666666667,-12.0,-1.0,3.0,31
375.2153015136719,74.23314666748047,14.846629333496093,1000.0,0.0,-0.8,0.0,-12.0,0.0,3.0,31
361.75360107421875,67.28245544433594,13.456491088867187,1000.0,0.0,-0.8,0.06666666666666667,-12.0,1.0,3.0,31
371.12890625,53.420921325683594,10.684184265136718,1000.0,0.0,-0.8,0.13333333333333333,-12.0,2.0,3.0,31
365.8659362792969,53.33909225463867,10.667818450927735,1000.0,0.0,-0.8,0.2,-12.0,3.0,3.0,31
361.1737060546875,107.04071807861328,21.408143615722658,1000.0,0.0,-0.8,0.26666666666666666,-12.0,4.0,3.0,31
385.96209716796875,111.64929962158203,22.329859924316406,1000.0,0.0,-0.8,0.3333333333333333,-12.0,5.0,3.0,31
286.5425109863281,97.13679504394531,19.42735900878906,1000.0,0.0,-0.8,0.4,-12.0,6.0,3.0,31
311.6753234863281,61.09115982055664,12.218231964111329,1000.0,0.0,-0.8,0.4666666666666667,-12.0,7.0,3.0,31
277.8887023925781,56.23432159423828,11.246864318847656,1000.0,0.0,-0.8,0.5333333333333333,-12.0,8.0,3.0,31
271.8636779785156,38.0689811706543,7.613796234130859,1000.0,0.0,-0.8,0.6,-12.0,9.0,3.0,31
249.1739044189453,31.335350036621094,6.267070007324219,1000.0,0.0,-0.8,0.6666666666666666,-12.0,10.0,3.0,31
253.5459747314453,44.40145492553711,8.880290985107422,1000.0,0.0,-0.8,0.7333333333333333,-12.0,11.0,3.0,31
254.66146850585938,36.88076400756836,7.376152801513672,1000.0,0.0,-0.8,0.8,-12.0,12.0,3.0,31
228.5963134765625,50.284332275390625,10.056866455078126,1000.0,0.0,-0.8,0.8666666666666667,-12.0,13.0,3.0,31
211.43553161621094,46.34236526489258,9.268473052978516,1000.0,0.0,-0.8,0.9333333333333333,-12.0,14.0,3.0,31
212.76434326171875,43.09265899658203,8.618531799316406,1000.0,0.0,-0.8,1.0,-12.0,15.0,3.0,31
239.83273315429688,44.08726119995117,8.817452239990235,1000.0,0.0,-0.7333333333333333,-1.0,-11.0,-15.0,3.0,31
211.46043395996094,33.053829193115234,6.610765838623047,1000.0,0.0,-0.7333333333333333,-0.9333333333333333,-11.0,-14.0,3.0,31
183.2629852294922,15.884025573730469,3.176805114746094,1000.0,0.0,-0.7333333333333333,-0.8666666666666667,-11.0,-13.0,3.0,31
184.55406188964844,22.125558853149414,4.425111770629883,1000.0,0.0,-0.7333333333333333,-0.8,-11.0,-12.0,3.0,31
184.73736572265625,18.64705467224121,3.729410934448242,1000.0,0.0,-0.7333333333333333,-0.7333333333333333,-11.0,-11.0,3.0,31
184.32078552246094,17.9039306640625,3.5807861328125,1000.0,0.0,-0.7333333333333333,-0.6666666666666666,-11.0,-10.0,3.0,31
207.8694305419922,35.15949630737305,7.031899261474609,1000.0,0.0,-0.7333333333333333,-0.6,-11.0,-9.0,3.0,31
256.6616516113281,60.49155807495117,12.098311614990234,1000.0,0.0,-0.7333333333333333,-0.5333333333333333,-11.0,-8.0,3.0,31
274.07696533203125,67.99169921875,13.59833984375,1000.0,0.0,-0.7333333333333333,-0.4666666666666667,-11.0,-7.0,3.0,31
208.5721435546875,41.114646911621094,8.222929382324219,1000.0,0.0,-0.7333333333333333,-0.4,-11.0,-6.0,3.0,31
182.0571746826172,12.799535751342773,2.559907150268555,1000.0,0.0,-0.7333333333333333,-0.3333333333333333,-11.0,-5.0,3.0,31
183.8394012451172,15.471382141113281,3.0942764282226562,1000.0,0.0,-0.7333333333333333,-0.26666666666666666,-11.0,-4.0,3.0,31
183.11558532714844,17.020360946655273,3.4040721893310546,1000.0,0.0,-0.7333333333333333,-0.2,-11.0,-3.0,3.0,31
190.6597900390625,23.353395462036133,4.670679092407227,1000.0,0.0,-0.7333333333333333,-0.13333333333333333,-11.0,-2.0,3.0,31
237.78005981445312,34.54376220703125,6.90875244140625,1000.0,0.0,-0.7333333333333333,-0.06666666666666667,-11.0,-1.0,3.0,31
220.8708953857422,45.37936782836914,9.075873565673827,1000.0,0.0,-0.7333333333333333,0.0,-11.0,0.0,3.0,31
249.65647888183594,57.97241973876953,11.594483947753906,1000.0,0.0,-0.7333333333333333,0.06666666666666667,-11.0,1.0,3.0,31
304.8299865722656,80.37626647949219,16.075253295898438,1000.0,0.0,-0.7333333333333333,0.13333333333333333,-11.0,2.0,3.0,31
338.20477294921875,64.39293670654297,12.878587341308593,1000.0,0.0,-0.7333333333333333,0.2,-11.0,3.0,3.0,31
349.0633544921875,96.38945770263672,19.277891540527342,1000.0,0.0,-0.7333333333333333,0.26666666666666666,-11.0,4.0,3.0,31
353.7412414550781,123.47181701660156,24.694363403320313,1000.0,0.0,-0.7333333333333333,0.3333333333333333,-11.0,5.0,3.0,31
295.8018798828125,92.42068481445312,18.484136962890624,1000.0,0.0,-0.7333333333333333,0.4,-11.0,6.0,3.0,31
306.8081359863281,55.242088317871094,11.048417663574218,1000.0,0.0,-0.7333333333333333,0.4666666666666667,-11.0,7.0,3.0,31
275.06512451171875,39.047645568847656,7.809529113769531,1000.0,0.0,-0.7333333333333333,0.5333333333333333,-11.0,8.0,3.0,31
258.298583984375,45.07966995239258,9.015933990478516,1000.0,0.0,-0.7333333333333333,0.6,-11.0,9.0,3.0,31
255.09815979003906,45.34557342529297,9.069114685058594,1000.0,0.0,-0.7333333333333333,0.6666666666666666,-11.0,10.0,3.0,31
267.6813049316406,34.30961990356445,6.8619239807128904,1000.0,0.0,-0.7333333333333333,0.7333333333333333,-11.0,11.0,3.0,31
246.56271362304688,47.81955337524414,9.563910675048827,1000.0,0.0,-0.7333333333333333,0.8,-11.0,12.0,3.0,31
222.24644470214844,55.67022705078125,11.13404541015625,1000.0,0.0,-0.7333333333333333,0.8666666666666667,-11.0,13.0,3.0,31
217.50222778320312,50.62821578979492,10.125643157958985,1000.0,0.0,-0.7333333333333333,0.9333333333333333,-11.0,14.0,3.0,31
229.05152893066406,51.90937423706055,10.38187484741211,1000.0,0.0,-0.7333333333333333,1.0,-11.0,15.0,3.0,31
232.9522705078125,59.074710845947266,11.814942169189454,1000.0,0.0,-0.6666666666666666,-1.0,-10.0,-15.0,3.0,31
227.8668212890625,47.3731689453125,9.4746337890625,1000.0,0.0,-0.6666666666666666,-0.9333333333333333,-10.0,-14.0,3.0,31
225.1701202392578,38.52861404418945,7.705722808837891,1000.0,0.0,-0.6666666666666666,-0.8666666666666667,-10.0,-13.0,3.0,31
191.69776916503906,18.811594009399414,3.762318801879883,1000.0,0.0,-0.6666666666666666,-0.8,-10.0,-12.0,3.0,31
182.4066619873047,15.636850357055664,3.127370071411133,1000.0,0.0,-0.6666666666666666,-0.7333333333333333,-10.0,-11.0,3.0,31
186.01821899414062,20.05713653564453,4.011427307128907,1000.0,0.0,-0.6666666666666666,-0.6666666666666666,-10.0,-10.0,3.0,31
182.08139038085938,15.074538230895996,3.014907646179199,1000.0,0.0,-0.6666666666666666,-0.6,-10.0,-9.0,3.0,31
255.64523315429688,62.67770004272461,12.535540008544922,1000.0,0.0,-0.6666666666666666,-0.5333333333333333,-10.0,-8.0,3.0,31
265.34881591796875,56.49346923828125,11.29869384765625,1000.0,0.0,-0.6666666666666666,-0.4666666666666667,-10.0,-7.0,3.0,31
275.2243347167969,60.58271789550781,12.116543579101563,1000.0,0.0,-0.6666666666666666,-0.4,-10.0,-6.0,3.0,31
198.3417510986328,30.871013641357422,6.174202728271484,1000.0,0.0,-0.6666666666666666,-0.3333333333333333,-10.0,-5.0,3.0,31
183.68499755859375,13.394646644592285,2.678929328918457,1000.0,0.0,-0.6666666666666666,-0.26666666666666666,-10.0,-4.0,3.0,31
182.44863891601562,12.106730461120605,2.421346092224121,1000.0,0.0,-0.6666666666666666,-0.2,-10.0,-3.0,3.0,31
187.14102172851562,20.17502212524414,4.035004425048828,1000.0,0.0,-0.6666666666666666,-0.13333333333333333,-10.0,-2.0,3.0,31
229.1541748046875,40.61140441894531,8.122280883789063,1000.0,0.0,-0.6666666666666666,-0.06666666666666667,-10.0,-1.0,3.0,31
205.92041015625,43.14875030517578,8.629750061035157,1000.0,0.0,-0.6666666666666666,0.0,-10.0,0.0,3.0,31
219.421875,43.9712028503418,8.794240570068359,1000.0,0.0,-0.6666666666666666,0.06666666666666667,-10.0,1.0,3.0,31
315.2208251953125,60.54740905761719,12.109481811523438,1000.0,0.0,-0.6666666666666666,0.13333333333333333,-10.0,2.0,3.0,31
354.9252014160156,88.44608306884766,17.68921661376953,1000.0,0.0,-0.6666666666666666,0.2,-10.0,3.0,3.0,31
382.6829833984375,111.60761260986328,22.321522521972657,1000.0,0.0,-0.6666666666666666,0.26666666666666666,-10.0,4.0,3.0,31
348.5751647949219,106.02488708496094,21.204977416992186,1000.0,0.0,-0.6666666666666666,0.3333333333333333,-10.0,5.0,3.0,31
319.9302673339844,86.5328598022461,17.30657196044922,1000.0,0.0,-0.6666666666666666,0.4,-10.0,6.0,3.0,31
302.3222351074219,61.670066833496094,12.334013366699219,1000.0,0.0,-0.6666666666666666,0.4666666666666667,-10.0,7.0,3.0,31
279.9265441894531,49.613441467285156,9.922688293457032,1000.0,0.0,-0.6666666666666666,0.5333333333333333,-10.0,8.0,3.0,31
258.09033203125,45.29887390136719,9.059774780273438,1000.0,0.0,-0.6666666666666666,0.6,-10.0,9.0,3.0,31
261.2392883300781,44.847904205322266,8.969580841064452,1000.0,0.0,-0.6666666666666666,0.6666666666666666,-10.0,10.0,3.0,31
259.8699645996094,34.61569595336914,6.923139190673828,1000.0,0.0,-0.6666666666666666,0.7333333333333333,-10.0,11.0,3.0,31
240.49063110351562,51.613502502441406,10.322700500488281,1000.0,0.0,-0.6666666666666666,0.8,-10.0,12.0,3.0,31
225.0648193359375,52.027095794677734,10.405419158935548,1000.0,0.0,-0.6666666666666666,0.8666666666666667,-10.0,13.0,3.0,31
224.06988525390625,51.22046661376953,10.244093322753907,1000.0,0.0,-0.6666666666666666,0.9333333333333333,-10.0,14.0,3.0,31
230.48562622070312,49.69868087768555,9.93973617553711,1000.0,0.0,-0.6666666666666666,1.0,-10.0,15.0,3.0,31
315.4414367675781,95.46243286132812,19.092486572265624,1000.0,0.0,-0.6,-1.0,-9.0,-15.0,3.0,31
283.6761779785156,86.67491912841797,17.334983825683594,1000.0,0.0,-0.6,-0.9333333333333333,-9.0,-14.0,3.0,31
249.56088256835938,54.38084411621094,10.876168823242187,1000.0,0.0,-0.6,-0.8666666666666667,-9.0,-13.0,3.0,31
216.31689453125,34.343231201171875,6.868646240234375,1000.0,0.0,-0.6,-0.8,-9.0,-12.0,3.0,31
195.09779357910156,16.41958999633789,3.283917999267578,1000.0,0.0,-0.6,-0.7333333333333333,-9.0,-11.0,3.0,31
214.07296752929688,21.127622604370117,4.225524520874023,1000.0,0.0,-0.6,-0.6666666666666666,-9.0,-10.0,3.0,31
180.83670043945312,12.193411827087402,2.4386823654174803,1000.0,0.0,-0.6,-0.6,-9.0,-9.0,3.0,31
247.4131317138672,57.65437698364258,11.530875396728515,1000.0,0.0,-0.6,-0.5333333333333333,-9.0,-8.0,3.0,31
189.99072265625,15.935320854187012,3.1870641708374023,1000.0,0.0,-0.6,-0.4666666666666667,-9.0,-7.0,3.0,31
238.26144409179688,50.42222213745117,10.084444427490235,1000.0,0.0,-0.6,-0.4,-9.0,-6.0,3.0,31
243.0971221923828,45.040531158447266,9.008106231689453,1000.0,0.0,-0.6,-0.3333333333333333,-9.0,-5.0,3.0,31
184.44203186035156,21.170412063598633,4.234082412719727,1000.0,0.0,-0.6,-0.26666666666666666,-9.0,-4.0,3.0,31
185.4134979248047,18.517841339111328,3.7035682678222654,1000.0,0.0,-0.6,-0.2,-9.0,-3.0,3.0,31
188.01806640625,14.796781539916992,2.9593563079833984,1000.0,0.0,-0.6,-0.13333333333333333,-9.0,-2.0,3.0,31
225.26019287109375,47.39967727661133,9.479935455322266,1000.0,0.0,-0.6,-0.06666666666666667,-9.0,-1.0,3.0,31
197.0587158203125,25.115863800048828,5.023172760009766,1000.0,0.0,-0.6,0.0,-9.0,0.0,3.0,31
257.33349609375,82.4148178100586,16.48296356201172,1000.0,0.0,-0.6,0.06666666666666667,-9.0,1.0,3.0,31
293.2999572753906,86.7192153930664,17.343843078613283,1000.0,0.0,-0.6,0.13333333333333333,-9.0,2.0,3.0,31
372.6526184082031,83.03778076171875,16.60755615234375,1000.0,0.0,-0.6,0.2,-9.0,3.0,3.0,31
347.29296875,94.25015258789062,18.850030517578126,1000.0,0.0,-0.6,0.26666666666666666,-9.0,4.0,3.0,31
327.2610168457031,93.03962707519531,18.607925415039062,1000.0,0.0,-0.6,0.3333333333333333,-9.0,5.0,3.0,31
323.1831359863281,79.29907989501953,15.859815979003907,1000.0,0.0,-0.6,0.4,-9.0,6.0,3.0,31
276.7142028808594,64.41901397705078,12.883802795410157,1000.0,0.0,-0.6,0.4666666666666667,-9.0,7.0,3.0,31
266.8949890136719,67.86907958984375,13.57381591796875,1000.0,0.0,-0.6,0.5333333333333333,-9.0,8.0,3.0,31
281.37078857421875,41.849063873291016,8.369812774658204,1000.0,0.0,-0.6,0.6,-9.0,9.0,3.0,31
246.51547241210938,50.10332489013672,10.020664978027344,1000.0,0.0,-0.6,0.6666666666666666,-9.0,10.0,3.0,31
236.1896514892578,50.678592681884766,10.135718536376952,1000.0,0.0,-0.6,0.7333333333333333,-9.0,11.0,3.0,31
238.94114685058594,60.002384185791016,12.000476837158203,1000.0,0.0,-0.6,0.8,-9.0,12.0,3.0,31
229.20689392089844,55.92280578613281,11.184561157226563,1000.0,0.0,-0.6,0.8666666666666667,-9.0,13.0,3.0,31
235.04721069335938,66.75154876708984,13.350309753417969,1000.0,0.0,-0.6,0.9333333333333333,-9.0,14.0,3.0,31
248.22816467285156,71.7520523071289,14.350410461425781,1000.0,0.0,-0.6,1.0,-9.0,15.0,3.0,31
298.56524658203125,89.70404052734375,17.94080810546875,1000.0,0.0,-0.5333333333333333,-1.0,-8.0,-15.0,3.0,31
326.943115234375,91.35408782958984,18.27081756591797,1000.0,0.0,-0.5333333333333333,-0.9333333333333333,-8.0,-14.0,3.0,31
278.8277282714844,97.5105209350586,19.502104187011717,1000.0,0.0,-0.5333333333333333,-0.8666666666666667,-8.0,-13.0,3.0,31
242.85768127441406,63.67190933227539,12.734381866455077,1000.0,0.0,-0.5333333333333333,-0.8,-8.0,-12.0,3.0,31
216.25836181640625,36.05908203125,7.21181640625,1000.0,0.0,-0.5333333333333333,-0.7333333333333333,-8.0,-11.0,3.0,31
190.16000366210938,11.476016998291016,2.2952033996582033,1000.0,0.0,-0.5333333333333333,-0.6666666666666666,-8.0,-10.0,3.0,31
199.35646057128906,19.816083908081055,3.963216781616211,1000.0,0.0,-0.5333333333333333,-0.6,-8.0,-9.0,3.0,31
219.78981018066406,47.27267837524414,9.454535675048827,1000.0,0.0,-0.5333333333333333,-0.5333333333333333,-8.0,-8.0,3.0,31
181.8324737548828,11.87315559387207,2.3746311187744142,1000.0,0.0,-0.5333333333333333,-0.4666666666666667,-8.0,-7.0,3.0,31
203.03794860839844,26.33403968811035,5.266807937622071,1000.0,0.0,-0.5333333333333333,-0.4,-8.0,-6.0,3.0,31
224.04949951171875,35.398712158203125,7.079742431640625,1000.0,0.0,-0.5333333333333333,-0.3333333333333333,-8.0,-5.0,3.0,31
220.13079833984375,23.78813934326172,4.757627868652344,1000.0,0.0,-0.5333333333333333,-0.26666666666666666,-8.0,-4.0,3.0,31
218.52935791015625,38.600372314453125,7.720074462890625,1000.0,0.0,-0.5333333333333333,-0.2,-8.0,-3.0,3.0,31
221.21287536621094,43.22174835205078,8.644349670410156,1000.0,0.0,-0.5333333333333333,-0.13333333333333333,-8.0,-2.0,3.0,31
214.4700927734375,41.205299377441406,8.241059875488281,1000.0,0.0,-0.5333333333333333,-0.06666666666666667,-8.0,-1.0,3.0,31
242.47970581054688,75.29107666015625,15.05821533203125,1000.0,0.0,-0.5333333333333333,0.0,-8.0,0.0,3.0,31
273.426025390625,100.32207489013672,20.064414978027344,1000.0,0.0,-0.5333333333333333,0.06666666666666667,-8.0,1.0,3.0,31
273.7838134765625,87.78204345703125,17.55640869140625,1000.0,0.0,-0.5333333333333333,0.13333333333333333,-8.0,2.0,3.0,31
393.9913635253906,110.1160659790039,22.023213195800782,1000.0,0.0,-0.5333333333333333,0.2,-8.0,3.0,3.0,31
409.5533142089844,112.72962951660156,22.545925903320313,1000.0,0.0,-0.5333333333333333,0.26666666666666666,-8.0,4.0,3.0,31
347.735595703125,102.80101013183594,20.560202026367186,1000.0,0.0,-0.5333333333333333,0.3333333333333333,-8.0,5.0,3.0,31
339.5223083496094,80.90277099609375,16.18055419921875,1000.0,0.0,-0.5333333333333333,0.4,-8.0,6.0,3.0,31
301.7362060546875,62.29780197143555,12.45956039428711,1000.0,0.0,-0.5333333333333333,0.4666666666666667,-8.0,7.0,3.0,31
297.3514709472656,44.8786735534668,8.97573471069336,1000.0,0.0,-0.5333333333333333,0.5333333333333333,-8.0,8.0,3.0,31
290.2211608886719,52.888580322265625,10.577716064453124,1000.0,0.0,-0.5333333333333333,0.6,-8.0,9.0,3.0,31
236.93429565429688,55.839210510253906,11.16784210205078,1000.0,0.0,-0.5333333333333333,0.6666666666666666,-8.0,10.0,3.0,31
214.03404235839844,48.263954162597656,9.652790832519532,1000.0,0.0,-0.5333333333333333,0.7333333333333333,-8.0,11.0,3.0,31
247.1008758544922,59.77268600463867,11.954537200927735,1000.0,0.0,-0.5333333333333333,0.8,-8.0,12.0,3.0,31
257.5970458984375,63.1628303527832,12.63256607055664,1000.0,0.0,-0.5333333333333333,0.8666666666666667,-8.0,13.0,3.0,31
263.56060791015625,83.74848937988281,16.749697875976562,1000.0,0.0,-0.5333333333333333,0.9333333333333333,-8.0,14.0,3.0,31
269.9238586425781,92.20087432861328,18.440174865722657,1000.0,0.0,-0.5333333333333333,1.0,-8.0,15.0,3.0,31
225.83096313476562,42.00019454956055,8.400038909912109,1000.0,0.0,-0.4666666666666667,-1.0,-7.0,-15.0,3.0,31
260.1719665527344,69.60345458984375,13.92069091796875,1000.0,0.0,-0.4666666666666667,-0.9333333333333333,-7.0,-14.0,3.0,31
314.66278076171875,81.99308013916016,16.39861602783203,1000.0,0.0,-0.4666666666666667,-0.8666666666666667,-7.0,-13.0,3.0,31
287.1264953613281,95.01360321044922,19.002720642089844,1000.0,0.0,-0.4666666666666667,-0.8,-7.0,-12.0,3.0,31
261.2384033203125,69.27367401123047,13.854734802246094,1000.0,0.0,-0.4666666666666667,-0.7333333333333333,-7.0,-11.0,3.0,31
210.89466857910156,26.505481719970703,5.301096343994141,1000.0,0.0,-0.4666666666666667,-0.6666666666666666,-7.0,-10.0,3.0,31
182.4404296875,17.19378089904785,3.4387561798095705,1000.0,0.0,-0.4666666666666667,-0.6,-7.0,-9.0,3.0,31
188.56983947753906,17.61631202697754,3.5232624053955077,1000.0,0.0,-0.4666666666666667,-0.5333333333333333,-7.0,-8.0,3.0,31
184.69468688964844,15.98261547088623,3.196523094177246,1000.0,0.0,-0.4666666666666667,-0.4666666666666667,-7.0,-7.0,3.0,31
186.04693603515625,16.446857452392578,3.2893714904785156,1000.0,0.0,-0.4666666666666667,-0.4,-7.0,-6.0,3.0,31
234.2762908935547,34.62290573120117,6.924581146240234,1000.0,0.0,-0.4666666666666667,-0.3333333333333333,-7.0,-5.0,3.0,31
228.1551971435547,24.071165084838867,4.814233016967774,1000.0,0.0,-0.4666666666666667,-0.26666666666666666,-7.0,-4.0,3.0,31
219.79100036621094,36.3552360534668,7.271047210693359,1000.0,0.0,-0.4666666666666667,-0.2,-7.0,-3.0,3.0,31
219.18450927734375,30.5004825592041,6.10009651184082,1000.0,0.0,-0.4666666666666667,-0.13333333333333333,-7.0,-2.0,3.0,31
218.53607177734375,37.52493667602539,7.504987335205078,1000.0,0.0,-0.4666666666666667,-0.06666666666666667,-7.0,-1.0,3.0,31
270.18682861328125,89.3614501953125,17.8722900390625,1000.0,0.0,-0.4666666666666667,0.0,-7.0,0.0,3.0,31
256.9213562011719,92.27357482910156,18.454714965820312,1000.0,0.0,-0.4666666666666667,0.06666666666666667,-7.0,1.0,3.0,31
294.6342468261719,84.689208984375,16.937841796875,1000.0,0.0,-0.4666666666666667,0.13333333333333333,-7.0,2.0,3.0,31
398.2586364746094,141.32589721679688,28.265179443359376,1000.0,0.0,-0.4666666666666667,0.2,-7.0,3.0,3.0,31
432.96954345703125,141.5907440185547,28.318148803710937,1000.0,0.0,-0.4666666666666667,0.26666666666666666,-7.0,4.0,3.0,31
307.5768737792969,122.13572692871094,24.427145385742186,1000.0,0.0,-0.4666666666666667,0.3333333333333333,-7.0,5.0,3.0,31
320.49969482421875,65.49665069580078,13.099330139160156,1000.0,0.0,-0.4666666666666667,0.4,-7.0,6.0,3.0,31
286.927490234375,53.21051025390625,10.64210205078125,1000.0,0.0,-0.4666666666666667,0.4666666666666667,-7.0,7.0,3.0,31
253.40460205078125,59.6895866394043,11.937917327880859,1000.0,0.0,-0.4666666666666667,0.5333333333333333,-7.0,8.0,3.0,31
237.1495361328125,55.27596664428711,11.055193328857422,1000.0,0.0,-0.4666666666666667,0.6,-7.0,9.0,3.0,31
216.34495544433594,40.85529708862305,8.17105941772461,1000.0,0.0,-0.4666666666666667,0.6666666666666666,-7.0,10.0,3.0,31
229.17117309570312,55.05263900756836,11.010527801513671,1000.0,0.0,-0.4666666666666667,0.7333333333333333,-7.0,11.0,3.0,31
229.04994201660156,58.4416389465332,11.68832778930664,1000.0,0.0,-0.4666666666666667,0.8,-7.0,12.0,3.0,31
241.49302673339844,78.83596801757812,15.767193603515626,1000.0,0.0,-0.4666666666666667,0.8666666666666667,-7.0,13.0,3.0,31
250.4862823486328,83.26861572265625,16.65372314453125,1000.0,0.0,-0.4666666666666667,0.9333333333333333,-7.0,14.0,3.0,31
276.8918151855469,92.52709197998047,18.505418395996095,1000.0,0.0,-0.4666666666666667,1.0,-7.0,15.0,3.0,31
239.88720703125,34.668006896972656,6.933601379394531,1000.0,0.0,-0.4,-1.0,-6.0,-15.0,3.0,31
236.0827178955078,44.8982048034668,8.97964096069336,1000.0,0.0,-0.4,-0.9333333333333333,-6.0,-14.0,3.0,31
267.96417236328125,65.38790130615234,13.07758026123047,1000.0,0.0,-0.4,-0.8666666666666667,-6.0,-13.0,3.0,31
298.9262390136719,87.70549011230469,17.541098022460936,1000.0,0.0,-0.4,-0.8,-6.0,-12.0,3.0,31
307.24481201171875,87.90875244140625,17.58175048828125,1000.0,0.0,-0.4,-0.7333333333333333,-6.0,-11.0,3.0,31
195.22030639648438,27.54659652709961,5.509319305419922,1000.0,0.0,-0.4,-0.6666666666666666,-6.0,-10.0,3.0,31
184.33226013183594,16.348106384277344,3.2696212768554687,1000.0,0.0,-0.4,-0.6,-6.0,-9.0,3.0,31
181.91934204101562,14.611671447753906,2.9223342895507813,1000.0,0.0,-0.4,-0.5333333333333333,-6.0,-8.0,3.0,31
183.47781372070312,18.633331298828125,3.726666259765625,1000.0,0.0,-0.4,-0.4666666666666667,-6.0,-7.0,3.0,31
193.41781616210938,29.080623626708984,5.816124725341797,1000.0,0.0,-0.4,-0.4,-6.0,-6.0,3.0,31
199.08486938476562,24.89629554748535,4.97925910949707,1000.0,0.0,-0.4,-0.3333333333333333,-6.0,-5.0,3.0,31
237.23480224609375,32.398887634277344,6.479777526855469,1000.0,0.0,-0.4,-0.26666666666666666,-6.0,-4.0,3.0,31
231.86163330078125,28.188114166259766,5.637622833251953,1000.0,0.0,-0.4,-0.2,-6.0,-3.0,3.0,31
217.96148681640625,29.482776641845703,5.896555328369141,1000.0,0.0,-0.4,-0.13333333333333333,-6.0,-2.0,3.0,31
229.50619506835938,39.059898376464844,7.811979675292969,1000.0,0.0,-0.4,-0.06666666666666667,-6.0,-1.0,3.0,31
259.63494873046875,80.24427795410156,16.048855590820313,1000.0,0.0,-0.4,0.0,-6.0,0.0,3.0,31
262.20819091796875,80.357666015625,16.071533203125,1000.0,0.0,-0.4,0.06666666666666667,-6.0,1.0,3.0,31
299.5053405761719,115.54937744140625,23.10987548828125,1000.0,0.0,-0.4,0.13333333333333333,-6.0,2.0,3.0,31
378.5400695800781,122.65785217285156,24.531570434570312,1000.0,0.0,-0.4,0.2,-6.0,3.0,3.0,31
393.501953125,109.12068939208984,21.824137878417968,1000.0,0.0,-0.4,0.26666666666666666,-6.0,4.0,3.0,31
298.762939453125,87.20092010498047,17.440184020996092,1000.0,0.0,-0.4,0.3333333333333333,-6.0,5.0,3.0,31
290.319580078125,70.46927642822266,14.093855285644532,1000.0,0.0,-0.4,0.4,-6.0,6.0,3.0,31
238.60086059570312,51.55232620239258,10.310465240478516,1000.0,0.0,-0.4,0.4666666666666667,-6.0,7.0,3.0,31
223.60777282714844,55.75996017456055,11.151992034912109,1000.0,0.0,-0.4,0.5333333333333333,-6.0,8.0,3.0,31
211.21206665039062,37.532779693603516,7.5065559387207035,1000.0,0.0,-0.4,0.6,-6.0,9.0,3.0,31
220.00320434570312,51.89963150024414,10.379926300048828,1000.0,0.0,-0.4,0.6666666666666666,-6.0,10.0,3.0,31
219.14785766601562,40.429752349853516,8.085950469970703,1000.0,0.0,-0.4,0.7333333333333333,-6.0,11.0,3.0,31
232.66209411621094,55.01868438720703,11.003736877441407,1000.0,0.0,-0.4,0.8,-6.0,12.0,3.0,31
226.95388793945312,49.75575256347656,9.951150512695312,1000.0,0.0,-0.4,0.8666666666666667,-6.0,13.0,3.0,31
253.7089080810547,77.4527587890625,15.4905517578125,1000.0,0.0,-0.4,0.9333333333333333,-6.0,14.0,3.0,31
257.36199951171875,106.10531616210938,21.221063232421876,1000.0,0.0,-0.4,1.0,-6.0,15.0,3.0,31
267.5424499511719,25.408945083618164,5.081789016723633,1000.0,0.0,-0.3333333333333333,-1.0,-5.0,-15.0,3.0,31
281.2147521972656,29.222518920898438,5.844503784179688,1000.0,0.0,-0.3333333333333333,-0.9333333333333333,-5.0,-14.0,3.0,31
291.6260681152344,27.531293869018555,5.506258773803711,1000.0,0.0,-0.3333333333333333,-0.8666666666666667,-5.0,-13.0,3.0,31
292.61541748046875,65.91545104980469,13.183090209960938,1000.0,0.0,-0.3333333333333333,-0.8,-5.0,-12.0,3.0,31
294.3408203125,74.81505584716797,14.963011169433594,1000.0,0.0,-0.3333333333333333,-0.7333333333333333,-5.0,-11.0,3.0,31
316.1178283691406,74.36920928955078,14.873841857910156,1000.0,0.0,-0.3333333333333333,-0.6666666666666666,-5.0,-10.0,3.0,31
209.7586669921875,27.93557357788086,5.587114715576172,1000.0,0.0,-0.3333333333333333,-0.6,-5.0,-9.0,3.0,31
192.17544555664062,37.443016052246094,7.488603210449218,1000.0,0.0,-0.3333333333333333,-0.5333333333333333,-5.0,-8.0,3.0,31
189.53736877441406,21.4669246673584,4.29338493347168,1000.0,0.0,-0.3333333333333333,-0.4666666666666667,-5.0,-7.0,3.0,31
192.6072235107422,30.480520248413086,6.0961040496826175,1000.0,0.0,-0.3333333333333333,-0.4,-5.0,-6.0,3.0,31
201.16397094726562,39.49372482299805,7.89874496459961,1000.0,0.0,-0.3333333333333333,-0.3333333333333333,-5.0,-5.0,3.0,31
250.52740478515625,36.409400939941406,7.281880187988281,1000.0,0.0,-0.3333333333333333,-0.26666666666666666,-5.0,-4.0,3.0,31
241.47933959960938,42.39821243286133,8.479642486572265,1000.0,0.0,-0.3333333333333333,-0.2,-5.0,-3.0,3.0,31
225.5991973876953,41.780052185058594,8.356010437011719,1000.0,0.0,-0.3333333333333333,-0.13333333333333333,-5.0,-2.0,3.0,31
234.12246704101562,68.13325500488281,13.626651000976562,1000.0,0.0,-0.3333333333333333,-0.06666666666666667,-5.0,-1.0,3.0,31
274.8091735839844,95.48983764648438,19.097967529296874,1000.0,0.0,-0.3333333333333333,0.0,-5.0,0.0,3.0,31
255.00634765625,93.29771423339844,18.659542846679688,1000.0,0.0,-0.3333333333333333,0.06666666666666667,-5.0,1.0,3.0,31
340.01983642578125,104.8194580078125,20.9638916015625,1000.0,0.0,-0.3333333333333333,0.13333333333333333,-5.0,2.0,3.0,31
401.1124572753906,123.50923156738281,24.701846313476562,1000.0,0.0,-0.3333333333333333,0.2,-5.0,3.0,3.0,31
305.1831359863281,105.68895721435547,21.137791442871094,1000.0,0.0,-0.3333333333333333,0.26666666666666666,-5.0,4.0,3.0,31
249.42120361328125,60.12847900390625,12.02569580078125,1000.0,0.0,-0.3333333333333333,0.3333333333333333,-5.0,5.0,3.0,31
216.86183166503906,52.371253967285156,10.474250793457031,1000.0,0.0,-0.3333333333333333,0.4,-5.0,6.0,3.0,31
212.14015197753906,39.96269226074219,7.9925384521484375,1000.0,0.0,-0.3333333333333333,0.4666666666666667,-5.0,7.0,3.0,31
217.44793701171875,50.889930725097656,10.177986145019531,1000.0,0.0,-0.3333333333333333,0.5333333333333333,-5.0,8.0,3.0,31
197.30215454101562,18.951047897338867,3.7902095794677733,1000.0,0.0,-0.3333333333333333,0.6,-5.0,9.0,3.0,31
202.13523864746094,22.411218643188477,4.4822437286376955,1000.0,0.0,-0.3333333333333333,0.6666666666666666,-5.0,10.0,3.0,31
215.1311492919922,48.970314025878906,9.79406280517578,1000.0,0.0,-0.3333333333333333,0.7333333333333333,-5.0,11.0,3.0,31
211.2454833984375,38.55378723144531,7.710757446289063,1000.0,0.0,-0.3333333333333333,0.8,-5.0,12.0,3.0,31
216.53152465820312,40.957786560058594,8.191557312011719,1000.0,0.0,-0.3333333333333333,0.8666666666666667,-5.0,13.0,3.0,31
264.4649658203125,93.35861206054688,18.671722412109375,1000.0,0.0,-0.3333333333333333,0.9333333333333333,-5.0,14.0,3.0,31
324.1281433105469,120.02288055419922,24.004576110839842,1000.0,0.0,-0.3333333333333333,1.0,-5.0,15.0,3.0,31
314.0439453125,37.045467376708984,7.4090934753417965,1000.0,0.0,-0.26666666666666666,-1.0,-4.0,-15.0,3.0,31
296.0204162597656,33.69906997680664,6.739813995361328,1000.0,0.0,-0.26666666666666666,-0.9333333333333333,-4.0,-14.0,3.0,31
302.326416015625,36.083656311035156,7.216731262207031,1000.0,0.0,-0.26666666666666666,-0.8666666666666667,-4.0,-13.0,3.0,31
365.8462219238281,51.23199462890625,10.24639892578125,1000.0,0.0,-0.26666666666666666,-0.8,-4.0,-12.0,3.0,31
333.07159423828125,27.910125732421875,5.582025146484375,1000.0,0.0,-0.26666666666666666,-0.7333333333333333,-4.0,-11.0,3.0,31
324.85626220703125,41.57235336303711,8.314470672607422,1000.0,0.0,-0.26666666666666666,-0.6666666666666666,-4.0,-10.0,3.0,31
322.8665771484375,35.040802001953125,7.008160400390625,1000.0,0.0,-0.26666666666666666,-0.6,-4.0,-9.0,3.0,31
213.75404357910156,39.00319290161133,7.800638580322266,1000.0,0.0,-0.26666666666666666,-0.5333333333333333,-4.0,-8.0,3.0,31
209.51751708984375,38.36406707763672,7.672813415527344,1000.0,0.0,-0.26666666666666666,-0.4666666666666667,-4.0,-7.0,3.0,31
216.6376953125,45.50271224975586,9.100542449951172,1000.0,0.0,-0.26666666666666666,-0.4,-4.0,-6.0,3.0,31
241.18617248535156,45.53643035888672,9.107286071777343,1000.0,0.0,-0.26666666666666666,-0.3333333333333333,-4.0,-5.0,3.0,31
243.53782653808594,82.68047332763672,16.536094665527344,1000.0,0.0,-0.26666666666666666,-0.26666666666666666,-4.0,-4.0,3.0,31
313.404541015625,76.74961853027344,15.349923706054687,1000.0,0.0,-0.26666666666666666,-0.2,-4.0,-3.0,3.0,31
248.4903564453125,77.94049835205078,15.588099670410156,1000.0,0.0,-0.26666666666666666,-0.13333333333333333,-4.0,-2.0,3.0,31
266.8284912109375,98.00919342041016,19.601838684082033,1000.0,0.0,-0.26666666666666666,-0.06666666666666667,-4.0,-1.0,3.0,31
273.30145263671875,84.04376220703125,16.80875244140625,1000.0,0.0,-0.26666666666666666,0.0,-4.0,0.0,3.0,31
268.355712890625,71.3105239868164,14.262104797363282,1000.0,0.0,-0.26666666666666666,0.06666666666666667,-4.0,1.0,3.0,31
347.4425048828125,146.97415161132812,29.394830322265626,1000.0,0.0,-0.26666666666666666,0.13333333333333333,-4.0,2.0,3.0,31
358.5524597167969,137.6826934814453,27.536538696289064,1000.0,0.0,-0.26666666666666666,0.2,-4.0,3.0,3.0,31
328.7719421386719,96.93861389160156,19.387722778320313,1000.0,0.0,-0.26666666666666666,0.26666666666666666,-4.0,4.0,3.0,31
203.86874389648438,21.12619972229004,4.225239944458008,1000.0,0.0,-0.26666666666666666,0.3333333333333333,-4.0,5.0,3.0,31
215.06565856933594,33.66814422607422,6.733628845214843,1000.0,0.0,-0.26666666666666666,0.4,-4.0,6.0,3.0,31
220.98765563964844,46.14927673339844,9.229855346679688,1000.0,0.0,-0.26666666666666666,0.4666666666666667,-4.0,7.0,3.0,31
203.05589294433594,39.428016662597656,7.885603332519532,1000.0,0.0,-0.26666666666666666,0.5333333333333333,-4.0,8.0,3.0,31
214.72174072265625,59.457115173339844,11.89142303466797,1000.0,0.0,-0.26666666666666666,0.6,-4.0,9.0,3.0,31
214.3631591796875,42.36359405517578,8.472718811035156,1000.0,0.0,-0.26666666666666666,0.6666666666666666,-4.0,10.0,3.0,31
231.1505889892578,67.1317367553711,13.426347351074218,1000.0,0.0,-0.26666666666666666,0.7333333333333333,-4.0,11.0,3.0,31
221.8419952392578,38.70362091064453,7.740724182128906,1000.0,0.0,-0.26666666666666666,0.8,-4.0,12.0,3.0,31
231.0562744140625,63.116188049316406,12.623237609863281,1000.0,0.0,-0.26666666666666666,0.8666666666666667,-4.0,13.0,3.0,31
352.466064453125,136.6395263671875,27.3279052734375,1000.0,0.0,-0.26666666666666666,0.9333333333333333,-4.0,14.0,3.0,31
348.1590576171875,134.22019958496094,26.844039916992188,1000.0,0.0,-0.26666666666666666,1.0,-4.0,15.0,3.0,31
296.5062561035156,55.171939849853516,11.034387969970703,1000.0,0.0,-0.2,-1.0,-3.0,-15.0,3.0,31
346.48101806640625,39.583560943603516,7.9167121887207035,1000.0,0.0,-0.2,-0.9333333333333333,-3.0,-14.0,3.0,31
380.7716064453125,27.65201187133789,5.530402374267578,1000.0,0.0,-0.2,-0.8666666666666667,-3.0,-13.0,3.0,31
386.32940673828125,40.88679504394531,8.177359008789063,1000.0,0.0,-0.2,-0.8,-3.0,-12.0,3.0,31
376.59637451171875,36.4206428527832,7.284128570556641,1000.0,0.0,-0.2,-0.7333333333333333,-3.0,-11.0,3.0,31
366.7251892089844,45.4799690246582,9.095993804931641,1000.0,0.0,-0.2,-0.6666666666666666,-3.0,-10.0,3.0,31
364.39337158203125,58.093414306640625,11.618682861328125,1000.0,0.0,-0.2,-0.6,-3.0,-9.0,3.0,31
335.8398132324219,41.849552154541016,8.369910430908202,1000.0,0.0,-0.2,-0.5333333333333333,-3.0,-8.0,3.0,31
308.12841796875,38.873802185058594,7.774760437011719,1000.0,0.0,-0.2,-0.4666666666666667,-3.0,-7.0,3.0,31
217.61587524414062,43.75255584716797,8.750511169433594,1000.0,0.0,-0.2,-0.4,-3.0,-6.0,3.0,31
218.65933227539062,46.65631103515625,9.33126220703125,1000.0,0.0,-0.2,-0.3333333333333333,-3.0,-5.0,3.0,31
205.77499389648438,46.76979446411133,9.353958892822266,1000.0,0.0,-0.2,-0.26666666666666666,-3.0,-4.0,3.0,31
230.38827514648438,67.31272888183594,13.462545776367188,1000.0,0.0,-0.2,-0.2,-3.0,-3.0,3.0,31
276.4134826660156,63.76453399658203,12.752906799316406,1000.0,0.0,-0.2,-0.13333333333333333,-3.0,-2.0,3.0,31
355.60479736328125,138.0963134765625,27.6192626953125,1000.0,0.0,-0.2,-0.06666666666666667,-3.0,-1.0,3.0,31
262.7156677246094,83.00828552246094,16.601657104492187,1000.0,0.0,-0.2,0.0,-3.0,0.0,3.0,31
366.9326171875,135.9266815185547,27.185336303710937,1000.0,0.0,-0.2,0.06666666666666667,-3.0,1.0,3.0,31
389.3542175292969,141.7664031982422,28.35328063964844,1000.0,0.0,-0.2,0.13333333333333333,-3.0,2.0,3.0,31
404.7115478515625,126.54292297363281,25.30858459472656,1000.0,0.0,-0.2,0.2,-3.0,3.0,3.0,31
358.8154296875,126.36021423339844,25.27204284667969,1000.0,0.0,-0.2,0.26666666666666666,-3.0,4.0,3.0,31
223.38478088378906,29.815765380859375,5.963153076171875,1000.0,0.0,-0.2,0.3333333333333333,-3.0,5.0,3.0,31
220.12408447265625,39.45927429199219,7.891854858398437,1000.0,0.0,-0.2,0.4,-3.0,6.0,3.0,31
225.81219482421875,51.23488998413086,10.246977996826171,1000.0,0.0,-0.2,0.4666666666666667,-3.0,7.0,3.0,31
204.89767456054688,29.235017776489258,5.847003555297851,1000.0,0.0,-0.2,0.5333333333333333,-3.0,8.0,3.0,31
222.88624572753906,56.587928771972656,11.317585754394532,1000.0,0.0,-0.2,0.6,-3.0,9.0,3.0,31
241.22312927246094,80.32935333251953,16.065870666503905,1000.0,0.0,-0.2,0.6666666666666666,-3.0,10.0,3.0,31
252.8303680419922,58.53780746459961,11.707561492919922,1000.0,0.0,-0.2,0.7333333333333333,-3.0,11.0,3.0,31
254.24673461914062,58.606258392333984,11.721251678466796,1000.0,0.0,-0.2,0.8,-3.0,12.0,3.0,31
319.9210510253906,75.74667358398438,15.149334716796876,1000.0,0.0,-0.2,0.8666666666666667,-3.0,13.0,3.0,31
460.31475830078125,99.06730651855469,19.813461303710938,1000.0,0.0,-0.2,0.9333333333333333,-3.0,14.0,3.0,31
402.4969482421875,128.62301635742188,25.724603271484376,1000.0,0.0,-0.2,1.0,-3.0,15.0,3.0,31
270.71051025390625,85.08528137207031,17.017056274414063,1000.0,0.0,-0.13333333333333333,-1.0,-2.0,-15.0,3.0,31
305.99578857421875,74.90787506103516,14.981575012207031,1000.0,0.0,-0.13333333333333333,-0.9333333333333333,-2.0,-14.0,3.0,31
341.6392822265625,43.85734558105469,8.771469116210938,1000.0,0.0,-0.13333333333333333,-0.8666666666666667,-2.0,-13.0,3.0,31
351.0723571777344,34.926937103271484,6.9853874206542965,1000.0,0.0,-0.13333333333333333,-0.8,-2.0,-12.0,3.0,31
362.9725036621094,27.328832626342773,5.465766525268554,1000.0,0.0,-0.13333333333333333,-0.7333333333333333,-2.0,-11.0,3.0,31
347.89678955078125,57.21925354003906,11.443850708007812,1000.0,0.0,-0.13333333333333333,-0.6666666666666666,-2.0,-10.0,3.0,31
303.9278564453125,104.75779724121094,20.951559448242186,1000.0,0.0,-0.13333333333333333,-0.6,-2.0,-9.0,3.0,31
307.2539367675781,98.46864318847656,19.693728637695312,1000.0,0.0,-0.13333333333333333,-0.5333333333333333,-2.0,-8.0,3.0,31
271.2307434082031,62.68098068237305,12.53619613647461,1000.0,0.0,-0.13333333333333333,-0.4666666666666667,-2.0,-7.0,3.0,31
244.5850830078125,41.848812103271484,8.369762420654297,1000.0,0.0,-0.13333333333333333,-0.4,-2.0,-6.0,3.0,31
233.3350067138672,37.353450775146484,7.470690155029297,1000.0,0.0,-0.13333333333333333,-0.3333333333333333,-2.0,-5.0,3.0,31
188.15829467773438,20.83361053466797,4.166722106933594,1000.0,0.0,-0.13333333333333333,-0.26666666666666666,-2.0,-4.0,3.0,31
194.91561889648438,33.0842170715332,6.616843414306641,1000.0,0.0,-0.13333333333333333,-0.2,-2.0,-3.0,3.0,31
390.2391662597656,112.94568634033203,22.589137268066406,1000.0,0.0,-0.13333333333333333,-0.13333333333333333,-2.0,-2.0,3.0,31
416.9768371582031,172.42323303222656,34.48464660644531,1000.0,0.0,-0.13333333333333333,-0.06666666666666667,-2.0,-1.0,3.0,31
439.2230224609375,191.0001678466797,38.200033569335936,1000.0,0.0,-0.13333333333333333,0.0,-2.0,0.0,3.0,31
266.9412841796875,65.4383316040039,13.087666320800782,1000.0,0.0,-0.13333333333333333,0.06666666666666667,-2.0,1.0,3.0,31
373.93682861328125,131.91114807128906,26.382229614257813,1000.0,0.0,-0.13333333333333333,0.13333333333333333,-2.0,2.0,3.0,31
360.5704345703125,165.8505401611328,33.170108032226565,1000.0,0.0,-0.13333333333333333,0.2,-2.0,3.0,3.0,31
398.19573974609375,207.42787170410156,41.485574340820314,1000.0,0.0,-0.13333333333333333,0.26666666666666666,-2.0,4.0,3.0,31
226.57687377929688,40.687191009521484,8.137438201904297,1000.0,0.0,-0.13333333333333333,0.3333333333333333,-2.0,5.0,3.0,31
227.2991943359375,70.064697265625,14.012939453125,1000.0,0.0,-0.13333333333333333,0.4,-2.0,6.0,3.0,31
204.876953125,51.16788101196289,10.233576202392578,1000.0,0.0,-0.13333333333333333,0.4666666666666667,-2.0,7.0,3.0,31
226.63934326171875,53.550785064697266,10.710157012939453,1000.0,0.0,-0.13333333333333333,0.5333333333333333,-2.0,8.0,3.0,31
229.82518005371094,70.4339370727539,14.08678741455078,1000.0,0.0,-0.13333333333333333,0.6,-2.0,9.0,3.0,31
252.28573608398438,64.24562072753906,12.849124145507812,1000.0,0.0,-0.13333333333333333,0.6666666666666666,-2.0,10.0,3.0,31
306.5403137207031,96.89820098876953,19.379640197753908,1000.0,0.0,-0.13333333333333333,0.7333333333333333,-2.0,11.0,3.0,31
317.24493408203125,111.87171173095703,22.374342346191405,1000.0,0.0,-0.13333333333333333,0.8,-2.0,12.0,3.0,31
455.9886474609375,89.35885620117188,17.871771240234374,1000.0,0.0,-0.13333333333333333,0.8666666666666667,-2.0,13.0,3.0,31
447.81195068359375,101.83411407470703,20.366822814941408,1000.0,0.0,-0.13333333333333333,0.9333333333333333,-2.0,14.0,3.0,31
471.7090148925781,83.56490325927734,16.712980651855467,1000.0,0.0,-0.13333333333333333,1.0,-2.0,15.0,3.0,31
191.46510314941406,19.771373748779297,3.9542747497558595,1000.0,0.0,-0.06666666666666667,-1.0,-1.0,-15.0,3.0,31
196.60186767578125,32.97754669189453,6.595509338378906,1000.0,0.0,-0.06666666666666667,-0.9333333333333333,-1.0,-14.0,3.0,31
189.75291442871094,24.731664657592773,4.946332931518555,1000.0,0.0,-0.06666666666666667,-0.8666666666666667,-1.0,-13.0,3.0,31
205.60011291503906,22.543222427368164,4.508644485473633,1000.0,0.0,-0.06666666666666667,-0.8,-1.0,-12.0,3.0,31
267.06182861328125,57.679988861083984,11.535997772216797,1000.0,0.0,-0.06666666666666667,-0.7333333333333333,-1.0,-11.0,3.0,31
233.3895263671875,55.125038146972656,11.025007629394532,1000.0,0.0,-0.06666666666666667,-0.6666666666666666,-1.0,-10.0,3.0,31
234.27732849121094,76.28641510009766,15.257283020019532,1000.0,0.0,-0.06666666666666667,-0.6,-1.0,-9.0,3.0,31
198.6576690673828,25.398967742919922,5.079793548583984,1000.0,0.0,-0.06666666666666667,-0.5333333333333333,-1.0,-8.0,3.0,31
203.64913940429688,30.48542594909668,6.097085189819336,1000.0,0.0,-0.06666666666666667,-0.4666666666666667,-1.0,-7.0,3.0,31
250.95452880859375,44.92389678955078,8.984779357910156,1000.0,0.0,-0.06666666666666667,-0.4,-1.0,-6.0,3.0,31
224.75607299804688,25.067893981933594,5.013578796386719,1000.0,0.0,-0.06666666666666667,-0.3333333333333333,-1.0,-5.0,3.0,31
205.77987670898438,41.3126220703125,8.2625244140625,1000.0,0.0,-0.06666666666666667,-0.26666666666666666,-1.0,-4.0,3.0,31
299.5426940917969,113.57987976074219,22.715975952148437,1000.0,0.0,-0.06666666666666667,-0.2,-1.0,-3.0,3.0,31
500.6506652832031,183.73828125,36.74765625,1000.0,0.0,-0.06666666666666667,-0.13333333333333333,-1.0,-2.0,3.0,31
544.8447875976562,238.69725036621094,47.73945007324219,1000.0,0.0,-0.06666666666666667,-0.06666666666666667,-1.0,-1.0,3.0,31
539.1580810546875,205.3269500732422,41.065390014648436,1000.0,0.0,-0.06666666666666667,0.0,-1.0,0.0,3.0,31
341.529541015625,139.1695556640625,27.8339111328125,1000.0,0.0,-0.06666666666666667,0.06666666666666667,-1.0,1.0,3.0,31
324.7997741699219,151.77688598632812,30.355377197265625,1000.0,0.0,-0.06666666666666667,0.13333333333333333,-1.0,2.0,3.0,31
413.207275390625,197.81517028808594,39.56303405761719,1000.0,0.0,-0.06666666666666667,0.2,-1.0,3.0,3.0,31
372.6693420410156,206.4000701904297,41.28001403808594,1000.0,0.0,-0.06666666666666667,0.26666666666666666,-1.0,4.0,3.0,31
455.9112548828125,167.840087890625,33.568017578125,1000.0,0.0,-0.06666666666666667,0.3333333333333333,-1.0,5.0,3.0,31
234.89154052734375,64.31187438964844,12.862374877929687,1000.0,0.0,-0.06666666666666667,0.4,-1.0,6.0,3.0,31
221.56675720214844,49.827327728271484,9.965465545654297,1000.0,0.0,-0.06666666666666667,0.4666666666666667,-1.0,7.0,3.0,31
271.4779052734375,83.79983520507812,16.759967041015624,1000.0,0.0,-0.06666666666666667,0.5333333333333333,-1.0,8.0,3.0,31
278.4317626953125,57.14689636230469,11.429379272460938,1000.0,0.0,-0.06666666666666667,0.6,-1.0,9.0,3.0,31
300.7877502441406,103.62535095214844,20.725070190429687,1000.0,0.0,-0.06666666666666667,0.6666666666666666,-1.0,10.0,3.0,31
454.6671447753906,57.98297119140625,11.59659423828125,1000.0,0.0,-0.06666666666666667,0.7333333333333333,-1.0,11.0,3.0,31
451.03594970703125,64.88693237304688,12.977386474609375,1000.0,0.0,-0.06666666666666667,0.8,-1.0,12.0,3.0,31
432.0815734863281,87.96853637695312,17.593707275390624,1000.0,0.0,-0.06666666666666667,0.8666666666666667,-1.0,13.0,3.0,31
447.6576232910156,90.57872772216797,18.115745544433594,1000.0,0.0,-0.06666666666666667,0.9333333333333333,-1.0,14.0,3.0,31
459.6758117675781,43.862667083740234,8.772533416748047,1000.0,0.0,-0.06666666666666667,1.0,-1.0,15.0,3.0,31
184.76402282714844,13.38542652130127,2.677085304260254,1000.0,0.0,0.0,-1.0,0.0,-15.0,3.0,31
186.6972198486328,17.123624801635742,3.4247249603271483,1000.0,0.0,0.0,-0.9333333333333333,0.0,-14.0,3.0,31
204.45152282714844,29.03140640258789,5.806281280517578,1000.0,0.0,0.0,-0.8666666666666667,0.0,-13.0,3.0,31
205.5504150390625,25.503721237182617,5.100744247436523,1000.0,0.0,0.0,-0.8,0.0,-12.0,3.0,31
194.5705108642578,31.255861282348633,6.251172256469727,1000.0,0.0,0.0,-0.7333333333333333,0.0,-11.0,3.0,31
203.71060180664062,25.335542678833008,5.067108535766602,1000.0,0.0,0.0,-0.6666666666666666,0.0,-10.0,3.0,31
190.9061279296875,22.065826416015625,4.413165283203125,1000.0,0.0,0.0,-0.6,0.0,-9.0,3.0,31
189.62254333496094,18.21072769165039,3.642145538330078,1000.0,0.0,0.0,-0.5333333333333333,0.0,-8.0,3.0,31
201.90390014648438,37.797000885009766,7.559400177001953,1000.0,0.0,0.0,-0.4666666666666667,0.0,-7.0,3.0,31
216.68771362304688,29.91511344909668,5.983022689819336,1000.0,0.0,0.0,-0.4,0.0,-6.0,3.0,31
210.66502380371094,23.526296615600586,4.705259323120117,1000.0,0.0,0.0,-0.3333333333333333,0.0,-5.0,3.0,31
234.38290405273438,65.9622802734375,13.1924560546875,1000.0,0.0,0.0,-0.26666666666666666,0.0,-4.0,3.0,31
304.1630554199219,130.3427734375,26.0685546875,1000.0,0.0,0.0,-0.2,0.0,-3.0,3.0,31
265.4815368652344,70.23603057861328,14.047206115722656,1000.0,0.0,0.0,-0.13333333333333333,0.0,-2.0,3.0,31
550.7118530273438,210.30848693847656,42.06169738769531,1000.0,0.0,0.0,-0.06666666666666667,0.0,-1.0,3.0,31
682.6614990234375,198.71917724609375,39.74383544921875,1000.0,0.0,0.0,0.0,0.0,0.0,3.0,31
632.32177734375,243.4809112548828,48.69618225097656,1000.0,0.0,0.0,0.06666666666666667,0.0,1.0,3.0,31
343.5655517578125,150.18763732910156,30.03752746582031,1000.0,0.0,0.0,0.13333333333333333,0.0,2.0,3.0,31
396.2534484863281,176.43368530273438,35.286737060546876,1000.0,0.0,0.0,0.2,0.0,3.0,3.0,31
368.3383483886719,168.29721069335938,33.65944213867188,1000.0,0.0,0.0,0.26666666666666666,0.0,4.0,3.0,31
377.29156494140625,144.15863037109375,28.83172607421875,1000.0,0.0,0.0,0.3333333333333333,0.0,5.0,3.0,31
468.29608154296875,106.80714416503906,21.361428833007814,1000.0,0.0,0.0,0.4,0.0,6.0,3.0,31
488.1216735839844,71.11485290527344,14.222970581054687,1000.0,0.0,0.0,0.4666666666666667,0.0,7.0,3.0,31
497.1332092285156,81.5125961303711,16.302519226074217,1000.0,0.0,0.0,0.5333333333333333,0.0,8.0,3.0,31
475.0035095214844,43.083091735839844,8.616618347167968,1000.0,0.0,0.0,0.6,0.0,9.0,3.0,31
456.4335021972656,76.07266998291016,15.21453399658203,1000.0,0.0,0.0,0.6666666666666666,0.0,10.0,3.0,31
449.696044921875,93.28934478759766,18.657868957519533,1000.0,0.0,0.0,0.7333333333333333,0.0,11.0,3.0,31
447.3390197753906,55.70531463623047,11.141062927246093,1000.0,0.0,0.0,0.8,0.0,12.0,3.0,31
433.5260925292969,92.78892517089844,18.557785034179688,1000.0,0.0,0.0,0.8666666666666667,0.0,13.0,3.0,31
450.1578063964844,78.14527130126953,15.629054260253906,1000.0,0.0,0.0,0.9333333333333333,0.0,14.0,3.0,31
454.94415283203125,59.624351501464844,11.92487030029297,1000.0,0.0,0.0,1.0,0.0,15.0,3.0,31
195.1808624267578,22.129789352416992,4.425957870483399,1000.0,0.0,0.06666666666666667,-1.0,1.0,-15.0,3.0,31
197.31544494628906,20.2823486328125,4.0564697265625,1000.0,0.0,0.06666666666666667,-0.9333333333333333,1.0,-14.0,3.0,31
218.83811950683594,35.45927429199219,7.091854858398437,1000.0,0.0,0.06666666666666667,-0.8666666666666667,1.0,-13.0,3.0,31
251.07017517089844,61.82910919189453,12.365821838378906,1000.0,0.0,0.06666666666666667,-0.8,1.0,-12.0,3.0,31
298.5509033203125,110.86449432373047,22.172898864746095,1000.0,0.0,0.06666666666666667,-0.7333333333333333,1.0,-11.0,3.0,31
231.4166259765625,48.42973327636719,9.685946655273437,1000.0,0.0,0.06666666666666667,-0.6666666666666666,1.0,-10.0,3.0,31
199.7318115234375,24.63138771057129,4.926277542114258,1000.0,0.0,0.06666666666666667,-0.6,1.0,-9.0,3.0,31
184.84130859375,14.650534629821777,2.9301069259643553,1000.0,0.0,0.06666666666666667,-0.5333333333333333,1.0,-8.0,3.0,31
215.80105590820312,42.562591552734375,8.512518310546875,1000.0,0.0,0.06666666666666667,-0.4666666666666667,1.0,-7.0,3.0,31
205.8057403564453,24.841623306274414,4.968324661254883,1000.0,0.0,0.06666666666666667,-0.4,1.0,-6.0,3.0,31
226.81646728515625,64.36492156982422,12.872984313964844,1000.0,0.0,0.06666666666666667,-0.3333333333333333,1.0,-5.0,3.0,31
344.667724609375,182.47230529785156,36.49446105957031,1000.0,0.0,0.06666666666666667,-0.26666666666666666,1.0,-4.0,3.0,31
311.51641845703125,145.2896728515625,29.0579345703125,1000.0,0.0,0.06666666666666667,-0.2,1.0,-3.0,3.0,31
336.4404602050781,131.79006958007812,26.358013916015626,1000.0,0.0,0.06666666666666667,-0.13333333333333333,1.0,-2.0,3.0,31
485.647216796875,184.75421142578125,36.95084228515625,1000.0,0.0,0.06666666666666667,-0.06666666666666667,1.0,-1.0,3.0,31
589.5838623046875,192.6573486328125,38.5314697265625,1000.0,0.0,0.06666666666666667,0.0,1.0,0.0,3.0,31
524.983154296875,204.06643676757812,40.813287353515626,1000.0,0.0,0.06666666666666667,0.06666666666666667,1.0,1.0,3.0,31
516.4404296875,124.84300231933594,24.968600463867187,1000.0,0.0,0.06666666666666667,0.13333333333333333,1.0,2.0,3.0,31
290.3101806640625,73.42908477783203,14.685816955566406,1000.0,0.0,0.06666666666666667,0.2,1.0,3.0,3.0,31
457.966064453125,98.78379821777344,19.756759643554688,1000.0,0.0,0.06666666666666667,0.26666666666666666,1.0,4.0,3.0,31
359.007568359375,89.67076873779297,17.934153747558593,1000.0,0.0,0.06666666666666667,0.3333333333333333,1.0,5.0,3.0,31
419.7021484375,70.10591125488281,14.021182250976562,1000.0,0.0,0.06666666666666667,0.4,1.0,6.0,3.0,31
461.0692443847656,79.23410034179688,15.846820068359374,1000.0,0.0,0.06666666666666667,0.4666666666666667,1.0,7.0,3.0,31
454.3248291015625,88.43214416503906,17.686428833007813,1000.0,0.0,0.06666666666666667,0.5333333333333333,1.0,8.0,3.0,31
460.18963623046875,94.33992004394531,18.867984008789062,1000.0,0.0,0.06666666666666667,0.6,1.0,9.0,3.0,31
465.16339111328125,53.62106704711914,10.724213409423829,1000.0,0.0,0.06666666666666667,0.6666666666666666,1.0,10.0,3.0,31
472.85211181640625,69.66854095458984,13.933708190917969,1000.0,0.0,0.06666666666666667,0.7333333333333333,1.0,11.0,3.0,31
453.47772216796875,67.72242736816406,13.544485473632813,1000.0,0.0,0.06666666666666667,0.8,1.0,12.0,3.0,31
452.7018737792969,94.30272674560547,18.860545349121093,1000.0,0.0,0.06666666666666667,0.8666666666666667,1.0,13.0,3.0,31
479.8538818359375,55.84705352783203,11.169410705566406,1000.0,0.0,0.06666666666666667,0.9333333333333333,1.0,14.0,3.0,31
458.86187744140625,86.86735534667969,17.373471069335938,1000.0,0.0,0.06666666666666667,1.0,1.0,15.0,3.0,31
253.67608642578125,21.448020935058594,4.289604187011719,1000.0,0.0,0.13333333333333333,-1.0,2.0,-15.0,3.0,31
287.4713134765625,34.18705368041992,6.837410736083984,1000.0,0.0,0.13333333333333333,-0.9333333333333333,2.0,-14.0,3.0,31
318.2911071777344,67.06037139892578,13.412074279785156,1000.0,0.0,0.13333333333333333,-0.8666666666666667,2.0,-13.0,3.0,31
341.5503845214844,83.28118133544922,16.656236267089845,1000.0,0.0,0.13333333333333333,-0.8,2.0,-12.0,3.0,31
292.0121765136719,53.253421783447266,10.650684356689453,1000.0,0.0,0.13333333333333333,-0.7333333333333333,2.0,-11.0,3.0,31
239.91265869140625,37.128910064697266,7.425782012939453,1000.0,0.0,0.13333333333333333,-0.6666666666666666,2.0,-10.0,3.0,31
241.73379516601562,46.76191329956055,9.35238265991211,1000.0,0.0,0.13333333333333333,-0.6,2.0,-9.0,3.0,31
213.3668212890625,35.81863021850586,7.163726043701172,1000.0,0.0,0.13333333333333333,-0.5333333333333333,2.0,-8.0,3.0,31
203.10377502441406,28.05638313293457,5.611276626586914,1000.0,0.0,0.13333333333333333,-0.4666666666666667,2.0,-7.0,3.0,31
217.7915496826172,46.871360778808594,9.37427215576172,1000.0,0.0,0.13333333333333333,-0.4,2.0,-6.0,3.0,31
234.65570068359375,50.932952880859375,10.186590576171875,1000.0,0.0,0.13333333333333333,-0.3333333333333333,2.0,-5.0,3.0,31
265.9222717285156,106.02816772460938,21.205633544921874,1000.0,0.0,0.13333333333333333,-0.26666666666666666,2.0,-4.0,3.0,31
328.6867980957031,176.60850524902344,35.32170104980469,1000.0,0.0,0.13333333333333333,-0.2,2.0,-3.0,3.0,31
375.5571594238281,185.13992309570312,37.027984619140625,1000.0,0.0,0.13333333333333333,-0.13333333333333333,2.0,-2.0,3.0,31
439.0651550292969,164.6258544921875,32.9251708984375,1000.0,0.0,0.13333333333333333,-0.06666666666666667,2.0,-1.0,3.0,31
406.544189453125,137.38705444335938,27.477410888671876,1000.0,0.0,0.13333333333333333,0.0,2.0,0.0,3.0,31
433.737548828125,156.79739379882812,31.359478759765626,1000.0,0.0,0.13333333333333333,0.06666666666666667,2.0,1.0,3.0,31
475.3804626464844,109.19581604003906,21.83916320800781,1000.0,0.0,0.13333333333333333,0.13333333333333333,2.0,2.0,3.0,31
341.1117858886719,75.92069244384766,15.18413848876953,1000.0,0.0,0.13333333333333333,0.2,2.0,3.0,3.0,31
386.23614501953125,66.54888916015625,13.30977783203125,1000.0,0.0,0.13333333333333333,0.26666666666666666,2.0,4.0,3.0,31
417.4130859375,97.3475112915039,19.469502258300782,1000.0,0.0,0.13333333333333333,0.3333333333333333,2.0,5.0,3.0,31
429.4837646484375,60.49489974975586,12.098979949951172,1000.0,0.0,0.13333333333333333,0.4,2.0,6.0,3.0,31
458.3013610839844,62.15135955810547,12.430271911621094,1000.0,0.0,0.13333333333333333,0.4666666666666667,2.0,7.0,3.0,31
492.66876220703125,54.53874588012695,10.90774917602539,1000.0,0.0,0.13333333333333333,0.5333333333333333,2.0,8.0,3.0,31
495.359375,82.51390838623047,16.502781677246094,1000.0,0.0,0.13333333333333333,0.6,2.0,9.0,3.0,31
421.498046875,85.79217529296875,17.15843505859375,1000.0,0.0,0.13333333333333333,0.6666666666666666,2.0,10.0,3.0,31
445.9767150878906,104.33267974853516,20.866535949707032,1000.0,0.0,0.13333333333333333,0.7333333333333333,2.0,11.0,3.0,31
460.62921142578125,59.916587829589844,11.983317565917968,1000.0,0.0,0.13333333333333333,0.8,2.0,12.0,3.0,31
490.8024597167969,63.019351959228516,12.603870391845703,1000.0,0.0,0.13333333333333333,0.8666666666666667,2.0,13.0,3.0,31
458.4482116699219,54.24001693725586,10.848003387451172,1000.0,0.0,0.13333333333333333,0.9333333333333333,2.0,14.0,3.0,31
468.4159240722656,59.81911849975586,11.963823699951172,1000.0,0.0,0.13333333333333333,1.0,2.0,15.0,3.0,31
282.7769775390625,60.59745788574219,12.119491577148438,1000.0,0.0,0.2,-1.0,3.0,-15.0,3.0,31
269.03131103515625,64.82390594482422,12.964781188964844,1000.0,0.0,0.2,-0.9333333333333333,3.0,-14.0,3.0,31
320.4642333984375,46.14315414428711,9.228630828857423,1000.0,0.0,0.2,-0.8666666666666667,3.0,-13.0,3.0,31
289.1795349121094,61.08906555175781,12.217813110351562,1000.0,0.0,0.2,-0.8,3.0,-12.0,3.0,31
273.7705993652344,42.0036506652832,8.40073013305664,1000.0,0.0,0.2,-0.7333333333333333,3.0,-11.0,3.0,31
282.5362243652344,46.55275344848633,9.310550689697266,1000.0,0.0,0.2,-0.6666666666666666,3.0,-10.0,3.0,31
306.4602966308594,70.37797546386719,14.075595092773437,1000.0,0.0,0.2,-0.6,3.0,-9.0,3.0,31
257.2912902832031,49.10258102416992,9.820516204833984,1000.0,0.0,0.2,-0.5333333333333333,3.0,-8.0,3.0,31
220.69847106933594,38.4747428894043,7.69494857788086,1000.0,0.0,0.2,-0.4666666666666667,3.0,-7.0,3.0,31
205.0843505859375,30.071779251098633,6.014355850219727,1000.0,0.0,0.2,-0.4,3.0,-6.0,3.0,31
205.5194091796875,34.103538513183594,6.820707702636719,1000.0,0.0,0.2,-0.3333333333333333,3.0,-5.0,3.0,31
224.72808837890625,47.302635192871094,9.460527038574218,1000.0,0.0,0.2,-0.26666666666666666,3.0,-4.0,3.0,31
377.0386962890625,119.27566528320312,23.855133056640625,1000.0,0.0,0.2,-0.2,3.0,-3.0,3.0,31
254.2165985107422,61.42946243286133,12.285892486572266,1000.0,0.0,0.2,-0.13333333333333333,3.0,-2.0,3.0,31
306.58612060546875,112.17289733886719,22.43457946777344,1000.0,0.0,0.2,-0.06666666666666667,3.0,-1.0,3.0,31
355.504638671875,150.68417358398438,30.136834716796876,1000.0,0.0,0.2,0.0,3.0,0.0,3.0,31
376.4274597167969,131.74009704589844,26.348019409179688,1000.0,0.0,0.2,0.06666666666666667,3.0,1.0,3.0,31
380.7398376464844,76.63665008544922,15.327330017089844,1000.0,0.0,0.2,0.13333333333333333,3.0,2.0,3.0,31
404.4550476074219,82.72189331054688,16.544378662109374,1000.0,0.0,0.2,0.2,3.0,3.0,3.0,31
336.6137390136719,79.03474426269531,15.806948852539062,1000.0,0.0,0.2,0.26666666666666666,3.0,4.0,3.0,31
395.1614074707031,75.40052032470703,15.080104064941406,1000.0,0.0,0.2,0.3333333333333333,3.0,5.0,3.0,31
341.02178955078125,101.75125122070312,20.350250244140625,1000.0,0.0,0.2,0.4,3.0,6.0,3.0,31
462.70489501953125,67.71530151367188,13.543060302734375,1000.0,0.0,0.2,0.4666666666666667,3.0,7.0,3.0,31
466.11651611328125,80.5910415649414,16.11820831298828,1000.0,0.0,0.2,0.5333333333333333,3.0,8.0,3.0,31
499.14227294921875,71.0091323852539,14.201826477050782,1000.0,0.0,0.2,0.6,3.0,9.0,3.0,31
488.00518798828125,100.06582641601562,20.013165283203126,1000.0,0.0,0.2,0.6666666666666666,3.0,10.0,3.0,31
459.7198486328125,89.65510559082031,17.93102111816406,1000.0,0.0,0.2,0.7333333333333333,3.0,11.0,3.0,31
464.28863525390625,76.51593017578125,15.30318603515625,1000.0,0.0,0.2,0.8,3.0,12.0,3.0,31
466.3042907714844,83.40966796875,16.68193359375,1000.0,0.0,0.2,0.8666666666666667,3.0,13.0,3.0,31
466.3097229003906,69.94303131103516,13.988606262207032,1000.0,0.0,0.2,0.9333333333333333,3.0,14.0,3.0,31
469.9603271484375,74.92823028564453,14.985646057128907,1000.0,0.0,0.2,1.0,3.0,15.0,3.0,31
276.3492431640625,80.79302978515625,16.15860595703125,1000.0,0.0,0.26666666666666666,-1.0,4.0,-15.0,3.0,31
267.867431640625,69.120361328125,13.824072265625,1000.0,0.0,0.26666666666666666,-0.9333333333333333,4.0,-14.0,3.0,31
261.2348937988281,75.69348907470703,15.138697814941406,1000.0,0.0,0.26666666666666666,-0.8666666666666667,4.0,-13.0,3.0,31
299.3280029296875,75.9261703491211,15.185234069824219,1000.0,0.0,0.26666666666666666,-0.8,4.0,-12.0,3.0,31
303.20751953125,86.21554565429688,17.243109130859374,1000.0,0.0,0.26666666666666666,-0.7333333333333333,4.0,-11.0,3.0,31
338.5965881347656,56.790191650390625,11.358038330078125,1000.0,0.0,0.26666666666666666,-0.6666666666666666,4.0,-10.0,3.0,31
309.3796691894531,68.63666534423828,13.727333068847656,1000.0,0.0,0.26666666666666666,-0.6,4.0,-9.0,3.0,31
243.8746337890625,43.084434509277344,8.61688690185547,1000.0,0.0,0.26666666666666666,-0.5333333333333333,4.0,-8.0,3.0,31
212.15081787109375,35.37019729614258,7.074039459228516,1000.0,0.0,0.26666666666666666,-0.4666666666666667,4.0,-7.0,3.0,31
203.22508239746094,23.81751251220703,4.763502502441407,1000.0,0.0,0.26666666666666666,-0.4,4.0,-6.0,3.0,31
209.9174041748047,34.37931442260742,6.875862884521484,1000.0,0.0,0.26666666666666666,-0.3333333333333333,4.0,-5.0,3.0,31
220.55455017089844,62.942935943603516,12.588587188720703,1000.0,0.0,0.26666666666666666,-0.26666666666666666,4.0,-4.0,3.0,31
249.11630249023438,69.58972930908203,13.917945861816406,1000.0,0.0,0.26666666666666666,-0.2,4.0,-3.0,3.0,31
200.4423370361328,29.6992130279541,5.939842605590821,1000.0,0.0,0.26666666666666666,-0.13333333333333333,4.0,-2.0,3.0,31
237.68841552734375,51.359466552734375,10.271893310546876,1000.0,0.0,0.26666666666666666,-0.06666666666666667,4.0,-1.0,3.0,31
285.347412109375,100.45460510253906,20.090921020507814,1000.0,0.0,0.26666666666666666,0.0,4.0,0.0,3.0,31
284.6116027832031,44.50356674194336,8.900713348388672,1000.0,0.0,0.26666666666666666,0.06666666666666667,4.0,1.0,3.0,31
282.0791931152344,39.577293395996094,7.915458679199219,1000.0,0.0,0.26666666666666666,0.13333333333333333,4.0,2.0,3.0,31
382.2574157714844,118.32646179199219,23.66529235839844,1000.0,0.0,0.26666666666666666,0.2,4.0,3.0,3.0,31
414.5019226074219,77.31243896484375,15.46248779296875,1000.0,0.0,0.26666666666666666,0.26666666666666666,4.0,4.0,3.0,31
435.55694580078125,74.13551330566406,14.827102661132812,1000.0,0.0,0.26666666666666666,0.3333333333333333,4.0,5.0,3.0,31
455.1358947753906,78.61607360839844,15.723214721679687,1000.0,0.0,0.26666666666666666,0.4,4.0,6.0,3.0,31
531.2859497070312,58.84174346923828,11.768348693847656,1000.0,0.0,0.26666666666666666,0.4666666666666667,4.0,7.0,3.0,31
533.8320922851562,56.16259002685547,11.232518005371094,1000.0,0.0,0.26666666666666666,0.5333333333333333,4.0,8.0,3.0,31
517.2686157226562,89.1886215209961,17.83772430419922,1000.0,0.0,0.26666666666666666,0.6,4.0,9.0,3.0,31
490.5516357421875,98.59331512451172,19.718663024902344,1000.0,0.0,0.26666666666666666,0.6666666666666666,4.0,10.0,3.0,31
501.1753234863281,77.23258972167969,15.446517944335938,1000.0,0.0,0.26666666666666666,0.7333333333333333,4.0,11.0,3.0,31
496.6566162109375,59.72596740722656,11.945193481445312,1000.0,0.0,0.26666666666666666,0.8,4.0,12.0,3.0,31
474.15093994140625,84.2889633178711,16.85779266357422,1000.0,0.0,0.26666666666666666,0.8666666666666667,4.0,13.0,3.0,31
484.0635986328125,61.3442497253418,12.268849945068359,1000.0,0.0,0.26666666666666666,0.9333333333333333,4.0,14.0,3.0,31
462.6976318359375,84.47122955322266,16.894245910644532,1000.0,0.0,0.26666666666666666,1.0,4.0,15.0,3.0,31
210.14405822753906,31.964109420776367,6.392821884155273,1000.0,0.0,0.3333333333333333,-1.0,5.0,-15.0,3.0,31
215.11611938476562,39.68374252319336,7.936748504638672,1000.0,0.0,0.3333333333333333,-0.9333333333333333,5.0,-14.0,3.0,31
225.27496337890625,41.76728439331055,8.35345687866211,1000.0,0.0,0.3333333333333333,-0.8666666666666667,5.0,-13.0,3.0,31
215.7156982421875,57.14329528808594,11.428659057617187,1000.0,0.0,0.3333333333333333,-0.8,5.0,-12.0,3.0,31
226.53134155273438,41.10945510864258,8.221891021728515,1000.0,0.0,0.3333333333333333,-0.7333333333333333,5.0,-11.0,3.0,31
234.27154541015625,48.75297927856445,9.750595855712891,1000.0,0.0,0.3333333333333333,-0.6666666666666666,5.0,-10.0,3.0,31
252.60781860351562,56.87673568725586,11.375347137451172,1000.0,0.0,0.3333333333333333,-0.6,5.0,-9.0,3.0,31
205.7501220703125,35.184539794921875,7.036907958984375,1000.0,0.0,0.3333333333333333,-0.5333333333333333,5.0,-8.0,3.0,31
209.85377502441406,38.33208465576172,7.666416931152344,1000.0,0.0,0.3333333333333333,-0.4666666666666667,5.0,-7.0,3.0,31
209.37144470214844,38.21779251098633,7.643558502197266,1000.0,0.0,0.3333333333333333,-0.4,5.0,-6.0,3.0,31
203.82159423828125,28.254161834716797,5.6508323669433596,1000.0,0.0,0.3333333333333333,-0.3333333333333333,5.0,-5.0,3.0,31
191.93963623046875,18.003000259399414,3.6006000518798826,1000.0,0.0,0.3333333333333333,-0.26666666666666666,5.0,-4.0,3.0,31
212.55038452148438,43.13810348510742,8.627620697021484,1000.0,0.0,0.3333333333333333,-0.2,5.0,-3.0,3.0,31
229.39674377441406,45.67115783691406,9.134231567382812,1000.0,0.0,0.3333333333333333,-0.13333333333333333,5.0,-2.0,3.0,31
235.4248809814453,43.433223724365234,8.686644744873046,1000.0,0.0,0.3333333333333333,-0.06666666666666667,5.0,-1.0,3.0,31
219.689453125,82.22247314453125,16.44449462890625,1000.0,0.0,0.3333333333333333,0.0,5.0,0.0,3.0,31
219.54354858398438,56.544654846191406,11.308930969238281,1000.0,0.0,0.3333333333333333,0.06666666666666667,5.0,1.0,3.0,31
206.49307250976562,56.202049255371094,11.240409851074219,1000.0,0.0,0.3333333333333333,0.13333333333333333,5.0,2.0,3.0,31
317.9903869628906,149.47254943847656,29.894509887695314,1000.0,0.0,0.3333333333333333,0.2,5.0,3.0,3.0,31
391.14874267578125,115.23854064941406,23.047708129882814,1000.0,0.0,0.3333333333333333,0.26666666666666666,5.0,4.0,3.0,31
434.9817199707031,96.09776306152344,19.21955261230469,1000.0,0.0,0.3333333333333333,0.3333333333333333,5.0,5.0,3.0,31
445.0247802734375,147.01431274414062,29.402862548828125,1000.0,0.0,0.3333333333333333,0.4,5.0,6.0,3.0,31
502.6593322753906,128.85533142089844,25.77106628417969,1000.0,0.0,0.3333333333333333,0.4666666666666667,5.0,7.0,3.0,31
493.2654724121094,121.95960235595703,24.391920471191405,1000.0,0.0,0.3333333333333333,0.5333333333333333,5.0,8.0,3.0,31
504.1781311035156,85.18573760986328,17.037147521972656,1000.0,0.0,0.3333333333333333,0.6,5.0,9.0,3.0,31
545.7777099609375,68.92438507080078,13.784877014160156,1000.0,0.0,0.3333333333333333,0.6666666666666666,5.0,10.0,3.0,31
507.21636962890625,79.9482650756836,15.989653015136719,1000.0,0.0,0.3333333333333333,0.7333333333333333,5.0,11.0,3.0,31
519.05517578125,77.05660247802734,15.41132049560547,1000.0,0.0,0.3333333333333333,0.8,5.0,12.0,3.0,31
502.81573486328125,88.95844268798828,17.791688537597658,1000.0,0.0,0.3333333333333333,0.8666666666666667,5.0,13.0,3.0,31
506.9114990234375,84.22183990478516,16.84436798095703,1000.0,0.0,0.3333333333333333,0.9333333333333333,5.0,14.0,3.0,31
476.2513732910156,57.297935485839844,11.459587097167969,1000.0,0.0,0.3333333333333333,1.0,5.0,15.0,3.0,31
198.8763427734375,27.85116195678711,5.570232391357422,1000.0,0.0,0.4,-1.0,6.0,-15.0,3.0,31
208.99874877929688,37.459991455078125,7.491998291015625,1000.0,0.0,0.4,-0.9333333333333333,6.0,-14.0,3.0,31
212.99484252929688,39.703697204589844,7.940739440917969,1000.0,0.0,0.4,-0.8666666666666667,6.0,-13.0,3.0,31
229.65892028808594,50.17133331298828,10.034266662597656,1000.0,0.0,0.4,-0.8,6.0,-12.0,3.0,31
233.4732666015625,57.04928970336914,11.409857940673827,1000.0,0.0,0.4,-0.7333333333333333,6.0,-11.0,3.0,31
227.72140502929688,60.714447021484375,12.142889404296875,1000.0,0.0,0.4,-0.6666666666666666,6.0,-10.0,3.0,31
233.47145080566406,68.37132263183594,13.674264526367187,1000.0,0.0,0.4,-0.6,6.0,-9.0,3.0,31
221.3546905517578,61.993934631347656,12.398786926269532,1000.0,0.0,0.4,-0.5333333333333333,6.0,-8.0,3.0,31
214.72572326660156,46.87116241455078,9.374232482910156,1000.0,0.0,0.4,-0.4666666666666667,6.0,-7.0,3.0,31
210.2864227294922,34.90517807006836,6.981035614013672,1000.0,0.0,0.4,-0.4,6.0,-6.0,3.0,31
207.27378845214844,33.454315185546875,6.690863037109375,1000.0,0.0,0.4,-0.3333333333333333,6.0,-5.0,3.0,31
192.6428680419922,29.97848129272461,5.995696258544922,1000.0,0.0,0.4,-0.26666666666666666,6.0,-4.0,3.0,31
236.77224731445312,73.99305725097656,14.798611450195313,1000.0,0.0,0.4,-0.2,6.0,-3.0,3.0,31
223.0738525390625,38.61360168457031,7.722720336914063,1000.0,0.0,0.4,-0.13333333333333333,6.0,-2.0,3.0,31
217.48731994628906,58.449249267578125,11.689849853515625,1000.0,0.0,0.4,-0.06666666666666667,6.0,-1.0,3.0,31
209.1488800048828,46.4610595703125,9.2922119140625,1000.0,0.0,0.4,0.0,6.0,0.0,3.0,31
214.1582794189453,65.96818542480469,13.193637084960937,1000.0,0.0,0.4,0.06666666666666667,6.0,1.0,3.0,31
194.5717010498047,33.67162322998047,6.734324645996094,1000.0,0.0,0.4,0.13333333333333333,6.0,2.0,3.0,31
217.60838317871094,65.4232177734375,13.0846435546875,1000.0,0.0,0.4,0.2,6.0,3.0,3.0,31
224.5247039794922,79.37823486328125,15.87564697265625,1000.0,0.0,0.4,0.26666666666666666,6.0,4.0,3.0,31
344.3984375,142.193603515625,28.438720703125,1000.0,0.0,0.4,0.3333333333333333,6.0,5.0,3.0,31
374.50457763671875,166.07032775878906,33.21406555175781,1000.0,0.0,0.4,0.4,6.0,6.0,3.0,31
407.91949462890625,176.4017791748047,35.280355834960936,1000.0,0.0,0.4,0.4666666666666667,6.0,7.0,3.0,31
432.70672607421875,147.87362670898438,29.574725341796874,1000.0,0.0,0.4,0.5333333333333333,6.0,8.0,3.0,31
526.655029296875,78.50570678710938,15.701141357421875,1000.0,0.0,0.4,0.6,6.0,9.0,3.0,31
494.8902587890625,116.47240447998047,23.294480895996095,1000.0,0.0,0.4,0.6666666666666666,6.0,10.0,3.0,31
487.98504638671875,110.73934173583984,22.147868347167968,1000.0,0.0,0.4,0.7333333333333333,6.0,11.0,3.0,31
501.378173828125,75.624267578125,15.124853515625,1000.0,0.0,0.4,0.8,6.0,12.0,3.0,31
511.12042236328125,60.844825744628906,12.168965148925782,1000.0,0.0,0.4,0.8666666666666667,6.0,13.0,3.0,31
500.5823974609375,52.9598274230957,10.591965484619141,1000.0,0.0,0.4,0.9333333333333333,6.0,14.0,3.0,31
501.9260559082031,48.021732330322266,9.604346466064452,1000.0,0.0,0.4,1.0,6.0,15.0,3.0,31
195.85894775390625,21.597692489624023,4.319538497924805,1000.0,0.0,0.4666666666666667,-1.0,7.0,-15.0,3.0,31
198.9354248046875,28.64609718322754,5.729219436645508,1000.0,0.0,0.4666666666666667,-0.9333333333333333,7.0,-14.0,3.0,31
244.13038635253906,60.243385314941406,12.048677062988281,1000.0,0.0,0.4666666666666667,-0.8666666666666667,7.0,-13.0,3.0,31
224.52761840820312,54.566402435302734,10.913280487060547,1000.0,0.0,0.4666666666666667,-0.8,7.0,-12.0,3.0,31
230.99868774414062,46.07931900024414,9.215863800048828,1000.0,0.0,0.4666666666666667,-0.7333333333333333,7.0,-11.0,3.0,31
248.0170135498047,50.06107711791992,10.012215423583985,1000.0,0.0,0.4666666666666667,-0.6666666666666666,7.0,-10.0,3.0,31
264.5594177246094,67.19402313232422,13.438804626464844,1000.0,0.0,0.4666666666666667,-0.6,7.0,-9.0,3.0,31
257.96307373046875,48.4351806640625,9.6870361328125,1000.0,0.0,0.4666666666666667,-0.5333333333333333,7.0,-8.0,3.0,31
246.1876220703125,30.740121841430664,6.148024368286133,1000.0,0.0,0.4666666666666667,-0.4666666666666667,7.0,-7.0,3.0,31
251.96937561035156,29.650676727294922,5.930135345458984,1000.0,0.0,0.4666666666666667,-0.4,7.0,-6.0,3.0,31
237.7994384765625,28.77734375,5.75546875,1000.0,0.0,0.4666666666666667,-0.3333333333333333,7.0,-5.0,3.0,31
245.96128845214844,77.58006286621094,15.516012573242188,1000.0,0.0,0.4666666666666667,-0.26666666666666666,7.0,-4.0,3.0,31
202.4662322998047,31.517518997192383,6.303503799438476,1000.0,0.0,0.4666666666666667,-0.2,7.0,-3.0,3.0,31
210.9691619873047,41.207794189453125,8.241558837890626,1000.0,0.0,0.4666666666666667,-0.13333333333333333,7.0,-2.0,3.0,31
226.56781005859375,77.58036041259766,15.516072082519532,1000.0,0.0,0.4666666666666667,-0.06666666666666667,7.0,-1.0,3.0,31
221.7974090576172,55.354740142822266,11.070948028564453,1000.0,0.0,0.4666666666666667,0.0,7.0,0.0,3.0,31
216.89779663085938,57.80339813232422,11.560679626464843,1000.0,0.0,0.4666666666666667,0.06666666666666667,7.0,1.0,3.0,31
200.5718231201172,33.1843147277832,6.636862945556641,1000.0,0.0,0.4666666666666667,0.13333333333333333,7.0,2.0,3.0,31
201.7433624267578,37.9822998046875,7.5964599609375,1000.0,0.0,0.4666666666666667,0.2,7.0,3.0,3.0,31
240.9913330078125,74.17084503173828,14.834169006347656,1000.0,0.0,0.4666666666666667,0.26666666666666666,7.0,4.0,3.0,31
248.18911743164062,73.17889404296875,14.63577880859375,1000.0,0.0,0.4666666666666667,0.3333333333333333,7.0,5.0,3.0,31
397.0646057128906,148.18743896484375,29.63748779296875,1000.0,0.0,0.4666666666666667,0.4,7.0,6.0,3.0,31
335.86102294921875,130.84579467773438,26.169158935546875,1000.0,0.0,0.4666666666666667,0.4666666666666667,7.0,7.0,3.0,31
361.7543640136719,143.8093719482422,28.761874389648437,1000.0,0.0,0.4666666666666667,0.5333333333333333,7.0,8.0,3.0,31
437.9192199707031,110.02061462402344,22.004122924804687,1000.0,0.0,0.4666666666666667,0.6,7.0,9.0,3.0,31
466.15753173828125,132.8343505859375,26.5668701171875,1000.0,0.0,0.4666666666666667,0.6666666666666666,7.0,10.0,3.0,31
518.00048828125,80.7255859375,16.1451171875,1000.0,0.0,0.4666666666666667,0.7333333333333333,7.0,11.0,3.0,31
498.5758972167969,93.32231140136719,18.664462280273437,1000.0,0.0,0.4666666666666667,0.8,7.0,12.0,3.0,31
486.6143493652344,62.275733947753906,12.455146789550781,1000.0,0.0,0.4666666666666667,0.8666666666666667,7.0,13.0,3.0,31
498.5677490234375,64.74967956542969,12.949935913085938,1000.0,0.0,0.4666666666666667,0.9333333333333333,7.0,14.0,3.0,31
482.9105529785156,69.27989196777344,13.855978393554688,1000.0,0.0,0.4666666666666667,1.0,7.0,15.0,3.0,31
198.43743896484375,29.5821533203125,5.9164306640625,1000.0,0.0,0.5333333333333333,-1.0,8.0,-15.0,3.0,31
225.8682403564453,64.69959259033203,12.939918518066406,1000.0,0.0,0.5333333333333333,-0.9333333333333333,8.0,-14.0,3.0,31
211.06329345703125,39.5722541809082,7.914450836181641,1000.0,0.0,0.5333333333333333,-0.8666666666666667,8.0,-13.0,3.0,31
227.5182647705078,42.118404388427734,8.423680877685547,1000.0,0.0,0.5333333333333333,-0.8,8.0,-12.0,3.0,31
239.80908203125,55.69091033935547,11.138182067871094,1000.0,0.0,0.5333333333333333,-0.7333333333333333,8.0,-11.0,3.0,31
241.92425537109375,61.146202087402344,12.229240417480469,1000.0,0.0,0.5333333333333333,-0.6666666666666666,8.0,-10.0,3.0,31
266.7066650390625,44.13452911376953,8.826905822753906,1000.0,0.0,0.5333333333333333,-0.6,8.0,-9.0,3.0,31
270.3038024902344,43.22356414794922,8.644712829589844,1000.0,0.0,0.5333333333333333,-0.5333333333333333,8.0,-8.0,3.0,31
255.2845916748047,32.4423713684082,6.488474273681641,1000.0,0.0,0.5333333333333333,-0.4666666666666667,8.0,-7.0,3.0,31
246.58982849121094,31.5722599029541,6.31445198059082,1000.0,0.0,0.5333333333333333,-0.4,8.0,-6.0,3.0,31
238.1038055419922,52.68207931518555,10.53641586303711,1000.0,0.0,0.5333333333333333,-0.3333333333333333,8.0,-5.0,3.0,31
234.03138732910156,64.04286193847656,12.808572387695312,1000.0,0.0,0.5333333333333333,-0.26666666666666666,8.0,-4.0,3.0,31
206.11524963378906,33.32796096801758,6.665592193603516,1000.0,0.0,0.5333333333333333,-0.2,8.0,-3.0,3.0,31
200.02796936035156,33.205570220947266,6.641114044189453,1000.0,0.0,0.5333333333333333,-0.13333333333333333,8.0,-2.0,3.0,31
191.76890563964844,25.46279525756836,5.092559051513672,1000.0,0.0,0.5333333333333333,-0.06666666666666667,8.0,-1.0,3.0,31
197.0311279296875,26.05642318725586,5.211284637451172,1000.0,0.0,0.5333333333333333,0.0,8.0,0.0,3.0,31
227.43984985351562,69.26216888427734,13.852433776855468,1000.0,0.0,0.5333333333333333,0.06666666666666667,8.0,1.0,3.0,31
222.4355926513672,67.01370239257812,13.402740478515625,1000.0,0.0,0.5333333333333333,0.13333333333333333,8.0,2.0,3.0,31
261.2828063964844,79.47528839111328,15.895057678222656,1000.0,0.0,0.5333333333333333,0.2,8.0,3.0,3.0,31
276.3192138671875,84.67023468017578,16.934046936035156,1000.0,0.0,0.5333333333333333,0.26666666666666666,8.0,4.0,3.0,31
255.1536102294922,66.32176971435547,13.264353942871093,1000.0,0.0,0.5333333333333333,0.3333333333333333,8.0,5.0,3.0,31
248.23558044433594,97.67422485351562,19.534844970703126,1000.0,0.0,0.5333333333333333,0.4,8.0,6.0,3.0,31
298.4735412597656,135.28038024902344,27.056076049804688,1000.0,0.0,0.5333333333333333,0.4666666666666667,8.0,7.0,3.0,31
297.6426086425781,126.1530990600586,25.230619812011717,1000.0,0.0,0.5333333333333333,0.5333333333333333,8.0,8.0,3.0,31
401.8378601074219,122.8563232421875,24.5712646484375,1000.0,0.0,0.5333333333333333,0.6,8.0,9.0,3.0,31
397.2129211425781,115.54097747802734,23.108195495605468,1000.0,0.0,0.5333333333333333,0.6666666666666666,8.0,10.0,3.0,31
452.2358703613281,110.20134735107422,22.040269470214845,1000.0,0.0,0.5333333333333333,0.7333333333333333,8.0,11.0,3.0,31
471.771728515625,98.68958282470703,19.737916564941408,1000.0,0.0,0.5333333333333333,0.8,8.0,12.0,3.0,31
465.7436218261719,78.8637466430664,15.772749328613282,1000.0,0.0,0.5333333333333333,0.8666666666666667,8.0,13.0,3.0,31
479.1429443359375,76.84424591064453,15.368849182128907,1000.0,0.0,0.5333333333333333,0.9333333333333333,8.0,14.0,3.0,31
477.5030517578125,81.26013946533203,16.252027893066405,1000.0,0.0,0.5333333333333333,1.0,8.0,15.0,3.0,31
206.47970581054688,35.24491500854492,7.048983001708985,1000.0,0.0,0.6,-1.0,9.0,-15.0,3.0,31
230.88023376464844,52.841087341308594,10.568217468261718,1000.0,0.0,0.6,-0.9333333333333333,9.0,-14.0,3.0,31
231.5521240234375,49.46359634399414,9.892719268798828,1000.0,0.0,0.6,-0.8666666666666667,9.0,-13.0,3.0,31
230.95591735839844,58.705894470214844,11.741178894042969,1000.0,0.0,0.6,-0.8,9.0,-12.0,3.0,31
231.65284729003906,48.470497131347656,9.694099426269531,1000.0,0.0,0.6,-0.7333333333333333,9.0,-11.0,3.0,31
256.234130859375,51.887184143066406,10.37743682861328,1000.0,0.0,0.6,-0.6666666666666666,9.0,-10.0,3.0,31
262.65252685546875,41.70211410522461,8.340422821044921,1000.0,0.0,0.6,-0.6,9.0,-9.0,3.0,31
255.45535278320312,40.500389099121094,8.100077819824218,1000.0,0.0,0.6,-0.5333333333333333,9.0,-8.0,3.0,31
246.6807098388672,29.935386657714844,5.987077331542968,1000.0,0.0,0.6,-0.4666666666666667,9.0,-7.0,3.0,31
219.111328125,35.123531341552734,7.024706268310547,1000.0,0.0,0.6,-0.4,9.0,-6.0,3.0,31
227.3832550048828,51.81045150756836,10.362090301513671,1000.0,0.0,0.6,-0.3333333333333333,9.0,-5.0,3.0,31
213.09841918945312,41.98103713989258,8.396207427978515,1000.0,0.0,0.6,-0.26666666666666666,9.0,-4.0,3.0,31
205.27000427246094,45.51573181152344,9.103146362304688,1000.0,0.0,0.6,-0.2,9.0,-3.0,3.0,31
190.16030883789062,18.951730728149414,3.790346145629883,1000.0,0.0,0.6,-0.13333333333333333,9.0,-2.0,3.0,31
215.44871520996094,50.616153717041016,10.123230743408204,1000.0,0.0,0.6,-0.06666666666666667,9.0,-1.0,3.0,31
232.30552673339844,46.47807693481445,9.29561538696289,1000.0,0.0,0.6,0.0,9.0,0.0,3.0,31
253.59365844726562,74.48873901367188,14.897747802734376,1000.0,0.0,0.6,0.06666666666666667,9.0,1.0,3.0,31
256.0081481933594,76.3365707397461,15.267314147949218,1000.0,0.0,0.6,0.13333333333333333,9.0,2.0,3.0,31
271.5518493652344,76.35816192626953,15.271632385253906,1000.0,0.0,0.6,0.2,9.0,3.0,3.0,31
315.7950134277344,101.19672393798828,20.239344787597656,1000.0,0.0,0.6,0.26666666666666666,9.0,4.0,3.0,31
258.4790344238281,88.2524185180664,17.650483703613283,1000.0,0.0,0.6,0.3333333333333333,9.0,5.0,3.0,31
267.08697509765625,99.95209503173828,19.990419006347658,1000.0,0.0,0.6,0.4,9.0,6.0,3.0,31
299.1878967285156,115.63915252685547,23.127830505371094,1000.0,0.0,0.6,0.4666666666666667,9.0,7.0,3.0,31
297.4543151855469,130.6891632080078,26.137832641601562,1000.0,0.0,0.6,0.5333333333333333,9.0,8.0,3.0,31
357.90863037109375,134.7085723876953,26.941714477539062,1000.0,0.0,0.6,0.6,9.0,9.0,3.0,31
356.99468994140625,77.3256607055664,15.465132141113282,1000.0,0.0,0.6,0.6666666666666666,9.0,10.0,3.0,31
429.1324462890625,102.31641387939453,20.463282775878906,1000.0,0.0,0.6,0.7333333333333333,9.0,11.0,3.0,31
458.4425048828125,76.27503204345703,15.255006408691406,1000.0,0.0,0.6,0.8,9.0,12.0,3.0,31
465.9360046386719,115.76886749267578,23.153773498535156,1000.0,0.0,0.6,0.8666666666666667,9.0,13.0,3.0,31
456.3087463378906,96.2228012084961,19.24456024169922,1000.0,0.0,0.6,0.9333333333333333,9.0,14.0,3.0,31
486.58355712890625,67.5559310913086,13.511186218261718,1000.0,0.0,0.6,1.0,9.0,15.0,3.0,31
218.51707458496094,44.538944244384766,8.907788848876953,1000.0,0.0,0.6666666666666666,-1.0,10.0,-15.0,3.0,31
234.12359619140625,66.87469482421875,13.37493896484375,1000.0,0.0,0.6666666666666666,-0.9333333333333333,10.0,-14.0,3.0,31
225.26351928710938,58.5443115234375,11.7088623046875,1000.0,0.0,0.6666666666666666,-0.8666666666666667,10.0,-13.0,3.0,31
234.71185302734375,55.268943786621094,11.053788757324218,1000.0,0.0,0.6666666666666666,-0.8,10.0,-12.0,3.0,31
254.04434204101562,53.36784744262695,10.673569488525391,1000.0,0.0,0.6666666666666666,-0.7333333333333333,10.0,-11.0,3.0,31
248.2079315185547,46.187564849853516,9.237512969970703,1000.0,0.0,0.6666666666666666,-0.6666666666666666,10.0,-10.0,3.0,31
241.35284423828125,38.355918884277344,7.671183776855469,1000.0,0.0,0.6666666666666666,-0.6,10.0,-9.0,3.0,31
240.35284423828125,40.9992561340332,8.19985122680664,1000.0,0.0,0.6666666666666666,-0.5333333333333333,10.0,-8.0,3.0,31
223.8089599609375,35.93327331542969,7.186654663085937,1000.0,0.0,0.6666666666666666,-0.4666666666666667,10.0,-7.0,3.0,31
232.65911865234375,42.89219284057617,8.578438568115235,1000.0,0.0,0.6666666666666666,-0.4,10.0,-6.0,3.0,31
232.8623046875,41.6053466796875,8.3210693359375,1000.0,0.0,0.6666666666666666,-0.3333333333333333,10.0,-5.0,3.0,31
218.36776733398438,36.849971771240234,7.369994354248047,1000.0,0.0,0.6666666666666666,-0.26666666666666666,10.0,-4.0,3.0,31
200.66644287109375,34.736000061035156,6.947200012207031,1000.0,0.0,0.6666666666666666,-0.2,10.0,-3.0,3.0,31
209.18199157714844,39.01028823852539,7.8020576477050785,1000.0,0.0,0.6666666666666666,-0.13333333333333333,10.0,-2.0,3.0,31
192.89532470703125,26.503986358642578,5.3007972717285154,1000.0,0.0,0.6666666666666666,-0.06666666666666667,10.0,-1.0,3.0,31
216.2833251953125,40.0830078125,8.0166015625,1000.0,0.0,0.6666666666666666,0.0,10.0,0.0,3.0,31
248.47982788085938,70.36210632324219,14.072421264648437,1000.0,0.0,0.6666666666666666,0.06666666666666667,10.0,1.0,3.0,31
251.20863342285156,59.38720703125,11.87744140625,1000.0,0.0,0.6666666666666666,0.13333333333333333,10.0,2.0,3.0,31
267.3937072753906,70.79549407958984,14.159098815917968,1000.0,0.0,0.6666666666666666,0.2,10.0,3.0,3.0,31
326.90985107421875,98.00790405273438,19.601580810546874,1000.0,0.0,0.6666666666666666,0.26666666666666666,10.0,4.0,3.0,31
319.3267517089844,82.30711364746094,16.461422729492188,1000.0,0.0,0.6666666666666666,0.3333333333333333,10.0,5.0,3.0,31
273.2731018066406,90.776123046875,18.155224609375,1000.0,0.0,0.6666666666666666,0.4,10.0,6.0,3.0,31
303.7560119628906,119.80316925048828,23.960633850097658,1000.0,0.0,0.6666666666666666,0.4666666666666667,10.0,7.0,3.0,31
281.58612060546875,125.48283386230469,25.09656677246094,1000.0,0.0,0.6666666666666666,0.5333333333333333,10.0,8.0,3.0,31
351.912841796875,112.75700378417969,22.55140075683594,1000.0,0.0,0.6666666666666666,0.6,10.0,9.0,3.0,31
341.4457702636719,96.19701385498047,19.239402770996094,1000.0,0.0,0.6666666666666666,0.6666666666666666,10.0,10.0,3.0,31
341.9234619140625,102.84649658203125,20.56929931640625,1000.0,0.0,0.6666666666666666,0.7333333333333333,10.0,11.0,3.0,31
405.70428466796875,92.39404296875,18.47880859375,1000.0,0.0,0.6666666666666666,0.8,10.0,12.0,3.0,31
385.8100280761719,93.7532958984375,18.7506591796875,1000.0,0.0,0.6666666666666666,0.8666666666666667,10.0,13.0,3.0,31
439.236328125,65.41629028320312,13.083258056640625,1000.0,0.0,0.6666666666666666,0.9333333333333333,10.0,14.0,3.0,31
417.6380615234375,75.43755340576172,15.087510681152343,1000.0,0.0,0.6666666666666666,1.0,10.0,15.0,3.0,31
244.81683349609375,58.39999771118164,11.679999542236327,1000.0,0.0,0.7333333333333333,-1.0,11.0,-15.0,3.0,31
233.2841796875,58.692901611328125,11.738580322265625,1000.0,0.0,0.7333333333333333,-0.9333333333333333,11.0,-14.0,3.0,31
252.0458984375,65.59710693359375,13.11942138671875,1000.0,0.0,0.7333333333333333,-0.8666666666666667,11.0,-13.0,3.0,31
231.39906311035156,49.28907775878906,9.857815551757813,1000.0,0.0,0.7333333333333333,-0.8,11.0,-12.0,3.0,31
252.21839904785156,60.84135055541992,12.168270111083984,1000.0,0.0,0.7333333333333333,-0.7333333333333333,11.0,-11.0,3.0,31
241.14976501464844,46.358604431152344,9.271720886230469,1000.0,0.0,0.7333333333333333,-0.6666666666666666,11.0,-10.0,3.0,31
222.24444580078125,37.238975524902344,7.447795104980469,1000.0,0.0,0.7333333333333333,-0.6,11.0,-9.0,3.0,31
223.03826904296875,41.09357833862305,8.21871566772461,1000.0,0.0,0.7333333333333333,-0.5333333333333333,11.0,-8.0,3.0,31
212.9912109375,23.574167251586914,4.714833450317383,1000.0,0.0,0.7333333333333333,-0.4666666666666667,11.0,-7.0,3.0,31
215.9658203125,39.7598991394043,7.9519798278808596,1000.0,0.0,0.7333333333333333,-0.4,11.0,-6.0,3.0,31
218.15162658691406,47.88626480102539,9.577252960205078,1000.0,0.0,0.7333333333333333,-0.3333333333333333,11.0,-5.0,3.0,31
223.29434204101562,45.09613037109375,9.01922607421875,1000.0,0.0,0.7333333333333333,-0.26666666666666666,11.0,-4.0,3.0,31
210.6864471435547,44.16765594482422,8.833531188964844,1000.0,0.0,0.7333333333333333,-0.2,11.0,-3.0,3.0,31
212.4575958251953,39.692298889160156,7.938459777832032,1000.0,0.0,0.7333333333333333,-0.13333333333333333,11.0,-2.0,3.0,31
219.5544891357422,47.692237854003906,9.53844757080078,1000.0,0.0,0.7333333333333333,-0.06666666666666667,11.0,-1.0,3.0,31
239.95433044433594,55.613525390625,11.122705078125,1000.0,0.0,0.7333333333333333,0.0,11.0,0.0,3.0,31
222.3295440673828,45.731971740722656,9.146394348144531,1000.0,0.0,0.7333333333333333,0.06666666666666667,11.0,1.0,3.0,31
245.20318603515625,71.00666046142578,14.201332092285156,1000.0,0.0,0.7333333333333333,0.13333333333333333,11.0,2.0,3.0,31
230.77149963378906,55.17803955078125,11.03560791015625,1000.0,0.0,0.7333333333333333,0.2,11.0,3.0,3.0,31
309.4914855957031,88.11474609375,17.62294921875,1000.0,0.0,0.7333333333333333,0.26666666666666666,11.0,4.0,3.0,31
299.5249938964844,90.52555084228516,18.10511016845703,1000.0,0.0,0.7333333333333333,0.3333333333333333,11.0,5.0,3.0,31
294.8970031738281,100.50799560546875,20.10159912109375,1000.0,0.0,0.7333333333333333,0.4,11.0,6.0,3.0,31
285.6690979003906,94.29903411865234,18.85980682373047,1000.0,0.0,0.7333333333333333,0.4666666666666667,11.0,7.0,3.0,31
291.2525329589844,104.63732147216797,20.927464294433594,1000.0,0.0,0.7333333333333333,0.5333333333333333,11.0,8.0,3.0,31
371.3185119628906,92.40991973876953,18.481983947753907,1000.0,0.0,0.7333333333333333,0.6,11.0,9.0,3.0,31
380.97979736328125,115.31986999511719,23.06397399902344,1000.0,0.0,0.7333333333333333,0.6666666666666666,11.0,10.0,3.0,31
334.4466552734375,94.36058807373047,18.872117614746095,1000.0,0.0,0.7333333333333333,0.7333333333333333,11.0,11.0,3.0,31
348.0302429199219,110.88225555419922,22.176451110839842,1000.0,0.0,0.7333333333333333,0.8,11.0,12.0,3.0,31
392.9195556640625,87.04741668701172,17.409483337402342,1000.0,0.0,0.7333333333333333,0.8666666666666667,11.0,13.0,3.0,31
400.0536804199219,67.46403503417969,13.492807006835937,1000.0,0.0,0.7333333333333333,0.9333333333333333,11.0,14.0,3.0,31
383.7279357910156,87.34796905517578,17.469593811035157,1000.0,0.0,0.7333333333333333,1.0,11.0,15.0,3.0,31
235.79400634765625,55.39320373535156,11.078640747070313,1000.0,0.0,0.8,-1.0,12.0,-15.0,3.0,31
247.00392150878906,54.22007369995117,10.844014739990234,1000.0,0.0,0.8,-0.9333333333333333,12.0,-14.0,3.0,31
244.03054809570312,53.03714370727539,10.607428741455077,1000.0,0.0,0.8,-0.8666666666666667,12.0,-13.0,3.0,31
263.74908447265625,61.07388687133789,12.214777374267578,1000.0,0.0,0.8,-0.8,12.0,-12.0,3.0,31
246.51821899414062,59.398033142089844,11.879606628417969,1000.0,0.0,0.8,-0.7333333333333333,12.0,-11.0,3.0,31
228.8638153076172,41.02326965332031,8.204653930664062,1000.0,0.0,0.8,-0.6666666666666666,12.0,-10.0,3.0,31
224.91664123535156,33.47519302368164,6.695038604736328,1000.0,0.0,0.8,-0.6,12.0,-9.0,3.0,31
220.57891845703125,24.531225204467773,4.9062450408935545,1000.0,0.0,0.8,-0.5333333333333333,12.0,-8.0,3.0,31
217.17967224121094,32.35858154296875,6.47171630859375,1000.0,0.0,0.8,-0.4666666666666667,12.0,-7.0,3.0,31
220.70814514160156,35.25205612182617,7.050411224365234,1000.0,0.0,0.8,-0.4,12.0,-6.0,3.0,31
221.9298858642578,45.10809326171875,9.02161865234375,1000.0,0.0,0.8,-0.3333333333333333,12.0,-5.0,3.0,31
207.28359985351562,52.47903060913086,10.495806121826172,1000.0,0.0,0.8,-0.26666666666666666,12.0,-4.0,3.0,31
216.91415405273438,54.91563415527344,10.983126831054687,1000.0,0.0,0.8,-0.2,12.0,-3.0,3.0,31
211.46617126464844,52.98598861694336,10.597197723388671,1000.0,0.0,0.8,-0.13333333333333333,12.0,-2.0,3.0,31
211.6382293701172,41.00053405761719,8.200106811523437,1000.0,0.0,0.8,-0.06666666666666667,12.0,-1.0,3.0,31
219.76797485351562,39.77949523925781,7.955899047851562,1000.0,0.0,0.8,0.0,12.0,0.0,3.0,31
219.9839630126953,38.857261657714844,7.771452331542969,1000.0,0.0,0.8,0.06666666666666667,12.0,1.0,3.0,31
230.71925354003906,62.375572204589844,12.475114440917968,1000.0,0.0,0.8,0.13333333333333333,12.0,2.0,3.0,31
246.97259521484375,68.61327362060547,13.722654724121094,1000.0,0.0,0.8,0.2,12.0,3.0,3.0,31
273.2409973144531,71.42245483398438,14.284490966796875,1000.0,0.0,0.8,0.26666666666666666,12.0,4.0,3.0,31
295.3128662109375,107.65838623046875,21.53167724609375,1000.0,0.0,0.8,0.3333333333333333,12.0,5.0,3.0,31
282.8382568359375,95.11317443847656,19.02263488769531,1000.0,0.0,0.8,0.4,12.0,6.0,3.0,31
305.1278076171875,99.55156707763672,19.910313415527344,1000.0,0.0,0.8,0.4666666666666667,12.0,7.0,3.0,31
286.5723571777344,105.97252655029297,21.194505310058595,1000.0,0.0,0.8,0.5333333333333333,12.0,8.0,3.0,31
351.0725402832031,98.14524841308594,19.629049682617186,1000.0,0.0,0.8,0.6,12.0,9.0,3.0,31
340.6497802734375,107.48538970947266,21.49707794189453,1000.0,0.0,0.8,0.6666666666666666,12.0,10.0,3.0,31
335.79510498046875,112.13098907470703,22.426197814941407,1000.0,0.0,0.8,0.7333333333333333,12.0,11.0,3.0,31
335.3818054199219,74.8996810913086,14.979936218261718,1000.0,0.0,0.8,0.8,12.0,12.0,3.0,31
369.86492919921875,89.68872833251953,17.937745666503908,1000.0,0.0,0.8,0.8666666666666667,12.0,13.0,3.0,31
338.6158142089844,100.82827758789062,20.165655517578124,1000.0,0.0,0.8,0.9333333333333333,12.0,14.0,3.0,31
411.6669006347656,106.19296264648438,21.238592529296874,1000.0,0.0,0.8,1.0,12.0,15.0,3.0,31
258.0386047363281,56.26882553100586,11.253765106201172,1000.0,0.0,0.8666666666666667,-1.0,13.0,-15.0,3.0,31
247.97930908203125,56.20534133911133,11.241068267822266,1000.0,0.0,0.8666666666666667,-0.9333333333333333,13.0,-14.0,3.0,31
248.8755340576172,56.45026779174805,11.290053558349609,1000.0,0.0,0.8666666666666667,-0.8666666666666667,13.0,-13.0,3.0,31
242.27259826660156,63.417938232421875,12.683587646484375,1000.0,0.0,0.8666666666666667,-0.8,13.0,-12.0,3.0,31
241.22222900390625,49.429649353027344,9.88592987060547,1000.0,0.0,0.8666666666666667,-0.7333333333333333,13.0,-11.0,3.0,31
213.37730407714844,28.130756378173828,5.626151275634766,1000.0,0.0,0.8666666666666667,-0.6666666666666666,13.0,-10.0,3.0,31
224.3969268798828,34.70721435546875,6.94144287109375,1000.0,0.0,0.8666666666666667,-0.6,13.0,-9.0,3.0,31
218.89291381835938,35.89566421508789,7.1791328430175785,1000.0,0.0,0.8666666666666667,-0.5333333333333333,13.0,-8.0,3.0,31
220.16476440429688,32.50185012817383,6.500370025634766,1000.0,0.0,0.8666666666666667,-0.4666666666666667,13.0,-7.0,3.0,31
230.58697509765625,37.99514389038086,7.599028778076172,1000.0,0.0,0.8666666666666667,-0.4,13.0,-6.0,3.0,31
209.17636108398438,38.680274963378906,7.736054992675781,1000.0,0.0,0.8666666666666667,-0.3333333333333333,13.0,-5.0,3.0,31
205.50877380371094,44.156341552734375,8.831268310546875,1000.0,0.0,0.8666666666666667,-0.26666666666666666,13.0,-4.0,3.0,31
202.40353393554688,32.6529541015625,6.5305908203125,1000.0,0.0,0.8666666666666667,-0.2,13.0,-3.0,3.0,31
204.10653686523438,36.91204833984375,7.38240966796875,1000.0,0.0,0.8666666666666667,-0.13333333333333333,13.0,-2.0,3.0,31
216.77024841308594,44.56449890136719,8.912899780273438,1000.0,0.0,0.8666666666666667,-0.06666666666666667,13.0,-1.0,3.0,31
214.81759643554688,54.71759796142578,10.943519592285156,1000.0,0.0,0.8666666666666667,0.0,13.0,0.0,3.0,31
221.71022033691406,40.2449951171875,8.0489990234375,1000.0,0.0,0.8666666666666667,0.06666666666666667,13.0,1.0,3.0,31
218.14794921875,47.307655334472656,9.461531066894532,1000.0,0.0,0.8666666666666667,0.13333333333333333,13.0,2.0,3.0,31
225.8778839111328,37.93505096435547,7.587010192871094,1000.0,0.0,0.8666666666666667,0.2,13.0,3.0,3.0,31
248.17613220214844,54.726131439208984,10.945226287841797,1000.0,0.0,0.8666666666666667,0.26666666666666666,13.0,4.0,3.0,31
315.2879638671875,83.36029052734375,16.67205810546875,1000.0,0.0,0.8666666666666667,0.3333333333333333,13.0,5.0,3.0,31
303.1248474121094,100.71273803710938,20.142547607421875,1000.0,0.0,0.8666666666666667,0.4,13.0,6.0,3.0,31
273.1694030761719,82.28166961669922,16.456333923339844,1000.0,0.0,0.8666666666666667,0.4666666666666667,13.0,7.0,3.0,31
277.89984130859375,94.4830322265625,18.8966064453125,1000.0,0.0,0.8666666666666667,0.5333333333333333,13.0,8.0,3.0,31
283.11822509765625,82.5595932006836,16.51191864013672,1000.0,0.0,0.8666666666666667,0.6,13.0,9.0,3.0,31
309.7651672363281,75.99520111083984,15.19904022216797,1000.0,0.0,0.8666666666666667,0.6666666666666666,13.0,10.0,3.0,31
291.50469970703125,108.39826202392578,21.679652404785156,1000.0,0.0,0.8666666666666667,0.7333333333333333,13.0,11.0,3.0,31
338.31231689453125,82.98832702636719,16.59766540527344,1000.0,0.0,0.8666666666666667,0.8,13.0,12.0,3.0,31
342.7557067871094,84.1390380859375,16.8278076171875,1000.0,0.0,0.8666666666666667,0.8666666666666667,13.0,13.0,3.0,31
420.55413818359375,84.60689544677734,16.92137908935547,1000.0,0.0,0.8666666666666667,0.9333333333333333,13.0,14.0,3.0,31
353.0868835449219,82.60613250732422,16.521226501464845,1000.0,0.0,0.8666666666666667,1.0,13.0,15.0,3.0,31
254.5010223388672,60.18488693237305,12.036977386474609,1000.0,0.0,0.9333333333333333,-1.0,14.0,-15.0,3.0,31
263.2201232910156,69.65351104736328,13.930702209472656,1000.0,0.0,0.9333333333333333,-0.9333333333333333,14.0,-14.0,3.0,31
239.3241424560547,48.91499328613281,9.782998657226562,1000.0,0.0,0.9333333333333333,-0.8666666666666667,14.0,-13.0,3.0,31
234.65855407714844,47.248653411865234,9.449730682373048,1000.0,0.0,0.9333333333333333,-0.8,14.0,-12.0,3.0,31
215.73667907714844,34.05990219116211,6.811980438232422,1000.0,0.0,0.9333333333333333,-0.7333333333333333,14.0,-11.0,3.0,31
217.59886169433594,30.935014724731445,6.187002944946289,1000.0,0.0,0.9333333333333333,-0.6666666666666666,14.0,-10.0,3.0,31
218.17710876464844,37.663944244384766,7.532788848876953,1000.0,0.0,0.9333333333333333,-0.6,14.0,-9.0,3.0,31
215.05145263671875,35.56520462036133,7.113040924072266,1000.0,0.0,0.9333333333333333,-0.5333333333333333,14.0,-8.0,3.0,31
216.13990783691406,36.60991287231445,7.321982574462891,1000.0,0.0,0.9333333333333333,-0.4666666666666667,14.0,-7.0,3.0,31
208.17510986328125,36.90458679199219,7.380917358398437,1000.0,0.0,0.9333333333333333,-0.4,14.0,-6.0,3.0,31
216.88316345214844,42.102718353271484,8.420543670654297,1000.0,0.0,0.9333333333333333,-0.3333333333333333,14.0,-5.0,3.0,31
206.3052520751953,30.79788589477539,6.159577178955078,1000.0,0.0,0.9333333333333333,-0.26666666666666666,14.0,-4.0,3.0,31
199.42710876464844,36.374576568603516,7.274915313720703,1000.0,0.0,0.9333333333333333,-0.2,14.0,-3.0,3.0,31
213.03807067871094,35.455162048339844,7.091032409667969,1000.0,0.0,0.9333333333333333,-0.13333333333333333,14.0,-2.0,3.0,31
210.6726531982422,34.980506896972656,6.996101379394531,1000.0,0.0,0.9333333333333333,-0.06666666666666667,14.0,-1.0,3.0,31
200.98484802246094,24.509525299072266,4.901905059814453,1000.0,0.0,0.9333333333333333,0.0,14.0,0.0,3.0,31
228.2445831298828,46.6252326965332,9.32504653930664,1000.0,0.0,0.9333333333333333,0.06666666666666667,14.0,1.0,3.0,31
229.9192352294922,49.64908218383789,9.929816436767577,1000.0,0.0,0.9333333333333333,0.13333333333333333,14.0,2.0,3.0,31
239.3807373046875,52.0552978515625,10.4110595703125,1000.0,0.0,0.9333333333333333,0.2,14.0,3.0,3.0,31
255.94091796875,69.50322723388672,13.900645446777343,1000.0,0.0,0.9333333333333333,0.26666666666666666,14.0,4.0,3.0,31
299.5270690917969,72.1638412475586,14.432768249511719,1000.0,0.0,0.9333333333333333,0.3333333333333333,14.0,5.0,3.0,31
329.03643798828125,89.76866912841797,17.953733825683592,1000.0,0.0,0.9333333333333333,0.4,14.0,6.0,3.0,31
306.4966125488281,86.36221313476562,17.272442626953126,1000.0,0.0,0.9333333333333333,0.4666666666666667,14.0,7.0,3.0,31
289.7181701660156,70.29366302490234,14.058732604980468,1000.0,0.0,0.9333333333333333,0.5333333333333333,14.0,8.0,3.0,31
300.2153015136719,101.46041870117188,20.292083740234375,1000.0,0.0,0.9333333333333333,0.6,14.0,9.0,3.0,31
287.3545227050781,89.1379623413086,17.82759246826172,1000.0,0.0,0.9333333333333333,0.6666666666666666,14.0,10.0,3.0,31
287.4298095703125,110.81341552734375,22.16268310546875,1000.0,0.0,0.9333333333333333,0.7333333333333333,14.0,11.0,3.0,31
295.6571350097656,88.4344253540039,17.68688507080078,1000.0,0.0,0.9333333333333333,0.8,14.0,12.0,3.0,31
338.0230712890625,67.38513946533203,13.477027893066406,1000.0,0.0,0.9333333333333333,0.8666666666666667,14.0,13.0,3.0,31
343.6207275390625,86.98188018798828,17.396376037597655,1000.0,0.0,0.9333333333333333,0.9333333333333333,14.0,14.0,3.0,31
343.07305908203125,73.08760070800781,14.617520141601563,1000.0,0.0,0.9333333333333333,1.0,14.0,15.0,3.0,31
254.1444854736328,63.029781341552734,12.605956268310546,1000.0,0.0,1.0,-1.0,15.0,-15.0,3.0,31
253.95765686035156,60.077457427978516,12.015491485595703,1000.0,0.0,1.0,-0.9333333333333333,15.0,-14.0,3.0,31
262.13720703125,67.5701675415039,13.51403350830078,1000.0,0.0,1.0,-0.8666666666666667,15.0,-13.0,3.0,31
250.12623596191406,57.19595718383789,11.439191436767578,1000.0,0.0,1.0,-0.8,15.0,-12.0,3.0,31
227.99822998046875,33.593162536621094,6.718632507324219,1000.0,0.0,1.0,-0.7333333333333333,15.0,-11.0,3.0,31
223.60972595214844,29.284278869628906,5.856855773925782,1000.0,0.0,1.0,-0.6666666666666666,15.0,-10.0,3.0,31
220.298828125,31.683874130249023,6.336774826049805,1000.0,0.0,1.0,-0.6,15.0,-9.0,3.0,31
212.66552734375,32.31721115112305,6.46344223022461,1000.0,0.0,1.0,-0.5333333333333333,15.0,-8.0,3.0,31
197.5657196044922,20.909435272216797,4.18188705444336,1000.0,0.0,1.0,-0.4666666666666667,15.0,-7.0,3.0,31
204.75625610351562,36.71923065185547,7.343846130371094,1000.0,0.0,1.0,-0.4,15.0,-6.0,3.0,31
215.02101135253906,45.079593658447266,9.015918731689453,1000.0,0.0,1.0,-0.3333333333333333,15.0,-5.0,3.0,31
210.4857177734375,42.05315399169922,8.410630798339843,1000.0,0.0,1.0,-0.26666666666666666,15.0,-4.0,3.0,31
201.9390411376953,33.15730667114258,6.631461334228516,1000.0,0.0,1.0,-0.2,15.0,-3.0,3.0,31
213.3886260986328,35.81983947753906,7.163967895507812,1000.0,0.0,1.0,-0.13333333333333333,15.0,-2.0,3.0,31
224.07720947265625,41.93135452270508,8.386270904541016,1000.0,0.0,1.0,-0.06666666666666667,15.0,-1.0,3.0,31
220.3559112548828,30.284358978271484,6.056871795654297,1000.0,0.0,1.0,0.0,15.0,0.0,3.0,31
214.55447387695312,23.228254318237305,4.645650863647461,1000.0,0.0,1.0,0.06666666666666667,15.0,1.0,3.0,31
216.8710479736328,47.32530975341797,9.465061950683594,1000.0,0.0,1.0,0.13333333333333333,15.0,2.0,3.0,31
240.25486755371094,64.87393188476562,12.974786376953125,1000.0,0.0,1.0,0.2,15.0,3.0,3.0,31
232.03224182128906,55.29948425292969,11.059896850585938,1000.0,0.0,1.0,0.26666666666666666,15.0,4.0,3.0,31
236.77952575683594,49.301490783691406,9.860298156738281,1000.0,0.0,1.0,0.3333333333333333,15.0,5.0,3.0,31
302.6114501953125,63.84092712402344,12.768185424804688,1000.0,0.0,1.0,0.4,15.0,6.0,3.0,31
302.04254150390625,71.99530029296875,14.39906005859375,1000.0,0.0,1.0,0.4666666666666667,15.0,7.0,3.0,31
304.6765441894531,85.1534652709961,17.03069305419922,1000.0,0.0,1.0,0.5333333333333333,15.0,8.0,3.0,31
283.81231689453125,76.04016876220703,15.208033752441406,1000.0,0.0,1.0,0.6,15.0,9.0,3.0,31
272.56842041015625,60.70066833496094,12.140133666992188,1000.0,0.0,1.0,0.6666666666666666,15.0,10.0,3.0,31
275.7149963378906,90.33036804199219,18.066073608398437,1000.0,0.0,1.0,0.7333333333333333,15.0,11.0,3.0,31
266.4834899902344,73.53785705566406,14.707571411132813,1000.0,0.0,1.0,0.8,15.0,12.0,3.0,31
253.58734130859375,80.9810791015625,16.1962158203125,1000.0,0.0,1.0,0.8666666666666667,15.0,13.0,3.0,31
344.8783264160156,113.2855224609375,22.6571044921875,1000.0,0.0,1.0,0.9333333333333333,15.0,14.0,3.0,31
304.0777587890625,87.91075134277344,17.582150268554688,1000.0,0.0,1.0,1.0,15.0,15.0,3.0,31
