episode_rewards,episode_std_rewards,episode_stderr_rewards,episode_avg_len,episode_std_avg_len,dim0,dim1,offset1,offset2,magnitude,grid_size
185.34970092773438,20.248611450195312,4.049722290039062,1000.0,0.0,-1.0,-1.0,-15.0,-15.0,3.0,31
187.42652893066406,25.408233642578125,5.081646728515625,1000.0,0.0,-1.0,-0.9333333333333333,-15.0,-14.0,3.0,31
203.28807067871094,24.125707626342773,4.825141525268554,1000.0,0.0,-1.0,-0.8666666666666667,-15.0,-13.0,3.0,31
201.8750457763672,23.69044303894043,4.738088607788086,1000.0,0.0,-1.0,-0.8,-15.0,-12.0,3.0,31
197.67300415039062,21.853042602539062,4.370608520507813,1000.0,0.0,-1.0,-0.7333333333333333,-15.0,-11.0,3.0,31
191.39208984375,25.091371536254883,5.018274307250977,1000.0,0.0,-1.0,-0.6666666666666666,-15.0,-10.0,3.0,31
182.73129272460938,18.72882652282715,3.7457653045654298,1000.0,0.0,-1.0,-0.6,-15.0,-9.0,3.0,31
192.25440979003906,32.80348587036133,6.560697174072265,1000.0,0.0,-1.0,-0.5333333333333333,-15.0,-8.0,3.0,31
194.0015411376953,35.44032287597656,7.088064575195313,1000.0,0.0,-1.0,-0.4666666666666667,-15.0,-7.0,3.0,31
224.3119659423828,48.69203567504883,9.738407135009766,1000.0,0.0,-1.0,-0.4,-15.0,-6.0,3.0,31
213.90745544433594,47.00312042236328,9.400624084472657,1000.0,0.0,-1.0,-0.3333333333333333,-15.0,-5.0,3.0,31
209.06886291503906,26.374542236328125,5.274908447265625,1000.0,0.0,-1.0,-0.26666666666666666,-15.0,-4.0,3.0,31
203.63404846191406,30.17795753479004,6.035591506958008,1000.0,0.0,-1.0,-0.2,-15.0,-3.0,3.0,31
205.7704315185547,25.965063095092773,5.193012619018555,1000.0,0.0,-1.0,-0.13333333333333333,-15.0,-2.0,3.0,31
189.2374267578125,17.90532875061035,3.5810657501220704,1000.0,0.0,-1.0,-0.06666666666666667,-15.0,-1.0,3.0,31
193.50440979003906,27.570859909057617,5.514171981811524,1000.0,0.0,-1.0,0.0,-15.0,0.0,3.0,31
212.52462768554688,39.0545654296875,7.8109130859375,1000.0,0.0,-1.0,0.06666666666666667,-15.0,1.0,3.0,31
207.63783264160156,38.78984069824219,7.757968139648438,1000.0,0.0,-1.0,0.13333333333333333,-15.0,2.0,3.0,31
199.0090789794922,24.74752426147461,4.949504852294922,1000.0,0.0,-1.0,0.2,-15.0,3.0,3.0,31
191.7282257080078,20.87578773498535,4.17515754699707,1000.0,0.0,-1.0,0.26666666666666666,-15.0,4.0,3.0,31
196.28480529785156,27.250885009765625,5.450177001953125,1000.0,0.0,-1.0,0.3333333333333333,-15.0,5.0,3.0,31
186.8762664794922,19.165468215942383,3.8330936431884766,1000.0,0.0,-1.0,0.4,-15.0,6.0,3.0,31
178.43338012695312,9.539040565490723,1.9078081130981446,1000.0,0.0,-1.0,0.4666666666666667,-15.0,7.0,3.0,31
180.81431579589844,11.580422401428223,2.3160844802856446,1000.0,0.0,-1.0,0.5333333333333333,-15.0,8.0,3.0,31
183.11834716796875,15.045907974243164,3.009181594848633,1000.0,0.0,-1.0,0.6,-15.0,9.0,3.0,31
204.64706420898438,36.512046813964844,7.302409362792969,1000.0,0.0,-1.0,0.6666666666666666,-15.0,10.0,3.0,31
214.55641174316406,36.171669006347656,7.234333801269531,1000.0,0.0,-1.0,0.7333333333333333,-15.0,11.0,3.0,31
194.00636291503906,22.42259407043457,4.484518814086914,1000.0,0.0,-1.0,0.8,-15.0,12.0,3.0,31
192.0771942138672,16.93670082092285,3.3873401641845704,1000.0,0.0,-1.0,0.8666666666666667,-15.0,13.0,3.0,31
186.24685668945312,21.06623649597168,4.213247299194336,1000.0,0.0,-1.0,0.9333333333333333,-15.0,14.0,3.0,31
196.9132080078125,31.68001365661621,6.3360027313232425,1000.0,0.0,-1.0,1.0,-15.0,15.0,3.0,31
189.45083618164062,14.469587326049805,2.893917465209961,1000.0,0.0,-0.9333333333333333,-1.0,-14.0,-15.0,3.0,31
183.00559997558594,14.552694320678711,2.9105388641357424,1000.0,0.0,-0.9333333333333333,-0.9333333333333333,-14.0,-14.0,3.0,31
185.3341827392578,19.435029983520508,3.8870059967041017,1000.0,0.0,-0.9333333333333333,-0.8666666666666667,-14.0,-13.0,3.0,31
196.12420654296875,23.35236167907715,4.67047233581543,1000.0,0.0,-0.9333333333333333,-0.8,-14.0,-12.0,3.0,31
207.04541015625,26.392988204956055,5.278597640991211,1000.0,0.0,-0.9333333333333333,-0.7333333333333333,-14.0,-11.0,3.0,31
200.66448974609375,20.74135971069336,4.148271942138672,1000.0,0.0,-0.9333333333333333,-0.6666666666666666,-14.0,-10.0,3.0,31
195.3985137939453,31.25777244567871,6.251554489135742,1000.0,0.0,-0.9333333333333333,-0.6,-14.0,-9.0,3.0,31
186.00430297851562,20.264122009277344,4.052824401855469,1000.0,0.0,-0.9333333333333333,-0.5333333333333333,-14.0,-8.0,3.0,31
180.720703125,15.41787052154541,3.083574104309082,1000.0,0.0,-0.9333333333333333,-0.4666666666666667,-14.0,-7.0,3.0,31
206.2595672607422,40.55857467651367,8.111714935302734,1000.0,0.0,-0.9333333333333333,-0.4,-14.0,-6.0,3.0,31
219.65472412109375,44.5303840637207,8.906076812744141,1000.0,0.0,-0.9333333333333333,-0.3333333333333333,-14.0,-5.0,3.0,31
226.5791778564453,53.91181182861328,10.782362365722657,1000.0,0.0,-0.9333333333333333,-0.26666666666666666,-14.0,-4.0,3.0,31
199.3600616455078,31.900022506713867,6.380004501342773,1000.0,0.0,-0.9333333333333333,-0.2,-14.0,-3.0,3.0,31
186.8734588623047,19.850112915039062,3.9700225830078124,1000.0,0.0,-0.9333333333333333,-0.13333333333333333,-14.0,-2.0,3.0,31
199.37306213378906,29.619056701660156,5.923811340332032,1000.0,0.0,-0.9333333333333333,-0.06666666666666667,-14.0,-1.0,3.0,31
192.71319580078125,28.330820083618164,5.6661640167236325,1000.0,0.0,-0.9333333333333333,0.0,-14.0,0.0,3.0,31
210.8062286376953,41.47321319580078,8.294642639160156,1000.0,0.0,-0.9333333333333333,0.06666666666666667,-14.0,1.0,3.0,31
195.69566345214844,32.64732360839844,6.5294647216796875,1000.0,0.0,-0.9333333333333333,0.13333333333333333,-14.0,2.0,3.0,31
194.05860900878906,26.645824432373047,5.32916488647461,1000.0,0.0,-0.9333333333333333,0.2,-14.0,3.0,3.0,31
192.77098083496094,23.20899772644043,4.641799545288086,1000.0,0.0,-0.9333333333333333,0.26666666666666666,-14.0,4.0,3.0,31
186.0816650390625,18.555912017822266,3.711182403564453,1000.0,0.0,-0.9333333333333333,0.3333333333333333,-14.0,5.0,3.0,31
184.72955322265625,16.6827392578125,3.3365478515625,1000.0,0.0,-0.9333333333333333,0.4,-14.0,6.0,3.0,31
181.55838012695312,14.377971649169922,2.8755943298339846,1000.0,0.0,-0.9333333333333333,0.4666666666666667,-14.0,7.0,3.0,31
182.89202880859375,17.054536819458008,3.4109073638916017,1000.0,0.0,-0.9333333333333333,0.5333333333333333,-14.0,8.0,3.0,31
184.7177276611328,17.51146697998047,3.5022933959960936,1000.0,0.0,-0.9333333333333333,0.6,-14.0,9.0,3.0,31
202.86923217773438,37.94601058959961,7.589202117919922,1000.0,0.0,-0.9333333333333333,0.6666666666666666,-14.0,10.0,3.0,31
200.15185546875,20.82320785522461,4.164641571044922,1000.0,0.0,-0.9333333333333333,0.7333333333333333,-14.0,11.0,3.0,31
194.3939208984375,16.94456672668457,3.3889133453369142,1000.0,0.0,-0.9333333333333333,0.8,-14.0,12.0,3.0,31
195.3218994140625,24.822006225585938,4.9644012451171875,1000.0,0.0,-0.9333333333333333,0.8666666666666667,-14.0,13.0,3.0,31
193.5931396484375,29.13877296447754,5.8277545928955075,1000.0,0.0,-0.9333333333333333,0.9333333333333333,-14.0,14.0,3.0,31
197.68226623535156,29.2408504486084,5.8481700897216795,1000.0,0.0,-0.9333333333333333,1.0,-14.0,15.0,3.0,31
196.91177368164062,16.182018280029297,3.2364036560058596,1000.0,0.0,-0.8666666666666667,-1.0,-13.0,-15.0,3.0,31
188.52232360839844,15.058218002319336,3.0116436004638674,1000.0,0.0,-0.8666666666666667,-0.9333333333333333,-13.0,-14.0,3.0,31
189.46429443359375,22.969820022583008,4.593964004516602,1000.0,0.0,-0.8666666666666667,-0.8666666666666667,-13.0,-13.0,3.0,31
189.43441772460938,17.387699127197266,3.477539825439453,1000.0,0.0,-0.8666666666666667,-0.8,-13.0,-12.0,3.0,31
198.63218688964844,20.12066078186035,4.024132156372071,1000.0,0.0,-0.8666666666666667,-0.7333333333333333,-13.0,-11.0,3.0,31
195.63427734375,15.02966594696045,3.0059331893920898,1000.0,0.0,-0.8666666666666667,-0.6666666666666666,-13.0,-10.0,3.0,31
193.91244506835938,23.047677993774414,4.609535598754883,1000.0,0.0,-0.8666666666666667,-0.6,-13.0,-9.0,3.0,31
190.0932159423828,25.45273208618164,5.090546417236328,1000.0,0.0,-0.8666666666666667,-0.5333333333333333,-13.0,-8.0,3.0,31
183.6572265625,21.651386260986328,4.3302772521972654,1000.0,0.0,-0.8666666666666667,-0.4666666666666667,-13.0,-7.0,3.0,31
192.07546997070312,28.494220733642578,5.698844146728516,1000.0,0.0,-0.8666666666666667,-0.4,-13.0,-6.0,3.0,31
216.42120361328125,39.78179168701172,7.956358337402344,1000.0,0.0,-0.8666666666666667,-0.3333333333333333,-13.0,-5.0,3.0,31
217.65504455566406,45.59669494628906,9.119338989257812,1000.0,0.0,-0.8666666666666667,-0.26666666666666666,-13.0,-4.0,3.0,31
206.39520263671875,37.1161994934082,7.423239898681641,1000.0,0.0,-0.8666666666666667,-0.2,-13.0,-3.0,3.0,31
205.76669311523438,40.30119323730469,8.060238647460938,1000.0,0.0,-0.8666666666666667,-0.13333333333333333,-13.0,-2.0,3.0,31
204.08700561523438,35.39168930053711,7.078337860107422,1000.0,0.0,-0.8666666666666667,-0.06666666666666667,-13.0,-1.0,3.0,31
209.23968505859375,46.74433517456055,9.348867034912109,1000.0,0.0,-0.8666666666666667,0.0,-13.0,0.0,3.0,31
199.78692626953125,28.747926712036133,5.749585342407227,1000.0,0.0,-0.8666666666666667,0.06666666666666667,-13.0,1.0,3.0,31
195.13760375976562,30.06934928894043,6.013869857788086,1000.0,0.0,-0.8666666666666667,0.13333333333333333,-13.0,2.0,3.0,31
190.6621856689453,22.045085906982422,4.409017181396484,1000.0,0.0,-0.8666666666666667,0.2,-13.0,3.0,3.0,31
191.1031036376953,24.478504180908203,4.895700836181641,1000.0,0.0,-0.8666666666666667,0.26666666666666666,-13.0,4.0,3.0,31
188.67921447753906,30.472667694091797,6.094533538818359,1000.0,0.0,-0.8666666666666667,0.3333333333333333,-13.0,5.0,3.0,31
183.3365478515625,10.907966613769531,2.181593322753906,1000.0,0.0,-0.8666666666666667,0.4,-13.0,6.0,3.0,31
178.21038818359375,9.565041542053223,1.9130083084106446,1000.0,0.0,-0.8666666666666667,0.4666666666666667,-13.0,7.0,3.0,31
186.82984924316406,18.872390747070312,3.7744781494140627,1000.0,0.0,-0.8666666666666667,0.5333333333333333,-13.0,8.0,3.0,31
185.77951049804688,13.629010200500488,2.7258020401000977,1000.0,0.0,-0.8666666666666667,0.6,-13.0,9.0,3.0,31
213.11231994628906,38.081756591796875,7.616351318359375,1000.0,0.0,-0.8666666666666667,0.6666666666666666,-13.0,10.0,3.0,31
194.15194702148438,19.21527671813965,3.8430553436279298,1000.0,0.0,-0.8666666666666667,0.7333333333333333,-13.0,11.0,3.0,31
196.5664520263672,26.16248321533203,5.232496643066407,1000.0,0.0,-0.8666666666666667,0.8,-13.0,12.0,3.0,31
197.91041564941406,38.215511322021484,7.6431022644042965,1000.0,0.0,-0.8666666666666667,0.8666666666666667,-13.0,13.0,3.0,31
210.18775939941406,39.88713073730469,7.977426147460937,1000.0,0.0,-0.8666666666666667,0.9333333333333333,-13.0,14.0,3.0,31
205.15170288085938,29.22916603088379,5.845833206176758,1000.0,0.0,-0.8666666666666667,1.0,-13.0,15.0,3.0,31
196.94415283203125,25.3474063873291,5.069481277465821,1000.0,0.0,-0.8,-1.0,-12.0,-15.0,3.0,31
189.15199279785156,13.024123191833496,2.6048246383666993,1000.0,0.0,-0.8,-0.9333333333333333,-12.0,-14.0,3.0,31
189.16156005859375,14.375504493713379,2.8751008987426756,1000.0,0.0,-0.8,-0.8666666666666667,-12.0,-13.0,3.0,31
180.4042510986328,11.989373207092285,2.397874641418457,1000.0,0.0,-0.8,-0.8,-12.0,-12.0,3.0,31
195.52313232421875,16.9638729095459,3.3927745819091797,1000.0,0.0,-0.8,-0.7333333333333333,-12.0,-11.0,3.0,31
194.04818725585938,24.144393920898438,4.828878784179688,1000.0,0.0,-0.8,-0.6666666666666666,-12.0,-10.0,3.0,31
202.87583923339844,19.16559600830078,3.833119201660156,1000.0,0.0,-0.8,-0.6,-12.0,-9.0,3.0,31
189.0980987548828,26.618059158325195,5.323611831665039,1000.0,0.0,-0.8,-0.5333333333333333,-12.0,-8.0,3.0,31
180.88021850585938,18.518205642700195,3.7036411285400392,1000.0,0.0,-0.8,-0.4666666666666667,-12.0,-7.0,3.0,31
181.29287719726562,19.05338478088379,3.8106769561767577,1000.0,0.0,-0.8,-0.4,-12.0,-6.0,3.0,31
201.14523315429688,40.18026351928711,8.036052703857422,1000.0,0.0,-0.8,-0.3333333333333333,-12.0,-5.0,3.0,31
228.09832763671875,50.45151901245117,10.090303802490235,1000.0,0.0,-0.8,-0.26666666666666666,-12.0,-4.0,3.0,31
210.86581420898438,60.8182258605957,12.163645172119141,1000.0,0.0,-0.8,-0.2,-12.0,-3.0,3.0,31
221.8671112060547,58.685848236083984,11.737169647216797,1000.0,0.0,-0.8,-0.13333333333333333,-12.0,-2.0,3.0,31
211.7871856689453,55.230533599853516,11.046106719970703,1000.0,0.0,-0.8,-0.06666666666666667,-12.0,-1.0,3.0,31
213.53012084960938,56.65570068359375,11.33114013671875,1000.0,0.0,-0.8,0.0,-12.0,0.0,3.0,31
211.4467010498047,56.6321907043457,11.32643814086914,1000.0,0.0,-0.8,0.06666666666666667,-12.0,1.0,3.0,31
201.01060485839844,41.436580657958984,8.287316131591798,1000.0,0.0,-0.8,0.13333333333333333,-12.0,2.0,3.0,31
206.02928161621094,45.96715545654297,9.193431091308593,1000.0,0.0,-0.8,0.2,-12.0,3.0,3.0,31
178.9452362060547,7.945165157318115,1.589033031463623,1000.0,0.0,-0.8,0.26666666666666666,-12.0,4.0,3.0,31
192.2149200439453,32.84727478027344,6.569454956054687,1000.0,0.0,-0.8,0.3333333333333333,-12.0,5.0,3.0,31
181.87220764160156,13.296988487243652,2.6593976974487306,1000.0,0.0,-0.8,0.4,-12.0,6.0,3.0,31
185.18710327148438,19.202850341796875,3.840570068359375,1000.0,0.0,-0.8,0.4666666666666667,-12.0,7.0,3.0,31
184.74156188964844,17.178813934326172,3.4357627868652343,1000.0,0.0,-0.8,0.5333333333333333,-12.0,8.0,3.0,31
196.92808532714844,29.03700065612793,5.807400131225586,1000.0,0.0,-0.8,0.6,-12.0,9.0,3.0,31
204.1301727294922,24.576616287231445,4.915323257446289,1000.0,0.0,-0.8,0.6666666666666666,-12.0,10.0,3.0,31
194.70216369628906,15.997206687927246,3.199441337585449,1000.0,0.0,-0.8,0.7333333333333333,-12.0,11.0,3.0,31
206.72470092773438,28.257417678833008,5.651483535766602,1000.0,0.0,-0.8,0.8,-12.0,12.0,3.0,31
209.03558349609375,44.49296569824219,8.898593139648437,1000.0,0.0,-0.8,0.8666666666666667,-12.0,13.0,3.0,31
198.5890655517578,33.704593658447266,6.740918731689453,1000.0,0.0,-0.8,0.9333333333333333,-12.0,14.0,3.0,31
203.35171508789062,37.56455993652344,7.512911987304688,1000.0,0.0,-0.8,1.0,-12.0,15.0,3.0,31
183.57330322265625,16.738384246826172,3.3476768493652345,1000.0,0.0,-0.7333333333333333,-1.0,-11.0,-15.0,3.0,31
185.89935302734375,15.618447303771973,3.1236894607543944,1000.0,0.0,-0.7333333333333333,-0.9333333333333333,-11.0,-14.0,3.0,31
186.03634643554688,13.16088581085205,2.63217716217041,1000.0,0.0,-0.7333333333333333,-0.8666666666666667,-11.0,-13.0,3.0,31
187.05050659179688,10.968567848205566,2.193713569641113,1000.0,0.0,-0.7333333333333333,-0.8,-11.0,-12.0,3.0,31
187.58087158203125,10.555575370788574,2.111115074157715,1000.0,0.0,-0.7333333333333333,-0.7333333333333333,-11.0,-11.0,3.0,31
188.2098846435547,13.606547355651855,2.721309471130371,1000.0,0.0,-0.7333333333333333,-0.6666666666666666,-11.0,-10.0,3.0,31
199.3016815185547,23.076566696166992,4.615313339233398,1000.0,0.0,-0.7333333333333333,-0.6,-11.0,-9.0,3.0,31
200.12815856933594,11.785088539123535,2.357017707824707,1000.0,0.0,-0.7333333333333333,-0.5333333333333333,-11.0,-8.0,3.0,31
180.42514038085938,13.533112525939941,2.706622505187988,1000.0,0.0,-0.7333333333333333,-0.4666666666666667,-11.0,-7.0,3.0,31
179.40480041503906,16.132787704467773,3.2265575408935545,1000.0,0.0,-0.7333333333333333,-0.4,-11.0,-6.0,3.0,31
191.71412658691406,32.8519287109375,6.5703857421875,1000.0,0.0,-0.7333333333333333,-0.3333333333333333,-11.0,-5.0,3.0,31
208.56739807128906,50.58515930175781,10.117031860351563,1000.0,0.0,-0.7333333333333333,-0.26666666666666666,-11.0,-4.0,3.0,31
225.9772491455078,60.97985076904297,12.195970153808593,1000.0,0.0,-0.7333333333333333,-0.2,-11.0,-3.0,3.0,31
232.7275390625,70.10520935058594,14.021041870117188,1000.0,0.0,-0.7333333333333333,-0.13333333333333333,-11.0,-2.0,3.0,31
237.21461486816406,75.69635009765625,15.13927001953125,1000.0,0.0,-0.7333333333333333,-0.06666666666666667,-11.0,-1.0,3.0,31
225.27613830566406,74.39496612548828,14.878993225097656,1000.0,0.0,-0.7333333333333333,0.0,-11.0,0.0,3.0,31
190.80099487304688,19.048852920532227,3.8097705841064453,1000.0,0.0,-0.7333333333333333,0.06666666666666667,-11.0,1.0,3.0,31
187.42147827148438,24.45359992980957,4.890719985961914,1000.0,0.0,-0.7333333333333333,0.13333333333333333,-11.0,2.0,3.0,31
190.23355102539062,30.474729537963867,6.094945907592773,1000.0,0.0,-0.7333333333333333,0.2,-11.0,3.0,3.0,31
199.96771240234375,31.44072723388672,6.288145446777344,1000.0,0.0,-0.7333333333333333,0.26666666666666666,-11.0,4.0,3.0,31
184.58058166503906,12.628752708435059,2.5257505416870116,1000.0,0.0,-0.7333333333333333,0.3333333333333333,-11.0,5.0,3.0,31
189.89273071289062,21.54188346862793,4.308376693725586,1000.0,0.0,-0.7333333333333333,0.4,-11.0,6.0,3.0,31
193.9302978515625,26.214670181274414,5.242934036254883,1000.0,0.0,-0.7333333333333333,0.4666666666666667,-11.0,7.0,3.0,31
191.42098999023438,18.644147872924805,3.728829574584961,1000.0,0.0,-0.7333333333333333,0.5333333333333333,-11.0,8.0,3.0,31
206.93238830566406,36.184356689453125,7.236871337890625,1000.0,0.0,-0.7333333333333333,0.6,-11.0,9.0,3.0,31
203.3236541748047,27.340896606445312,5.468179321289062,1000.0,0.0,-0.7333333333333333,0.6666666666666666,-11.0,10.0,3.0,31
202.8581085205078,23.59549903869629,4.719099807739258,1000.0,0.0,-0.7333333333333333,0.7333333333333333,-11.0,11.0,3.0,31
217.64894104003906,44.96455383300781,8.992910766601563,1000.0,0.0,-0.7333333333333333,0.8,-11.0,12.0,3.0,31
203.98435974121094,34.13825988769531,6.8276519775390625,1000.0,0.0,-0.7333333333333333,0.8666666666666667,-11.0,13.0,3.0,31
197.58399963378906,36.060707092285156,7.212141418457032,1000.0,0.0,-0.7333333333333333,0.9333333333333333,-11.0,14.0,3.0,31
194.3504638671875,30.857646942138672,6.171529388427734,1000.0,0.0,-0.7333333333333333,1.0,-11.0,15.0,3.0,31
185.45718383789062,22.764415740966797,4.552883148193359,1000.0,0.0,-0.6666666666666666,-1.0,-10.0,-15.0,3.0,31
177.33738708496094,8.400245666503906,1.6800491333007812,1000.0,0.0,-0.6666666666666666,-0.9333333333333333,-10.0,-14.0,3.0,31
176.3405303955078,8.006475448608398,1.6012950897216798,1000.0,0.0,-0.6666666666666666,-0.8666666666666667,-10.0,-13.0,3.0,31
183.8944854736328,11.486528396606445,2.297305679321289,1000.0,0.0,-0.6666666666666666,-0.8,-10.0,-12.0,3.0,31
185.3468780517578,10.722724914550781,2.144544982910156,1000.0,0.0,-0.6666666666666666,-0.7333333333333333,-10.0,-11.0,3.0,31
195.8540496826172,15.970309257507324,3.194061851501465,1000.0,0.0,-0.6666666666666666,-0.6666666666666666,-10.0,-10.0,3.0,31
194.93846130371094,17.94899559020996,3.5897991180419924,1000.0,0.0,-0.6666666666666666,-0.6,-10.0,-9.0,3.0,31
197.9770965576172,10.808542251586914,2.161708450317383,1000.0,0.0,-0.6666666666666666,-0.5333333333333333,-10.0,-8.0,3.0,31
201.48947143554688,30.87660789489746,6.175321578979492,1000.0,0.0,-0.6666666666666666,-0.4666666666666667,-10.0,-7.0,3.0,31
188.0890655517578,26.00688934326172,5.201377868652344,1000.0,0.0,-0.6666666666666666,-0.4,-10.0,-6.0,3.0,31
190.57489013671875,27.80666160583496,5.561332321166992,1000.0,0.0,-0.6666666666666666,-0.3333333333333333,-10.0,-5.0,3.0,31
202.62466430664062,42.60899353027344,8.521798706054687,1000.0,0.0,-0.6666666666666666,-0.26666666666666666,-10.0,-4.0,3.0,31
229.46304321289062,81.45068359375,16.29013671875,1000.0,0.0,-0.6666666666666666,-0.2,-10.0,-3.0,3.0,31
226.5964813232422,68.02452087402344,13.604904174804688,1000.0,0.0,-0.6666666666666666,-0.13333333333333333,-10.0,-2.0,3.0,31
222.0567169189453,63.053794860839844,12.610758972167968,1000.0,0.0,-0.6666666666666666,-0.06666666666666667,-10.0,-1.0,3.0,31
216.9612274169922,49.918212890625,9.983642578125,1000.0,0.0,-0.6666666666666666,0.0,-10.0,0.0,3.0,31
211.72061157226562,53.65325927734375,10.73065185546875,1000.0,0.0,-0.6666666666666666,0.06666666666666667,-10.0,1.0,3.0,31
213.6998291015625,47.265316009521484,9.453063201904296,1000.0,0.0,-0.6666666666666666,0.13333333333333333,-10.0,2.0,3.0,31
193.65953063964844,29.450937271118164,5.890187454223633,1000.0,0.0,-0.6666666666666666,0.2,-10.0,3.0,3.0,31
200.94314575195312,44.190250396728516,8.838050079345702,1000.0,0.0,-0.6666666666666666,0.26666666666666666,-10.0,4.0,3.0,31
200.36538696289062,28.35820960998535,5.67164192199707,1000.0,0.0,-0.6666666666666666,0.3333333333333333,-10.0,5.0,3.0,31
193.24168395996094,30.20914077758789,6.041828155517578,1000.0,0.0,-0.6666666666666666,0.4,-10.0,6.0,3.0,31
200.57876586914062,32.49575424194336,6.4991508483886715,1000.0,0.0,-0.6666666666666666,0.4666666666666667,-10.0,7.0,3.0,31
205.9207763671875,29.951520919799805,5.990304183959961,1000.0,0.0,-0.6666666666666666,0.5333333333333333,-10.0,8.0,3.0,31
206.4049072265625,31.429119110107422,6.285823822021484,1000.0,0.0,-0.6666666666666666,0.6,-10.0,9.0,3.0,31
206.4718780517578,23.628826141357422,4.725765228271484,1000.0,0.0,-0.6666666666666666,0.6666666666666666,-10.0,10.0,3.0,31
216.29469299316406,34.23439025878906,6.8468780517578125,1000.0,0.0,-0.6666666666666666,0.7333333333333333,-10.0,11.0,3.0,31
227.83279418945312,32.3294677734375,6.4658935546875,1000.0,0.0,-0.6666666666666666,0.8,-10.0,12.0,3.0,31
188.0980682373047,19.17618179321289,3.835236358642578,1000.0,0.0,-0.6666666666666666,0.8666666666666667,-10.0,13.0,3.0,31
201.8866729736328,33.51105880737305,6.70221176147461,1000.0,0.0,-0.6666666666666666,0.9333333333333333,-10.0,14.0,3.0,31
202.2353973388672,28.494726181030273,5.698945236206055,1000.0,0.0,-0.6666666666666666,1.0,-10.0,15.0,3.0,31
178.73793029785156,13.51644515991211,2.703289031982422,1000.0,0.0,-0.6,-1.0,-9.0,-15.0,3.0,31
180.13685607910156,9.004788398742676,1.8009576797485352,1000.0,0.0,-0.6,-0.9333333333333333,-9.0,-14.0,3.0,31
177.34588623046875,10.387517929077148,2.0775035858154296,1000.0,0.0,-0.6,-0.8666666666666667,-9.0,-13.0,3.0,31
181.02902221679688,14.115937232971191,2.8231874465942384,1000.0,0.0,-0.6,-0.8,-9.0,-12.0,3.0,31
188.4141845703125,16.06053924560547,3.212107849121094,1000.0,0.0,-0.6,-0.7333333333333333,-9.0,-11.0,3.0,31
182.24429321289062,8.954716682434082,1.7909433364868164,1000.0,0.0,-0.6,-0.6666666666666666,-9.0,-10.0,3.0,31
190.8818359375,10.423322677612305,2.084664535522461,1000.0,0.0,-0.6,-0.6,-9.0,-9.0,3.0,31
205.39096069335938,36.62620162963867,7.3252403259277346,1000.0,0.0,-0.6,-0.5333333333333333,-9.0,-8.0,3.0,31
200.53346252441406,25.21142578125,5.04228515625,1000.0,0.0,-0.6,-0.4666666666666667,-9.0,-7.0,3.0,31
203.8643341064453,41.484596252441406,8.296919250488282,1000.0,0.0,-0.6,-0.4,-9.0,-6.0,3.0,31
217.21966552734375,61.85698699951172,12.371397399902344,1000.0,0.0,-0.6,-0.3333333333333333,-9.0,-5.0,3.0,31
215.77342224121094,59.87276077270508,11.974552154541016,1000.0,0.0,-0.6,-0.26666666666666666,-9.0,-4.0,3.0,31
222.92112731933594,62.49916458129883,12.499832916259766,1000.0,0.0,-0.6,-0.2,-9.0,-3.0,3.0,31
253.26409912109375,80.09092712402344,16.018185424804688,1000.0,0.0,-0.6,-0.13333333333333333,-9.0,-2.0,3.0,31
264.3435974121094,99.56934356689453,19.913868713378907,1000.0,0.0,-0.6,-0.06666666666666667,-9.0,-1.0,3.0,31
239.9371337890625,88.71509552001953,17.743019104003906,1000.0,0.0,-0.6,0.0,-9.0,0.0,3.0,31
208.28802490234375,57.5178337097168,11.50356674194336,1000.0,0.0,-0.6,0.06666666666666667,-9.0,1.0,3.0,31
210.4364471435547,51.785099029541016,10.357019805908203,1000.0,0.0,-0.6,0.13333333333333333,-9.0,2.0,3.0,31
226.1111297607422,57.20037078857422,11.440074157714843,1000.0,0.0,-0.6,0.2,-9.0,3.0,3.0,31
226.2783660888672,50.3370475769043,10.06740951538086,1000.0,0.0,-0.6,0.26666666666666666,-9.0,4.0,3.0,31
210.86480712890625,39.13587951660156,7.827175903320312,1000.0,0.0,-0.6,0.3333333333333333,-9.0,5.0,3.0,31
204.2318572998047,37.51050567626953,7.502101135253906,1000.0,0.0,-0.6,0.4,-9.0,6.0,3.0,31
199.78196716308594,28.392332077026367,5.678466415405273,1000.0,0.0,-0.6,0.4666666666666667,-9.0,7.0,3.0,31
200.5666961669922,27.292512893676758,5.458502578735351,1000.0,0.0,-0.6,0.5333333333333333,-9.0,8.0,3.0,31
206.1239471435547,28.93133544921875,5.78626708984375,1000.0,0.0,-0.6,0.6,-9.0,9.0,3.0,31
211.67684936523438,31.44858169555664,6.289716339111328,1000.0,0.0,-0.6,0.6666666666666666,-9.0,10.0,3.0,31
221.1727294921875,33.65166091918945,6.7303321838378904,1000.0,0.0,-0.6,0.7333333333333333,-9.0,11.0,3.0,31
216.26986694335938,35.10993576049805,7.0219871520996096,1000.0,0.0,-0.6,0.8,-9.0,12.0,3.0,31
204.1174774169922,30.42242431640625,6.08448486328125,1000.0,0.0,-0.6,0.8666666666666667,-9.0,13.0,3.0,31
195.77899169921875,23.437179565429688,4.687435913085937,1000.0,0.0,-0.6,0.9333333333333333,-9.0,14.0,3.0,31
208.8244171142578,35.49794006347656,7.099588012695312,1000.0,0.0,-0.6,1.0,-9.0,15.0,3.0,31
177.28585815429688,10.18945598602295,2.0378911972045897,1000.0,0.0,-0.5333333333333333,-1.0,-8.0,-15.0,3.0,31
178.2320098876953,8.526578903198242,1.7053157806396484,1000.0,0.0,-0.5333333333333333,-0.9333333333333333,-8.0,-14.0,3.0,31
177.72885131835938,8.820645332336426,1.764129066467285,1000.0,0.0,-0.5333333333333333,-0.8666666666666667,-8.0,-13.0,3.0,31
177.14186096191406,10.927088737487793,2.1854177474975587,1000.0,0.0,-0.5333333333333333,-0.8,-8.0,-12.0,3.0,31
186.0358428955078,17.36788558959961,3.473577117919922,1000.0,0.0,-0.5333333333333333,-0.7333333333333333,-8.0,-11.0,3.0,31
186.25047302246094,16.01805877685547,3.2036117553710937,1000.0,0.0,-0.5333333333333333,-0.6666666666666666,-8.0,-10.0,3.0,31
181.6969757080078,10.948105812072754,2.189621162414551,1000.0,0.0,-0.5333333333333333,-0.6,-8.0,-9.0,3.0,31
184.01588439941406,9.600838661193848,1.9201677322387696,1000.0,0.0,-0.5333333333333333,-0.5333333333333333,-8.0,-8.0,3.0,31
184.51434326171875,16.299196243286133,3.2598392486572267,1000.0,0.0,-0.5333333333333333,-0.4666666666666667,-8.0,-7.0,3.0,31
191.92283630371094,9.13047981262207,1.826095962524414,1000.0,0.0,-0.5333333333333333,-0.4,-8.0,-6.0,3.0,31
219.33103942871094,53.34187698364258,10.668375396728516,1000.0,0.0,-0.5333333333333333,-0.3333333333333333,-8.0,-5.0,3.0,31
231.4064483642578,94.89234161376953,18.978468322753905,1000.0,0.0,-0.5333333333333333,-0.26666666666666666,-8.0,-4.0,3.0,31
213.90814208984375,32.72764205932617,6.545528411865234,1000.0,0.0,-0.5333333333333333,-0.2,-8.0,-3.0,3.0,31
248.63275146484375,73.96546936035156,14.793093872070312,1000.0,0.0,-0.5333333333333333,-0.13333333333333333,-8.0,-2.0,3.0,31
317.32940673828125,113.04386138916016,22.60877227783203,1000.0,0.0,-0.5333333333333333,-0.06666666666666667,-8.0,-1.0,3.0,31
311.9322509765625,148.25421142578125,29.65084228515625,1000.0,0.0,-0.5333333333333333,0.0,-8.0,0.0,3.0,31
261.8531188964844,96.11885070800781,19.223770141601562,1000.0,0.0,-0.5333333333333333,0.06666666666666667,-8.0,1.0,3.0,31
214.8563232421875,56.55345153808594,11.310690307617188,1000.0,0.0,-0.5333333333333333,0.13333333333333333,-8.0,2.0,3.0,31
208.70172119140625,30.7845401763916,6.15690803527832,1000.0,0.0,-0.5333333333333333,0.2,-8.0,3.0,3.0,31
222.42349243164062,49.845951080322266,9.969190216064453,1000.0,0.0,-0.5333333333333333,0.26666666666666666,-8.0,4.0,3.0,31
211.00025939941406,46.7973747253418,9.35947494506836,1000.0,0.0,-0.5333333333333333,0.3333333333333333,-8.0,5.0,3.0,31
195.96046447753906,23.63892364501953,4.727784729003906,1000.0,0.0,-0.5333333333333333,0.4,-8.0,6.0,3.0,31
223.36880493164062,49.94952392578125,9.98990478515625,1000.0,0.0,-0.5333333333333333,0.4666666666666667,-8.0,7.0,3.0,31
220.2108917236328,38.2121696472168,7.642433929443359,1000.0,0.0,-0.5333333333333333,0.5333333333333333,-8.0,8.0,3.0,31
216.30865478515625,37.676246643066406,7.535249328613281,1000.0,0.0,-0.5333333333333333,0.6,-8.0,9.0,3.0,31
235.34494018554688,46.55805206298828,9.311610412597656,1000.0,0.0,-0.5333333333333333,0.6666666666666666,-8.0,10.0,3.0,31
238.3374481201172,30.431211471557617,6.086242294311523,1000.0,0.0,-0.5333333333333333,0.7333333333333333,-8.0,11.0,3.0,31
219.1376495361328,37.21631622314453,7.443263244628906,1000.0,0.0,-0.5333333333333333,0.8,-8.0,12.0,3.0,31
206.3819122314453,27.88164710998535,5.5763294219970705,1000.0,0.0,-0.5333333333333333,0.8666666666666667,-8.0,13.0,3.0,31
200.61856079101562,32.16138458251953,6.432276916503906,1000.0,0.0,-0.5333333333333333,0.9333333333333333,-8.0,14.0,3.0,31
208.52651977539062,26.600534439086914,5.320106887817383,1000.0,0.0,-0.5333333333333333,1.0,-8.0,15.0,3.0,31
184.23269653320312,22.4138240814209,4.482764816284179,1000.0,0.0,-0.4666666666666667,-1.0,-7.0,-15.0,3.0,31
178.9673614501953,15.270753860473633,3.0541507720947267,1000.0,0.0,-0.4666666666666667,-0.9333333333333333,-7.0,-14.0,3.0,31
175.96107482910156,8.229233741760254,1.6458467483520507,1000.0,0.0,-0.4666666666666667,-0.8666666666666667,-7.0,-13.0,3.0,31
177.51930236816406,6.737703800201416,1.3475407600402831,1000.0,0.0,-0.4666666666666667,-0.8,-7.0,-12.0,3.0,31
177.66725158691406,9.214353561401367,1.8428707122802734,1000.0,0.0,-0.4666666666666667,-0.7333333333333333,-7.0,-11.0,3.0,31
188.3062744140625,21.605777740478516,4.321155548095703,1000.0,0.0,-0.4666666666666667,-0.6666666666666666,-7.0,-10.0,3.0,31
186.4485321044922,23.77223014831543,4.754446029663086,1000.0,0.0,-0.4666666666666667,-0.6,-7.0,-9.0,3.0,31
185.77322387695312,10.893113136291504,2.1786226272583007,1000.0,0.0,-0.4666666666666667,-0.5333333333333333,-7.0,-8.0,3.0,31
181.0342254638672,8.485930442810059,1.6971860885620118,1000.0,0.0,-0.4666666666666667,-0.4666666666666667,-7.0,-7.0,3.0,31
185.28570556640625,12.580273628234863,2.5160547256469727,1000.0,0.0,-0.4666666666666667,-0.4,-7.0,-6.0,3.0,31
217.9036102294922,28.934410095214844,5.786882019042968,1000.0,0.0,-0.4666666666666667,-0.3333333333333333,-7.0,-5.0,3.0,31
193.2785186767578,26.51735496520996,5.3034709930419925,1000.0,0.0,-0.4666666666666667,-0.26666666666666666,-7.0,-4.0,3.0,31
219.8178253173828,42.98648452758789,8.597296905517577,1000.0,0.0,-0.4666666666666667,-0.2,-7.0,-3.0,3.0,31
285.1082763671875,113.12523651123047,22.625047302246095,1000.0,0.0,-0.4666666666666667,-0.13333333333333333,-7.0,-2.0,3.0,31
234.47216796875,97.0594482421875,19.4118896484375,1000.0,0.0,-0.4666666666666667,-0.06666666666666667,-7.0,-1.0,3.0,31
271.1092224121094,143.06365966796875,28.61273193359375,1000.0,0.0,-0.4666666666666667,0.0,-7.0,0.0,3.0,31
225.5430908203125,66.39037322998047,13.278074645996094,1000.0,0.0,-0.4666666666666667,0.06666666666666667,-7.0,1.0,3.0,31
196.767578125,47.991943359375,9.598388671875,1000.0,0.0,-0.4666666666666667,0.13333333333333333,-7.0,2.0,3.0,31
220.8774871826172,55.63003921508789,11.126007843017579,1000.0,0.0,-0.4666666666666667,0.2,-7.0,3.0,3.0,31
205.75457763671875,44.60707473754883,8.921414947509765,1000.0,0.0,-0.4666666666666667,0.26666666666666666,-7.0,4.0,3.0,31
211.75404357910156,45.660640716552734,9.132128143310547,1000.0,0.0,-0.4666666666666667,0.3333333333333333,-7.0,5.0,3.0,31
237.9106903076172,51.361961364746094,10.272392272949219,1000.0,0.0,-0.4666666666666667,0.4,-7.0,6.0,3.0,31
205.63168334960938,38.98611831665039,7.797223663330078,1000.0,0.0,-0.4666666666666667,0.4666666666666667,-7.0,7.0,3.0,31
247.9718017578125,71.23043060302734,14.246086120605469,1000.0,0.0,-0.4666666666666667,0.5333333333333333,-7.0,8.0,3.0,31
231.94036865234375,58.21120834350586,11.642241668701171,1000.0,0.0,-0.4666666666666667,0.6,-7.0,9.0,3.0,31
218.6650390625,35.317012786865234,7.063402557373047,1000.0,0.0,-0.4666666666666667,0.6666666666666666,-7.0,10.0,3.0,31
209.3948974609375,37.486541748046875,7.497308349609375,1000.0,0.0,-0.4666666666666667,0.7333333333333333,-7.0,11.0,3.0,31
203.2465362548828,29.000877380371094,5.800175476074219,1000.0,0.0,-0.4666666666666667,0.8,-7.0,12.0,3.0,31
201.09983825683594,25.630979537963867,5.126195907592773,1000.0,0.0,-0.4666666666666667,0.8666666666666667,-7.0,13.0,3.0,31
206.19761657714844,30.575279235839844,6.115055847167969,1000.0,0.0,-0.4666666666666667,0.9333333333333333,-7.0,14.0,3.0,31
207.87611389160156,32.35259246826172,6.470518493652344,1000.0,0.0,-0.4666666666666667,1.0,-7.0,15.0,3.0,31
185.89569091796875,21.060150146484375,4.212030029296875,1000.0,0.0,-0.4,-1.0,-6.0,-15.0,3.0,31
182.50132751464844,16.109188079833984,3.221837615966797,1000.0,0.0,-0.4,-0.9333333333333333,-6.0,-14.0,3.0,31
184.6103057861328,21.862829208374023,4.372565841674804,1000.0,0.0,-0.4,-0.8666666666666667,-6.0,-13.0,3.0,31
176.5906982421875,7.404399871826172,1.4808799743652343,1000.0,0.0,-0.4,-0.8,-6.0,-12.0,3.0,31
179.77432250976562,10.083788871765137,2.016757774353027,1000.0,0.0,-0.4,-0.7333333333333333,-6.0,-11.0,3.0,31
178.58847045898438,9.255769729614258,1.8511539459228517,1000.0,0.0,-0.4,-0.6666666666666666,-6.0,-10.0,3.0,31
199.61354064941406,34.62611389160156,6.925222778320313,1000.0,0.0,-0.4,-0.6,-6.0,-9.0,3.0,31
184.37728881835938,19.375730514526367,3.8751461029052736,1000.0,0.0,-0.4,-0.5333333333333333,-6.0,-8.0,3.0,31
186.14828491210938,12.923905372619629,2.5847810745239257,1000.0,0.0,-0.4,-0.4666666666666667,-6.0,-7.0,3.0,31
195.99874877929688,17.45227813720703,3.4904556274414062,1000.0,0.0,-0.4,-0.4,-6.0,-6.0,3.0,31
190.36529541015625,20.123634338378906,4.024726867675781,1000.0,0.0,-0.4,-0.3333333333333333,-6.0,-5.0,3.0,31
212.98068237304688,14.768774032592773,2.9537548065185546,1000.0,0.0,-0.4,-0.26666666666666666,-6.0,-4.0,3.0,31
216.13133239746094,50.107154846191406,10.021430969238281,1000.0,0.0,-0.4,-0.2,-6.0,-3.0,3.0,31
324.9118347167969,124.24522399902344,24.849044799804688,1000.0,0.0,-0.4,-0.13333333333333333,-6.0,-2.0,3.0,31
283.9301452636719,165.10142517089844,33.020285034179686,1000.0,0.0,-0.4,-0.06666666666666667,-6.0,-1.0,3.0,31
235.8302001953125,95.27281188964844,19.054562377929688,1000.0,0.0,-0.4,0.0,-6.0,0.0,3.0,31
233.21316528320312,73.90901184082031,14.781802368164062,1000.0,0.0,-0.4,0.06666666666666667,-6.0,1.0,3.0,31
216.82203674316406,56.968013763427734,11.393602752685547,1000.0,0.0,-0.4,0.13333333333333333,-6.0,2.0,3.0,31
208.67074584960938,41.99732971191406,8.399465942382813,1000.0,0.0,-0.4,0.2,-6.0,3.0,3.0,31
200.93325805664062,32.76142501831055,6.552285003662109,1000.0,0.0,-0.4,0.26666666666666666,-6.0,4.0,3.0,31
206.71835327148438,40.00352096557617,8.000704193115235,1000.0,0.0,-0.4,0.3333333333333333,-6.0,5.0,3.0,31
206.66583251953125,33.429481506347656,6.685896301269532,1000.0,0.0,-0.4,0.4,-6.0,6.0,3.0,31
206.30538940429688,37.44007873535156,7.488015747070312,1000.0,0.0,-0.4,0.4666666666666667,-6.0,7.0,3.0,31
201.81251525878906,42.95807647705078,8.591615295410156,1000.0,0.0,-0.4,0.5333333333333333,-6.0,8.0,3.0,31
207.5652313232422,28.045499801635742,5.609099960327148,1000.0,0.0,-0.4,0.6,-6.0,9.0,3.0,31
191.47921752929688,23.38637351989746,4.677274703979492,1000.0,0.0,-0.4,0.6666666666666666,-6.0,10.0,3.0,31
202.1903533935547,31.870990753173828,6.374198150634766,1000.0,0.0,-0.4,0.7333333333333333,-6.0,11.0,3.0,31
199.31326293945312,23.62439727783203,4.724879455566406,1000.0,0.0,-0.4,0.8,-6.0,12.0,3.0,31
213.1732635498047,35.20310974121094,7.040621948242188,1000.0,0.0,-0.4,0.8666666666666667,-6.0,13.0,3.0,31
204.7426300048828,31.36305046081543,6.272610092163086,1000.0,0.0,-0.4,0.9333333333333333,-6.0,14.0,3.0,31
218.30288696289062,30.668292999267578,6.133658599853516,1000.0,0.0,-0.4,1.0,-6.0,15.0,3.0,31
199.73907470703125,35.8437614440918,7.168752288818359,1000.0,0.0,-0.3333333333333333,-1.0,-5.0,-15.0,3.0,31
220.0238037109375,59.08953094482422,11.817906188964844,1000.0,0.0,-0.3333333333333333,-0.9333333333333333,-5.0,-14.0,3.0,31
188.19415283203125,17.936359405517578,3.587271881103516,1000.0,0.0,-0.3333333333333333,-0.8666666666666667,-5.0,-13.0,3.0,31
184.6134033203125,12.507257461547852,2.5014514923095703,1000.0,0.0,-0.3333333333333333,-0.8,-5.0,-12.0,3.0,31
186.1351776123047,15.286700248718262,3.0573400497436523,1000.0,0.0,-0.3333333333333333,-0.7333333333333333,-5.0,-11.0,3.0,31
180.80023193359375,8.742819786071777,1.7485639572143554,1000.0,0.0,-0.3333333333333333,-0.6666666666666666,-5.0,-10.0,3.0,31
186.77635192871094,15.798813819885254,3.1597627639770507,1000.0,0.0,-0.3333333333333333,-0.6,-5.0,-9.0,3.0,31
191.3740234375,29.2929744720459,5.85859489440918,1000.0,0.0,-0.3333333333333333,-0.5333333333333333,-5.0,-8.0,3.0,31
186.44805908203125,17.317813873291016,3.463562774658203,1000.0,0.0,-0.3333333333333333,-0.4666666666666667,-5.0,-7.0,3.0,31
195.7235565185547,28.070968627929688,5.614193725585937,1000.0,0.0,-0.3333333333333333,-0.4,-5.0,-6.0,3.0,31
229.92308044433594,36.723854064941406,7.344770812988282,1000.0,0.0,-0.3333333333333333,-0.3333333333333333,-5.0,-5.0,3.0,31
237.48965454101562,59.07594680786133,11.815189361572266,1000.0,0.0,-0.3333333333333333,-0.26666666666666666,-5.0,-4.0,3.0,31
237.91456604003906,60.44179916381836,12.088359832763672,1000.0,0.0,-0.3333333333333333,-0.2,-5.0,-3.0,3.0,31
270.94561767578125,122.55089569091797,24.510179138183595,1000.0,0.0,-0.3333333333333333,-0.13333333333333333,-5.0,-2.0,3.0,31
338.70831298828125,216.36131286621094,43.27226257324219,1000.0,0.0,-0.3333333333333333,-0.06666666666666667,-5.0,-1.0,3.0,31
254.70291137695312,142.88389587402344,28.576779174804688,1000.0,0.0,-0.3333333333333333,0.0,-5.0,0.0,3.0,31
221.84153747558594,73.21697998046875,14.64339599609375,1000.0,0.0,-0.3333333333333333,0.06666666666666667,-5.0,1.0,3.0,31
245.79425048828125,94.2198486328125,18.8439697265625,1000.0,0.0,-0.3333333333333333,0.13333333333333333,-5.0,2.0,3.0,31
230.9205322265625,68.56094360351562,13.712188720703125,1000.0,0.0,-0.3333333333333333,0.2,-5.0,3.0,3.0,31
249.0512237548828,71.05448150634766,14.210896301269532,1000.0,0.0,-0.3333333333333333,0.26666666666666666,-5.0,4.0,3.0,31
209.71066284179688,43.84540557861328,8.769081115722656,1000.0,0.0,-0.3333333333333333,0.3333333333333333,-5.0,5.0,3.0,31
201.58607482910156,33.15809631347656,6.631619262695312,1000.0,0.0,-0.3333333333333333,0.4,-5.0,6.0,3.0,31
205.3535614013672,44.91206741333008,8.982413482666015,1000.0,0.0,-0.3333333333333333,0.4666666666666667,-5.0,7.0,3.0,31
194.7836456298828,31.242990493774414,6.248598098754883,1000.0,0.0,-0.3333333333333333,0.5333333333333333,-5.0,8.0,3.0,31
201.46897888183594,29.730022430419922,5.946004486083984,1000.0,0.0,-0.3333333333333333,0.6,-5.0,9.0,3.0,31
204.36752319335938,30.318443298339844,6.063688659667969,1000.0,0.0,-0.3333333333333333,0.6666666666666666,-5.0,10.0,3.0,31
197.5295867919922,26.416223526000977,5.283244705200195,1000.0,0.0,-0.3333333333333333,0.7333333333333333,-5.0,11.0,3.0,31
196.61082458496094,23.265295028686523,4.653059005737305,1000.0,0.0,-0.3333333333333333,0.8,-5.0,12.0,3.0,31
199.41636657714844,29.40569496154785,5.8811389923095705,1000.0,0.0,-0.3333333333333333,0.8666666666666667,-5.0,13.0,3.0,31
203.1425323486328,27.090456008911133,5.418091201782227,1000.0,0.0,-0.3333333333333333,0.9333333333333333,-5.0,14.0,3.0,31
212.13787841796875,30.661773681640625,6.132354736328125,1000.0,0.0,-0.3333333333333333,1.0,-5.0,15.0,3.0,31
225.7982177734375,61.0451774597168,12.209035491943359,1000.0,0.0,-0.26666666666666666,-1.0,-4.0,-15.0,3.0,31
236.0245361328125,68.04804229736328,13.609608459472657,1000.0,0.0,-0.26666666666666666,-0.9333333333333333,-4.0,-14.0,3.0,31
209.66546630859375,43.7017936706543,8.74035873413086,1000.0,0.0,-0.26666666666666666,-0.8666666666666667,-4.0,-13.0,3.0,31
194.30731201171875,31.928403854370117,6.385680770874023,1000.0,0.0,-0.26666666666666666,-0.8,-4.0,-12.0,3.0,31
197.67369079589844,23.25160789489746,4.650321578979492,1000.0,0.0,-0.26666666666666666,-0.7333333333333333,-4.0,-11.0,3.0,31
214.31056213378906,34.93327713012695,6.986655426025391,1000.0,0.0,-0.26666666666666666,-0.6666666666666666,-4.0,-10.0,3.0,31
192.55380249023438,20.68178939819336,4.1363578796386715,1000.0,0.0,-0.26666666666666666,-0.6,-4.0,-9.0,3.0,31
197.1002197265625,21.35677719116211,4.271355438232422,1000.0,0.0,-0.26666666666666666,-0.5333333333333333,-4.0,-8.0,3.0,31
214.2654266357422,25.634647369384766,5.126929473876953,1000.0,0.0,-0.26666666666666666,-0.4666666666666667,-4.0,-7.0,3.0,31
258.5650329589844,24.178852081298828,4.8357704162597654,1000.0,0.0,-0.26666666666666666,-0.4,-4.0,-6.0,3.0,31
219.86793518066406,50.41614532470703,10.083229064941406,1000.0,0.0,-0.26666666666666666,-0.3333333333333333,-4.0,-5.0,3.0,31
210.38426208496094,25.28827476501465,5.057654953002929,1000.0,0.0,-0.26666666666666666,-0.26666666666666666,-4.0,-4.0,3.0,31
203.0987091064453,33.41078186035156,6.682156372070312,1000.0,0.0,-0.26666666666666666,-0.2,-4.0,-3.0,3.0,31
292.57769775390625,163.7156219482422,32.743124389648436,1000.0,0.0,-0.26666666666666666,-0.13333333333333333,-4.0,-2.0,3.0,31
405.35491943359375,269.3408508300781,53.868170166015624,1000.0,0.0,-0.26666666666666666,-0.06666666666666667,-4.0,-1.0,3.0,31
330.501953125,203.17250061035156,40.634500122070314,1000.0,0.0,-0.26666666666666666,0.0,-4.0,0.0,3.0,31
245.44851684570312,73.20527648925781,14.641055297851562,1000.0,0.0,-0.26666666666666666,0.06666666666666667,-4.0,1.0,3.0,31
268.94659423828125,107.84368896484375,21.56873779296875,1000.0,0.0,-0.26666666666666666,0.13333333333333333,-4.0,2.0,3.0,31
242.46994018554688,65.97154998779297,13.194309997558594,1000.0,0.0,-0.26666666666666666,0.2,-4.0,3.0,3.0,31
215.10882568359375,35.150794982910156,7.030158996582031,1000.0,0.0,-0.26666666666666666,0.26666666666666666,-4.0,4.0,3.0,31
216.1859130859375,53.802154541015625,10.760430908203125,1000.0,0.0,-0.26666666666666666,0.3333333333333333,-4.0,5.0,3.0,31
204.3881378173828,42.55253982543945,8.510507965087891,1000.0,0.0,-0.26666666666666666,0.4,-4.0,6.0,3.0,31
193.70680236816406,27.980052947998047,5.59601058959961,1000.0,0.0,-0.26666666666666666,0.4666666666666667,-4.0,7.0,3.0,31
209.82923889160156,36.736122131347656,7.347224426269531,1000.0,0.0,-0.26666666666666666,0.5333333333333333,-4.0,8.0,3.0,31
197.50169372558594,21.818017959594727,4.363603591918945,1000.0,0.0,-0.26666666666666666,0.6,-4.0,9.0,3.0,31
192.87864685058594,20.608823776245117,4.121764755249023,1000.0,0.0,-0.26666666666666666,0.6666666666666666,-4.0,10.0,3.0,31
202.7889404296875,33.55122375488281,6.710244750976562,1000.0,0.0,-0.26666666666666666,0.7333333333333333,-4.0,11.0,3.0,31
196.68898010253906,28.706787109375,5.741357421875,1000.0,0.0,-0.26666666666666666,0.8,-4.0,12.0,3.0,31
198.4945068359375,29.47907066345215,5.89581413269043,1000.0,0.0,-0.26666666666666666,0.8666666666666667,-4.0,13.0,3.0,31
204.87171936035156,28.828784942626953,5.765756988525391,1000.0,0.0,-0.26666666666666666,0.9333333333333333,-4.0,14.0,3.0,31
204.5355224609375,30.224525451660156,6.044905090332032,1000.0,0.0,-0.26666666666666666,1.0,-4.0,15.0,3.0,31
227.04730224609375,60.63925552368164,12.127851104736328,1000.0,0.0,-0.2,-1.0,-3.0,-15.0,3.0,31
252.1677703857422,71.90880584716797,14.381761169433593,1000.0,0.0,-0.2,-0.9333333333333333,-3.0,-14.0,3.0,31
244.66554260253906,60.19824981689453,12.039649963378906,1000.0,0.0,-0.2,-0.8666666666666667,-3.0,-13.0,3.0,31
220.0795135498047,46.88808059692383,9.377616119384765,1000.0,0.0,-0.2,-0.8,-3.0,-12.0,3.0,31
231.7276153564453,52.890567779541016,10.578113555908203,1000.0,0.0,-0.2,-0.7333333333333333,-3.0,-11.0,3.0,31
210.43731689453125,45.0651741027832,9.01303482055664,1000.0,0.0,-0.2,-0.6666666666666666,-3.0,-10.0,3.0,31
190.95059204101562,25.026248931884766,5.005249786376953,1000.0,0.0,-0.2,-0.6,-3.0,-9.0,3.0,31
198.7460479736328,30.107412338256836,6.021482467651367,1000.0,0.0,-0.2,-0.5333333333333333,-3.0,-8.0,3.0,31
213.5377197265625,25.808982849121094,5.161796569824219,1000.0,0.0,-0.2,-0.4666666666666667,-3.0,-7.0,3.0,31
237.56871032714844,39.64801788330078,7.929603576660156,1000.0,0.0,-0.2,-0.4,-3.0,-6.0,3.0,31
234.49493408203125,47.66130065917969,9.532260131835937,1000.0,0.0,-0.2,-0.3333333333333333,-3.0,-5.0,3.0,31
283.1751708984375,35.532047271728516,7.1064094543457035,1000.0,0.0,-0.2,-0.26666666666666666,-3.0,-4.0,3.0,31
241.05287170410156,49.59281539916992,9.918563079833984,1000.0,0.0,-0.2,-0.2,-3.0,-3.0,3.0,31
259.65350341796875,113.80347442626953,22.760694885253905,1000.0,0.0,-0.2,-0.13333333333333333,-3.0,-2.0,3.0,31
470.2958984375,341.5371398925781,68.30742797851562,1000.0,0.0,-0.2,-0.06666666666666667,-3.0,-1.0,3.0,31
606.5490112304688,307.53057861328125,61.50611572265625,1000.0,0.0,-0.2,0.0,-3.0,0.0,3.0,31
541.6420288085938,317.9453125,63.5890625,1000.0,0.0,-0.2,0.06666666666666667,-3.0,1.0,3.0,31
292.3905334472656,175.45803833007812,35.091607666015626,1000.0,0.0,-0.2,0.13333333333333333,-3.0,2.0,3.0,31
290.2776184082031,91.7265625,18.3453125,1000.0,0.0,-0.2,0.2,-3.0,3.0,3.0,31
271.0240478515625,74.23579406738281,14.847158813476563,1000.0,0.0,-0.2,0.26666666666666666,-3.0,4.0,3.0,31
243.88929748535156,80.8401107788086,16.16802215576172,1000.0,0.0,-0.2,0.3333333333333333,-3.0,5.0,3.0,31
217.43545532226562,55.17731475830078,11.035462951660156,1000.0,0.0,-0.2,0.4,-3.0,6.0,3.0,31
205.86361694335938,37.42648696899414,7.485297393798828,1000.0,0.0,-0.2,0.4666666666666667,-3.0,7.0,3.0,31
206.67593383789062,34.7622184753418,6.952443695068359,1000.0,0.0,-0.2,0.5333333333333333,-3.0,8.0,3.0,31
196.8970947265625,26.007953643798828,5.201590728759766,1000.0,0.0,-0.2,0.6,-3.0,9.0,3.0,31
193.04437255859375,25.210586547851562,5.042117309570313,1000.0,0.0,-0.2,0.6666666666666666,-3.0,10.0,3.0,31
193.53207397460938,29.14687728881836,5.829375457763672,1000.0,0.0,-0.2,0.7333333333333333,-3.0,11.0,3.0,31
197.32177734375,30.87069320678711,6.1741386413574215,1000.0,0.0,-0.2,0.8,-3.0,12.0,3.0,31
201.25900268554688,27.805578231811523,5.561115646362305,1000.0,0.0,-0.2,0.8666666666666667,-3.0,13.0,3.0,31
197.03472900390625,20.653884887695312,4.130776977539062,1000.0,0.0,-0.2,0.9333333333333333,-3.0,14.0,3.0,31
200.46261596679688,36.50281524658203,7.300563049316406,1000.0,0.0,-0.2,1.0,-3.0,15.0,3.0,31
222.4921112060547,52.947139739990234,10.589427947998047,1000.0,0.0,-0.13333333333333333,-1.0,-2.0,-15.0,3.0,31
245.30987548828125,59.15093994140625,11.83018798828125,1000.0,0.0,-0.13333333333333333,-0.9333333333333333,-2.0,-14.0,3.0,31
241.4176025390625,56.945037841796875,11.389007568359375,1000.0,0.0,-0.13333333333333333,-0.8666666666666667,-2.0,-13.0,3.0,31
235.91038513183594,56.410972595214844,11.282194519042969,1000.0,0.0,-0.13333333333333333,-0.8,-2.0,-12.0,3.0,31
272.2126770019531,65.61389923095703,13.122779846191406,1000.0,0.0,-0.13333333333333333,-0.7333333333333333,-2.0,-11.0,3.0,31
254.8402862548828,57.193748474121094,11.438749694824219,1000.0,0.0,-0.13333333333333333,-0.6666666666666666,-2.0,-10.0,3.0,31
248.05247497558594,53.53127670288086,10.706255340576172,1000.0,0.0,-0.13333333333333333,-0.6,-2.0,-9.0,3.0,31
246.3403778076172,42.59559631347656,8.519119262695312,1000.0,0.0,-0.13333333333333333,-0.5333333333333333,-2.0,-8.0,3.0,31
224.8626708984375,35.76875305175781,7.153750610351563,1000.0,0.0,-0.13333333333333333,-0.4666666666666667,-2.0,-7.0,3.0,31
233.14120483398438,32.83195114135742,6.5663902282714846,1000.0,0.0,-0.13333333333333333,-0.4,-2.0,-6.0,3.0,31
216.27224731445312,19.145963668823242,3.8291927337646485,1000.0,0.0,-0.13333333333333333,-0.3333333333333333,-2.0,-5.0,3.0,31
218.51806640625,35.34815216064453,7.069630432128906,1000.0,0.0,-0.13333333333333333,-0.26666666666666666,-2.0,-4.0,3.0,31
276.0018615722656,40.91288375854492,8.182576751708984,1000.0,0.0,-0.13333333333333333,-0.2,-2.0,-3.0,3.0,31
535.6170654296875,194.6810760498047,38.936215209960935,1000.0,0.0,-0.13333333333333333,-0.13333333333333333,-2.0,-2.0,3.0,31
879.17724609375,69.6852035522461,13.937040710449219,1000.0,0.0,-0.13333333333333333,-0.06666666666666667,-2.0,-1.0,3.0,31
970.7664184570312,13.06419563293457,2.612839126586914,1000.0,0.0,-0.13333333333333333,0.0,-2.0,0.0,3.0,31
895.837646484375,103.47511291503906,20.695022583007812,1000.0,0.0,-0.13333333333333333,0.06666666666666667,-2.0,1.0,3.0,31
713.4173583984375,215.57760620117188,43.11552124023437,1000.0,0.0,-0.13333333333333333,0.13333333333333333,-2.0,2.0,3.0,31
471.3929443359375,169.30332946777344,33.86066589355469,1000.0,0.0,-0.13333333333333333,0.2,-2.0,3.0,3.0,31
300.34326171875,73.22576904296875,14.64515380859375,1000.0,0.0,-0.13333333333333333,0.26666666666666666,-2.0,4.0,3.0,31
232.35507202148438,49.5695686340332,9.91391372680664,1000.0,0.0,-0.13333333333333333,0.3333333333333333,-2.0,5.0,3.0,31
236.8994598388672,48.400047302246094,9.680009460449218,1000.0,0.0,-0.13333333333333333,0.4,-2.0,6.0,3.0,31
233.94015502929688,51.15409469604492,10.230818939208984,1000.0,0.0,-0.13333333333333333,0.4666666666666667,-2.0,7.0,3.0,31
211.3387908935547,44.231937408447266,8.846387481689453,1000.0,0.0,-0.13333333333333333,0.5333333333333333,-2.0,8.0,3.0,31
190.8511199951172,24.157466888427734,4.831493377685547,1000.0,0.0,-0.13333333333333333,0.6,-2.0,9.0,3.0,31
201.11175537109375,35.81120681762695,7.162241363525391,1000.0,0.0,-0.13333333333333333,0.6666666666666666,-2.0,10.0,3.0,31
220.8306427001953,42.9912109375,8.5982421875,1000.0,0.0,-0.13333333333333333,0.7333333333333333,-2.0,11.0,3.0,31
199.9507293701172,35.38298416137695,7.07659683227539,1000.0,0.0,-0.13333333333333333,0.8,-2.0,12.0,3.0,31
206.38677978515625,27.54580307006836,5.5091606140136715,1000.0,0.0,-0.13333333333333333,0.8666666666666667,-2.0,13.0,3.0,31
194.05445861816406,22.035856246948242,4.407171249389648,1000.0,0.0,-0.13333333333333333,0.9333333333333333,-2.0,14.0,3.0,31
197.91909790039062,23.820981979370117,4.764196395874023,1000.0,0.0,-0.13333333333333333,1.0,-2.0,15.0,3.0,31
235.29550170898438,55.92682647705078,11.185365295410156,1000.0,0.0,-0.06666666666666667,-1.0,-1.0,-15.0,3.0,31
259.8468322753906,35.516502380371094,7.103300476074219,1000.0,0.0,-0.06666666666666667,-0.9333333333333333,-1.0,-14.0,3.0,31
259.853759765625,36.53009033203125,7.30601806640625,1000.0,0.0,-0.06666666666666667,-0.8666666666666667,-1.0,-13.0,3.0,31
265.675048828125,43.71310043334961,8.742620086669922,1000.0,0.0,-0.06666666666666667,-0.8,-1.0,-12.0,3.0,31
274.6600646972656,41.13275146484375,8.22655029296875,1000.0,0.0,-0.06666666666666667,-0.7333333333333333,-1.0,-11.0,3.0,31
279.5565490722656,48.79079055786133,9.758158111572266,1000.0,0.0,-0.06666666666666667,-0.6666666666666666,-1.0,-10.0,3.0,31
272.936767578125,43.425167083740234,8.685033416748047,1000.0,0.0,-0.06666666666666667,-0.6,-1.0,-9.0,3.0,31
246.8184051513672,45.802730560302734,9.160546112060548,1000.0,0.0,-0.06666666666666667,-0.5333333333333333,-1.0,-8.0,3.0,31
238.3195343017578,40.63947296142578,8.127894592285156,1000.0,0.0,-0.06666666666666667,-0.4666666666666667,-1.0,-7.0,3.0,31
234.57632446289062,41.158931732177734,8.231786346435547,1000.0,0.0,-0.06666666666666667,-0.4,-1.0,-6.0,3.0,31
297.31964111328125,105.46896362304688,21.093792724609376,1000.0,0.0,-0.06666666666666667,-0.3333333333333333,-1.0,-5.0,3.0,31
203.498046875,16.491771697998047,3.2983543395996096,1000.0,0.0,-0.06666666666666667,-0.26666666666666666,-1.0,-4.0,3.0,31
263.21417236328125,65.07625579833984,13.015251159667969,1000.0,0.0,-0.06666666666666667,-0.2,-1.0,-3.0,3.0,31
810.134521484375,73.93184661865234,14.786369323730469,1000.0,0.0,-0.06666666666666667,-0.13333333333333333,-1.0,-2.0,3.0,31
958.9705200195312,19.20513343811035,3.8410266876220702,1000.0,0.0,-0.06666666666666667,-0.06666666666666667,-1.0,-1.0,3.0,31
980.4701538085938,7.930941104888916,1.5861882209777831,1000.0,0.0,-0.06666666666666667,0.0,-1.0,0.0,3.0,31
973.7852172851562,13.943475723266602,2.78869514465332,1000.0,0.0,-0.06666666666666667,0.06666666666666667,-1.0,1.0,3.0,31
807.778076171875,232.922119140625,46.584423828125,1000.0,0.0,-0.06666666666666667,0.13333333333333333,-1.0,2.0,3.0,31
498.3673400878906,95.5384292602539,19.107685852050782,1000.0,0.0,-0.06666666666666667,0.2,-1.0,3.0,3.0,31
338.3070068359375,95.73411560058594,19.146823120117187,1000.0,0.0,-0.06666666666666667,0.26666666666666666,-1.0,4.0,3.0,31
252.07345581054688,59.023780822753906,11.804756164550781,1000.0,0.0,-0.06666666666666667,0.3333333333333333,-1.0,5.0,3.0,31
238.89280700683594,47.28439712524414,9.456879425048829,1000.0,0.0,-0.06666666666666667,0.4,-1.0,6.0,3.0,31
208.62509155273438,29.709264755249023,5.941852951049805,1000.0,0.0,-0.06666666666666667,0.4666666666666667,-1.0,7.0,3.0,31
205.77125549316406,37.286705017089844,7.457341003417969,1000.0,0.0,-0.06666666666666667,0.5333333333333333,-1.0,8.0,3.0,31
204.23976135253906,36.52060317993164,7.304120635986328,1000.0,0.0,-0.06666666666666667,0.6,-1.0,9.0,3.0,31
203.0995635986328,28.378355026245117,5.675671005249024,1000.0,0.0,-0.06666666666666667,0.6666666666666666,-1.0,10.0,3.0,31
221.65379333496094,53.563838958740234,10.712767791748046,1000.0,0.0,-0.06666666666666667,0.7333333333333333,-1.0,11.0,3.0,31
186.3546905517578,15.491023063659668,3.0982046127319336,1000.0,0.0,-0.06666666666666667,0.8,-1.0,12.0,3.0,31
185.01124572753906,18.90420150756836,3.780840301513672,1000.0,0.0,-0.06666666666666667,0.8666666666666667,-1.0,13.0,3.0,31
207.15463256835938,28.969911575317383,5.793982315063476,1000.0,0.0,-0.06666666666666667,0.9333333333333333,-1.0,14.0,3.0,31
207.58892822265625,40.399539947509766,8.079907989501953,1000.0,0.0,-0.06666666666666667,1.0,-1.0,15.0,3.0,31
227.14915466308594,41.839599609375,8.367919921875,1000.0,0.0,0.0,-1.0,0.0,-15.0,3.0,31
265.97637939453125,46.85286331176758,9.370572662353515,1000.0,0.0,0.0,-0.9333333333333333,0.0,-14.0,3.0,31
248.7792205810547,39.418800354003906,7.883760070800781,1000.0,0.0,0.0,-0.8666666666666667,0.0,-13.0,3.0,31
248.49142456054688,33.20941162109375,6.64188232421875,1000.0,0.0,0.0,-0.8,0.0,-12.0,3.0,31
258.28192138671875,42.4461669921875,8.4892333984375,1000.0,0.0,0.0,-0.7333333333333333,0.0,-11.0,3.0,31
252.33407592773438,42.32346725463867,8.464693450927735,1000.0,0.0,0.0,-0.6666666666666666,0.0,-10.0,3.0,31
282.9410400390625,43.576202392578125,8.715240478515625,1000.0,0.0,0.0,-0.6,0.0,-9.0,3.0,31
275.93621826171875,51.74493408203125,10.34898681640625,1000.0,0.0,0.0,-0.5333333333333333,0.0,-8.0,3.0,31
291.9465637207031,66.46824645996094,13.293649291992187,1000.0,0.0,0.0,-0.4666666666666667,0.0,-7.0,3.0,31
339.53961181640625,47.585609436035156,9.517121887207031,1000.0,0.0,0.0,-0.4,0.0,-6.0,3.0,31
389.3717041015625,30.92557716369629,6.1851154327392575,1000.0,0.0,0.0,-0.3333333333333333,0.0,-5.0,3.0,31
246.88658142089844,46.2581787109375,9.2516357421875,1000.0,0.0,0.0,-0.26666666666666666,0.0,-4.0,3.0,31
281.7305603027344,46.81992721557617,9.363985443115235,1000.0,0.0,0.0,-0.2,0.0,-3.0,3.0,31
790.020751953125,271.6099853515625,54.3219970703125,1000.0,0.0,0.0,-0.13333333333333333,0.0,-2.0,3.0,31
970.257568359375,10.173774719238281,2.0347549438476564,1000.0,0.0,0.0,-0.06666666666666667,0.0,-1.0,3.0,31
980.0250854492188,10.389123916625977,2.0778247833251955,1000.0,0.0,0.0,0.0,0.0,0.0,3.0,31
972.30322265625,13.301962852478027,2.6603925704956053,1000.0,0.0,0.0,0.06666666666666667,0.0,1.0,3.0,31
577.253662109375,366.543212890625,73.308642578125,1000.0,0.0,0.0,0.13333333333333333,0.0,2.0,3.0,31
251.3226318359375,63.31975173950195,12.663950347900391,1000.0,0.0,0.0,0.2,0.0,3.0,3.0,31
225.8004150390625,53.962928771972656,10.792585754394532,1000.0,0.0,0.0,0.26666666666666666,0.0,4.0,3.0,31
214.3542938232422,40.07887268066406,8.015774536132813,1000.0,0.0,0.0,0.3333333333333333,0.0,5.0,3.0,31
213.5718994140625,38.887908935546875,7.777581787109375,1000.0,0.0,0.0,0.4,0.0,6.0,3.0,31
204.40220642089844,28.084407806396484,5.616881561279297,1000.0,0.0,0.0,0.4666666666666667,0.0,7.0,3.0,31
230.3018035888672,61.58704376220703,12.317408752441406,1000.0,0.0,0.0,0.5333333333333333,0.0,8.0,3.0,31
219.65542602539062,40.714805603027344,8.142961120605468,1000.0,0.0,0.0,0.6,0.0,9.0,3.0,31
197.26832580566406,25.87152671813965,5.17430534362793,1000.0,0.0,0.0,0.6666666666666666,0.0,10.0,3.0,31
187.82431030273438,20.006101608276367,4.001220321655273,1000.0,0.0,0.0,0.7333333333333333,0.0,11.0,3.0,31
190.79629516601562,23.11760139465332,4.623520278930664,1000.0,0.0,0.0,0.8,0.0,12.0,3.0,31
197.39920043945312,34.272552490234375,6.854510498046875,1000.0,0.0,0.0,0.8666666666666667,0.0,13.0,3.0,31
197.2876739501953,25.82609748840332,5.165219497680664,1000.0,0.0,0.0,0.9333333333333333,0.0,14.0,3.0,31
224.64332580566406,52.940643310546875,10.588128662109375,1000.0,0.0,0.0,1.0,0.0,15.0,3.0,31
213.70465087890625,44.41977310180664,8.883954620361328,1000.0,0.0,0.06666666666666667,-1.0,1.0,-15.0,3.0,31
241.1526336669922,49.80873489379883,9.961746978759766,1000.0,0.0,0.06666666666666667,-0.9333333333333333,1.0,-14.0,3.0,31
233.07070922851562,36.047176361083984,7.209435272216797,1000.0,0.0,0.06666666666666667,-0.8666666666666667,1.0,-13.0,3.0,31
233.81362915039062,40.53102493286133,8.106204986572266,1000.0,0.0,0.06666666666666667,-0.8,1.0,-12.0,3.0,31
228.77491760253906,39.7010498046875,7.9402099609375,1000.0,0.0,0.06666666666666667,-0.7333333333333333,1.0,-11.0,3.0,31
235.51416015625,32.382720947265625,6.476544189453125,1000.0,0.0,0.06666666666666667,-0.6666666666666666,1.0,-10.0,3.0,31
270.8225402832031,40.75080871582031,8.150161743164062,1000.0,0.0,0.06666666666666667,-0.6,1.0,-9.0,3.0,31
274.4195556640625,60.1622314453125,12.0324462890625,1000.0,0.0,0.06666666666666667,-0.5333333333333333,1.0,-8.0,3.0,31
301.5132751464844,58.44221496582031,11.688442993164063,1000.0,0.0,0.06666666666666667,-0.4666666666666667,1.0,-7.0,3.0,31
312.9619445800781,48.33922576904297,9.667845153808594,1000.0,0.0,0.06666666666666667,-0.4,1.0,-6.0,3.0,31
361.2470397949219,28.342649459838867,5.668529891967774,1000.0,0.0,0.06666666666666667,-0.3333333333333333,1.0,-5.0,3.0,31
244.9962158203125,39.542171478271484,7.908434295654297,1000.0,0.0,0.06666666666666667,-0.26666666666666666,1.0,-4.0,3.0,31
266.5330810546875,60.63240051269531,12.126480102539062,1000.0,0.0,0.06666666666666667,-0.2,1.0,-3.0,3.0,31
707.7874145507812,274.2832946777344,54.856658935546875,1000.0,0.0,0.06666666666666667,-0.13333333333333333,1.0,-2.0,3.0,31
940.7692260742188,161.51425170898438,32.302850341796876,1000.0,0.0,0.06666666666666667,-0.06666666666666667,1.0,-1.0,3.0,31
954.6888427734375,112.49694061279297,22.499388122558592,1000.0,0.0,0.06666666666666667,0.0,1.0,0.0,3.0,31
886.3800659179688,182.3690948486328,36.473818969726565,1000.0,0.0,0.06666666666666667,0.06666666666666667,1.0,1.0,3.0,31
282.7668151855469,110.3266830444336,22.065336608886717,1000.0,0.0,0.06666666666666667,0.13333333333333333,1.0,2.0,3.0,31
186.6047821044922,17.854305267333984,3.570861053466797,1000.0,0.0,0.06666666666666667,0.2,1.0,3.0,3.0,31
191.1349639892578,25.5933895111084,5.1186779022216795,1000.0,0.0,0.06666666666666667,0.26666666666666666,1.0,4.0,3.0,31
182.9629364013672,18.13082504272461,3.626165008544922,1000.0,0.0,0.06666666666666667,0.3333333333333333,1.0,5.0,3.0,31
187.6608428955078,17.945903778076172,3.589180755615234,1000.0,0.0,0.06666666666666667,0.4,1.0,6.0,3.0,31
236.9134979248047,58.67533874511719,11.735067749023438,1000.0,0.0,0.06666666666666667,0.4666666666666667,1.0,7.0,3.0,31
243.32464599609375,83.92544555664062,16.785089111328126,1000.0,0.0,0.06666666666666667,0.5333333333333333,1.0,8.0,3.0,31
248.5360565185547,49.67705154418945,9.935410308837891,1000.0,0.0,0.06666666666666667,0.6,1.0,9.0,3.0,31
253.6830291748047,68.04569244384766,13.609138488769531,1000.0,0.0,0.06666666666666667,0.6666666666666666,1.0,10.0,3.0,31
228.6411590576172,52.75231170654297,10.550462341308593,1000.0,0.0,0.06666666666666667,0.7333333333333333,1.0,11.0,3.0,31
217.8892364501953,38.94682693481445,7.78936538696289,1000.0,0.0,0.06666666666666667,0.8,1.0,12.0,3.0,31
237.3584442138672,77.6107177734375,15.5221435546875,1000.0,0.0,0.06666666666666667,0.8666666666666667,1.0,13.0,3.0,31
243.88543701171875,70.28994750976562,14.057989501953125,1000.0,0.0,0.06666666666666667,0.9333333333333333,1.0,14.0,3.0,31
252.01849365234375,76.74528503417969,15.349057006835938,1000.0,0.0,0.06666666666666667,1.0,1.0,15.0,3.0,31
210.33486938476562,41.382659912109375,8.276531982421876,1000.0,0.0,0.13333333333333333,-1.0,2.0,-15.0,3.0,31
216.95010375976562,35.133575439453125,7.026715087890625,1000.0,0.0,0.13333333333333333,-0.9333333333333333,2.0,-14.0,3.0,31
238.58518981933594,50.86960983276367,10.173921966552735,1000.0,0.0,0.13333333333333333,-0.8666666666666667,2.0,-13.0,3.0,31
222.15597534179688,42.888893127441406,8.577778625488282,1000.0,0.0,0.13333333333333333,-0.8,2.0,-12.0,3.0,31
247.19615173339844,52.51276779174805,10.502553558349609,1000.0,0.0,0.13333333333333333,-0.7333333333333333,2.0,-11.0,3.0,31
227.2099609375,52.094974517822266,10.418994903564453,1000.0,0.0,0.13333333333333333,-0.6666666666666666,2.0,-10.0,3.0,31
264.8268737792969,64.83970642089844,12.967941284179688,1000.0,0.0,0.13333333333333333,-0.6,2.0,-9.0,3.0,31
287.0254821777344,65.20880889892578,13.041761779785157,1000.0,0.0,0.13333333333333333,-0.5333333333333333,2.0,-8.0,3.0,31
289.5794982910156,65.88663482666016,13.177326965332032,1000.0,0.0,0.13333333333333333,-0.4666666666666667,2.0,-7.0,3.0,31
281.2095031738281,61.707542419433594,12.341508483886718,1000.0,0.0,0.13333333333333333,-0.4,2.0,-6.0,3.0,31
194.22125244140625,41.43446350097656,8.286892700195313,1000.0,0.0,0.13333333333333333,-0.3333333333333333,2.0,-5.0,3.0,31
262.0708312988281,36.18239974975586,7.236479949951172,1000.0,0.0,0.13333333333333333,-0.26666666666666666,2.0,-4.0,3.0,31
221.08279418945312,25.029645919799805,5.005929183959961,1000.0,0.0,0.13333333333333333,-0.2,2.0,-3.0,3.0,31
426.5118713378906,126.42105865478516,25.284211730957033,1000.0,0.0,0.13333333333333333,-0.13333333333333333,2.0,-2.0,3.0,31
509.130126953125,147.3273162841797,29.46546325683594,1000.0,0.0,0.13333333333333333,-0.06666666666666667,2.0,-1.0,3.0,31
847.1695556640625,201.56251525878906,40.312503051757815,1000.0,0.0,0.13333333333333333,0.0,2.0,0.0,3.0,31
470.4422607421875,316.7180480957031,63.34360961914062,1000.0,0.0,0.13333333333333333,0.06666666666666667,2.0,1.0,3.0,31
215.10693359375,39.457305908203125,7.891461181640625,1000.0,0.0,0.13333333333333333,0.13333333333333333,2.0,2.0,3.0,31
181.26025390625,11.348590850830078,2.2697181701660156,1000.0,0.0,0.13333333333333333,0.2,2.0,3.0,3.0,31
178.3193359375,9.742273330688477,1.9484546661376954,1000.0,0.0,0.13333333333333333,0.26666666666666666,2.0,4.0,3.0,31
179.69451904296875,11.652304649353027,2.3304609298706054,1000.0,0.0,0.13333333333333333,0.3333333333333333,2.0,5.0,3.0,31
196.9914093017578,26.402801513671875,5.280560302734375,1000.0,0.0,0.13333333333333333,0.4,2.0,6.0,3.0,31
256.2826843261719,45.81886672973633,9.163773345947266,1000.0,0.0,0.13333333333333333,0.4666666666666667,2.0,7.0,3.0,31
258.0113220214844,59.0357780456543,11.80715560913086,1000.0,0.0,0.13333333333333333,0.5333333333333333,2.0,8.0,3.0,31
260.7719421386719,73.06160736083984,14.612321472167968,1000.0,0.0,0.13333333333333333,0.6,2.0,9.0,3.0,31
288.36614990234375,67.27000427246094,13.454000854492188,1000.0,0.0,0.13333333333333333,0.6666666666666666,2.0,10.0,3.0,31
276.6175231933594,69.20074462890625,13.84014892578125,1000.0,0.0,0.13333333333333333,0.7333333333333333,2.0,11.0,3.0,31
299.0836486816406,63.75776672363281,12.751553344726563,1000.0,0.0,0.13333333333333333,0.8,2.0,12.0,3.0,31
280.072998046875,68.7160873413086,13.743217468261719,1000.0,0.0,0.13333333333333333,0.8666666666666667,2.0,13.0,3.0,31
296.36639404296875,84.74839782714844,16.949679565429687,1000.0,0.0,0.13333333333333333,0.9333333333333333,2.0,14.0,3.0,31
322.4977722167969,59.439720153808594,11.88794403076172,1000.0,0.0,0.13333333333333333,1.0,2.0,15.0,3.0,31
210.43185424804688,46.76522445678711,9.353044891357422,1000.0,0.0,0.2,-1.0,3.0,-15.0,3.0,31
210.9685516357422,45.69949722290039,9.139899444580077,1000.0,0.0,0.2,-0.9333333333333333,3.0,-14.0,3.0,31
233.0084991455078,50.07265090942383,10.014530181884766,1000.0,0.0,0.2,-0.8666666666666667,3.0,-13.0,3.0,31
228.96981811523438,53.381248474121094,10.676249694824218,1000.0,0.0,0.2,-0.8,3.0,-12.0,3.0,31
256.69464111328125,52.72846221923828,10.545692443847656,1000.0,0.0,0.2,-0.7333333333333333,3.0,-11.0,3.0,31
245.78604125976562,54.20685958862305,10.84137191772461,1000.0,0.0,0.2,-0.6666666666666666,3.0,-10.0,3.0,31
284.52813720703125,65.21803283691406,13.043606567382813,1000.0,0.0,0.2,-0.6,3.0,-9.0,3.0,31
263.8104248046875,80.96353912353516,16.192707824707032,1000.0,0.0,0.2,-0.5333333333333333,3.0,-8.0,3.0,31
221.70433044433594,43.933807373046875,8.786761474609374,1000.0,0.0,0.2,-0.4666666666666667,3.0,-7.0,3.0,31
229.51023864746094,60.853153228759766,12.170630645751952,1000.0,0.0,0.2,-0.4,3.0,-6.0,3.0,31
229.27105712890625,31.851566314697266,6.370313262939453,1000.0,0.0,0.2,-0.3333333333333333,3.0,-5.0,3.0,31
238.44078063964844,53.594852447509766,10.718970489501952,1000.0,0.0,0.2,-0.26666666666666666,3.0,-4.0,3.0,31
246.6895294189453,46.30072784423828,9.260145568847657,1000.0,0.0,0.2,-0.2,3.0,-3.0,3.0,31
265.47772216796875,48.52939987182617,9.705879974365235,1000.0,0.0,0.2,-0.13333333333333333,3.0,-2.0,3.0,31
301.6705322265625,93.21542358398438,18.643084716796874,1000.0,0.0,0.2,-0.06666666666666667,3.0,-1.0,3.0,31
436.9781494140625,241.013671875,48.202734375,1000.0,0.0,0.2,0.0,3.0,0.0,3.0,31
259.5127258300781,109.9006118774414,21.980122375488282,1000.0,0.0,0.2,0.06666666666666667,3.0,1.0,3.0,31
191.87765502929688,18.36606788635254,3.673213577270508,1000.0,0.0,0.2,0.13333333333333333,3.0,2.0,3.0,31
183.4606475830078,18.013526916503906,3.602705383300781,1000.0,0.0,0.2,0.2,3.0,3.0,3.0,31
179.64404296875,13.887290000915527,2.7774580001831053,1000.0,0.0,0.2,0.26666666666666666,3.0,4.0,3.0,31
196.87709045410156,32.659671783447266,6.531934356689453,1000.0,0.0,0.2,0.3333333333333333,3.0,5.0,3.0,31
196.52996826171875,30.3311767578125,6.0662353515625,1000.0,0.0,0.2,0.4,3.0,6.0,3.0,31
231.78775024414062,47.840816497802734,9.568163299560547,1000.0,0.0,0.2,0.4666666666666667,3.0,7.0,3.0,31
242.32699584960938,36.74333190917969,7.348666381835938,1000.0,0.0,0.2,0.5333333333333333,3.0,8.0,3.0,31
277.3686828613281,40.93806838989258,8.187613677978515,1000.0,0.0,0.2,0.6,3.0,9.0,3.0,31
270.1839904785156,68.51233673095703,13.702467346191407,1000.0,0.0,0.2,0.6666666666666666,3.0,10.0,3.0,31
263.606201171875,70.31784057617188,14.063568115234375,1000.0,0.0,0.2,0.7333333333333333,3.0,11.0,3.0,31
271.6400146484375,85.61444091796875,17.12288818359375,1000.0,0.0,0.2,0.8,3.0,12.0,3.0,31
270.27001953125,60.227012634277344,12.045402526855469,1000.0,0.0,0.2,0.8666666666666667,3.0,13.0,3.0,31
261.80224609375,69.41232299804688,13.882464599609374,1000.0,0.0,0.2,0.9333333333333333,3.0,14.0,3.0,31
264.6205749511719,69.65975189208984,13.93195037841797,1000.0,0.0,0.2,1.0,3.0,15.0,3.0,31
204.12750244140625,40.81882858276367,8.163765716552735,1000.0,0.0,0.26666666666666666,-1.0,4.0,-15.0,3.0,31
207.1468963623047,44.084285736083984,8.816857147216798,1000.0,0.0,0.26666666666666666,-0.9333333333333333,4.0,-14.0,3.0,31
214.6855926513672,46.25873947143555,9.25174789428711,1000.0,0.0,0.26666666666666666,-0.8666666666666667,4.0,-13.0,3.0,31
221.53948974609375,54.99663162231445,10.99932632446289,1000.0,0.0,0.26666666666666666,-0.8,4.0,-12.0,3.0,31
228.22486877441406,56.090030670166016,11.218006134033203,1000.0,0.0,0.26666666666666666,-0.7333333333333333,4.0,-11.0,3.0,31
283.3324890136719,80.1705093383789,16.03410186767578,1000.0,0.0,0.26666666666666666,-0.6666666666666666,4.0,-10.0,3.0,31
237.58438110351562,70.77745056152344,14.155490112304687,1000.0,0.0,0.26666666666666666,-0.6,4.0,-9.0,3.0,31
235.74537658691406,89.04473114013672,17.808946228027345,1000.0,0.0,0.26666666666666666,-0.5333333333333333,4.0,-8.0,3.0,31
213.0596466064453,51.721771240234375,10.344354248046875,1000.0,0.0,0.26666666666666666,-0.4666666666666667,4.0,-7.0,3.0,31
234.8529052734375,57.072914123535156,11.414582824707031,1000.0,0.0,0.26666666666666666,-0.4,4.0,-6.0,3.0,31
184.8370361328125,15.292020797729492,3.0584041595458986,1000.0,0.0,0.26666666666666666,-0.3333333333333333,4.0,-5.0,3.0,31
285.2485046386719,47.89551544189453,9.579103088378906,1000.0,0.0,0.26666666666666666,-0.26666666666666666,4.0,-4.0,3.0,31
308.14764404296875,66.5429916381836,13.30859832763672,1000.0,0.0,0.26666666666666666,-0.2,4.0,-3.0,3.0,31
219.96728515625,47.75681686401367,9.551363372802735,1000.0,0.0,0.26666666666666666,-0.13333333333333333,4.0,-2.0,3.0,31
223.13525390625,55.792236328125,11.158447265625,1000.0,0.0,0.26666666666666666,-0.06666666666666667,4.0,-1.0,3.0,31
206.23556518554688,35.170494079589844,7.034098815917969,1000.0,0.0,0.26666666666666666,0.0,4.0,0.0,3.0,31
247.8660125732422,105.6199951171875,21.1239990234375,1000.0,0.0,0.26666666666666666,0.06666666666666667,4.0,1.0,3.0,31
277.89691162109375,106.40283966064453,21.280567932128907,1000.0,0.0,0.26666666666666666,0.13333333333333333,4.0,2.0,3.0,31
187.5143585205078,12.111353874206543,2.4222707748413086,1000.0,0.0,0.26666666666666666,0.2,4.0,3.0,3.0,31
184.89955139160156,8.719748497009277,1.7439496994018555,1000.0,0.0,0.26666666666666666,0.26666666666666666,4.0,4.0,3.0,31
205.03305053710938,47.211181640625,9.442236328125,1000.0,0.0,0.26666666666666666,0.3333333333333333,4.0,5.0,3.0,31
222.3062744140625,31.63823699951172,6.327647399902344,1000.0,0.0,0.26666666666666666,0.4,4.0,6.0,3.0,31
248.38624572753906,51.93780517578125,10.38756103515625,1000.0,0.0,0.26666666666666666,0.4666666666666667,4.0,7.0,3.0,31
228.27244567871094,42.7152214050293,8.543044281005859,1000.0,0.0,0.26666666666666666,0.5333333333333333,4.0,8.0,3.0,31
241.73048400878906,49.84391403198242,9.968782806396485,1000.0,0.0,0.26666666666666666,0.6,4.0,9.0,3.0,31
230.03189086914062,42.82844924926758,8.565689849853516,1000.0,0.0,0.26666666666666666,0.6666666666666666,4.0,10.0,3.0,31
241.50048828125,68.30180358886719,13.660360717773438,1000.0,0.0,0.26666666666666666,0.7333333333333333,4.0,11.0,3.0,31
241.67718505859375,74.94793701171875,14.98958740234375,1000.0,0.0,0.26666666666666666,0.8,4.0,12.0,3.0,31
262.4916076660156,94.43995666503906,18.88799133300781,1000.0,0.0,0.26666666666666666,0.8666666666666667,4.0,13.0,3.0,31
253.58030700683594,88.23590087890625,17.64718017578125,1000.0,0.0,0.26666666666666666,0.9333333333333333,4.0,14.0,3.0,31
272.70330810546875,82.61983489990234,16.523966979980468,1000.0,0.0,0.26666666666666666,1.0,4.0,15.0,3.0,31
199.38351440429688,38.657466888427734,7.731493377685547,1000.0,0.0,0.3333333333333333,-1.0,5.0,-15.0,3.0,31
217.22500610351562,62.035072326660156,12.407014465332031,1000.0,0.0,0.3333333333333333,-0.9333333333333333,5.0,-14.0,3.0,31
224.54415893554688,63.27543258666992,12.655086517333984,1000.0,0.0,0.3333333333333333,-0.8666666666666667,5.0,-13.0,3.0,31
229.93743896484375,56.97517776489258,11.395035552978516,1000.0,0.0,0.3333333333333333,-0.8,5.0,-12.0,3.0,31
243.11508178710938,74.04715728759766,14.809431457519532,1000.0,0.0,0.3333333333333333,-0.7333333333333333,5.0,-11.0,3.0,31
243.11962890625,66.38978576660156,13.277957153320312,1000.0,0.0,0.3333333333333333,-0.6666666666666666,5.0,-10.0,3.0,31
214.3874053955078,56.979530334472656,11.395906066894531,1000.0,0.0,0.3333333333333333,-0.6,5.0,-9.0,3.0,31
243.64080810546875,72.48194122314453,14.496388244628907,1000.0,0.0,0.3333333333333333,-0.5333333333333333,5.0,-8.0,3.0,31
229.10377502441406,62.33399200439453,12.466798400878906,1000.0,0.0,0.3333333333333333,-0.4666666666666667,5.0,-7.0,3.0,31
250.12127685546875,51.04916763305664,10.209833526611328,1000.0,0.0,0.3333333333333333,-0.4,5.0,-6.0,3.0,31
249.85128784179688,65.26685333251953,13.053370666503906,1000.0,0.0,0.3333333333333333,-0.3333333333333333,5.0,-5.0,3.0,31
276.6107177734375,70.49905395507812,14.099810791015624,1000.0,0.0,0.3333333333333333,-0.26666666666666666,5.0,-4.0,3.0,31
310.3033447265625,83.36907958984375,16.67381591796875,1000.0,0.0,0.3333333333333333,-0.2,5.0,-3.0,3.0,31
270.59027099609375,83.87916564941406,16.775833129882812,1000.0,0.0,0.3333333333333333,-0.13333333333333333,5.0,-2.0,3.0,31
273.1647644042969,71.39513397216797,14.279026794433594,1000.0,0.0,0.3333333333333333,-0.06666666666666667,5.0,-1.0,3.0,31
256.1578063964844,54.82912826538086,10.965825653076172,1000.0,0.0,0.3333333333333333,0.0,5.0,0.0,3.0,31
216.94342041015625,52.384925842285156,10.47698516845703,1000.0,0.0,0.3333333333333333,0.06666666666666667,5.0,1.0,3.0,31
292.8565673828125,93.65274810791016,18.730549621582032,1000.0,0.0,0.3333333333333333,0.13333333333333333,5.0,2.0,3.0,31
238.0762176513672,48.43073654174805,9.686147308349609,1000.0,0.0,0.3333333333333333,0.2,5.0,3.0,3.0,31
201.4586944580078,33.847694396972656,6.769538879394531,1000.0,0.0,0.3333333333333333,0.26666666666666666,5.0,4.0,3.0,31
197.09585571289062,23.757078170776367,4.751415634155274,1000.0,0.0,0.3333333333333333,0.3333333333333333,5.0,5.0,3.0,31
209.43621826171875,32.091819763183594,6.418363952636719,1000.0,0.0,0.3333333333333333,0.4,5.0,6.0,3.0,31
211.42311096191406,41.51570129394531,8.303140258789062,1000.0,0.0,0.3333333333333333,0.4666666666666667,5.0,7.0,3.0,31
228.75852966308594,51.284423828125,10.256884765625,1000.0,0.0,0.3333333333333333,0.5333333333333333,5.0,8.0,3.0,31
247.22991943359375,39.39553451538086,7.879106903076172,1000.0,0.0,0.3333333333333333,0.6,5.0,9.0,3.0,31
257.0245056152344,56.84092330932617,11.368184661865234,1000.0,0.0,0.3333333333333333,0.6666666666666666,5.0,10.0,3.0,31
235.17144775390625,73.3250732421875,14.6650146484375,1000.0,0.0,0.3333333333333333,0.7333333333333333,5.0,11.0,3.0,31
261.69854736328125,66.47327423095703,13.294654846191406,1000.0,0.0,0.3333333333333333,0.8,5.0,12.0,3.0,31
239.91929626464844,59.41027069091797,11.882054138183594,1000.0,0.0,0.3333333333333333,0.8666666666666667,5.0,13.0,3.0,31
247.90277099609375,66.55088806152344,13.310177612304688,1000.0,0.0,0.3333333333333333,0.9333333333333333,5.0,14.0,3.0,31
234.57310485839844,67.89482879638672,13.578965759277343,1000.0,0.0,0.3333333333333333,1.0,5.0,15.0,3.0,31
201.1705322265625,43.36724853515625,8.67344970703125,1000.0,0.0,0.4,-1.0,6.0,-15.0,3.0,31
208.15602111816406,45.4363899230957,9.08727798461914,1000.0,0.0,0.4,-0.9333333333333333,6.0,-14.0,3.0,31
231.1162567138672,62.70257568359375,12.54051513671875,1000.0,0.0,0.4,-0.8666666666666667,6.0,-13.0,3.0,31
217.78582763671875,62.26101303100586,12.452202606201173,1000.0,0.0,0.4,-0.8,6.0,-12.0,3.0,31
228.13539123535156,56.906890869140625,11.381378173828125,1000.0,0.0,0.4,-0.7333333333333333,6.0,-11.0,3.0,31
251.08871459960938,72.57807922363281,14.515615844726563,1000.0,0.0,0.4,-0.6666666666666666,6.0,-10.0,3.0,31
219.61004638671875,53.81760787963867,10.763521575927735,1000.0,0.0,0.4,-0.6,6.0,-9.0,3.0,31
237.5966796875,65.3074951171875,13.0614990234375,1000.0,0.0,0.4,-0.5333333333333333,6.0,-8.0,3.0,31
234.99273681640625,43.35147476196289,8.670294952392577,1000.0,0.0,0.4,-0.4666666666666667,6.0,-7.0,3.0,31
343.7265625,107.83968353271484,21.56793670654297,1000.0,0.0,0.4,-0.4,6.0,-6.0,3.0,31
297.1962585449219,86.93588256835938,17.387176513671875,1000.0,0.0,0.4,-0.3333333333333333,6.0,-5.0,3.0,31
302.4657287597656,96.739013671875,19.347802734375,1000.0,0.0,0.4,-0.26666666666666666,6.0,-4.0,3.0,31
278.37591552734375,101.71636199951172,20.343272399902343,1000.0,0.0,0.4,-0.2,6.0,-3.0,3.0,31
234.01629638671875,67.02838134765625,13.40567626953125,1000.0,0.0,0.4,-0.13333333333333333,6.0,-2.0,3.0,31
267.9486389160156,76.78766632080078,15.357533264160157,1000.0,0.0,0.4,-0.06666666666666667,6.0,-1.0,3.0,31
281.309814453125,84.34674072265625,16.86934814453125,1000.0,0.0,0.4,0.0,6.0,0.0,3.0,31
235.93222045898438,73.8210220336914,14.764204406738282,1000.0,0.0,0.4,0.06666666666666667,6.0,1.0,3.0,31
316.5062561035156,82.49555969238281,16.499111938476563,1000.0,0.0,0.4,0.13333333333333333,6.0,2.0,3.0,31
347.34259033203125,84.65760803222656,16.931521606445312,1000.0,0.0,0.4,0.2,6.0,3.0,3.0,31
268.1097412109375,75.80550384521484,15.161100769042969,1000.0,0.0,0.4,0.26666666666666666,6.0,4.0,3.0,31
199.85035705566406,33.04267501831055,6.6085350036621096,1000.0,0.0,0.4,0.3333333333333333,6.0,5.0,3.0,31
208.25961303710938,39.87569046020508,7.975138092041016,1000.0,0.0,0.4,0.4,6.0,6.0,3.0,31
212.4431610107422,38.363128662109375,7.672625732421875,1000.0,0.0,0.4,0.4666666666666667,6.0,7.0,3.0,31
239.30809020996094,61.088409423828125,12.217681884765625,1000.0,0.0,0.4,0.5333333333333333,6.0,8.0,3.0,31
213.93382263183594,43.866607666015625,8.773321533203125,1000.0,0.0,0.4,0.6,6.0,9.0,3.0,31
244.3690948486328,41.248470306396484,8.249694061279296,1000.0,0.0,0.4,0.6666666666666666,6.0,10.0,3.0,31
248.33131408691406,63.82792282104492,12.765584564208984,1000.0,0.0,0.4,0.7333333333333333,6.0,11.0,3.0,31
235.4102783203125,55.240440368652344,11.048088073730469,1000.0,0.0,0.4,0.8,6.0,12.0,3.0,31
225.0364227294922,57.694618225097656,11.538923645019532,1000.0,0.0,0.4,0.8666666666666667,6.0,13.0,3.0,31
242.8165283203125,68.55217742919922,13.710435485839843,1000.0,0.0,0.4,0.9333333333333333,6.0,14.0,3.0,31
236.8401336669922,62.68648910522461,12.537297821044922,1000.0,0.0,0.4,1.0,6.0,15.0,3.0,31
220.64820861816406,55.468563079833984,11.093712615966798,1000.0,0.0,0.4666666666666667,-1.0,7.0,-15.0,3.0,31
230.75253295898438,75.31205749511719,15.062411499023437,1000.0,0.0,0.4666666666666667,-0.9333333333333333,7.0,-14.0,3.0,31
242.76197814941406,87.88899230957031,17.577798461914064,1000.0,0.0,0.4666666666666667,-0.8666666666666667,7.0,-13.0,3.0,31
238.65011596679688,69.38512420654297,13.877024841308593,1000.0,0.0,0.4666666666666667,-0.8,7.0,-12.0,3.0,31
253.2041778564453,75.37295532226562,15.074591064453125,1000.0,0.0,0.4666666666666667,-0.7333333333333333,7.0,-11.0,3.0,31
251.90882873535156,83.21271514892578,16.642543029785156,1000.0,0.0,0.4666666666666667,-0.6666666666666666,7.0,-10.0,3.0,31
247.23878479003906,78.32426452636719,15.664852905273438,1000.0,0.0,0.4666666666666667,-0.6,7.0,-9.0,3.0,31
254.08627319335938,82.41875457763672,16.483750915527345,1000.0,0.0,0.4666666666666667,-0.5333333333333333,7.0,-8.0,3.0,31
347.91326904296875,98.65171813964844,19.730343627929688,1000.0,0.0,0.4666666666666667,-0.4666666666666667,7.0,-7.0,3.0,31
328.4604797363281,109.50028228759766,21.900056457519533,1000.0,0.0,0.4666666666666667,-0.4,7.0,-6.0,3.0,31
298.74432373046875,117.98187255859375,23.59637451171875,1000.0,0.0,0.4666666666666667,-0.3333333333333333,7.0,-5.0,3.0,31
236.16976928710938,84.68185424804688,16.936370849609375,1000.0,0.0,0.4666666666666667,-0.26666666666666666,7.0,-4.0,3.0,31
251.14781188964844,81.17440032958984,16.23488006591797,1000.0,0.0,0.4666666666666667,-0.2,7.0,-3.0,3.0,31
227.80517578125,50.43624496459961,10.087248992919921,1000.0,0.0,0.4666666666666667,-0.13333333333333333,7.0,-2.0,3.0,31
244.79434204101562,61.13666915893555,12.22733383178711,1000.0,0.0,0.4666666666666667,-0.06666666666666667,7.0,-1.0,3.0,31
259.6290588378906,71.3886489868164,14.277729797363282,1000.0,0.0,0.4666666666666667,0.0,7.0,0.0,3.0,31
231.05300903320312,64.73402404785156,12.946804809570313,1000.0,0.0,0.4666666666666667,0.06666666666666667,7.0,1.0,3.0,31
250.5746307373047,75.86833190917969,15.173666381835938,1000.0,0.0,0.4666666666666667,0.13333333333333333,7.0,2.0,3.0,31
301.92303466796875,83.32632446289062,16.665264892578126,1000.0,0.0,0.4666666666666667,0.2,7.0,3.0,3.0,31
269.5303039550781,75.4970703125,15.0994140625,1000.0,0.0,0.4666666666666667,0.26666666666666666,7.0,4.0,3.0,31
283.3516540527344,67.8868637084961,13.577372741699218,1000.0,0.0,0.4666666666666667,0.3333333333333333,7.0,5.0,3.0,31
235.86654663085938,57.329872131347656,11.465974426269531,1000.0,0.0,0.4666666666666667,0.4,7.0,6.0,3.0,31
222.8595733642578,46.84555435180664,9.369110870361329,1000.0,0.0,0.4666666666666667,0.4666666666666667,7.0,7.0,3.0,31
207.25421142578125,26.65369987487793,5.330739974975586,1000.0,0.0,0.4666666666666667,0.5333333333333333,7.0,8.0,3.0,31
217.30747985839844,40.965824127197266,8.193164825439453,1000.0,0.0,0.4666666666666667,0.6,7.0,9.0,3.0,31
223.38983154296875,47.298980712890625,9.459796142578124,1000.0,0.0,0.4666666666666667,0.6666666666666666,7.0,10.0,3.0,31
214.6001434326172,27.075857162475586,5.415171432495117,1000.0,0.0,0.4666666666666667,0.7333333333333333,7.0,11.0,3.0,31
220.74652099609375,40.68490219116211,8.136980438232422,1000.0,0.0,0.4666666666666667,0.8,7.0,12.0,3.0,31
236.86293029785156,50.36899185180664,10.073798370361327,1000.0,0.0,0.4666666666666667,0.8666666666666667,7.0,13.0,3.0,31
232.61776733398438,41.73905944824219,8.347811889648437,1000.0,0.0,0.4666666666666667,0.9333333333333333,7.0,14.0,3.0,31
240.3620147705078,66.14559936523438,13.229119873046875,1000.0,0.0,0.4666666666666667,1.0,7.0,15.0,3.0,31
220.27638244628906,58.15892028808594,11.631784057617187,1000.0,0.0,0.5333333333333333,-1.0,8.0,-15.0,3.0,31
222.7193603515625,64.57889556884766,12.915779113769531,1000.0,0.0,0.5333333333333333,-0.9333333333333333,8.0,-14.0,3.0,31
205.39842224121094,46.75969314575195,9.351938629150391,1000.0,0.0,0.5333333333333333,-0.8666666666666667,8.0,-13.0,3.0,31
215.86549377441406,57.317047119140625,11.463409423828125,1000.0,0.0,0.5333333333333333,-0.8,8.0,-12.0,3.0,31
219.93212890625,57.139896392822266,11.427979278564454,1000.0,0.0,0.5333333333333333,-0.7333333333333333,8.0,-11.0,3.0,31
245.9950714111328,71.97845458984375,14.39569091796875,1000.0,0.0,0.5333333333333333,-0.6666666666666666,8.0,-10.0,3.0,31
273.6529235839844,82.15008544921875,16.43001708984375,1000.0,0.0,0.5333333333333333,-0.6,8.0,-9.0,3.0,31
282.38482666015625,86.46266174316406,17.29253234863281,1000.0,0.0,0.5333333333333333,-0.5333333333333333,8.0,-8.0,3.0,31
328.01702880859375,95.66548919677734,19.133097839355468,1000.0,0.0,0.5333333333333333,-0.4666666666666667,8.0,-7.0,3.0,31
300.4594421386719,98.74122619628906,19.748245239257812,1000.0,0.0,0.5333333333333333,-0.4,8.0,-6.0,3.0,31
279.2764892578125,88.68718719482422,17.737437438964843,1000.0,0.0,0.5333333333333333,-0.3333333333333333,8.0,-5.0,3.0,31
228.0184326171875,69.13348388671875,13.82669677734375,1000.0,0.0,0.5333333333333333,-0.26666666666666666,8.0,-4.0,3.0,31
225.07191467285156,41.902626037597656,8.380525207519531,1000.0,0.0,0.5333333333333333,-0.2,8.0,-3.0,3.0,31
240.3563690185547,45.04824447631836,9.009648895263672,1000.0,0.0,0.5333333333333333,-0.13333333333333333,8.0,-2.0,3.0,31
244.89781188964844,56.876220703125,11.375244140625,1000.0,0.0,0.5333333333333333,-0.06666666666666667,8.0,-1.0,3.0,31
294.0977783203125,62.47471618652344,12.494943237304687,1000.0,0.0,0.5333333333333333,0.0,8.0,0.0,3.0,31
258.65447998046875,75.60557556152344,15.121115112304688,1000.0,0.0,0.5333333333333333,0.06666666666666667,8.0,1.0,3.0,31
326.0698547363281,78.54228973388672,15.708457946777344,1000.0,0.0,0.5333333333333333,0.13333333333333333,8.0,2.0,3.0,31
361.1229553222656,104.37667846679688,20.875335693359375,1000.0,0.0,0.5333333333333333,0.2,8.0,3.0,3.0,31
259.30621337890625,78.3878173828125,15.6775634765625,1000.0,0.0,0.5333333333333333,0.26666666666666666,8.0,4.0,3.0,31
228.60675048828125,50.255855560302734,10.051171112060548,1000.0,0.0,0.5333333333333333,0.3333333333333333,8.0,5.0,3.0,31
232.0525360107422,63.53607177734375,12.70721435546875,1000.0,0.0,0.5333333333333333,0.4,8.0,6.0,3.0,31
230.20562744140625,49.876468658447266,9.975293731689453,1000.0,0.0,0.5333333333333333,0.4666666666666667,8.0,7.0,3.0,31
223.3744659423828,40.45058822631836,8.090117645263671,1000.0,0.0,0.5333333333333333,0.5333333333333333,8.0,8.0,3.0,31
222.3333740234375,57.75477600097656,11.550955200195313,1000.0,0.0,0.5333333333333333,0.6,8.0,9.0,3.0,31
213.85447692871094,39.636695861816406,7.927339172363281,1000.0,0.0,0.5333333333333333,0.6666666666666666,8.0,10.0,3.0,31
230.74546813964844,51.13104248046875,10.22620849609375,1000.0,0.0,0.5333333333333333,0.7333333333333333,8.0,11.0,3.0,31
223.88259887695312,51.89368438720703,10.378736877441407,1000.0,0.0,0.5333333333333333,0.8,8.0,12.0,3.0,31
236.63580322265625,52.10363006591797,10.420726013183593,1000.0,0.0,0.5333333333333333,0.8666666666666667,8.0,13.0,3.0,31
247.99171447753906,70.55697631835938,14.111395263671875,1000.0,0.0,0.5333333333333333,0.9333333333333333,8.0,14.0,3.0,31
238.95477294921875,67.78459930419922,13.556919860839844,1000.0,0.0,0.5333333333333333,1.0,8.0,15.0,3.0,31
211.24317932128906,52.9138069152832,10.58276138305664,1000.0,0.0,0.6,-1.0,9.0,-15.0,3.0,31
231.17660522460938,82.18765258789062,16.437530517578125,1000.0,0.0,0.6,-0.9333333333333333,9.0,-14.0,3.0,31
205.58682250976562,43.09577560424805,8.619155120849609,1000.0,0.0,0.6,-0.8666666666666667,9.0,-13.0,3.0,31
214.9981231689453,60.356441497802734,12.071288299560546,1000.0,0.0,0.6,-0.8,9.0,-12.0,3.0,31
215.6189422607422,59.54251480102539,11.908502960205078,1000.0,0.0,0.6,-0.7333333333333333,9.0,-11.0,3.0,31
232.3197021484375,86.1355209350586,17.22710418701172,1000.0,0.0,0.6,-0.6666666666666666,9.0,-10.0,3.0,31
286.973388671875,102.54686737060547,20.509373474121094,1000.0,0.0,0.6,-0.6,9.0,-9.0,3.0,31
306.57769775390625,86.06327819824219,17.21265563964844,1000.0,0.0,0.6,-0.5333333333333333,9.0,-8.0,3.0,31
298.1798095703125,111.11046600341797,22.222093200683595,1000.0,0.0,0.6,-0.4666666666666667,9.0,-7.0,3.0,31
250.4595184326172,80.49681091308594,16.099362182617188,1000.0,0.0,0.6,-0.4,9.0,-6.0,3.0,31
224.82420349121094,59.83977508544922,11.967955017089844,1000.0,0.0,0.6,-0.3333333333333333,9.0,-5.0,3.0,31
210.75848388671875,46.07033157348633,9.214066314697266,1000.0,0.0,0.6,-0.26666666666666666,9.0,-4.0,3.0,31
232.74441528320312,60.527652740478516,12.105530548095704,1000.0,0.0,0.6,-0.2,9.0,-3.0,3.0,31
216.755859375,40.50674057006836,8.101348114013671,1000.0,0.0,0.6,-0.13333333333333333,9.0,-2.0,3.0,31
263.19610595703125,62.05844497680664,12.411688995361327,1000.0,0.0,0.6,-0.06666666666666667,9.0,-1.0,3.0,31
292.5970458984375,69.25593566894531,13.851187133789063,1000.0,0.0,0.6,0.0,9.0,0.0,3.0,31
284.8592834472656,78.76428985595703,15.752857971191407,1000.0,0.0,0.6,0.06666666666666667,9.0,1.0,3.0,31
346.7809753417969,84.19331359863281,16.838662719726564,1000.0,0.0,0.6,0.13333333333333333,9.0,2.0,3.0,31
378.4812927246094,77.20545196533203,15.441090393066407,1000.0,0.0,0.6,0.2,9.0,3.0,3.0,31
287.3568420410156,97.3470687866211,19.46941375732422,1000.0,0.0,0.6,0.26666666666666666,9.0,4.0,3.0,31
267.6674499511719,62.18431091308594,12.436862182617187,1000.0,0.0,0.6,0.3333333333333333,9.0,5.0,3.0,31
237.43447875976562,50.234867095947266,10.046973419189452,1000.0,0.0,0.6,0.4,9.0,6.0,3.0,31
219.52101135253906,40.484764099121094,8.096952819824219,1000.0,0.0,0.6,0.4666666666666667,9.0,7.0,3.0,31
223.4239501953125,44.62618637084961,8.925237274169922,1000.0,0.0,0.6,0.5333333333333333,9.0,8.0,3.0,31
228.03343200683594,47.62062072753906,9.524124145507812,1000.0,0.0,0.6,0.6,9.0,9.0,3.0,31
224.7156219482422,54.461158752441406,10.892231750488282,1000.0,0.0,0.6,0.6666666666666666,9.0,10.0,3.0,31
215.75648498535156,45.18595504760742,9.037191009521484,1000.0,0.0,0.6,0.7333333333333333,9.0,11.0,3.0,31
209.51651000976562,25.097455978393555,5.019491195678711,1000.0,0.0,0.6,0.8,9.0,12.0,3.0,31
219.8732452392578,55.39720916748047,11.079441833496094,1000.0,0.0,0.6,0.8666666666666667,9.0,13.0,3.0,31
234.58340454101562,50.06320571899414,10.012641143798827,1000.0,0.0,0.6,0.9333333333333333,9.0,14.0,3.0,31
219.26255798339844,38.3171272277832,7.663425445556641,1000.0,0.0,0.6,1.0,9.0,15.0,3.0,31
207.2539825439453,57.17265319824219,11.434530639648438,1000.0,0.0,0.6666666666666666,-1.0,10.0,-15.0,3.0,31
191.24594116210938,29.11878204345703,5.823756408691406,1000.0,0.0,0.6666666666666666,-0.9333333333333333,10.0,-14.0,3.0,31
197.51815795898438,40.55675506591797,8.111351013183594,1000.0,0.0,0.6666666666666666,-0.8666666666666667,10.0,-13.0,3.0,31
223.33226013183594,78.49773406982422,15.699546813964844,1000.0,0.0,0.6666666666666666,-0.8,10.0,-12.0,3.0,31
204.46607971191406,40.89219284057617,8.178438568115235,1000.0,0.0,0.6666666666666666,-0.7333333333333333,10.0,-11.0,3.0,31
264.9631652832031,75.3660888671875,15.0732177734375,1000.0,0.0,0.6666666666666666,-0.6666666666666666,10.0,-10.0,3.0,31
309.3222961425781,75.47268676757812,15.094537353515625,1000.0,0.0,0.6666666666666666,-0.6,10.0,-9.0,3.0,31
278.0402526855469,80.89795684814453,16.179591369628906,1000.0,0.0,0.6666666666666666,-0.5333333333333333,10.0,-8.0,3.0,31
217.73841857910156,48.74353790283203,9.748707580566407,1000.0,0.0,0.6666666666666666,-0.4666666666666667,10.0,-7.0,3.0,31
222.46694946289062,57.81052017211914,11.562104034423829,1000.0,0.0,0.6666666666666666,-0.4,10.0,-6.0,3.0,31
239.68023681640625,81.01380157470703,16.202760314941408,1000.0,0.0,0.6666666666666666,-0.3333333333333333,10.0,-5.0,3.0,31
214.6606903076172,54.580970764160156,10.91619415283203,1000.0,0.0,0.6666666666666666,-0.26666666666666666,10.0,-4.0,3.0,31
235.48406982421875,32.48453903198242,6.496907806396484,1000.0,0.0,0.6666666666666666,-0.2,10.0,-3.0,3.0,31
203.23716735839844,31.295225143432617,6.259045028686524,1000.0,0.0,0.6666666666666666,-0.13333333333333333,10.0,-2.0,3.0,31
250.6992950439453,59.53900909423828,11.907801818847656,1000.0,0.0,0.6666666666666666,-0.06666666666666667,10.0,-1.0,3.0,31
279.45635986328125,67.87249755859375,13.57449951171875,1000.0,0.0,0.6666666666666666,0.0,10.0,0.0,3.0,31
294.6180725097656,75.0739974975586,15.014799499511719,1000.0,0.0,0.6666666666666666,0.06666666666666667,10.0,1.0,3.0,31
347.1798095703125,89.39936828613281,17.87987365722656,1000.0,0.0,0.6666666666666666,0.13333333333333333,10.0,2.0,3.0,31
336.3681945800781,77.23799133300781,15.447598266601563,1000.0,0.0,0.6666666666666666,0.2,10.0,3.0,3.0,31
345.1871337890625,99.80830383300781,19.96166076660156,1000.0,0.0,0.6666666666666666,0.26666666666666666,10.0,4.0,3.0,31
317.6056823730469,87.65673828125,17.53134765625,1000.0,0.0,0.6666666666666666,0.3333333333333333,10.0,5.0,3.0,31
286.4619140625,75.70561981201172,15.141123962402343,1000.0,0.0,0.6666666666666666,0.4,10.0,6.0,3.0,31
245.67544555664062,50.27204132080078,10.054408264160156,1000.0,0.0,0.6666666666666666,0.4666666666666667,10.0,7.0,3.0,31
221.9014129638672,32.643062591552734,6.528612518310547,1000.0,0.0,0.6666666666666666,0.5333333333333333,10.0,8.0,3.0,31
224.6557159423828,48.282005310058594,9.656401062011719,1000.0,0.0,0.6666666666666666,0.6,10.0,9.0,3.0,31
231.40528869628906,48.73598098754883,9.747196197509766,1000.0,0.0,0.6666666666666666,0.6666666666666666,10.0,10.0,3.0,31
222.65744018554688,44.99649429321289,8.999298858642579,1000.0,0.0,0.6666666666666666,0.7333333333333333,10.0,11.0,3.0,31
213.94602966308594,45.45840072631836,9.091680145263672,1000.0,0.0,0.6666666666666666,0.8,10.0,12.0,3.0,31
216.39328002929688,37.39735794067383,7.479471588134766,1000.0,0.0,0.6666666666666666,0.8666666666666667,10.0,13.0,3.0,31
218.84442138671875,44.28190994262695,8.85638198852539,1000.0,0.0,0.6666666666666666,0.9333333333333333,10.0,14.0,3.0,31
245.46241760253906,61.68510818481445,12.337021636962891,1000.0,0.0,0.6666666666666666,1.0,10.0,15.0,3.0,31
197.23797607421875,35.75769805908203,7.151539611816406,1000.0,0.0,0.7333333333333333,-1.0,11.0,-15.0,3.0,31
217.45614624023438,74.3212661743164,14.86425323486328,1000.0,0.0,0.7333333333333333,-0.9333333333333333,11.0,-14.0,3.0,31
207.8015594482422,40.57234191894531,8.114468383789063,1000.0,0.0,0.7333333333333333,-0.8666666666666667,11.0,-13.0,3.0,31
217.5010986328125,62.13515853881836,12.427031707763671,1000.0,0.0,0.7333333333333333,-0.8,11.0,-12.0,3.0,31
269.862060546875,72.61164855957031,14.522329711914063,1000.0,0.0,0.7333333333333333,-0.7333333333333333,11.0,-11.0,3.0,31
277.2264404296875,95.5394058227539,19.107881164550783,1000.0,0.0,0.7333333333333333,-0.6666666666666666,11.0,-10.0,3.0,31
285.8023376464844,76.77787017822266,15.355574035644532,1000.0,0.0,0.7333333333333333,-0.6,11.0,-9.0,3.0,31
212.2734832763672,43.633602142333984,8.726720428466797,1000.0,0.0,0.7333333333333333,-0.5333333333333333,11.0,-8.0,3.0,31
227.0170135498047,61.74472427368164,12.348944854736327,1000.0,0.0,0.7333333333333333,-0.4666666666666667,11.0,-7.0,3.0,31
213.6180877685547,45.13624572753906,9.027249145507813,1000.0,0.0,0.7333333333333333,-0.4,11.0,-6.0,3.0,31
221.5066375732422,59.163875579833984,11.832775115966797,1000.0,0.0,0.7333333333333333,-0.3333333333333333,11.0,-5.0,3.0,31
205.0003662109375,42.7645149230957,8.552902984619141,1000.0,0.0,0.7333333333333333,-0.26666666666666666,11.0,-4.0,3.0,31
216.34568786621094,36.1927490234375,7.2385498046875,1000.0,0.0,0.7333333333333333,-0.2,11.0,-3.0,3.0,31
236.69802856445312,50.36294174194336,10.072588348388672,1000.0,0.0,0.7333333333333333,-0.13333333333333333,11.0,-2.0,3.0,31
251.81947326660156,52.19042205810547,10.438084411621094,1000.0,0.0,0.7333333333333333,-0.06666666666666667,11.0,-1.0,3.0,31
303.0162658691406,52.03169250488281,10.406338500976563,1000.0,0.0,0.7333333333333333,0.0,11.0,0.0,3.0,31
342.152099609375,87.29725646972656,17.459451293945314,1000.0,0.0,0.7333333333333333,0.06666666666666667,11.0,1.0,3.0,31
395.6620178222656,86.09412384033203,17.218824768066405,1000.0,0.0,0.7333333333333333,0.13333333333333333,11.0,2.0,3.0,31
315.8985595703125,75.4473876953125,15.0894775390625,1000.0,0.0,0.7333333333333333,0.2,11.0,3.0,3.0,31
319.9751281738281,87.5763168334961,17.51526336669922,1000.0,0.0,0.7333333333333333,0.26666666666666666,11.0,4.0,3.0,31
325.1729431152344,82.3844223022461,16.47688446044922,1000.0,0.0,0.7333333333333333,0.3333333333333333,11.0,5.0,3.0,31
344.09625244140625,85.61776733398438,17.123553466796874,1000.0,0.0,0.7333333333333333,0.4,11.0,6.0,3.0,31
291.2021789550781,70.8021240234375,14.1604248046875,1000.0,0.0,0.7333333333333333,0.4666666666666667,11.0,7.0,3.0,31
267.3266296386719,69.5763931274414,13.91527862548828,1000.0,0.0,0.7333333333333333,0.5333333333333333,11.0,8.0,3.0,31
264.75,66.92349243164062,13.384698486328125,1000.0,0.0,0.7333333333333333,0.6,11.0,9.0,3.0,31
239.791015625,58.09158706665039,11.618317413330079,1000.0,0.0,0.7333333333333333,0.6666666666666666,11.0,10.0,3.0,31
239.21151733398438,53.9281120300293,10.78562240600586,1000.0,0.0,0.7333333333333333,0.7333333333333333,11.0,11.0,3.0,31
237.49293518066406,62.604801177978516,12.520960235595703,1000.0,0.0,0.7333333333333333,0.8,11.0,12.0,3.0,31
239.65257263183594,52.70743942260742,10.541487884521484,1000.0,0.0,0.7333333333333333,0.8666666666666667,11.0,13.0,3.0,31
224.67227172851562,42.927616119384766,8.585523223876953,1000.0,0.0,0.7333333333333333,0.9333333333333333,11.0,14.0,3.0,31
226.10867309570312,52.56702423095703,10.513404846191406,1000.0,0.0,0.7333333333333333,1.0,11.0,15.0,3.0,31
198.7895050048828,50.23663330078125,10.04732666015625,1000.0,0.0,0.8,-1.0,12.0,-15.0,3.0,31
192.41720581054688,30.882068634033203,6.176413726806641,1000.0,0.0,0.8,-0.9333333333333333,12.0,-14.0,3.0,31
212.88156127929688,53.50728225708008,10.701456451416016,1000.0,0.0,0.8,-0.8666666666666667,12.0,-13.0,3.0,31
247.40260314941406,72.99555206298828,14.599110412597657,1000.0,0.0,0.8,-0.8,12.0,-12.0,3.0,31
300.2637023925781,79.52967834472656,15.905935668945313,1000.0,0.0,0.8,-0.7333333333333333,12.0,-11.0,3.0,31
258.2037353515625,73.90768432617188,14.781536865234376,1000.0,0.0,0.8,-0.6666666666666666,12.0,-10.0,3.0,31
222.60569763183594,51.74947738647461,10.349895477294922,1000.0,0.0,0.8,-0.6,12.0,-9.0,3.0,31
205.10775756835938,46.65061569213867,9.330123138427734,1000.0,0.0,0.8,-0.5333333333333333,12.0,-8.0,3.0,31
206.85513305664062,36.59770965576172,7.319541931152344,1000.0,0.0,0.8,-0.4666666666666667,12.0,-7.0,3.0,31
204.42123413085938,34.09968566894531,6.819937133789063,1000.0,0.0,0.8,-0.4,12.0,-6.0,3.0,31
203.49063110351562,43.41333770751953,8.682667541503907,1000.0,0.0,0.8,-0.3333333333333333,12.0,-5.0,3.0,31
213.80899047851562,37.5077018737793,7.5015403747558596,1000.0,0.0,0.8,-0.26666666666666666,12.0,-4.0,3.0,31
238.9243927001953,52.614105224609375,10.522821044921875,1000.0,0.0,0.8,-0.2,12.0,-3.0,3.0,31
249.7392578125,45.160789489746094,9.032157897949219,1000.0,0.0,0.8,-0.13333333333333333,12.0,-2.0,3.0,31
258.05487060546875,53.87208938598633,10.774417877197266,1000.0,0.0,0.8,-0.06666666666666667,12.0,-1.0,3.0,31
281.7270812988281,66.53471374511719,13.306942749023438,1000.0,0.0,0.8,0.0,12.0,0.0,3.0,31
345.5251159667969,50.096309661865234,10.019261932373047,1000.0,0.0,0.8,0.06666666666666667,12.0,1.0,3.0,31
380.04949951171875,63.372581481933594,12.674516296386718,1000.0,0.0,0.8,0.13333333333333333,12.0,2.0,3.0,31
293.78741455078125,77.66220092773438,15.532440185546875,1000.0,0.0,0.8,0.2,12.0,3.0,3.0,31
300.7680358886719,89.82797241210938,17.965594482421874,1000.0,0.0,0.8,0.26666666666666666,12.0,4.0,3.0,31
304.1789245605469,81.22148132324219,16.244296264648437,1000.0,0.0,0.8,0.3333333333333333,12.0,5.0,3.0,31
325.82147216796875,70.92430114746094,14.184860229492188,1000.0,0.0,0.8,0.4,12.0,6.0,3.0,31
286.934326171875,92.91557312011719,18.583114624023438,1000.0,0.0,0.8,0.4666666666666667,12.0,7.0,3.0,31
259.3629455566406,76.63724517822266,15.32744903564453,1000.0,0.0,0.8,0.5333333333333333,12.0,8.0,3.0,31
265.8377380371094,66.88790893554688,13.377581787109374,1000.0,0.0,0.8,0.6,12.0,9.0,3.0,31
260.99212646484375,68.6634292602539,13.732685852050782,1000.0,0.0,0.8,0.6666666666666666,12.0,10.0,3.0,31
263.5072326660156,69.84455871582031,13.968911743164062,1000.0,0.0,0.8,0.7333333333333333,12.0,11.0,3.0,31
254.56396484375,76.60969543457031,15.321939086914062,1000.0,0.0,0.8,0.8,12.0,12.0,3.0,31
244.9014434814453,71.86946105957031,14.373892211914063,1000.0,0.0,0.8,0.8666666666666667,12.0,13.0,3.0,31
246.07504272460938,57.37687301635742,11.475374603271485,1000.0,0.0,0.8,0.9333333333333333,12.0,14.0,3.0,31
261.110107421875,60.1216926574707,12.024338531494141,1000.0,0.0,0.8,1.0,12.0,15.0,3.0,31
203.10018920898438,43.546661376953125,8.709332275390626,1000.0,0.0,0.8666666666666667,-1.0,13.0,-15.0,3.0,31
195.37254333496094,27.189374923706055,5.437874984741211,1000.0,0.0,0.8666666666666667,-0.9333333333333333,13.0,-14.0,3.0,31
204.2142333984375,40.19381332397461,8.038762664794922,1000.0,0.0,0.8666666666666667,-0.8666666666666667,13.0,-13.0,3.0,31
271.4732360839844,66.29107666015625,13.25821533203125,1000.0,0.0,0.8666666666666667,-0.8,13.0,-12.0,3.0,31
273.317138671875,85.9093017578125,17.1818603515625,1000.0,0.0,0.8666666666666667,-0.7333333333333333,13.0,-11.0,3.0,31
215.42974853515625,45.275089263916016,9.055017852783203,1000.0,0.0,0.8666666666666667,-0.6666666666666666,13.0,-10.0,3.0,31
211.86964416503906,43.988162994384766,8.797632598876953,1000.0,0.0,0.8666666666666667,-0.6,13.0,-9.0,3.0,31
207.58383178710938,35.987403869628906,7.197480773925781,1000.0,0.0,0.8666666666666667,-0.5333333333333333,13.0,-8.0,3.0,31
235.59739685058594,59.39373016357422,11.878746032714844,1000.0,0.0,0.8666666666666667,-0.4666666666666667,13.0,-7.0,3.0,31
204.94334411621094,44.453086853027344,8.890617370605469,1000.0,0.0,0.8666666666666667,-0.4,13.0,-6.0,3.0,31
202.66421508789062,40.04890823364258,8.009781646728516,1000.0,0.0,0.8666666666666667,-0.3333333333333333,13.0,-5.0,3.0,31
205.15371704101562,35.698699951171875,7.139739990234375,1000.0,0.0,0.8666666666666667,-0.26666666666666666,13.0,-4.0,3.0,31
224.9138641357422,47.00313186645508,9.400626373291015,1000.0,0.0,0.8666666666666667,-0.2,13.0,-3.0,3.0,31
228.42529296875,39.366851806640625,7.873370361328125,1000.0,0.0,0.8666666666666667,-0.13333333333333333,13.0,-2.0,3.0,31
243.34506225585938,55.51079559326172,11.102159118652343,1000.0,0.0,0.8666666666666667,-0.06666666666666667,13.0,-1.0,3.0,31
290.4233703613281,55.26449203491211,11.052898406982422,1000.0,0.0,0.8666666666666667,0.0,13.0,0.0,3.0,31
348.60467529296875,63.875858306884766,12.775171661376953,1000.0,0.0,0.8666666666666667,0.06666666666666667,13.0,1.0,3.0,31
353.26300048828125,73.86119079589844,14.772238159179688,1000.0,0.0,0.8666666666666667,0.13333333333333333,13.0,2.0,3.0,31
336.9169006347656,83.18934631347656,16.63786926269531,1000.0,0.0,0.8666666666666667,0.2,13.0,3.0,3.0,31
313.2758483886719,87.10962677001953,17.421925354003907,1000.0,0.0,0.8666666666666667,0.26666666666666666,13.0,4.0,3.0,31
290.491455078125,86.65654754638672,17.331309509277343,1000.0,0.0,0.8666666666666667,0.3333333333333333,13.0,5.0,3.0,31
319.710205078125,102.32454681396484,20.46490936279297,1000.0,0.0,0.8666666666666667,0.4,13.0,6.0,3.0,31
322.7364807128906,101.31031799316406,20.262063598632814,1000.0,0.0,0.8666666666666667,0.4666666666666667,13.0,7.0,3.0,31
285.460205078125,78.23684692382812,15.647369384765625,1000.0,0.0,0.8666666666666667,0.5333333333333333,13.0,8.0,3.0,31
299.5156555175781,86.66571044921875,17.33314208984375,1000.0,0.0,0.8666666666666667,0.6,13.0,9.0,3.0,31
269.88446044921875,82.25729370117188,16.451458740234376,1000.0,0.0,0.8666666666666667,0.6666666666666666,13.0,10.0,3.0,31
249.21514892578125,66.77337646484375,13.35467529296875,1000.0,0.0,0.8666666666666667,0.7333333333333333,13.0,11.0,3.0,31
270.4515380859375,88.77742767333984,17.75548553466797,1000.0,0.0,0.8666666666666667,0.8,13.0,12.0,3.0,31
232.78785705566406,50.338314056396484,10.067662811279297,1000.0,0.0,0.8666666666666667,0.8666666666666667,13.0,13.0,3.0,31
249.4105987548828,72.52979278564453,14.505958557128906,1000.0,0.0,0.8666666666666667,0.9333333333333333,13.0,14.0,3.0,31
235.00155639648438,54.354736328125,10.870947265625,1000.0,0.0,0.8666666666666667,1.0,13.0,15.0,3.0,31
210.13357543945312,48.0417366027832,9.608347320556641,1000.0,0.0,0.9333333333333333,-1.0,14.0,-15.0,3.0,31
203.69732666015625,33.27377700805664,6.654755401611328,1000.0,0.0,0.9333333333333333,-0.9333333333333333,14.0,-14.0,3.0,31
264.7645568847656,64.43714904785156,12.887429809570312,1000.0,0.0,0.9333333333333333,-0.8666666666666667,14.0,-13.0,3.0,31
278.0745849609375,66.94971466064453,13.389942932128907,1000.0,0.0,0.9333333333333333,-0.8,14.0,-12.0,3.0,31
221.39906311035156,57.78562545776367,11.557125091552734,1000.0,0.0,0.9333333333333333,-0.7333333333333333,14.0,-11.0,3.0,31
207.46360778808594,38.089839935302734,7.617967987060547,1000.0,0.0,0.9333333333333333,-0.6666666666666666,14.0,-10.0,3.0,31
211.96031188964844,38.888710021972656,7.777742004394531,1000.0,0.0,0.9333333333333333,-0.6,14.0,-9.0,3.0,31
221.52163696289062,50.23658752441406,10.047317504882812,1000.0,0.0,0.9333333333333333,-0.5333333333333333,14.0,-8.0,3.0,31
227.74911499023438,60.261356353759766,12.052271270751953,1000.0,0.0,0.9333333333333333,-0.4666666666666667,14.0,-7.0,3.0,31
203.16073608398438,36.09088134765625,7.21817626953125,1000.0,0.0,0.9333333333333333,-0.4,14.0,-6.0,3.0,31
223.11773681640625,54.50990295410156,10.901980590820312,1000.0,0.0,0.9333333333333333,-0.3333333333333333,14.0,-5.0,3.0,31
208.92710876464844,37.61568069458008,7.523136138916016,1000.0,0.0,0.9333333333333333,-0.26666666666666666,14.0,-4.0,3.0,31
223.94873046875,44.89703369140625,8.97940673828125,1000.0,0.0,0.9333333333333333,-0.2,14.0,-3.0,3.0,31
224.0360565185547,43.40910339355469,8.681820678710938,1000.0,0.0,0.9333333333333333,-0.13333333333333333,14.0,-2.0,3.0,31
224.9665985107422,42.43473815917969,8.486947631835937,1000.0,0.0,0.9333333333333333,-0.06666666666666667,14.0,-1.0,3.0,31
271.4906921386719,43.692718505859375,8.738543701171874,1000.0,0.0,0.9333333333333333,0.0,14.0,0.0,3.0,31
308.58160400390625,76.41802978515625,15.28360595703125,1000.0,0.0,0.9333333333333333,0.06666666666666667,14.0,1.0,3.0,31
315.69915771484375,98.4223861694336,19.684477233886717,1000.0,0.0,0.9333333333333333,0.13333333333333333,14.0,2.0,3.0,31
313.77252197265625,77.50654602050781,15.501309204101563,1000.0,0.0,0.9333333333333333,0.2,14.0,3.0,3.0,31
292.6895751953125,103.03717041015625,20.60743408203125,1000.0,0.0,0.9333333333333333,0.26666666666666666,14.0,4.0,3.0,31
259.1137390136719,85.18873596191406,17.037747192382813,1000.0,0.0,0.9333333333333333,0.3333333333333333,14.0,5.0,3.0,31
300.1131286621094,91.58619689941406,18.317239379882814,1000.0,0.0,0.9333333333333333,0.4,14.0,6.0,3.0,31
293.20068359375,78.77999114990234,15.755998229980468,1000.0,0.0,0.9333333333333333,0.4666666666666667,14.0,7.0,3.0,31
294.9767761230469,94.08145904541016,18.81629180908203,1000.0,0.0,0.9333333333333333,0.5333333333333333,14.0,8.0,3.0,31
278.5616149902344,83.28418731689453,16.656837463378906,1000.0,0.0,0.9333333333333333,0.6,14.0,9.0,3.0,31
263.2137451171875,76.15303802490234,15.230607604980468,1000.0,0.0,0.9333333333333333,0.6666666666666666,14.0,10.0,3.0,31
264.0599365234375,76.67811584472656,15.335623168945313,1000.0,0.0,0.9333333333333333,0.7333333333333333,14.0,11.0,3.0,31
226.19140625,58.35758590698242,11.671517181396485,1000.0,0.0,0.9333333333333333,0.8,14.0,12.0,3.0,31
240.72079467773438,64.10391998291016,12.820783996582032,1000.0,0.0,0.9333333333333333,0.8666666666666667,14.0,13.0,3.0,31
266.6297912597656,78.4743423461914,15.694868469238282,1000.0,0.0,0.9333333333333333,0.9333333333333333,14.0,14.0,3.0,31
248.2587890625,72.98309326171875,14.59661865234375,1000.0,0.0,0.9333333333333333,1.0,14.0,15.0,3.0,31
207.2071075439453,45.546958923339844,9.109391784667968,1000.0,0.0,1.0,-1.0,15.0,-15.0,3.0,31
223.88169860839844,62.24209976196289,12.448419952392578,1000.0,0.0,1.0,-0.9333333333333333,15.0,-14.0,3.0,31
240.9702606201172,59.81157684326172,11.962315368652344,1000.0,0.0,1.0,-0.8666666666666667,15.0,-13.0,3.0,31
228.65121459960938,59.975067138671875,11.995013427734374,1000.0,0.0,1.0,-0.8,15.0,-12.0,3.0,31
222.66903686523438,55.40533447265625,11.08106689453125,1000.0,0.0,1.0,-0.7333333333333333,15.0,-11.0,3.0,31
206.17074584960938,42.41150665283203,8.482301330566406,1000.0,0.0,1.0,-0.6666666666666666,15.0,-10.0,3.0,31
210.333984375,46.5636100769043,9.31272201538086,1000.0,0.0,1.0,-0.6,15.0,-9.0,3.0,31
211.3180694580078,37.96259307861328,7.592518615722656,1000.0,0.0,1.0,-0.5333333333333333,15.0,-8.0,3.0,31
210.4693603515625,43.86638259887695,8.77327651977539,1000.0,0.0,1.0,-0.4666666666666667,15.0,-7.0,3.0,31
226.04164123535156,47.45074462890625,9.49014892578125,1000.0,0.0,1.0,-0.4,15.0,-6.0,3.0,31
212.9066925048828,44.09590530395508,8.819181060791015,1000.0,0.0,1.0,-0.3333333333333333,15.0,-5.0,3.0,31
200.00674438476562,39.70989227294922,7.941978454589844,1000.0,0.0,1.0,-0.26666666666666666,15.0,-4.0,3.0,31
219.58229064941406,34.85905838012695,6.971811676025391,1000.0,0.0,1.0,-0.2,15.0,-3.0,3.0,31
224.00704956054688,40.72819519042969,8.145639038085937,1000.0,0.0,1.0,-0.13333333333333333,15.0,-2.0,3.0,31
240.7113494873047,43.217796325683594,8.64355926513672,1000.0,0.0,1.0,-0.06666666666666667,15.0,-1.0,3.0,31
262.6942138671875,65.44034576416016,13.08806915283203,1000.0,0.0,1.0,0.0,15.0,0.0,3.0,31
276.00653076171875,75.9111328125,15.1822265625,1000.0,0.0,1.0,0.06666666666666667,15.0,1.0,3.0,31
316.3407287597656,80.52079772949219,16.104159545898437,1000.0,0.0,1.0,0.13333333333333333,15.0,2.0,3.0,31
304.6863708496094,71.52417755126953,14.304835510253906,1000.0,0.0,1.0,0.2,15.0,3.0,3.0,31
290.56396484375,73.47936248779297,14.695872497558593,1000.0,0.0,1.0,0.26666666666666666,15.0,4.0,3.0,31
250.91770935058594,72.31134796142578,14.462269592285157,1000.0,0.0,1.0,0.3333333333333333,15.0,5.0,3.0,31
298.5938415527344,74.91111755371094,14.982223510742188,1000.0,0.0,1.0,0.4,15.0,6.0,3.0,31
301.8991394042969,96.13085174560547,19.226170349121094,1000.0,0.0,1.0,0.4666666666666667,15.0,7.0,3.0,31
256.628662109375,73.94514465332031,14.789028930664063,1000.0,0.0,1.0,0.5333333333333333,15.0,8.0,3.0,31
278.290283203125,90.98027038574219,18.19605407714844,1000.0,0.0,1.0,0.6,15.0,9.0,3.0,31
250.59249877929688,72.84074401855469,14.568148803710937,1000.0,0.0,1.0,0.6666666666666666,15.0,10.0,3.0,31
259.075439453125,82.34343719482422,16.468687438964842,1000.0,0.0,1.0,0.7333333333333333,15.0,11.0,3.0,31
231.92115783691406,64.84142303466797,12.968284606933594,1000.0,0.0,1.0,0.8,15.0,12.0,3.0,31
268.1395568847656,81.97623443603516,16.39524688720703,1000.0,0.0,1.0,0.8666666666666667,15.0,13.0,3.0,31
239.0452880859375,75.7808837890625,15.1561767578125,1000.0,0.0,1.0,0.9333333333333333,15.0,14.0,3.0,31
279.593505859375,89.47642517089844,17.895285034179686,1000.0,0.0,1.0,1.0,15.0,15.0,3.0,31
