episode_rewards,episode_std_rewards,episode_stderr_rewards,episode_avg_len,episode_std_avg_len,dim0,dim1,offset1,offset2,magnitude,grid_size
268.0530700683594,106.1093521118164,21.22187042236328,1000.0,0.0,-1.0,-1.0,-15.0,-15.0,0.5,31
251.91001892089844,88.27313995361328,17.654627990722656,1000.0,0.0,-1.0,-0.9333333333333333,-15.0,-14.0,0.5,31
266.75537109375,75.87606811523438,15.175213623046876,1000.0,0.0,-1.0,-0.8666666666666667,-15.0,-13.0,0.5,31
265.8699645996094,74.77996063232422,14.955992126464844,1000.0,0.0,-1.0,-0.8,-15.0,-12.0,0.5,31
227.89500427246094,51.53337097167969,10.306674194335937,1000.0,0.0,-1.0,-0.7333333333333333,-15.0,-11.0,0.5,31
208.0861358642578,51.827545166015625,10.365509033203125,1000.0,0.0,-1.0,-0.6666666666666666,-15.0,-10.0,0.5,31
236.63832092285156,94.51880645751953,18.903761291503905,1000.0,0.0,-1.0,-0.6,-15.0,-9.0,0.5,31
215.0690460205078,65.82624816894531,13.165249633789063,1000.0,0.0,-1.0,-0.5333333333333333,-15.0,-8.0,0.5,31
213.6511688232422,42.72728729248047,8.545457458496093,1000.0,0.0,-1.0,-0.4666666666666667,-15.0,-7.0,0.5,31
213.6168975830078,57.62217712402344,11.524435424804688,1000.0,0.0,-1.0,-0.4,-15.0,-6.0,0.5,31
202.79151916503906,40.696834564208984,8.139366912841798,1000.0,0.0,-1.0,-0.3333333333333333,-15.0,-5.0,0.5,31
218.34814453125,43.538936614990234,8.707787322998048,1000.0,0.0,-1.0,-0.26666666666666666,-15.0,-4.0,0.5,31
206.41586303710938,38.43773651123047,7.687547302246093,1000.0,0.0,-1.0,-0.2,-15.0,-3.0,0.5,31
219.97921752929688,55.05681228637695,11.011362457275391,1000.0,0.0,-1.0,-0.13333333333333333,-15.0,-2.0,0.5,31
201.2316436767578,34.535518646240234,6.907103729248047,1000.0,0.0,-1.0,-0.06666666666666667,-15.0,-1.0,0.5,31
187.97427368164062,26.918489456176758,5.383697891235352,1000.0,0.0,-1.0,0.0,-15.0,0.0,0.5,31
193.5154266357422,26.82607650756836,5.365215301513672,1000.0,0.0,-1.0,0.06666666666666667,-15.0,1.0,0.5,31
213.27615356445312,45.33658981323242,9.067317962646484,1000.0,0.0,-1.0,0.13333333333333333,-15.0,2.0,0.5,31
219.03536987304688,38.442665100097656,7.688533020019531,1000.0,0.0,-1.0,0.2,-15.0,3.0,0.5,31
220.81976318359375,56.98429870605469,11.396859741210937,1000.0,0.0,-1.0,0.26666666666666666,-15.0,4.0,0.5,31
250.14971923828125,43.4327392578125,8.6865478515625,1000.0,0.0,-1.0,0.3333333333333333,-15.0,5.0,0.5,31
233.51449584960938,35.14716720581055,7.0294334411621096,1000.0,0.0,-1.0,0.4,-15.0,6.0,0.5,31
243.33872985839844,55.11652374267578,11.023304748535157,1000.0,0.0,-1.0,0.4666666666666667,-15.0,7.0,0.5,31
208.00437927246094,43.08462142944336,8.616924285888672,1000.0,0.0,-1.0,0.5333333333333333,-15.0,8.0,0.5,31
218.51333618164062,47.552093505859375,9.510418701171876,1000.0,0.0,-1.0,0.6,-15.0,9.0,0.5,31
204.91859436035156,36.842979431152344,7.368595886230469,1000.0,0.0,-1.0,0.6666666666666666,-15.0,10.0,0.5,31
202.8064422607422,41.00576400756836,8.201152801513672,1000.0,0.0,-1.0,0.7333333333333333,-15.0,11.0,0.5,31
200.67764282226562,32.629756927490234,6.525951385498047,1000.0,0.0,-1.0,0.8,-15.0,12.0,0.5,31
213.74673461914062,38.11748123168945,7.623496246337891,1000.0,0.0,-1.0,0.8666666666666667,-15.0,13.0,0.5,31
216.44557189941406,37.72020721435547,7.544041442871094,1000.0,0.0,-1.0,0.9333333333333333,-15.0,14.0,0.5,31
206.69056701660156,37.52981948852539,7.505963897705078,1000.0,0.0,-1.0,1.0,-15.0,15.0,0.5,31
228.76979064941406,34.405487060546875,6.881097412109375,1000.0,0.0,-0.9333333333333333,-1.0,-14.0,-15.0,0.5,31
231.72836303710938,55.509883880615234,11.101976776123047,1000.0,0.0,-0.9333333333333333,-0.9333333333333333,-14.0,-14.0,0.5,31
260.903076171875,99.94002532958984,19.988005065917967,1000.0,0.0,-0.9333333333333333,-0.8666666666666667,-14.0,-13.0,0.5,31
233.91781616210938,76.22466278076172,15.244932556152344,1000.0,0.0,-0.9333333333333333,-0.8,-14.0,-12.0,0.5,31
235.26791381835938,61.45930480957031,12.291860961914063,1000.0,0.0,-0.9333333333333333,-0.7333333333333333,-14.0,-11.0,0.5,31
220.7153778076172,62.73092269897461,12.546184539794922,1000.0,0.0,-0.9333333333333333,-0.6666666666666666,-14.0,-10.0,0.5,31
213.10133361816406,49.792205810546875,9.958441162109375,1000.0,0.0,-0.9333333333333333,-0.6,-14.0,-9.0,0.5,31
201.0413818359375,45.09944152832031,9.019888305664063,1000.0,0.0,-0.9333333333333333,-0.5333333333333333,-14.0,-8.0,0.5,31
201.64480590820312,51.62456130981445,10.32491226196289,1000.0,0.0,-0.9333333333333333,-0.4666666666666667,-14.0,-7.0,0.5,31
207.99072265625,44.9243278503418,8.98486557006836,1000.0,0.0,-0.9333333333333333,-0.4,-14.0,-6.0,0.5,31
202.2470245361328,32.04289627075195,6.408579254150391,1000.0,0.0,-0.9333333333333333,-0.3333333333333333,-14.0,-5.0,0.5,31
194.67556762695312,18.449190139770508,3.6898380279541017,1000.0,0.0,-0.9333333333333333,-0.26666666666666666,-14.0,-4.0,0.5,31
203.2603759765625,31.713237762451172,6.342647552490234,1000.0,0.0,-0.9333333333333333,-0.2,-14.0,-3.0,0.5,31
191.7795867919922,16.88918685913086,3.377837371826172,1000.0,0.0,-0.9333333333333333,-0.13333333333333333,-14.0,-2.0,0.5,31
200.98951721191406,30.59117317199707,6.118234634399414,1000.0,0.0,-0.9333333333333333,-0.06666666666666667,-14.0,-1.0,0.5,31
183.10569763183594,12.59298324584961,2.518596649169922,1000.0,0.0,-0.9333333333333333,0.0,-14.0,0.0,0.5,31
194.9302978515625,26.764238357543945,5.352847671508789,1000.0,0.0,-0.9333333333333333,0.06666666666666667,-14.0,1.0,0.5,31
195.81980895996094,22.64517593383789,4.529035186767578,1000.0,0.0,-0.9333333333333333,0.13333333333333333,-14.0,2.0,0.5,31
196.8345489501953,27.2601261138916,5.45202522277832,1000.0,0.0,-0.9333333333333333,0.2,-14.0,3.0,0.5,31
206.98219299316406,32.83913803100586,6.567827606201172,1000.0,0.0,-0.9333333333333333,0.26666666666666666,-14.0,4.0,0.5,31
227.6657257080078,43.54377746582031,8.708755493164062,1000.0,0.0,-0.9333333333333333,0.3333333333333333,-14.0,5.0,0.5,31
232.47201538085938,50.15343475341797,10.030686950683593,1000.0,0.0,-0.9333333333333333,0.4,-14.0,6.0,0.5,31
216.93328857421875,38.677452087402344,7.735490417480468,1000.0,0.0,-0.9333333333333333,0.4666666666666667,-14.0,7.0,0.5,31
202.16998291015625,25.30473518371582,5.060947036743164,1000.0,0.0,-0.9333333333333333,0.5333333333333333,-14.0,8.0,0.5,31
200.51905822753906,33.26089096069336,6.652178192138672,1000.0,0.0,-0.9333333333333333,0.6,-14.0,9.0,0.5,31
194.35675048828125,25.425886154174805,5.085177230834961,1000.0,0.0,-0.9333333333333333,0.6666666666666666,-14.0,10.0,0.5,31
205.30581665039062,44.574745178222656,8.914949035644531,1000.0,0.0,-0.9333333333333333,0.7333333333333333,-14.0,11.0,0.5,31
201.51089477539062,35.97661590576172,7.195323181152344,1000.0,0.0,-0.9333333333333333,0.8,-14.0,12.0,0.5,31
204.91392517089844,34.82903289794922,6.965806579589843,1000.0,0.0,-0.9333333333333333,0.8666666666666667,-14.0,13.0,0.5,31
213.91651916503906,45.92433166503906,9.184866333007813,1000.0,0.0,-0.9333333333333333,0.9333333333333333,-14.0,14.0,0.5,31
196.7417449951172,37.21657180786133,7.4433143615722654,1000.0,0.0,-0.9333333333333333,1.0,-14.0,15.0,0.5,31
229.11216735839844,50.85646057128906,10.171292114257813,1000.0,0.0,-0.8666666666666667,-1.0,-13.0,-15.0,0.5,31
245.20394897460938,108.74461364746094,21.748922729492186,1000.0,0.0,-0.8666666666666667,-0.9333333333333333,-13.0,-14.0,0.5,31
229.2687530517578,67.18609619140625,13.43721923828125,1000.0,0.0,-0.8666666666666667,-0.8666666666666667,-13.0,-13.0,0.5,31
222.59632873535156,62.45174789428711,12.490349578857423,1000.0,0.0,-0.8666666666666667,-0.8,-13.0,-12.0,0.5,31
238.6322021484375,70.37592315673828,14.075184631347657,1000.0,0.0,-0.8666666666666667,-0.7333333333333333,-13.0,-11.0,0.5,31
219.65444946289062,61.323673248291016,12.264734649658203,1000.0,0.0,-0.8666666666666667,-0.6666666666666666,-13.0,-10.0,0.5,31
201.5546112060547,34.961585998535156,6.992317199707031,1000.0,0.0,-0.8666666666666667,-0.6,-13.0,-9.0,0.5,31
196.09738159179688,29.844661712646484,5.968932342529297,1000.0,0.0,-0.8666666666666667,-0.5333333333333333,-13.0,-8.0,0.5,31
185.59947204589844,19.12302017211914,3.824604034423828,1000.0,0.0,-0.8666666666666667,-0.4666666666666667,-13.0,-7.0,0.5,31
191.2407989501953,24.994293212890625,4.998858642578125,1000.0,0.0,-0.8666666666666667,-0.4,-13.0,-6.0,0.5,31
192.11288452148438,16.5423641204834,3.30847282409668,1000.0,0.0,-0.8666666666666667,-0.3333333333333333,-13.0,-5.0,0.5,31
186.6455078125,18.93735122680664,3.787470245361328,1000.0,0.0,-0.8666666666666667,-0.26666666666666666,-13.0,-4.0,0.5,31
191.4814910888672,16.924898147583008,3.3849796295166015,1000.0,0.0,-0.8666666666666667,-0.2,-13.0,-3.0,0.5,31
191.00160217285156,14.796629905700684,2.959325981140137,1000.0,0.0,-0.8666666666666667,-0.13333333333333333,-13.0,-2.0,0.5,31
187.5492706298828,17.52847671508789,3.505695343017578,1000.0,0.0,-0.8666666666666667,-0.06666666666666667,-13.0,-1.0,0.5,31
183.6274871826172,13.096393585205078,2.6192787170410154,1000.0,0.0,-0.8666666666666667,0.0,-13.0,0.0,0.5,31
186.09774780273438,22.879207611083984,4.5758415222167965,1000.0,0.0,-0.8666666666666667,0.06666666666666667,-13.0,1.0,0.5,31
191.3603057861328,20.999622344970703,4.199924468994141,1000.0,0.0,-0.8666666666666667,0.13333333333333333,-13.0,2.0,0.5,31
188.84918212890625,15.404823303222656,3.0809646606445313,1000.0,0.0,-0.8666666666666667,0.2,-13.0,3.0,0.5,31
208.81072998046875,35.15318298339844,7.030636596679687,1000.0,0.0,-0.8666666666666667,0.26666666666666666,-13.0,4.0,0.5,31
211.06964111328125,31.008281707763672,6.201656341552734,1000.0,0.0,-0.8666666666666667,0.3333333333333333,-13.0,5.0,0.5,31
204.93702697753906,33.15938186645508,6.631876373291016,1000.0,0.0,-0.8666666666666667,0.4,-13.0,6.0,0.5,31
200.99253845214844,32.995059967041016,6.599011993408203,1000.0,0.0,-0.8666666666666667,0.4666666666666667,-13.0,7.0,0.5,31
197.49627685546875,28.717472076416016,5.7434944152832035,1000.0,0.0,-0.8666666666666667,0.5333333333333333,-13.0,8.0,0.5,31
199.25469970703125,36.175716400146484,7.2351432800292965,1000.0,0.0,-0.8666666666666667,0.6,-13.0,9.0,0.5,31
193.61752319335938,24.683124542236328,4.936624908447266,1000.0,0.0,-0.8666666666666667,0.6666666666666666,-13.0,10.0,0.5,31
194.8523406982422,20.92168617248535,4.18433723449707,1000.0,0.0,-0.8666666666666667,0.7333333333333333,-13.0,11.0,0.5,31
201.34457397460938,31.895708084106445,6.379141616821289,1000.0,0.0,-0.8666666666666667,0.8,-13.0,12.0,0.5,31
191.91659545898438,26.85394287109375,5.37078857421875,1000.0,0.0,-0.8666666666666667,0.8666666666666667,-13.0,13.0,0.5,31
194.3909912109375,35.987972259521484,7.197594451904297,1000.0,0.0,-0.8666666666666667,0.9333333333333333,-13.0,14.0,0.5,31
199.38507080078125,44.41142272949219,8.882284545898438,1000.0,0.0,-0.8666666666666667,1.0,-13.0,15.0,0.5,31
218.9691925048828,48.68742370605469,9.737484741210938,1000.0,0.0,-0.8,-1.0,-12.0,-15.0,0.5,31
194.90106201171875,29.465831756591797,5.893166351318359,1000.0,0.0,-0.8,-0.9333333333333333,-12.0,-14.0,0.5,31
225.7225799560547,64.54051208496094,12.908102416992188,1000.0,0.0,-0.8,-0.8666666666666667,-12.0,-13.0,0.5,31
249.15731811523438,83.1899185180664,16.63798370361328,1000.0,0.0,-0.8,-0.8,-12.0,-12.0,0.5,31
225.4816436767578,47.01240158081055,9.402480316162109,1000.0,0.0,-0.8,-0.7333333333333333,-12.0,-11.0,0.5,31
217.46849060058594,57.31834030151367,11.463668060302734,1000.0,0.0,-0.8,-0.6666666666666666,-12.0,-10.0,0.5,31
201.38694763183594,34.299652099609375,6.859930419921875,1000.0,0.0,-0.8,-0.6,-12.0,-9.0,0.5,31
196.1425323486328,35.82978439331055,7.16595687866211,1000.0,0.0,-0.8,-0.5333333333333333,-12.0,-8.0,0.5,31
196.70899963378906,23.378389358520508,4.675677871704101,1000.0,0.0,-0.8,-0.4666666666666667,-12.0,-7.0,0.5,31
187.5378875732422,24.556861877441406,4.911372375488281,1000.0,0.0,-0.8,-0.4,-12.0,-6.0,0.5,31
188.10142517089844,23.199443817138672,4.639888763427734,1000.0,0.0,-0.8,-0.3333333333333333,-12.0,-5.0,0.5,31
185.4686737060547,17.24348258972168,3.448696517944336,1000.0,0.0,-0.8,-0.26666666666666666,-12.0,-4.0,0.5,31
181.25808715820312,10.6680269241333,2.13360538482666,1000.0,0.0,-0.8,-0.2,-12.0,-3.0,0.5,31
183.7495574951172,11.644262313842773,2.3288524627685545,1000.0,0.0,-0.8,-0.13333333333333333,-12.0,-2.0,0.5,31
182.6641845703125,13.42379093170166,2.684758186340332,1000.0,0.0,-0.8,-0.06666666666666667,-12.0,-1.0,0.5,31
184.86497497558594,17.341861724853516,3.468372344970703,1000.0,0.0,-0.8,0.0,-12.0,0.0,0.5,31
186.10433959960938,11.361530303955078,2.2723060607910157,1000.0,0.0,-0.8,0.06666666666666667,-12.0,1.0,0.5,31
188.26026916503906,16.587221145629883,3.3174442291259765,1000.0,0.0,-0.8,0.13333333333333333,-12.0,2.0,0.5,31
177.95892333984375,12.326923370361328,2.465384674072266,1000.0,0.0,-0.8,0.2,-12.0,3.0,0.5,31
198.45115661621094,27.532337188720703,5.50646743774414,1000.0,0.0,-0.8,0.26666666666666666,-12.0,4.0,0.5,31
190.22125244140625,22.846248626708984,4.5692497253417965,1000.0,0.0,-0.8,0.3333333333333333,-12.0,5.0,0.5,31
199.26116943359375,23.499242782592773,4.699848556518555,1000.0,0.0,-0.8,0.4,-12.0,6.0,0.5,31
201.53353881835938,31.387697219848633,6.277539443969727,1000.0,0.0,-0.8,0.4666666666666667,-12.0,7.0,0.5,31
197.76695251464844,23.65385627746582,4.730771255493164,1000.0,0.0,-0.8,0.5333333333333333,-12.0,8.0,0.5,31
192.63693237304688,27.248687744140625,5.449737548828125,1000.0,0.0,-0.8,0.6,-12.0,9.0,0.5,31
192.78167724609375,24.626914978027344,4.925382995605469,1000.0,0.0,-0.8,0.6666666666666666,-12.0,10.0,0.5,31
196.62567138671875,29.320337295532227,5.864067459106446,1000.0,0.0,-0.8,0.7333333333333333,-12.0,11.0,0.5,31
193.4248809814453,27.385316848754883,5.477063369750977,1000.0,0.0,-0.8,0.8,-12.0,12.0,0.5,31
195.16439819335938,35.64130783081055,7.128261566162109,1000.0,0.0,-0.8,0.8666666666666667,-12.0,13.0,0.5,31
198.50885009765625,33.54037857055664,6.708075714111328,1000.0,0.0,-0.8,0.9333333333333333,-12.0,14.0,0.5,31
195.3472900390625,34.932220458984375,6.986444091796875,1000.0,0.0,-0.8,1.0,-12.0,15.0,0.5,31
206.95123291015625,31.56183433532715,6.31236686706543,1000.0,0.0,-0.7333333333333333,-1.0,-11.0,-15.0,0.5,31
209.72406005859375,51.24772644042969,10.249545288085937,1000.0,0.0,-0.7333333333333333,-0.9333333333333333,-11.0,-14.0,0.5,31
210.26632690429688,58.52715301513672,11.705430603027343,1000.0,0.0,-0.7333333333333333,-0.8666666666666667,-11.0,-13.0,0.5,31
211.6697998046875,47.262725830078125,9.452545166015625,1000.0,0.0,-0.7333333333333333,-0.8,-11.0,-12.0,0.5,31
207.12030029296875,49.38793182373047,9.877586364746094,1000.0,0.0,-0.7333333333333333,-0.7333333333333333,-11.0,-11.0,0.5,31
217.7349090576172,47.581748962402344,9.516349792480469,1000.0,0.0,-0.7333333333333333,-0.6666666666666666,-11.0,-10.0,0.5,31
197.8851776123047,26.905881881713867,5.381176376342774,1000.0,0.0,-0.7333333333333333,-0.6,-11.0,-9.0,0.5,31
193.5264892578125,35.03889465332031,7.007778930664062,1000.0,0.0,-0.7333333333333333,-0.5333333333333333,-11.0,-8.0,0.5,31
195.3468780517578,31.164203643798828,6.232840728759766,1000.0,0.0,-0.7333333333333333,-0.4666666666666667,-11.0,-7.0,0.5,31
188.3574676513672,22.7101993560791,4.54203987121582,1000.0,0.0,-0.7333333333333333,-0.4,-11.0,-6.0,0.5,31
187.66383361816406,17.688295364379883,3.5376590728759765,1000.0,0.0,-0.7333333333333333,-0.3333333333333333,-11.0,-5.0,0.5,31
184.70236206054688,14.585165023803711,2.917033004760742,1000.0,0.0,-0.7333333333333333,-0.26666666666666666,-11.0,-4.0,0.5,31
182.70632934570312,16.897192001342773,3.3794384002685547,1000.0,0.0,-0.7333333333333333,-0.2,-11.0,-3.0,0.5,31
178.48851013183594,13.467211723327637,2.6934423446655273,1000.0,0.0,-0.7333333333333333,-0.13333333333333333,-11.0,-2.0,0.5,31
181.92562866210938,12.272780418395996,2.4545560836791993,1000.0,0.0,-0.7333333333333333,-0.06666666666666667,-11.0,-1.0,0.5,31
184.5615692138672,13.23192310333252,2.646384620666504,1000.0,0.0,-0.7333333333333333,0.0,-11.0,0.0,0.5,31
181.25901794433594,9.08204174041748,1.816408348083496,1000.0,0.0,-0.7333333333333333,0.06666666666666667,-11.0,1.0,0.5,31
176.42562866210938,12.47603988647461,2.495207977294922,1000.0,0.0,-0.7333333333333333,0.13333333333333333,-11.0,2.0,0.5,31
185.5555877685547,15.671891212463379,3.1343782424926756,1000.0,0.0,-0.7333333333333333,0.2,-11.0,3.0,0.5,31
187.86000061035156,20.355810165405273,4.0711620330810545,1000.0,0.0,-0.7333333333333333,0.26666666666666666,-11.0,4.0,0.5,31
191.94229125976562,21.580228805541992,4.316045761108398,1000.0,0.0,-0.7333333333333333,0.3333333333333333,-11.0,5.0,0.5,31
203.22796630859375,37.02470397949219,7.404940795898438,1000.0,0.0,-0.7333333333333333,0.4,-11.0,6.0,0.5,31
194.6442413330078,44.031890869140625,8.806378173828126,1000.0,0.0,-0.7333333333333333,0.4666666666666667,-11.0,7.0,0.5,31
191.19049072265625,22.74274444580078,4.548548889160156,1000.0,0.0,-0.7333333333333333,0.5333333333333333,-11.0,8.0,0.5,31
191.0701904296875,35.86947250366211,7.1738945007324215,1000.0,0.0,-0.7333333333333333,0.6,-11.0,9.0,0.5,31
181.80421447753906,10.836052894592285,2.167210578918457,1000.0,0.0,-0.7333333333333333,0.6666666666666666,-11.0,10.0,0.5,31
185.57235717773438,15.309764862060547,3.0619529724121093,1000.0,0.0,-0.7333333333333333,0.7333333333333333,-11.0,11.0,0.5,31
203.90548706054688,33.97416687011719,6.794833374023438,1000.0,0.0,-0.7333333333333333,0.8,-11.0,12.0,0.5,31
189.32388305664062,22.4498348236084,4.489966964721679,1000.0,0.0,-0.7333333333333333,0.8666666666666667,-11.0,13.0,0.5,31
188.26690673828125,22.058353424072266,4.411670684814453,1000.0,0.0,-0.7333333333333333,0.9333333333333333,-11.0,14.0,0.5,31
199.21051025390625,43.08321762084961,8.616643524169922,1000.0,0.0,-0.7333333333333333,1.0,-11.0,15.0,0.5,31
209.6190643310547,40.12948226928711,8.025896453857422,1000.0,0.0,-0.6666666666666666,-1.0,-10.0,-15.0,0.5,31
216.42098999023438,47.6519889831543,9.53039779663086,1000.0,0.0,-0.6666666666666666,-0.9333333333333333,-10.0,-14.0,0.5,31
206.7072296142578,40.913116455078125,8.182623291015625,1000.0,0.0,-0.6666666666666666,-0.8666666666666667,-10.0,-13.0,0.5,31
205.09388732910156,37.261497497558594,7.452299499511719,1000.0,0.0,-0.6666666666666666,-0.8,-10.0,-12.0,0.5,31
209.78140258789062,42.59600067138672,8.519200134277344,1000.0,0.0,-0.6666666666666666,-0.7333333333333333,-10.0,-11.0,0.5,31
204.67506408691406,32.70686340332031,6.541372680664063,1000.0,0.0,-0.6666666666666666,-0.6666666666666666,-10.0,-10.0,0.5,31
200.3732452392578,30.113862991333008,6.022772598266601,1000.0,0.0,-0.6666666666666666,-0.6,-10.0,-9.0,0.5,31
231.8153076171875,29.16399383544922,5.832798767089844,1000.0,0.0,-0.6666666666666666,-0.5333333333333333,-10.0,-8.0,0.5,31
221.66615295410156,30.517602920532227,6.1035205841064455,1000.0,0.0,-0.6666666666666666,-0.4666666666666667,-10.0,-7.0,0.5,31
211.10366821289062,29.987852096557617,5.997570419311524,1000.0,0.0,-0.6666666666666666,-0.4,-10.0,-6.0,0.5,31
221.9195098876953,52.45454788208008,10.490909576416016,1000.0,0.0,-0.6666666666666666,-0.3333333333333333,-10.0,-5.0,0.5,31
196.4214324951172,35.9061393737793,7.1812278747558596,1000.0,0.0,-0.6666666666666666,-0.26666666666666666,-10.0,-4.0,0.5,31
192.28509521484375,49.73305130004883,9.946610260009766,1000.0,0.0,-0.6666666666666666,-0.2,-10.0,-3.0,0.5,31
181.82835388183594,17.360260009765625,3.472052001953125,1000.0,0.0,-0.6666666666666666,-0.13333333333333333,-10.0,-2.0,0.5,31
178.09010314941406,7.886377334594727,1.5772754669189453,1000.0,0.0,-0.6666666666666666,-0.06666666666666667,-10.0,-1.0,0.5,31
180.01226806640625,8.13638687133789,1.6272773742675781,1000.0,0.0,-0.6666666666666666,0.0,-10.0,0.0,0.5,31
173.17129516601562,7.125484943389893,1.4250969886779785,1000.0,0.0,-0.6666666666666666,0.06666666666666667,-10.0,1.0,0.5,31
179.82994079589844,12.783561706542969,2.556712341308594,1000.0,0.0,-0.6666666666666666,0.13333333333333333,-10.0,2.0,0.5,31
178.0791015625,10.659317016601562,2.1318634033203123,1000.0,0.0,-0.6666666666666666,0.2,-10.0,3.0,0.5,31
194.4047393798828,26.647281646728516,5.329456329345703,1000.0,0.0,-0.6666666666666666,0.26666666666666666,-10.0,4.0,0.5,31
201.48641967773438,29.022464752197266,5.804492950439453,1000.0,0.0,-0.6666666666666666,0.3333333333333333,-10.0,5.0,0.5,31
210.9457550048828,44.398712158203125,8.879742431640626,1000.0,0.0,-0.6666666666666666,0.4,-10.0,6.0,0.5,31
187.6333770751953,23.57461929321289,4.714923858642578,1000.0,0.0,-0.6666666666666666,0.4666666666666667,-10.0,7.0,0.5,31
190.6255645751953,25.907379150390625,5.181475830078125,1000.0,0.0,-0.6666666666666666,0.5333333333333333,-10.0,8.0,0.5,31
184.9600830078125,13.756922721862793,2.7513845443725584,1000.0,0.0,-0.6666666666666666,0.6,-10.0,9.0,0.5,31
179.08421325683594,13.105743408203125,2.621148681640625,1000.0,0.0,-0.6666666666666666,0.6666666666666666,-10.0,10.0,0.5,31
186.65338134765625,19.433609008789062,3.8867218017578127,1000.0,0.0,-0.6666666666666666,0.7333333333333333,-10.0,11.0,0.5,31
196.4967041015625,30.49989128112793,6.099978256225586,1000.0,0.0,-0.6666666666666666,0.8,-10.0,12.0,0.5,31
193.3483428955078,36.397403717041016,7.279480743408203,1000.0,0.0,-0.6666666666666666,0.8666666666666667,-10.0,13.0,0.5,31
191.82273864746094,36.95692825317383,7.391385650634765,1000.0,0.0,-0.6666666666666666,0.9333333333333333,-10.0,14.0,0.5,31
196.18650817871094,36.42959213256836,7.285918426513672,1000.0,0.0,-0.6666666666666666,1.0,-10.0,15.0,0.5,31
211.59474182128906,51.7227668762207,10.344553375244141,1000.0,0.0,-0.6,-1.0,-9.0,-15.0,0.5,31
212.75543212890625,40.8292121887207,8.165842437744141,1000.0,0.0,-0.6,-0.9333333333333333,-9.0,-14.0,0.5,31
215.07476806640625,54.515533447265625,10.903106689453125,1000.0,0.0,-0.6,-0.8666666666666667,-9.0,-13.0,0.5,31
234.09156799316406,58.60744094848633,11.721488189697265,1000.0,0.0,-0.6,-0.8,-9.0,-12.0,0.5,31
238.34799194335938,53.781402587890625,10.756280517578125,1000.0,0.0,-0.6,-0.7333333333333333,-9.0,-11.0,0.5,31
227.9830322265625,37.98714065551758,7.5974281311035154,1000.0,0.0,-0.6,-0.6666666666666666,-9.0,-10.0,0.5,31
226.47364807128906,40.024810791015625,8.004962158203124,1000.0,0.0,-0.6,-0.6,-9.0,-9.0,0.5,31
217.4036865234375,33.54948806762695,6.70989761352539,1000.0,0.0,-0.6,-0.5333333333333333,-9.0,-8.0,0.5,31
206.4369659423828,21.72107696533203,4.344215393066406,1000.0,0.0,-0.6,-0.4666666666666667,-9.0,-7.0,0.5,31
182.5845184326172,14.110918998718262,2.8221837997436525,1000.0,0.0,-0.6,-0.4,-9.0,-6.0,0.5,31
195.04617309570312,31.781923294067383,6.356384658813477,1000.0,0.0,-0.6,-0.3333333333333333,-9.0,-5.0,0.5,31
226.4834442138672,63.216312408447266,12.643262481689453,1000.0,0.0,-0.6,-0.26666666666666666,-9.0,-4.0,0.5,31
217.5149383544922,54.82962417602539,10.965924835205078,1000.0,0.0,-0.6,-0.2,-9.0,-3.0,0.5,31
194.24887084960938,14.189248085021973,2.8378496170043945,1000.0,0.0,-0.6,-0.13333333333333333,-9.0,-2.0,0.5,31
199.43267822265625,17.32951545715332,3.465903091430664,1000.0,0.0,-0.6,-0.06666666666666667,-9.0,-1.0,0.5,31
191.09359741210938,20.137645721435547,4.02752914428711,1000.0,0.0,-0.6,0.0,-9.0,0.0,0.5,31
187.85838317871094,24.022571563720703,4.804514312744141,1000.0,0.0,-0.6,0.06666666666666667,-9.0,1.0,0.5,31
189.7342529296875,23.55115509033203,4.710231018066406,1000.0,0.0,-0.6,0.13333333333333333,-9.0,2.0,0.5,31
201.90179443359375,32.89431381225586,6.5788627624511715,1000.0,0.0,-0.6,0.2,-9.0,3.0,0.5,31
202.30938720703125,27.924423217773438,5.5848846435546875,1000.0,0.0,-0.6,0.26666666666666666,-9.0,4.0,0.5,31
209.3446502685547,40.70338439941406,8.140676879882813,1000.0,0.0,-0.6,0.3333333333333333,-9.0,5.0,0.5,31
195.95494079589844,40.94221878051758,8.188443756103515,1000.0,0.0,-0.6,0.4,-9.0,6.0,0.5,31
188.8389434814453,28.12051010131836,5.624102020263672,1000.0,0.0,-0.6,0.4666666666666667,-9.0,7.0,0.5,31
179.9747314453125,12.067573547363281,2.4135147094726563,1000.0,0.0,-0.6,0.5333333333333333,-9.0,8.0,0.5,31
186.87835693359375,23.95859146118164,4.791718292236328,1000.0,0.0,-0.6,0.6,-9.0,9.0,0.5,31
178.54640197753906,10.546625137329102,2.1093250274658204,1000.0,0.0,-0.6,0.6666666666666666,-9.0,10.0,0.5,31
189.1971893310547,26.899499893188477,5.379899978637695,1000.0,0.0,-0.6,0.7333333333333333,-9.0,11.0,0.5,31
186.51841735839844,27.332475662231445,5.466495132446289,1000.0,0.0,-0.6,0.8,-9.0,12.0,0.5,31
193.5280303955078,32.11104202270508,6.422208404541015,1000.0,0.0,-0.6,0.8666666666666667,-9.0,13.0,0.5,31
198.8070831298828,42.27880859375,8.45576171875,1000.0,0.0,-0.6,0.9333333333333333,-9.0,14.0,0.5,31
192.47682189941406,36.21519088745117,7.243038177490234,1000.0,0.0,-0.6,1.0,-9.0,15.0,0.5,31
197.31631469726562,26.208467483520508,5.241693496704102,1000.0,0.0,-0.5333333333333333,-1.0,-8.0,-15.0,0.5,31
228.6672821044922,41.623905181884766,8.324781036376953,1000.0,0.0,-0.5333333333333333,-0.9333333333333333,-8.0,-14.0,0.5,31
231.9088134765625,62.68601989746094,12.537203979492187,1000.0,0.0,-0.5333333333333333,-0.8666666666666667,-8.0,-13.0,0.5,31
230.50469970703125,30.428438186645508,6.085687637329102,1000.0,0.0,-0.5333333333333333,-0.8,-8.0,-12.0,0.5,31
220.6771697998047,54.044761657714844,10.808952331542969,1000.0,0.0,-0.5333333333333333,-0.7333333333333333,-8.0,-11.0,0.5,31
210.25877380371094,60.926856994628906,12.185371398925781,1000.0,0.0,-0.5333333333333333,-0.6666666666666666,-8.0,-10.0,0.5,31
222.93386840820312,41.7445182800293,8.34890365600586,1000.0,0.0,-0.5333333333333333,-0.6,-8.0,-9.0,0.5,31
217.6880340576172,18.07632064819336,3.615264129638672,1000.0,0.0,-0.5333333333333333,-0.5333333333333333,-8.0,-8.0,0.5,31
222.1558074951172,34.97906494140625,6.99581298828125,1000.0,0.0,-0.5333333333333333,-0.4666666666666667,-8.0,-7.0,0.5,31
206.00437927246094,13.724908828735352,2.7449817657470703,1000.0,0.0,-0.5333333333333333,-0.4,-8.0,-6.0,0.5,31
193.40892028808594,11.541670799255371,2.308334159851074,1000.0,0.0,-0.5333333333333333,-0.3333333333333333,-8.0,-5.0,0.5,31
216.15870666503906,22.830495834350586,4.566099166870117,1000.0,0.0,-0.5333333333333333,-0.26666666666666666,-8.0,-4.0,0.5,31
277.7320251464844,29.427888870239258,5.885577774047851,1000.0,0.0,-0.5333333333333333,-0.2,-8.0,-3.0,0.5,31
224.5719757080078,55.84302520751953,11.168605041503906,1000.0,0.0,-0.5333333333333333,-0.13333333333333333,-8.0,-2.0,0.5,31
192.1450653076172,28.865087509155273,5.773017501831054,1000.0,0.0,-0.5333333333333333,-0.06666666666666667,-8.0,-1.0,0.5,31
198.1351776123047,37.56767654418945,7.5135353088378904,1000.0,0.0,-0.5333333333333333,0.0,-8.0,0.0,0.5,31
227.61810302734375,39.330326080322266,7.866065216064453,1000.0,0.0,-0.5333333333333333,0.06666666666666667,-8.0,1.0,0.5,31
202.03152465820312,31.995040893554688,6.399008178710938,1000.0,0.0,-0.5333333333333333,0.13333333333333333,-8.0,2.0,0.5,31
196.3179931640625,26.845741271972656,5.369148254394531,1000.0,0.0,-0.5333333333333333,0.2,-8.0,3.0,0.5,31
199.6348876953125,32.272518157958984,6.4545036315917965,1000.0,0.0,-0.5333333333333333,0.26666666666666666,-8.0,4.0,0.5,31
214.15243530273438,37.83174133300781,7.566348266601563,1000.0,0.0,-0.5333333333333333,0.3333333333333333,-8.0,5.0,0.5,31
213.8953857421875,37.54166793823242,7.508333587646485,1000.0,0.0,-0.5333333333333333,0.4,-8.0,6.0,0.5,31
187.96902465820312,19.758056640625,3.951611328125,1000.0,0.0,-0.5333333333333333,0.4666666666666667,-8.0,7.0,0.5,31
186.83029174804688,21.625333786010742,4.325066757202149,1000.0,0.0,-0.5333333333333333,0.5333333333333333,-8.0,8.0,0.5,31
185.90234375,21.883371353149414,4.3766742706298825,1000.0,0.0,-0.5333333333333333,0.6,-8.0,9.0,0.5,31
189.4536590576172,25.902557373046875,5.180511474609375,1000.0,0.0,-0.5333333333333333,0.6666666666666666,-8.0,10.0,0.5,31
187.04165649414062,22.431657791137695,4.486331558227539,1000.0,0.0,-0.5333333333333333,0.7333333333333333,-8.0,11.0,0.5,31
195.02406311035156,36.3018684387207,7.26037368774414,1000.0,0.0,-0.5333333333333333,0.8,-8.0,12.0,0.5,31
197.98953247070312,37.91558837890625,7.58311767578125,1000.0,0.0,-0.5333333333333333,0.8666666666666667,-8.0,13.0,0.5,31
221.0604705810547,59.02433395385742,11.804866790771484,1000.0,0.0,-0.5333333333333333,0.9333333333333333,-8.0,14.0,0.5,31
193.95236206054688,40.46076202392578,8.092152404785157,1000.0,0.0,-0.5333333333333333,1.0,-8.0,15.0,0.5,31
200.7786102294922,47.186824798583984,9.437364959716797,1000.0,0.0,-0.4666666666666667,-1.0,-7.0,-15.0,0.5,31
243.68185424804688,94.452392578125,18.890478515625,1000.0,0.0,-0.4666666666666667,-0.9333333333333333,-7.0,-14.0,0.5,31
223.3835906982422,80.93157196044922,16.186314392089844,1000.0,0.0,-0.4666666666666667,-0.8666666666666667,-7.0,-13.0,0.5,31
227.6046142578125,72.8904037475586,14.578080749511718,1000.0,0.0,-0.4666666666666667,-0.8,-7.0,-12.0,0.5,31
236.9406280517578,58.16395568847656,11.632791137695312,1000.0,0.0,-0.4666666666666667,-0.7333333333333333,-7.0,-11.0,0.5,31
244.66673278808594,76.89266967773438,15.378533935546875,1000.0,0.0,-0.4666666666666667,-0.6666666666666666,-7.0,-10.0,0.5,31
259.65911865234375,80.7420654296875,16.1484130859375,1000.0,0.0,-0.4666666666666667,-0.6,-7.0,-9.0,0.5,31
263.5374755859375,45.05720520019531,9.011441040039063,1000.0,0.0,-0.4666666666666667,-0.5333333333333333,-7.0,-8.0,0.5,31
262.78704833984375,35.55633544921875,7.11126708984375,1000.0,0.0,-0.4666666666666667,-0.4666666666666667,-7.0,-7.0,0.5,31
203.86656188964844,34.71506881713867,6.943013763427734,1000.0,0.0,-0.4666666666666667,-0.4,-7.0,-6.0,0.5,31
197.6607666015625,29.171560287475586,5.834312057495117,1000.0,0.0,-0.4666666666666667,-0.3333333333333333,-7.0,-5.0,0.5,31
245.13214111328125,62.08309555053711,12.416619110107423,1000.0,0.0,-0.4666666666666667,-0.26666666666666666,-7.0,-4.0,0.5,31
250.32786560058594,39.59084701538086,7.918169403076172,1000.0,0.0,-0.4666666666666667,-0.2,-7.0,-3.0,0.5,31
283.923828125,47.0877685546875,9.4175537109375,1000.0,0.0,-0.4666666666666667,-0.13333333333333333,-7.0,-2.0,0.5,31
256.12518310546875,45.662330627441406,9.132466125488282,1000.0,0.0,-0.4666666666666667,-0.06666666666666667,-7.0,-1.0,0.5,31
216.67974853515625,35.33614730834961,7.067229461669922,1000.0,0.0,-0.4666666666666667,0.0,-7.0,0.0,0.5,31
195.0712432861328,21.611364364624023,4.322272872924804,1000.0,0.0,-0.4666666666666667,0.06666666666666667,-7.0,1.0,0.5,31
213.5075225830078,45.741539001464844,9.148307800292969,1000.0,0.0,-0.4666666666666667,0.13333333333333333,-7.0,2.0,0.5,31
237.28125,51.135196685791016,10.227039337158203,1000.0,0.0,-0.4666666666666667,0.2,-7.0,3.0,0.5,31
245.4739227294922,45.06736373901367,9.013472747802734,1000.0,0.0,-0.4666666666666667,0.26666666666666666,-7.0,4.0,0.5,31
253.57412719726562,66.40182495117188,13.280364990234375,1000.0,0.0,-0.4666666666666667,0.3333333333333333,-7.0,5.0,0.5,31
246.17347717285156,55.39165115356445,11.07833023071289,1000.0,0.0,-0.4666666666666667,0.4,-7.0,6.0,0.5,31
205.5541534423828,33.036590576171875,6.607318115234375,1000.0,0.0,-0.4666666666666667,0.4666666666666667,-7.0,7.0,0.5,31
193.1734619140625,15.174468040466309,3.034893608093262,1000.0,0.0,-0.4666666666666667,0.5333333333333333,-7.0,8.0,0.5,31
180.5252685546875,18.77427864074707,3.754855728149414,1000.0,0.0,-0.4666666666666667,0.6,-7.0,9.0,0.5,31
185.30535888671875,17.329904556274414,3.4659809112548827,1000.0,0.0,-0.4666666666666667,0.6666666666666666,-7.0,10.0,0.5,31
188.63108825683594,18.837507247924805,3.767501449584961,1000.0,0.0,-0.4666666666666667,0.7333333333333333,-7.0,11.0,0.5,31
183.02293395996094,19.808774948120117,3.9617549896240236,1000.0,0.0,-0.4666666666666667,0.8,-7.0,12.0,0.5,31
203.59925842285156,41.16736602783203,8.233473205566407,1000.0,0.0,-0.4666666666666667,0.8666666666666667,-7.0,13.0,0.5,31
194.16453552246094,35.851356506347656,7.170271301269532,1000.0,0.0,-0.4666666666666667,0.9333333333333333,-7.0,14.0,0.5,31
194.9638671875,40.65907287597656,8.131814575195312,1000.0,0.0,-0.4666666666666667,1.0,-7.0,15.0,0.5,31
216.33038330078125,63.885257720947266,12.777051544189453,1000.0,0.0,-0.4,-1.0,-6.0,-15.0,0.5,31
241.66073608398438,89.97589874267578,17.995179748535158,1000.0,0.0,-0.4,-0.9333333333333333,-6.0,-14.0,0.5,31
220.6623077392578,79.74923706054688,15.949847412109374,1000.0,0.0,-0.4,-0.8666666666666667,-6.0,-13.0,0.5,31
200.3676300048828,57.24681854248047,11.449363708496094,1000.0,0.0,-0.4,-0.8,-6.0,-12.0,0.5,31
219.0729522705078,61.44321823120117,12.288643646240235,1000.0,0.0,-0.4,-0.7333333333333333,-6.0,-11.0,0.5,31
211.06040954589844,64.14871978759766,12.829743957519531,1000.0,0.0,-0.4,-0.6666666666666666,-6.0,-10.0,0.5,31
286.9673767089844,47.051719665527344,9.41034393310547,1000.0,0.0,-0.4,-0.6,-6.0,-9.0,0.5,31
240.98568725585938,42.826927185058594,8.565385437011718,1000.0,0.0,-0.4,-0.5333333333333333,-6.0,-8.0,0.5,31
263.7671203613281,50.56856155395508,10.113712310791016,1000.0,0.0,-0.4,-0.4666666666666667,-6.0,-7.0,0.5,31
294.39825439453125,52.9193000793457,10.58386001586914,1000.0,0.0,-0.4,-0.4,-6.0,-6.0,0.5,31
312.73187255859375,68.11063385009766,13.62212677001953,1000.0,0.0,-0.4,-0.3333333333333333,-6.0,-5.0,0.5,31
282.2137145996094,62.225730895996094,12.445146179199218,1000.0,0.0,-0.4,-0.26666666666666666,-6.0,-4.0,0.5,31
217.0205841064453,40.564308166503906,8.112861633300781,1000.0,0.0,-0.4,-0.2,-6.0,-3.0,0.5,31
219.2082061767578,31.409482955932617,6.281896591186523,1000.0,0.0,-0.4,-0.13333333333333333,-6.0,-2.0,0.5,31
192.36549377441406,16.462665557861328,3.292533111572266,1000.0,0.0,-0.4,-0.06666666666666667,-6.0,-1.0,0.5,31
208.32371520996094,31.880144119262695,6.376028823852539,1000.0,0.0,-0.4,0.0,-6.0,0.0,0.5,31
202.39190673828125,32.932342529296875,6.586468505859375,1000.0,0.0,-0.4,0.06666666666666667,-6.0,1.0,0.5,31
197.2765655517578,26.62510871887207,5.325021743774414,1000.0,0.0,-0.4,0.13333333333333333,-6.0,2.0,0.5,31
208.8213348388672,43.78548812866211,8.757097625732422,1000.0,0.0,-0.4,0.2,-6.0,3.0,0.5,31
214.12132263183594,40.35323715209961,8.070647430419921,1000.0,0.0,-0.4,0.26666666666666666,-6.0,4.0,0.5,31
235.9676971435547,52.441123962402344,10.48822479248047,1000.0,0.0,-0.4,0.3333333333333333,-6.0,5.0,0.5,31
250.33580017089844,60.86051559448242,12.172103118896484,1000.0,0.0,-0.4,0.4,-6.0,6.0,0.5,31
261.2206115722656,48.07332992553711,9.614665985107422,1000.0,0.0,-0.4,0.4666666666666667,-6.0,7.0,0.5,31
202.6738739013672,34.52688217163086,6.905376434326172,1000.0,0.0,-0.4,0.5333333333333333,-6.0,8.0,0.5,31
186.45745849609375,14.684549331665039,2.936909866333008,1000.0,0.0,-0.4,0.6,-6.0,9.0,0.5,31
185.60797119140625,20.249055862426758,4.049811172485351,1000.0,0.0,-0.4,0.6666666666666666,-6.0,10.0,0.5,31
182.18380737304688,16.589914321899414,3.317982864379883,1000.0,0.0,-0.4,0.7333333333333333,-6.0,11.0,0.5,31
186.69366455078125,28.802614212036133,5.760522842407227,1000.0,0.0,-0.4,0.8,-6.0,12.0,0.5,31
203.7458953857422,43.99930953979492,8.799861907958984,1000.0,0.0,-0.4,0.8666666666666667,-6.0,13.0,0.5,31
202.72308349609375,33.894596099853516,6.778919219970703,1000.0,0.0,-0.4,0.9333333333333333,-6.0,14.0,0.5,31
198.90289306640625,34.73782730102539,6.9475654602050785,1000.0,0.0,-0.4,1.0,-6.0,15.0,0.5,31
198.498046875,47.6884765625,9.5376953125,1000.0,0.0,-0.3333333333333333,-1.0,-5.0,-15.0,0.5,31
211.17596435546875,65.52788543701172,13.105577087402343,1000.0,0.0,-0.3333333333333333,-0.9333333333333333,-5.0,-14.0,0.5,31
204.6576690673828,70.29407501220703,14.058815002441406,1000.0,0.0,-0.3333333333333333,-0.8666666666666667,-5.0,-13.0,0.5,31
207.39285278320312,54.366722106933594,10.873344421386719,1000.0,0.0,-0.3333333333333333,-0.8,-5.0,-12.0,0.5,31
196.20126342773438,44.59923553466797,8.919847106933593,1000.0,0.0,-0.3333333333333333,-0.7333333333333333,-5.0,-11.0,0.5,31
234.68507385253906,84.28780364990234,16.85756072998047,1000.0,0.0,-0.3333333333333333,-0.6666666666666666,-5.0,-10.0,0.5,31
259.2879333496094,66.35382843017578,13.270765686035157,1000.0,0.0,-0.3333333333333333,-0.6,-5.0,-9.0,0.5,31
290.8842468261719,50.034423828125,10.006884765625,1000.0,0.0,-0.3333333333333333,-0.5333333333333333,-5.0,-8.0,0.5,31
279.6805725097656,74.59992218017578,14.919984436035156,1000.0,0.0,-0.3333333333333333,-0.4666666666666667,-5.0,-7.0,0.5,31
302.6302795410156,70.7342529296875,14.1468505859375,1000.0,0.0,-0.3333333333333333,-0.4,-5.0,-6.0,0.5,31
277.88348388671875,64.10997009277344,12.821994018554687,1000.0,0.0,-0.3333333333333333,-0.3333333333333333,-5.0,-5.0,0.5,31
204.21200561523438,23.02414321899414,4.604828643798828,1000.0,0.0,-0.3333333333333333,-0.26666666666666666,-5.0,-4.0,0.5,31
193.05572509765625,16.939054489135742,3.3878108978271486,1000.0,0.0,-0.3333333333333333,-0.2,-5.0,-3.0,0.5,31
189.83538818359375,18.744388580322266,3.7488777160644533,1000.0,0.0,-0.3333333333333333,-0.13333333333333333,-5.0,-2.0,0.5,31
186.48663330078125,13.9081449508667,2.7816289901733398,1000.0,0.0,-0.3333333333333333,-0.06666666666666667,-5.0,-1.0,0.5,31
184.6799774169922,16.010107040405273,3.2020214080810545,1000.0,0.0,-0.3333333333333333,0.0,-5.0,0.0,0.5,31
197.7432403564453,29.767818450927734,5.953563690185547,1000.0,0.0,-0.3333333333333333,0.06666666666666667,-5.0,1.0,0.5,31
198.7834930419922,26.62651252746582,5.325302505493164,1000.0,0.0,-0.3333333333333333,0.13333333333333333,-5.0,2.0,0.5,31
205.73927307128906,35.473411560058594,7.094682312011718,1000.0,0.0,-0.3333333333333333,0.2,-5.0,3.0,0.5,31
193.5376739501953,25.571474075317383,5.114294815063476,1000.0,0.0,-0.3333333333333333,0.26666666666666666,-5.0,4.0,0.5,31
204.29910278320312,41.51355743408203,8.302711486816406,1000.0,0.0,-0.3333333333333333,0.3333333333333333,-5.0,5.0,0.5,31
248.69400024414062,50.64004135131836,10.128008270263672,1000.0,0.0,-0.3333333333333333,0.4,-5.0,6.0,0.5,31
248.5230255126953,60.9744873046875,12.1948974609375,1000.0,0.0,-0.3333333333333333,0.4666666666666667,-5.0,7.0,0.5,31
232.17013549804688,39.61137008666992,7.922274017333985,1000.0,0.0,-0.3333333333333333,0.5333333333333333,-5.0,8.0,0.5,31
204.24160766601562,39.70669174194336,7.941338348388672,1000.0,0.0,-0.3333333333333333,0.6,-5.0,9.0,0.5,31
202.55320739746094,31.818485260009766,6.363697052001953,1000.0,0.0,-0.3333333333333333,0.6666666666666666,-5.0,10.0,0.5,31
189.89584350585938,26.83353614807129,5.366707229614258,1000.0,0.0,-0.3333333333333333,0.7333333333333333,-5.0,11.0,0.5,31
188.71304321289062,24.07855796813965,4.815711593627929,1000.0,0.0,-0.3333333333333333,0.8,-5.0,12.0,0.5,31
196.15623474121094,28.513565063476562,5.7027130126953125,1000.0,0.0,-0.3333333333333333,0.8666666666666667,-5.0,13.0,0.5,31
192.36883544921875,25.286165237426758,5.057233047485352,1000.0,0.0,-0.3333333333333333,0.9333333333333333,-5.0,14.0,0.5,31
194.6631622314453,23.425670623779297,4.6851341247558596,1000.0,0.0,-0.3333333333333333,1.0,-5.0,15.0,0.5,31
191.802734375,43.26067352294922,8.652134704589844,1000.0,0.0,-0.26666666666666666,-1.0,-4.0,-15.0,0.5,31
205.38099670410156,63.96419906616211,12.792839813232423,1000.0,0.0,-0.26666666666666666,-0.9333333333333333,-4.0,-14.0,0.5,31
206.55441284179688,65.98848724365234,13.19769744873047,1000.0,0.0,-0.26666666666666666,-0.8666666666666667,-4.0,-13.0,0.5,31
197.72235107421875,48.48291015625,9.69658203125,1000.0,0.0,-0.26666666666666666,-0.8,-4.0,-12.0,0.5,31
198.50772094726562,34.039878845214844,6.807975769042969,1000.0,0.0,-0.26666666666666666,-0.7333333333333333,-4.0,-11.0,0.5,31
272.18670654296875,57.67850875854492,11.535701751708984,1000.0,0.0,-0.26666666666666666,-0.6666666666666666,-4.0,-10.0,0.5,31
318.9992980957031,82.24667358398438,16.449334716796876,1000.0,0.0,-0.26666666666666666,-0.6,-4.0,-9.0,0.5,31
306.1924133300781,89.54828643798828,17.909657287597657,1000.0,0.0,-0.26666666666666666,-0.5333333333333333,-4.0,-8.0,0.5,31
331.3818054199219,61.096500396728516,12.219300079345704,1000.0,0.0,-0.26666666666666666,-0.4666666666666667,-4.0,-7.0,0.5,31
256.1605224609375,59.540992736816406,11.90819854736328,1000.0,0.0,-0.26666666666666666,-0.4,-4.0,-6.0,0.5,31
207.4767608642578,17.713537216186523,3.5427074432373047,1000.0,0.0,-0.26666666666666666,-0.3333333333333333,-4.0,-5.0,0.5,31
198.44741821289062,20.957725524902344,4.191545104980468,1000.0,0.0,-0.26666666666666666,-0.26666666666666666,-4.0,-4.0,0.5,31
192.98081970214844,14.673255920410156,2.934651184082031,1000.0,0.0,-0.26666666666666666,-0.2,-4.0,-3.0,0.5,31
189.7820281982422,15.628276824951172,3.1256553649902346,1000.0,0.0,-0.26666666666666666,-0.13333333333333333,-4.0,-2.0,0.5,31
187.91001892089844,18.39974594116211,3.679949188232422,1000.0,0.0,-0.26666666666666666,-0.06666666666666667,-4.0,-1.0,0.5,31
187.2470245361328,16.12312126159668,3.224624252319336,1000.0,0.0,-0.26666666666666666,0.0,-4.0,0.0,0.5,31
189.88392639160156,21.87522315979004,4.375044631958008,1000.0,0.0,-0.26666666666666666,0.06666666666666667,-4.0,1.0,0.5,31
181.63351440429688,12.20617961883545,2.4412359237670898,1000.0,0.0,-0.26666666666666666,0.13333333333333333,-4.0,2.0,0.5,31
188.4541473388672,18.74921226501465,3.7498424530029295,1000.0,0.0,-0.26666666666666666,0.2,-4.0,3.0,0.5,31
189.5489501953125,19.642057418823242,3.9284114837646484,1000.0,0.0,-0.26666666666666666,0.26666666666666666,-4.0,4.0,0.5,31
195.8221435546875,22.10582160949707,4.421164321899414,1000.0,0.0,-0.26666666666666666,0.3333333333333333,-4.0,5.0,0.5,31
216.1610107421875,37.04380416870117,7.408760833740234,1000.0,0.0,-0.26666666666666666,0.4,-4.0,6.0,0.5,31
237.3332061767578,44.35209655761719,8.870419311523438,1000.0,0.0,-0.26666666666666666,0.4666666666666667,-4.0,7.0,0.5,31
222.1114501953125,39.4932861328125,7.8986572265625,1000.0,0.0,-0.26666666666666666,0.5333333333333333,-4.0,8.0,0.5,31
208.58203125,39.77529525756836,7.955059051513672,1000.0,0.0,-0.26666666666666666,0.6,-4.0,9.0,0.5,31
214.21185302734375,40.05860137939453,8.011720275878906,1000.0,0.0,-0.26666666666666666,0.6666666666666666,-4.0,10.0,0.5,31
187.107421875,17.92414093017578,3.584828186035156,1000.0,0.0,-0.26666666666666666,0.7333333333333333,-4.0,11.0,0.5,31
188.49099731445312,26.36735725402832,5.273471450805664,1000.0,0.0,-0.26666666666666666,0.8,-4.0,12.0,0.5,31
195.81103515625,20.581157684326172,4.116231536865234,1000.0,0.0,-0.26666666666666666,0.8666666666666667,-4.0,13.0,0.5,31
193.68724060058594,23.153724670410156,4.630744934082031,1000.0,0.0,-0.26666666666666666,0.9333333333333333,-4.0,14.0,0.5,31
196.44406127929688,20.41535186767578,4.083070373535156,1000.0,0.0,-0.26666666666666666,1.0,-4.0,15.0,0.5,31
216.6983184814453,75.75061798095703,15.150123596191406,1000.0,0.0,-0.2,-1.0,-3.0,-15.0,0.5,31
209.7769012451172,71.54751586914062,14.309503173828125,1000.0,0.0,-0.2,-0.9333333333333333,-3.0,-14.0,0.5,31
202.1356964111328,59.31857681274414,11.863715362548827,1000.0,0.0,-0.2,-0.8666666666666667,-3.0,-13.0,0.5,31
192.6094512939453,45.12354278564453,9.024708557128907,1000.0,0.0,-0.2,-0.8,-3.0,-12.0,0.5,31
198.00277709960938,28.12549591064453,5.625099182128906,1000.0,0.0,-0.2,-0.7333333333333333,-3.0,-11.0,0.5,31
335.4698486328125,93.45512390136719,18.691024780273438,1000.0,0.0,-0.2,-0.6666666666666666,-3.0,-10.0,0.5,31
325.14190673828125,102.30863952636719,20.461727905273438,1000.0,0.0,-0.2,-0.6,-3.0,-9.0,0.5,31
336.8109436035156,97.43531799316406,19.487063598632812,1000.0,0.0,-0.2,-0.5333333333333333,-3.0,-8.0,0.5,31
293.7482604980469,57.242774963378906,11.448554992675781,1000.0,0.0,-0.2,-0.4666666666666667,-3.0,-7.0,0.5,31
234.4295654296875,61.51100158691406,12.302200317382812,1000.0,0.0,-0.2,-0.4,-3.0,-6.0,0.5,31
209.14671325683594,28.040767669677734,5.608153533935547,1000.0,0.0,-0.2,-0.3333333333333333,-3.0,-5.0,0.5,31
192.2479705810547,16.706560134887695,3.341312026977539,1000.0,0.0,-0.2,-0.26666666666666666,-3.0,-4.0,0.5,31
195.48463439941406,18.431257247924805,3.6862514495849608,1000.0,0.0,-0.2,-0.2,-3.0,-3.0,0.5,31
184.86669921875,14.721282005310059,2.944256401062012,1000.0,0.0,-0.2,-0.13333333333333333,-3.0,-2.0,0.5,31
185.9281768798828,16.034278869628906,3.2068557739257812,1000.0,0.0,-0.2,-0.06666666666666667,-3.0,-1.0,0.5,31
187.30833435058594,19.532682418823242,3.9065364837646483,1000.0,0.0,-0.2,0.0,-3.0,0.0,0.5,31
192.19131469726562,17.822423934936523,3.564484786987305,1000.0,0.0,-0.2,0.06666666666666667,-3.0,1.0,0.5,31
199.97117614746094,21.91970443725586,4.383940887451172,1000.0,0.0,-0.2,0.13333333333333333,-3.0,2.0,0.5,31
191.0256805419922,19.822690963745117,3.9645381927490235,1000.0,0.0,-0.2,0.2,-3.0,3.0,0.5,31
184.80177307128906,17.068294525146484,3.4136589050292967,1000.0,0.0,-0.2,0.26666666666666666,-3.0,4.0,0.5,31
195.9407958984375,19.824623107910156,3.964924621582031,1000.0,0.0,-0.2,0.3333333333333333,-3.0,5.0,0.5,31
198.05560302734375,20.384780883789062,4.076956176757813,1000.0,0.0,-0.2,0.4,-3.0,6.0,0.5,31
224.6876983642578,46.35025405883789,9.270050811767579,1000.0,0.0,-0.2,0.4666666666666667,-3.0,7.0,0.5,31
193.7587890625,22.65978240966797,4.531956481933594,1000.0,0.0,-0.2,0.5333333333333333,-3.0,8.0,0.5,31
190.47476196289062,16.637571334838867,3.3275142669677735,1000.0,0.0,-0.2,0.6,-3.0,9.0,0.5,31
199.43380737304688,28.902833938598633,5.780566787719726,1000.0,0.0,-0.2,0.6666666666666666,-3.0,10.0,0.5,31
240.74044799804688,39.983306884765625,7.996661376953125,1000.0,0.0,-0.2,0.7333333333333333,-3.0,11.0,0.5,31
210.31680297851562,33.75800323486328,6.751600646972657,1000.0,0.0,-0.2,0.8,-3.0,12.0,0.5,31
215.21363830566406,50.131752014160156,10.026350402832032,1000.0,0.0,-0.2,0.8666666666666667,-3.0,13.0,0.5,31
204.24740600585938,24.96515464782715,4.99303092956543,1000.0,0.0,-0.2,0.9333333333333333,-3.0,14.0,0.5,31
222.95166015625,33.23291015625,6.64658203125,1000.0,0.0,-0.2,1.0,-3.0,15.0,0.5,31
197.2808380126953,53.260841369628906,10.652168273925781,1000.0,0.0,-0.13333333333333333,-1.0,-2.0,-15.0,0.5,31
191.6370849609375,40.55295944213867,8.110591888427734,1000.0,0.0,-0.13333333333333333,-0.9333333333333333,-2.0,-14.0,0.5,31
180.87660217285156,13.506277084350586,2.7012554168701173,1000.0,0.0,-0.13333333333333333,-0.8666666666666667,-2.0,-13.0,0.5,31
193.90509033203125,35.35722351074219,7.071444702148438,1000.0,0.0,-0.13333333333333333,-0.8,-2.0,-12.0,0.5,31
244.8427734375,68.49916076660156,13.699832153320312,1000.0,0.0,-0.13333333333333333,-0.7333333333333333,-2.0,-11.0,0.5,31
343.6168212890625,115.07865142822266,23.01573028564453,1000.0,0.0,-0.13333333333333333,-0.6666666666666666,-2.0,-10.0,0.5,31
310.03564453125,108.89069366455078,21.778138732910158,1000.0,0.0,-0.13333333333333333,-0.6,-2.0,-9.0,0.5,31
268.0258483886719,66.51641082763672,13.303282165527344,1000.0,0.0,-0.13333333333333333,-0.5333333333333333,-2.0,-8.0,0.5,31
223.3318328857422,43.51697540283203,8.703395080566406,1000.0,0.0,-0.13333333333333333,-0.4666666666666667,-2.0,-7.0,0.5,31
216.1065673828125,39.56327819824219,7.912655639648437,1000.0,0.0,-0.13333333333333333,-0.4,-2.0,-6.0,0.5,31
196.3539276123047,11.072379112243652,2.2144758224487306,1000.0,0.0,-0.13333333333333333,-0.3333333333333333,-2.0,-5.0,0.5,31
190.75643920898438,19.225400924682617,3.8450801849365233,1000.0,0.0,-0.13333333333333333,-0.26666666666666666,-2.0,-4.0,0.5,31
191.8140411376953,18.939624786376953,3.787924957275391,1000.0,0.0,-0.13333333333333333,-0.2,-2.0,-3.0,0.5,31
187.93679809570312,18.602916717529297,3.7205833435058593,1000.0,0.0,-0.13333333333333333,-0.13333333333333333,-2.0,-2.0,0.5,31
191.50851440429688,21.805830001831055,4.361166000366211,1000.0,0.0,-0.13333333333333333,-0.06666666666666667,-2.0,-1.0,0.5,31
187.7274169921875,20.65822982788086,4.131645965576172,1000.0,0.0,-0.13333333333333333,0.0,-2.0,0.0,0.5,31
206.3876190185547,53.25653839111328,10.651307678222656,1000.0,0.0,-0.13333333333333333,0.06666666666666667,-2.0,1.0,0.5,31
194.05136108398438,18.984399795532227,3.7968799591064455,1000.0,0.0,-0.13333333333333333,0.13333333333333333,-2.0,2.0,0.5,31
188.9834442138672,15.392343521118164,3.0784687042236327,1000.0,0.0,-0.13333333333333333,0.2,-2.0,3.0,0.5,31
189.14915466308594,13.132427215576172,2.6264854431152345,1000.0,0.0,-0.13333333333333333,0.26666666666666666,-2.0,4.0,0.5,31
193.14906311035156,21.13799476623535,4.22759895324707,1000.0,0.0,-0.13333333333333333,0.3333333333333333,-2.0,5.0,0.5,31
198.13331604003906,21.625429153442383,4.325085830688477,1000.0,0.0,-0.13333333333333333,0.4,-2.0,6.0,0.5,31
200.6496124267578,18.58498764038086,3.716997528076172,1000.0,0.0,-0.13333333333333333,0.4666666666666667,-2.0,7.0,0.5,31
194.47772216796875,24.69129753112793,4.938259506225586,1000.0,0.0,-0.13333333333333333,0.5333333333333333,-2.0,8.0,0.5,31
190.77882385253906,25.361446380615234,5.072289276123047,1000.0,0.0,-0.13333333333333333,0.6,-2.0,9.0,0.5,31
187.53717041015625,15.298507690429688,3.0597015380859376,1000.0,0.0,-0.13333333333333333,0.6666666666666666,-2.0,10.0,0.5,31
193.71827697753906,19.319454193115234,3.863890838623047,1000.0,0.0,-0.13333333333333333,0.7333333333333333,-2.0,11.0,0.5,31
211.73513793945312,37.74645233154297,7.549290466308594,1000.0,0.0,-0.13333333333333333,0.8,-2.0,12.0,0.5,31
214.84835815429688,46.24441146850586,9.248882293701172,1000.0,0.0,-0.13333333333333333,0.8666666666666667,-2.0,13.0,0.5,31
193.73867797851562,22.961254119873047,4.592250823974609,1000.0,0.0,-0.13333333333333333,0.9333333333333333,-2.0,14.0,0.5,31
216.40359497070312,31.533885955810547,6.3067771911621096,1000.0,0.0,-0.13333333333333333,1.0,-2.0,15.0,0.5,31
197.86492919921875,44.11219024658203,8.822438049316407,1000.0,0.0,-0.06666666666666667,-1.0,-1.0,-15.0,0.5,31
187.67677307128906,20.499404907226562,4.099880981445312,1000.0,0.0,-0.06666666666666667,-0.9333333333333333,-1.0,-14.0,0.5,31
184.14625549316406,18.46790885925293,3.693581771850586,1000.0,0.0,-0.06666666666666667,-0.8666666666666667,-1.0,-13.0,0.5,31
193.28390502929688,24.29424285888672,4.858848571777344,1000.0,0.0,-0.06666666666666667,-0.8,-1.0,-12.0,0.5,31
294.09552001953125,93.23529052734375,18.64705810546875,1000.0,0.0,-0.06666666666666667,-0.7333333333333333,-1.0,-11.0,0.5,31
335.1862487792969,114.97550201416016,22.99510040283203,1000.0,0.0,-0.06666666666666667,-0.6666666666666666,-1.0,-10.0,0.5,31
308.0868835449219,83.13599395751953,16.627198791503908,1000.0,0.0,-0.06666666666666667,-0.6,-1.0,-9.0,0.5,31
226.7098388671875,52.49156188964844,10.498312377929688,1000.0,0.0,-0.06666666666666667,-0.5333333333333333,-1.0,-8.0,0.5,31
208.4390869140625,17.056657791137695,3.411331558227539,1000.0,0.0,-0.06666666666666667,-0.4666666666666667,-1.0,-7.0,0.5,31
207.37965393066406,20.179874420166016,4.0359748840332035,1000.0,0.0,-0.06666666666666667,-0.4,-1.0,-6.0,0.5,31
195.80398559570312,14.807585716247559,2.9615171432495115,1000.0,0.0,-0.06666666666666667,-0.3333333333333333,-1.0,-5.0,0.5,31
193.1610107421875,14.79588794708252,2.959177589416504,1000.0,0.0,-0.06666666666666667,-0.26666666666666666,-1.0,-4.0,0.5,31
186.36033630371094,13.771058082580566,2.7542116165161135,1000.0,0.0,-0.06666666666666667,-0.2,-1.0,-3.0,0.5,31
184.06724548339844,13.023538589477539,2.604707717895508,1000.0,0.0,-0.06666666666666667,-0.13333333333333333,-1.0,-2.0,0.5,31
190.56768798828125,22.223478317260742,4.444695663452149,1000.0,0.0,-0.06666666666666667,-0.06666666666666667,-1.0,-1.0,0.5,31
192.13546752929688,24.431846618652344,4.886369323730468,1000.0,0.0,-0.06666666666666667,0.0,-1.0,0.0,0.5,31
205.5916748046875,33.11334228515625,6.62266845703125,1000.0,0.0,-0.06666666666666667,0.06666666666666667,-1.0,1.0,0.5,31
198.0844268798828,21.46195411682129,4.292390823364258,1000.0,0.0,-0.06666666666666667,0.13333333333333333,-1.0,2.0,0.5,31
195.49871826171875,13.812397956848145,2.7624795913696287,1000.0,0.0,-0.06666666666666667,0.2,-1.0,3.0,0.5,31
199.0750732421875,18.415199279785156,3.6830398559570314,1000.0,0.0,-0.06666666666666667,0.26666666666666666,-1.0,4.0,0.5,31
195.8232879638672,18.5011043548584,3.7002208709716795,1000.0,0.0,-0.06666666666666667,0.3333333333333333,-1.0,5.0,0.5,31
200.9678955078125,22.283422470092773,4.456684494018555,1000.0,0.0,-0.06666666666666667,0.4,-1.0,6.0,0.5,31
204.90420532226562,26.182884216308594,5.236576843261719,1000.0,0.0,-0.06666666666666667,0.4666666666666667,-1.0,7.0,0.5,31
205.39962768554688,29.101533889770508,5.820306777954102,1000.0,0.0,-0.06666666666666667,0.5333333333333333,-1.0,8.0,0.5,31
187.6229705810547,14.95927906036377,2.991855812072754,1000.0,0.0,-0.06666666666666667,0.6,-1.0,9.0,0.5,31
188.30401611328125,27.145671844482422,5.429134368896484,1000.0,0.0,-0.06666666666666667,0.6666666666666666,-1.0,10.0,0.5,31
190.5069580078125,24.022069931030273,4.804413986206055,1000.0,0.0,-0.06666666666666667,0.7333333333333333,-1.0,11.0,0.5,31
180.3354949951172,10.629549980163574,2.125909996032715,1000.0,0.0,-0.06666666666666667,0.8,-1.0,12.0,0.5,31
188.82009887695312,20.127519607543945,4.025503921508789,1000.0,0.0,-0.06666666666666667,0.8666666666666667,-1.0,13.0,0.5,31
184.4595947265625,15.894268989562988,3.1788537979125975,1000.0,0.0,-0.06666666666666667,0.9333333333333333,-1.0,14.0,0.5,31
214.07550048828125,29.968847274780273,5.9937694549560545,1000.0,0.0,-0.06666666666666667,1.0,-1.0,15.0,0.5,31
220.40594482421875,30.117719650268555,6.023543930053711,1000.0,0.0,0.0,-1.0,0.0,-15.0,0.5,31
192.46414184570312,22.1071834564209,4.42143669128418,1000.0,0.0,0.0,-0.9333333333333333,0.0,-14.0,0.5,31
190.2427215576172,18.419076919555664,3.6838153839111327,1000.0,0.0,0.0,-0.8666666666666667,0.0,-13.0,0.5,31
193.45034790039062,25.919200897216797,5.18384017944336,1000.0,0.0,0.0,-0.8,0.0,-12.0,0.5,31
286.6899108886719,85.9144287109375,17.1828857421875,1000.0,0.0,0.0,-0.7333333333333333,0.0,-11.0,0.5,31
329.4951171875,79.78346252441406,15.956692504882813,1000.0,0.0,0.0,-0.6666666666666666,0.0,-10.0,0.5,31
298.38720703125,64.18657684326172,12.837315368652344,1000.0,0.0,0.0,-0.6,0.0,-9.0,0.5,31
230.22601318359375,33.86057662963867,6.772115325927734,1000.0,0.0,0.0,-0.5333333333333333,0.0,-8.0,0.5,31
234.3944091796875,51.19841384887695,10.23968276977539,1000.0,0.0,0.0,-0.4666666666666667,0.0,-7.0,0.5,31
206.7490692138672,20.141292572021484,4.028258514404297,1000.0,0.0,0.0,-0.4,0.0,-6.0,0.5,31
194.8096466064453,15.14476203918457,3.028952407836914,1000.0,0.0,0.0,-0.3333333333333333,0.0,-5.0,0.5,31
190.46238708496094,11.040188789367676,2.208037757873535,1000.0,0.0,0.0,-0.26666666666666666,0.0,-4.0,0.5,31
184.7953643798828,11.665620803833008,2.3331241607666016,1000.0,0.0,0.0,-0.2,0.0,-3.0,0.5,31
186.53945922851562,13.959808349609375,2.791961669921875,1000.0,0.0,0.0,-0.13333333333333333,0.0,-2.0,0.5,31
202.25997924804688,29.001413345336914,5.800282669067383,1000.0,0.0,0.0,-0.06666666666666667,0.0,-1.0,0.5,31
201.1717987060547,24.89689826965332,4.979379653930664,1000.0,0.0,0.0,0.0,0.0,0.0,0.5,31
201.2007293701172,23.163843154907227,4.632768630981445,1000.0,0.0,0.0,0.06666666666666667,0.0,1.0,0.5,31
204.0989990234375,22.65608787536621,4.531217575073242,1000.0,0.0,0.0,0.13333333333333333,0.0,2.0,0.5,31
203.57183837890625,17.272491455078125,3.454498291015625,1000.0,0.0,0.0,0.2,0.0,3.0,0.5,31
198.58665466308594,13.584089279174805,2.716817855834961,1000.0,0.0,0.0,0.26666666666666666,0.0,4.0,0.5,31
200.57293701171875,20.90162467956543,4.180324935913086,1000.0,0.0,0.0,0.3333333333333333,0.0,5.0,0.5,31
203.33567810058594,26.39995002746582,5.279990005493164,1000.0,0.0,0.0,0.4,0.0,6.0,0.5,31
203.94895935058594,26.891267776489258,5.378253555297851,1000.0,0.0,0.0,0.4666666666666667,0.0,7.0,0.5,31
199.95899963378906,32.16730880737305,6.433461761474609,1000.0,0.0,0.0,0.5333333333333333,0.0,8.0,0.5,31
190.0570068359375,27.726858139038086,5.545371627807617,1000.0,0.0,0.0,0.6,0.0,9.0,0.5,31
193.54629516601562,27.67095184326172,5.534190368652344,1000.0,0.0,0.0,0.6666666666666666,0.0,10.0,0.5,31
188.59857177734375,21.9263858795166,4.385277175903321,1000.0,0.0,0.0,0.7333333333333333,0.0,11.0,0.5,31
186.24241638183594,18.333410263061523,3.6666820526123045,1000.0,0.0,0.0,0.8,0.0,12.0,0.5,31
193.54771423339844,21.77895164489746,4.355790328979492,1000.0,0.0,0.0,0.8666666666666667,0.0,13.0,0.5,31
189.57191467285156,17.375520706176758,3.4751041412353514,1000.0,0.0,0.0,0.9333333333333333,0.0,14.0,0.5,31
207.21502685546875,15.846562385559082,3.1693124771118164,1000.0,0.0,0.0,1.0,0.0,15.0,0.5,31
245.5448455810547,14.04373550415039,2.808747100830078,1000.0,0.0,0.06666666666666667,-1.0,1.0,-15.0,0.5,31
191.8433380126953,22.021684646606445,4.404336929321289,1000.0,0.0,0.06666666666666667,-0.9333333333333333,1.0,-14.0,0.5,31
211.2161102294922,33.54965591430664,6.709931182861328,1000.0,0.0,0.06666666666666667,-0.8666666666666667,1.0,-13.0,0.5,31
248.09353637695312,61.37565994262695,12.275131988525391,1000.0,0.0,0.06666666666666667,-0.8,1.0,-12.0,0.5,31
317.4234619140625,81.52287292480469,16.30457458496094,1000.0,0.0,0.06666666666666667,-0.7333333333333333,1.0,-11.0,0.5,31
330.4599914550781,55.81553268432617,11.163106536865234,1000.0,0.0,0.06666666666666667,-0.6666666666666666,1.0,-10.0,0.5,31
290.79168701171875,66.47080993652344,13.294161987304687,1000.0,0.0,0.06666666666666667,-0.6,1.0,-9.0,0.5,31
242.35838317871094,52.12812042236328,10.425624084472656,1000.0,0.0,0.06666666666666667,-0.5333333333333333,1.0,-8.0,0.5,31
225.3317413330078,43.54379653930664,8.708759307861328,1000.0,0.0,0.06666666666666667,-0.4666666666666667,1.0,-7.0,0.5,31
196.7310333251953,15.773869514465332,3.1547739028930666,1000.0,0.0,0.06666666666666667,-0.4,1.0,-6.0,0.5,31
192.1651153564453,10.76581859588623,2.153163719177246,1000.0,0.0,0.06666666666666667,-0.3333333333333333,1.0,-5.0,0.5,31
192.5861358642578,15.58898639678955,3.11779727935791,1000.0,0.0,0.06666666666666667,-0.26666666666666666,1.0,-4.0,0.5,31
188.8275909423828,13.418811798095703,2.6837623596191404,1000.0,0.0,0.06666666666666667,-0.2,1.0,-3.0,0.5,31
191.52734375,21.578420639038086,4.315684127807617,1000.0,0.0,0.06666666666666667,-0.13333333333333333,1.0,-2.0,0.5,31
195.14991760253906,20.37846565246582,4.075693130493164,1000.0,0.0,0.06666666666666667,-0.06666666666666667,1.0,-1.0,0.5,31
203.89813232421875,28.878416061401367,5.775683212280273,1000.0,0.0,0.06666666666666667,0.0,1.0,0.0,0.5,31
210.58413696289062,45.38914108276367,9.077828216552735,1000.0,0.0,0.06666666666666667,0.06666666666666667,1.0,1.0,0.5,31
201.7177734375,25.37690544128418,5.075381088256836,1000.0,0.0,0.06666666666666667,0.13333333333333333,1.0,2.0,0.5,31
214.74423217773438,33.02107620239258,6.604215240478515,1000.0,0.0,0.06666666666666667,0.2,1.0,3.0,0.5,31
221.7067413330078,33.85492706298828,6.770985412597656,1000.0,0.0,0.06666666666666667,0.26666666666666666,1.0,4.0,0.5,31
226.99073791503906,26.9894962310791,5.39789924621582,1000.0,0.0,0.06666666666666667,0.3333333333333333,1.0,5.0,0.5,31
229.65487670898438,47.408966064453125,9.481793212890626,1000.0,0.0,0.06666666666666667,0.4,1.0,6.0,0.5,31
197.25460815429688,22.187475204467773,4.4374950408935545,1000.0,0.0,0.06666666666666667,0.4666666666666667,1.0,7.0,0.5,31
196.12960815429688,21.6103515625,4.3220703125,1000.0,0.0,0.06666666666666667,0.5333333333333333,1.0,8.0,0.5,31
191.7583465576172,19.68536376953125,3.93707275390625,1000.0,0.0,0.06666666666666667,0.6,1.0,9.0,0.5,31
193.60919189453125,25.393457412719727,5.078691482543945,1000.0,0.0,0.06666666666666667,0.6666666666666666,1.0,10.0,0.5,31
187.2896270751953,23.734542846679688,4.746908569335938,1000.0,0.0,0.06666666666666667,0.7333333333333333,1.0,11.0,0.5,31
178.87672424316406,11.21143627166748,2.242287254333496,1000.0,0.0,0.06666666666666667,0.8,1.0,12.0,0.5,31
192.72720336914062,18.399028778076172,3.6798057556152344,1000.0,0.0,0.06666666666666667,0.8666666666666667,1.0,13.0,0.5,31
194.85081481933594,16.736934661865234,3.347386932373047,1000.0,0.0,0.06666666666666667,0.9333333333333333,1.0,14.0,0.5,31
205.63824462890625,18.271480560302734,3.654296112060547,1000.0,0.0,0.06666666666666667,1.0,1.0,15.0,0.5,31
255.3635711669922,24.07344627380371,4.814689254760742,1000.0,0.0,0.13333333333333333,-1.0,2.0,-15.0,0.5,31
235.3401336669922,22.163982391357422,4.432796478271484,1000.0,0.0,0.13333333333333333,-0.9333333333333333,2.0,-14.0,0.5,31
276.8831787109375,29.676607131958008,5.935321426391601,1000.0,0.0,0.13333333333333333,-0.8666666666666667,2.0,-13.0,0.5,31
255.59352111816406,57.950199127197266,11.590039825439453,1000.0,0.0,0.13333333333333333,-0.8,2.0,-12.0,0.5,31
230.87037658691406,57.347835540771484,11.469567108154298,1000.0,0.0,0.13333333333333333,-0.7333333333333333,2.0,-11.0,0.5,31
327.1899719238281,52.585784912109375,10.517156982421875,1000.0,0.0,0.13333333333333333,-0.6666666666666666,2.0,-10.0,0.5,31
327.89337158203125,75.33543395996094,15.067086791992187,1000.0,0.0,0.13333333333333333,-0.6,2.0,-9.0,0.5,31
236.00985717773438,44.02423858642578,8.804847717285156,1000.0,0.0,0.13333333333333333,-0.5333333333333333,2.0,-8.0,0.5,31
212.46192932128906,31.32512855529785,6.26502571105957,1000.0,0.0,0.13333333333333333,-0.4666666666666667,2.0,-7.0,0.5,31
195.4626922607422,20.351926803588867,4.070385360717774,1000.0,0.0,0.13333333333333333,-0.4,2.0,-6.0,0.5,31
190.9902801513672,13.799031257629395,2.759806251525879,1000.0,0.0,0.13333333333333333,-0.3333333333333333,2.0,-5.0,0.5,31
195.1318359375,18.702672958374023,3.7405345916748045,1000.0,0.0,0.13333333333333333,-0.26666666666666666,2.0,-4.0,0.5,31
189.11964416503906,17.724714279174805,3.544942855834961,1000.0,0.0,0.13333333333333333,-0.2,2.0,-3.0,0.5,31
190.0806121826172,19.8045654296875,3.9609130859375,1000.0,0.0,0.13333333333333333,-0.13333333333333333,2.0,-2.0,0.5,31
204.0542449951172,28.108623504638672,5.621724700927734,1000.0,0.0,0.13333333333333333,-0.06666666666666667,2.0,-1.0,0.5,31
201.91285705566406,28.849895477294922,5.769979095458984,1000.0,0.0,0.13333333333333333,0.0,2.0,0.0,0.5,31
201.42547607421875,25.54074478149414,5.1081489562988285,1000.0,0.0,0.13333333333333333,0.06666666666666667,2.0,1.0,0.5,31
199.41314697265625,26.235027313232422,5.247005462646484,1000.0,0.0,0.13333333333333333,0.13333333333333333,2.0,2.0,0.5,31
226.46426391601562,42.98066711425781,8.596133422851562,1000.0,0.0,0.13333333333333333,0.2,2.0,3.0,0.5,31
232.2632293701172,35.79374694824219,7.158749389648437,1000.0,0.0,0.13333333333333333,0.26666666666666666,2.0,4.0,0.5,31
230.5293426513672,31.298131942749023,6.259626388549805,1000.0,0.0,0.13333333333333333,0.3333333333333333,2.0,5.0,0.5,31
228.30787658691406,43.5180549621582,8.70361099243164,1000.0,0.0,0.13333333333333333,0.4,2.0,6.0,0.5,31
209.64248657226562,33.3574104309082,6.671482086181641,1000.0,0.0,0.13333333333333333,0.4666666666666667,2.0,7.0,0.5,31
208.5149383544922,59.37455749511719,11.874911499023437,1000.0,0.0,0.13333333333333333,0.5333333333333333,2.0,8.0,0.5,31
213.48025512695312,51.808128356933594,10.361625671386719,1000.0,0.0,0.13333333333333333,0.6,2.0,9.0,0.5,31
198.9874267578125,28.773300170898438,5.754660034179688,1000.0,0.0,0.13333333333333333,0.6666666666666666,2.0,10.0,0.5,31
190.39273071289062,22.472549438476562,4.494509887695313,1000.0,0.0,0.13333333333333333,0.7333333333333333,2.0,11.0,0.5,31
190.90110778808594,13.730843544006348,2.7461687088012696,1000.0,0.0,0.13333333333333333,0.8,2.0,12.0,0.5,31
191.5412139892578,14.170883178710938,2.8341766357421876,1000.0,0.0,0.13333333333333333,0.8666666666666667,2.0,13.0,0.5,31
191.4114227294922,14.30233383178711,2.8604667663574217,1000.0,0.0,0.13333333333333333,0.9333333333333333,2.0,14.0,0.5,31
217.50802612304688,20.078536987304688,4.015707397460938,1000.0,0.0,0.13333333333333333,1.0,2.0,15.0,0.5,31
290.66064453125,33.736087799072266,6.7472175598144535,1000.0,0.0,0.2,-1.0,3.0,-15.0,0.5,31
253.3518524169922,27.489187240600586,5.4978374481201175,1000.0,0.0,0.2,-0.9333333333333333,3.0,-14.0,0.5,31
227.36044311523438,17.92310333251953,3.5846206665039064,1000.0,0.0,0.2,-0.8666666666666667,3.0,-13.0,0.5,31
206.23822021484375,33.906211853027344,6.781242370605469,1000.0,0.0,0.2,-0.8,3.0,-12.0,0.5,31
215.6753692626953,48.393959045410156,9.678791809082032,1000.0,0.0,0.2,-0.7333333333333333,3.0,-11.0,0.5,31
327.01287841796875,57.90500259399414,11.581000518798827,1000.0,0.0,0.2,-0.6666666666666666,3.0,-10.0,0.5,31
330.8814392089844,70.74735260009766,14.14947052001953,1000.0,0.0,0.2,-0.6,3.0,-9.0,0.5,31
261.07647705078125,65.20540618896484,13.04108123779297,1000.0,0.0,0.2,-0.5333333333333333,3.0,-8.0,0.5,31
213.5693817138672,34.912418365478516,6.982483673095703,1000.0,0.0,0.2,-0.4666666666666667,3.0,-7.0,0.5,31
211.7362823486328,35.03553009033203,7.007106018066406,1000.0,0.0,0.2,-0.4,3.0,-6.0,0.5,31
201.24066162109375,21.513736724853516,4.302747344970703,1000.0,0.0,0.2,-0.3333333333333333,3.0,-5.0,0.5,31
200.22312927246094,26.896564483642578,5.379312896728516,1000.0,0.0,0.2,-0.26666666666666666,3.0,-4.0,0.5,31
195.3603515625,19.93015480041504,3.9860309600830077,1000.0,0.0,0.2,-0.2,3.0,-3.0,0.5,31
191.48890686035156,14.16608715057373,2.833217430114746,1000.0,0.0,0.2,-0.13333333333333333,3.0,-2.0,0.5,31
203.99185180664062,23.3227596282959,4.66455192565918,1000.0,0.0,0.2,-0.06666666666666667,3.0,-1.0,0.5,31
201.33453369140625,21.123109817504883,4.224621963500977,1000.0,0.0,0.2,0.0,3.0,0.0,0.5,31
217.83314514160156,29.687294006347656,5.937458801269531,1000.0,0.0,0.2,0.06666666666666667,3.0,1.0,0.5,31
207.40765380859375,21.802343368530273,4.3604686737060545,1000.0,0.0,0.2,0.13333333333333333,3.0,2.0,0.5,31
220.06764221191406,19.602415084838867,3.9204830169677733,1000.0,0.0,0.2,0.2,3.0,3.0,0.5,31
256.3171081542969,44.071014404296875,8.814202880859375,1000.0,0.0,0.2,0.26666666666666666,3.0,4.0,0.5,31
255.10609436035156,43.19247055053711,8.638494110107422,1000.0,0.0,0.2,0.3333333333333333,3.0,5.0,0.5,31
230.88356018066406,36.45243835449219,7.290487670898438,1000.0,0.0,0.2,0.4,3.0,6.0,0.5,31
214.7548828125,39.541255950927734,7.908251190185547,1000.0,0.0,0.2,0.4666666666666667,3.0,7.0,0.5,31
202.07322692871094,29.130483627319336,5.826096725463867,1000.0,0.0,0.2,0.5333333333333333,3.0,8.0,0.5,31
248.22543334960938,67.05890655517578,13.411781311035156,1000.0,0.0,0.2,0.6,3.0,9.0,0.5,31
200.04051208496094,32.411502838134766,6.482300567626953,1000.0,0.0,0.2,0.6666666666666666,3.0,10.0,0.5,31
196.45806884765625,22.81972885131836,4.563945770263672,1000.0,0.0,0.2,0.7333333333333333,3.0,11.0,0.5,31
202.19264221191406,18.976919174194336,3.795383834838867,1000.0,0.0,0.2,0.8,3.0,12.0,0.5,31
186.43211364746094,14.601579666137695,2.9203159332275392,1000.0,0.0,0.2,0.8666666666666667,3.0,13.0,0.5,31
187.50674438476562,17.44704246520996,3.489408493041992,1000.0,0.0,0.2,0.9333333333333333,3.0,14.0,0.5,31
222.18548583984375,22.272315979003906,4.454463195800781,1000.0,0.0,0.2,1.0,3.0,15.0,0.5,31
305.0126037597656,45.01028060913086,9.002056121826172,1000.0,0.0,0.26666666666666666,-1.0,4.0,-15.0,0.5,31
284.01092529296875,50.182167053222656,10.03643341064453,1000.0,0.0,0.26666666666666666,-0.9333333333333333,4.0,-14.0,0.5,31
250.55313110351562,32.760032653808594,6.552006530761719,1000.0,0.0,0.26666666666666666,-0.8666666666666667,4.0,-13.0,0.5,31
220.58641052246094,24.02815818786621,4.805631637573242,1000.0,0.0,0.26666666666666666,-0.8,4.0,-12.0,0.5,31
190.79953002929688,29.842805862426758,5.968561172485352,1000.0,0.0,0.26666666666666666,-0.7333333333333333,4.0,-11.0,0.5,31
256.1062927246094,60.4686279296875,12.0937255859375,1000.0,0.0,0.26666666666666666,-0.6666666666666666,4.0,-10.0,0.5,31
320.9473571777344,86.054443359375,17.210888671875,1000.0,0.0,0.26666666666666666,-0.6,4.0,-9.0,0.5,31
298.3261413574219,70.20348358154297,14.040696716308593,1000.0,0.0,0.26666666666666666,-0.5333333333333333,4.0,-8.0,0.5,31
241.50213623046875,63.65038299560547,12.730076599121094,1000.0,0.0,0.26666666666666666,-0.4666666666666667,4.0,-7.0,0.5,31
231.58656311035156,38.44103240966797,7.688206481933594,1000.0,0.0,0.26666666666666666,-0.4,4.0,-6.0,0.5,31
206.03912353515625,25.92005157470703,5.184010314941406,1000.0,0.0,0.26666666666666666,-0.3333333333333333,4.0,-5.0,0.5,31
194.34046936035156,22.824771881103516,4.564954376220703,1000.0,0.0,0.26666666666666666,-0.26666666666666666,4.0,-4.0,0.5,31
213.22348022460938,22.81598663330078,4.563197326660156,1000.0,0.0,0.26666666666666666,-0.2,4.0,-3.0,0.5,31
225.28501892089844,21.6492919921875,4.3298583984375,1000.0,0.0,0.26666666666666666,-0.13333333333333333,4.0,-2.0,0.5,31
208.78411865234375,22.162803649902344,4.432560729980469,1000.0,0.0,0.26666666666666666,-0.06666666666666667,4.0,-1.0,0.5,31
207.48362731933594,22.680830001831055,4.536166000366211,1000.0,0.0,0.26666666666666666,0.0,4.0,0.0,0.5,31
230.50196838378906,29.010995864868164,5.802199172973633,1000.0,0.0,0.26666666666666666,0.06666666666666667,4.0,1.0,0.5,31
238.79312133789062,23.712404251098633,4.742480850219726,1000.0,0.0,0.26666666666666666,0.13333333333333333,4.0,2.0,0.5,31
265.4341125488281,33.264007568359375,6.652801513671875,1000.0,0.0,0.26666666666666666,0.2,4.0,3.0,0.5,31
264.88238525390625,50.702754974365234,10.140550994873047,1000.0,0.0,0.26666666666666666,0.26666666666666666,4.0,4.0,0.5,31
300.9327087402344,59.276912689208984,11.855382537841797,1000.0,0.0,0.26666666666666666,0.3333333333333333,4.0,5.0,0.5,31
294.35528564453125,60.886844635009766,12.177368927001954,1000.0,0.0,0.26666666666666666,0.4,4.0,6.0,0.5,31
236.8701934814453,43.317588806152344,8.66351776123047,1000.0,0.0,0.26666666666666666,0.4666666666666667,4.0,7.0,0.5,31
235.3467254638672,52.040950775146484,10.408190155029297,1000.0,0.0,0.26666666666666666,0.5333333333333333,4.0,8.0,0.5,31
234.89810180664062,47.86084747314453,9.572169494628906,1000.0,0.0,0.26666666666666666,0.6,4.0,9.0,0.5,31
203.1650390625,35.59987258911133,7.119974517822266,1000.0,0.0,0.26666666666666666,0.6666666666666666,4.0,10.0,0.5,31
194.04531860351562,16.955848693847656,3.3911697387695314,1000.0,0.0,0.26666666666666666,0.7333333333333333,4.0,11.0,0.5,31
184.11134338378906,13.39809799194336,2.6796195983886717,1000.0,0.0,0.26666666666666666,0.8,4.0,12.0,0.5,31
184.6088104248047,14.877690315246582,2.9755380630493162,1000.0,0.0,0.26666666666666666,0.8666666666666667,4.0,13.0,0.5,31
185.68716430664062,17.056642532348633,3.4113285064697267,1000.0,0.0,0.26666666666666666,0.9333333333333333,4.0,14.0,0.5,31
210.74754333496094,39.96059036254883,7.992118072509766,1000.0,0.0,0.26666666666666666,1.0,4.0,15.0,0.5,31
271.6488342285156,56.58310317993164,11.316620635986329,1000.0,0.0,0.3333333333333333,-1.0,5.0,-15.0,0.5,31
263.1324462890625,54.80434036254883,10.960868072509765,1000.0,0.0,0.3333333333333333,-0.9333333333333333,5.0,-14.0,0.5,31
263.778076171875,43.491966247558594,8.698393249511719,1000.0,0.0,0.3333333333333333,-0.8666666666666667,5.0,-13.0,0.5,31
256.9285888671875,23.912809371948242,4.782561874389648,1000.0,0.0,0.3333333333333333,-0.8,5.0,-12.0,0.5,31
240.9213409423828,32.831729888916016,6.566345977783203,1000.0,0.0,0.3333333333333333,-0.7333333333333333,5.0,-11.0,0.5,31
244.24099731445312,53.457550048828125,10.691510009765626,1000.0,0.0,0.3333333333333333,-0.6666666666666666,5.0,-10.0,0.5,31
289.79541015625,59.4813232421875,11.8962646484375,1000.0,0.0,0.3333333333333333,-0.6,5.0,-9.0,0.5,31
307.99139404296875,102.87969207763672,20.575938415527343,1000.0,0.0,0.3333333333333333,-0.5333333333333333,5.0,-8.0,0.5,31
336.0635681152344,95.79373168945312,19.158746337890626,1000.0,0.0,0.3333333333333333,-0.4666666666666667,5.0,-7.0,0.5,31
260.7079772949219,55.12763214111328,11.025526428222657,1000.0,0.0,0.3333333333333333,-0.4,5.0,-6.0,0.5,31
222.591796875,51.83182907104492,10.366365814208985,1000.0,0.0,0.3333333333333333,-0.3333333333333333,5.0,-5.0,0.5,31
216.19488525390625,37.484954833984375,7.496990966796875,1000.0,0.0,0.3333333333333333,-0.26666666666666666,5.0,-4.0,0.5,31
202.27073669433594,21.083749771118164,4.216749954223633,1000.0,0.0,0.3333333333333333,-0.2,5.0,-3.0,0.5,31
213.3804168701172,23.360862731933594,4.672172546386719,1000.0,0.0,0.3333333333333333,-0.13333333333333333,5.0,-2.0,0.5,31
208.5540771484375,26.706640243530273,5.341328048706055,1000.0,0.0,0.3333333333333333,-0.06666666666666667,5.0,-1.0,0.5,31
230.11447143554688,33.34733963012695,6.669467926025391,1000.0,0.0,0.3333333333333333,0.0,5.0,0.0,0.5,31
248.92422485351562,36.4103889465332,7.282077789306641,1000.0,0.0,0.3333333333333333,0.06666666666666667,5.0,1.0,0.5,31
261.42584228515625,40.62409210205078,8.124818420410156,1000.0,0.0,0.3333333333333333,0.13333333333333333,5.0,2.0,0.5,31
303.8781433105469,72.46182250976562,14.492364501953125,1000.0,0.0,0.3333333333333333,0.2,5.0,3.0,0.5,31
302.1735534667969,58.669532775878906,11.733906555175782,1000.0,0.0,0.3333333333333333,0.26666666666666666,5.0,4.0,0.5,31
308.7684326171875,62.44152069091797,12.488304138183594,1000.0,0.0,0.3333333333333333,0.3333333333333333,5.0,5.0,0.5,31
316.3755798339844,75.89923858642578,15.179847717285156,1000.0,0.0,0.3333333333333333,0.4,5.0,6.0,0.5,31
302.8514099121094,89.47938537597656,17.895877075195312,1000.0,0.0,0.3333333333333333,0.4666666666666667,5.0,7.0,0.5,31
294.18109130859375,104.29554748535156,20.859109497070314,1000.0,0.0,0.3333333333333333,0.5333333333333333,5.0,8.0,0.5,31
225.00160217285156,54.13569259643555,10.827138519287109,1000.0,0.0,0.3333333333333333,0.6,5.0,9.0,0.5,31
201.21356201171875,24.997549057006836,4.999509811401367,1000.0,0.0,0.3333333333333333,0.6666666666666666,5.0,10.0,0.5,31
190.6164093017578,20.953096389770508,4.190619277954101,1000.0,0.0,0.3333333333333333,0.7333333333333333,5.0,11.0,0.5,31
184.3035125732422,19.0465145111084,3.8093029022216798,1000.0,0.0,0.3333333333333333,0.8,5.0,12.0,0.5,31
178.24169921875,11.275491714477539,2.255098342895508,1000.0,0.0,0.3333333333333333,0.8666666666666667,5.0,13.0,0.5,31
198.35545349121094,30.96683692932129,6.193367385864258,1000.0,0.0,0.3333333333333333,0.9333333333333333,5.0,14.0,0.5,31
214.83021545410156,28.339916229248047,5.6679832458496096,1000.0,0.0,0.3333333333333333,1.0,5.0,15.0,0.5,31
260.6087646484375,44.31203079223633,8.862406158447266,1000.0,0.0,0.4,-1.0,6.0,-15.0,0.5,31
256.99658203125,52.8269157409668,10.565383148193359,1000.0,0.0,0.4,-0.9333333333333333,6.0,-14.0,0.5,31
255.10093688964844,51.36940002441406,10.273880004882812,1000.0,0.0,0.4,-0.8666666666666667,6.0,-13.0,0.5,31
254.20150756835938,31.050491333007812,6.2100982666015625,1000.0,0.0,0.4,-0.8,6.0,-12.0,0.5,31
267.0467529296875,36.74061965942383,7.348123931884766,1000.0,0.0,0.4,-0.7333333333333333,6.0,-11.0,0.5,31
266.3729248046875,44.261104583740234,8.852220916748047,1000.0,0.0,0.4,-0.6666666666666666,6.0,-10.0,0.5,31
265.4092712402344,48.40913391113281,9.681826782226562,1000.0,0.0,0.4,-0.6,6.0,-9.0,0.5,31
270.4497985839844,78.02513885498047,15.605027770996093,1000.0,0.0,0.4,-0.5333333333333333,6.0,-8.0,0.5,31
307.52081298828125,76.60576629638672,15.321153259277343,1000.0,0.0,0.4,-0.4666666666666667,6.0,-7.0,0.5,31
254.6020965576172,63.11762619018555,12.623525238037109,1000.0,0.0,0.4,-0.4,6.0,-6.0,0.5,31
233.4970245361328,49.95722579956055,9.991445159912109,1000.0,0.0,0.4,-0.3333333333333333,6.0,-5.0,0.5,31
217.44000244140625,21.01032829284668,4.202065658569336,1000.0,0.0,0.4,-0.26666666666666666,6.0,-4.0,0.5,31
231.4398956298828,46.88297653198242,9.376595306396485,1000.0,0.0,0.4,-0.2,6.0,-3.0,0.5,31
225.28848266601562,35.78631591796875,7.15726318359375,1000.0,0.0,0.4,-0.13333333333333333,6.0,-2.0,0.5,31
235.41879272460938,39.36315155029297,7.872630310058594,1000.0,0.0,0.4,-0.06666666666666667,6.0,-1.0,0.5,31
230.14117431640625,60.04493713378906,12.008987426757812,1000.0,0.0,0.4,0.0,6.0,0.0,0.5,31
264.3269348144531,45.04314422607422,9.008628845214844,1000.0,0.0,0.4,0.06666666666666667,6.0,1.0,0.5,31
259.2025451660156,37.5684814453125,7.5136962890625,1000.0,0.0,0.4,0.13333333333333333,6.0,2.0,0.5,31
303.2586669921875,46.22505569458008,9.245011138916016,1000.0,0.0,0.4,0.2,6.0,3.0,0.5,31
326.3692321777344,59.53474426269531,11.906948852539063,1000.0,0.0,0.4,0.26666666666666666,6.0,4.0,0.5,31
320.4272155761719,82.05689239501953,16.411378479003908,1000.0,0.0,0.4,0.3333333333333333,6.0,5.0,0.5,31
331.7298583984375,85.79112243652344,17.158224487304686,1000.0,0.0,0.4,0.4,6.0,6.0,0.5,31
322.4976806640625,91.6873779296875,18.3374755859375,1000.0,0.0,0.4,0.4666666666666667,6.0,7.0,0.5,31
292.7431640625,100.45172882080078,20.090345764160155,1000.0,0.0,0.4,0.5333333333333333,6.0,8.0,0.5,31
197.13833618164062,19.03019142150879,3.8060382843017577,1000.0,0.0,0.4,0.6,6.0,9.0,0.5,31
186.46897888183594,24.23429298400879,4.8468585968017575,1000.0,0.0,0.4,0.6666666666666666,6.0,10.0,0.5,31
198.0030517578125,22.05567741394043,4.411135482788086,1000.0,0.0,0.4,0.7333333333333333,6.0,11.0,0.5,31
182.79452514648438,13.135709762573242,2.6271419525146484,1000.0,0.0,0.4,0.8,6.0,12.0,0.5,31
179.83229064941406,12.73947525024414,2.547895050048828,1000.0,0.0,0.4,0.8666666666666667,6.0,13.0,0.5,31
204.80673217773438,28.132068634033203,5.626413726806641,1000.0,0.0,0.4,0.9333333333333333,6.0,14.0,0.5,31
229.20513916015625,34.92646408081055,6.98529281616211,1000.0,0.0,0.4,1.0,6.0,15.0,0.5,31
262.5722351074219,55.30531311035156,11.061062622070313,1000.0,0.0,0.4666666666666667,-1.0,7.0,-15.0,0.5,31
280.63348388671875,65.67528533935547,13.135057067871093,1000.0,0.0,0.4666666666666667,-0.9333333333333333,7.0,-14.0,0.5,31
278.08349609375,56.60747146606445,11.32149429321289,1000.0,0.0,0.4666666666666667,-0.8666666666666667,7.0,-13.0,0.5,31
253.84072875976562,59.013221740722656,11.802644348144531,1000.0,0.0,0.4666666666666667,-0.8,7.0,-12.0,0.5,31
242.49044799804688,46.84563064575195,9.369126129150391,1000.0,0.0,0.4666666666666667,-0.7333333333333333,7.0,-11.0,0.5,31
255.6884307861328,59.77274703979492,11.954549407958984,1000.0,0.0,0.4666666666666667,-0.6666666666666666,7.0,-10.0,0.5,31
262.699951171875,41.90162658691406,8.380325317382812,1000.0,0.0,0.4666666666666667,-0.6,7.0,-9.0,0.5,31
206.45843505859375,43.03363800048828,8.606727600097656,1000.0,0.0,0.4666666666666667,-0.5333333333333333,7.0,-8.0,0.5,31
212.40354919433594,45.5153694152832,9.103073883056641,1000.0,0.0,0.4666666666666667,-0.4666666666666667,7.0,-7.0,0.5,31
256.61529541015625,60.706443786621094,12.141288757324219,1000.0,0.0,0.4666666666666667,-0.4,7.0,-6.0,0.5,31
232.14955139160156,62.294036865234375,12.458807373046875,1000.0,0.0,0.4666666666666667,-0.3333333333333333,7.0,-5.0,0.5,31
230.19068908691406,50.1126823425293,10.022536468505859,1000.0,0.0,0.4666666666666667,-0.26666666666666666,7.0,-4.0,0.5,31
238.45089721679688,45.16979217529297,9.033958435058594,1000.0,0.0,0.4666666666666667,-0.2,7.0,-3.0,0.5,31
223.03948974609375,48.86043930053711,9.772087860107423,1000.0,0.0,0.4666666666666667,-0.13333333333333333,7.0,-2.0,0.5,31
243.69342041015625,66.60631561279297,13.321263122558594,1000.0,0.0,0.4666666666666667,-0.06666666666666667,7.0,-1.0,0.5,31
242.8125457763672,53.11885452270508,10.623770904541015,1000.0,0.0,0.4666666666666667,0.0,7.0,0.0,0.5,31
291.5939025878906,68.35121154785156,13.670242309570312,1000.0,0.0,0.4666666666666667,0.06666666666666667,7.0,1.0,0.5,31
281.31463623046875,62.17012023925781,12.434024047851562,1000.0,0.0,0.4666666666666667,0.13333333333333333,7.0,2.0,0.5,31
297.2368469238281,67.9478759765625,13.5895751953125,1000.0,0.0,0.4666666666666667,0.2,7.0,3.0,0.5,31
301.96435546875,50.056819915771484,10.011363983154297,1000.0,0.0,0.4666666666666667,0.26666666666666666,7.0,4.0,0.5,31
256.7083435058594,57.592342376708984,11.518468475341797,1000.0,0.0,0.4666666666666667,0.3333333333333333,7.0,5.0,0.5,31
284.82794189453125,88.95629119873047,17.791258239746092,1000.0,0.0,0.4666666666666667,0.4,7.0,6.0,0.5,31
279.4234619140625,94.17692565917969,18.835385131835938,1000.0,0.0,0.4666666666666667,0.4666666666666667,7.0,7.0,0.5,31
195.7992706298828,33.1843147277832,6.636862945556641,1000.0,0.0,0.4666666666666667,0.5333333333333333,7.0,8.0,0.5,31
190.7356414794922,27.114805221557617,5.422961044311523,1000.0,0.0,0.4666666666666667,0.6,7.0,9.0,0.5,31
180.12387084960938,11.048333168029785,2.209666633605957,1000.0,0.0,0.4666666666666667,0.6666666666666666,7.0,10.0,0.5,31
210.58563232421875,35.130615234375,7.026123046875,1000.0,0.0,0.4666666666666667,0.7333333333333333,7.0,11.0,0.5,31
178.5478973388672,10.251506805419922,2.050301361083984,1000.0,0.0,0.4666666666666667,0.8,7.0,12.0,0.5,31
182.18936157226562,15.095600128173828,3.0191200256347654,1000.0,0.0,0.4666666666666667,0.8666666666666667,7.0,13.0,0.5,31
191.71144104003906,19.065628051757812,3.8131256103515625,1000.0,0.0,0.4666666666666667,0.9333333333333333,7.0,14.0,0.5,31
240.8119354248047,27.00023651123047,5.400047302246094,1000.0,0.0,0.4666666666666667,1.0,7.0,15.0,0.5,31
262.0468444824219,42.73935317993164,8.547870635986328,1000.0,0.0,0.5333333333333333,-1.0,8.0,-15.0,0.5,31
264.9112243652344,48.51951599121094,9.703903198242188,1000.0,0.0,0.5333333333333333,-0.9333333333333333,8.0,-14.0,0.5,31
253.8909912109375,60.496681213378906,12.099336242675781,1000.0,0.0,0.5333333333333333,-0.8666666666666667,8.0,-13.0,0.5,31
237.98492431640625,57.0410041809082,11.40820083618164,1000.0,0.0,0.5333333333333333,-0.8,8.0,-12.0,0.5,31
229.1649169921875,55.53659439086914,11.107318878173828,1000.0,0.0,0.5333333333333333,-0.7333333333333333,8.0,-11.0,0.5,31
230.3747100830078,62.11455535888672,12.422911071777344,1000.0,0.0,0.5333333333333333,-0.6666666666666666,8.0,-10.0,0.5,31
241.48240661621094,56.39882278442383,11.279764556884766,1000.0,0.0,0.5333333333333333,-0.6,8.0,-9.0,0.5,31
218.86607360839844,61.834716796875,12.366943359375,1000.0,0.0,0.5333333333333333,-0.5333333333333333,8.0,-8.0,0.5,31
200.56788635253906,43.25993347167969,8.651986694335937,1000.0,0.0,0.5333333333333333,-0.4666666666666667,8.0,-7.0,0.5,31
210.3285675048828,35.07809066772461,7.015618133544922,1000.0,0.0,0.5333333333333333,-0.4,8.0,-6.0,0.5,31
260.76861572265625,66.51100158691406,13.302200317382812,1000.0,0.0,0.5333333333333333,-0.3333333333333333,8.0,-5.0,0.5,31
197.51625061035156,38.304893493652344,7.660978698730469,1000.0,0.0,0.5333333333333333,-0.26666666666666666,8.0,-4.0,0.5,31
201.4598846435547,34.12302017211914,6.824604034423828,1000.0,0.0,0.5333333333333333,-0.2,8.0,-3.0,0.5,31
194.19989013671875,35.8861083984375,7.1772216796875,1000.0,0.0,0.5333333333333333,-0.13333333333333333,8.0,-2.0,0.5,31
228.74600219726562,63.55816650390625,12.71163330078125,1000.0,0.0,0.5333333333333333,-0.06666666666666667,8.0,-1.0,0.5,31
279.09417724609375,73.25437927246094,14.650875854492188,1000.0,0.0,0.5333333333333333,0.0,8.0,0.0,0.5,31
292.35137939453125,71.67330932617188,14.334661865234375,1000.0,0.0,0.5333333333333333,0.06666666666666667,8.0,1.0,0.5,31
277.010498046875,72.97755432128906,14.595510864257813,1000.0,0.0,0.5333333333333333,0.13333333333333333,8.0,2.0,0.5,31
284.45263671875,60.61591339111328,12.123182678222657,1000.0,0.0,0.5333333333333333,0.2,8.0,3.0,0.5,31
227.3529510498047,43.00965881347656,8.601931762695312,1000.0,0.0,0.5333333333333333,0.26666666666666666,8.0,4.0,0.5,31
235.3775177001953,44.94438934326172,8.988877868652343,1000.0,0.0,0.5333333333333333,0.3333333333333333,8.0,5.0,0.5,31
256.24481201171875,58.693695068359375,11.738739013671875,1000.0,0.0,0.5333333333333333,0.4,8.0,6.0,0.5,31
191.0828857421875,21.629928588867188,4.325985717773437,1000.0,0.0,0.5333333333333333,0.4666666666666667,8.0,7.0,0.5,31
189.89642333984375,20.507341384887695,4.101468276977539,1000.0,0.0,0.5333333333333333,0.5333333333333333,8.0,8.0,0.5,31
184.15476989746094,18.97935676574707,3.795871353149414,1000.0,0.0,0.5333333333333333,0.6,8.0,9.0,0.5,31
201.81866455078125,28.64260482788086,5.7285209655761715,1000.0,0.0,0.5333333333333333,0.6666666666666666,8.0,10.0,0.5,31
201.9560089111328,27.298208236694336,5.459641647338867,1000.0,0.0,0.5333333333333333,0.7333333333333333,8.0,11.0,0.5,31
181.8289794921875,13.303681373596191,2.6607362747192385,1000.0,0.0,0.5333333333333333,0.8,8.0,12.0,0.5,31
181.02838134765625,12.313222885131836,2.462644577026367,1000.0,0.0,0.5333333333333333,0.8666666666666667,8.0,13.0,0.5,31
195.16285705566406,23.448415756225586,4.689683151245117,1000.0,0.0,0.5333333333333333,0.9333333333333333,8.0,14.0,0.5,31
202.5008544921875,34.84457778930664,6.968915557861328,1000.0,0.0,0.5333333333333333,1.0,8.0,15.0,0.5,31
247.08145141601562,45.9240608215332,9.18481216430664,1000.0,0.0,0.6,-1.0,9.0,-15.0,0.5,31
263.1991882324219,48.40481948852539,9.680963897705078,1000.0,0.0,0.6,-0.9333333333333333,9.0,-14.0,0.5,31
269.9507141113281,51.77818298339844,10.355636596679688,1000.0,0.0,0.6,-0.8666666666666667,9.0,-13.0,0.5,31
237.5492706298828,50.4754753112793,10.09509506225586,1000.0,0.0,0.6,-0.8,9.0,-12.0,0.5,31
231.15086364746094,47.49428176879883,9.498856353759766,1000.0,0.0,0.6,-0.7333333333333333,9.0,-11.0,0.5,31
204.18765258789062,31.469213485717773,6.293842697143555,1000.0,0.0,0.6,-0.6666666666666666,9.0,-10.0,0.5,31
202.55532836914062,28.719348907470703,5.743869781494141,1000.0,0.0,0.6,-0.6,9.0,-9.0,0.5,31
197.21095275878906,32.15134811401367,6.430269622802735,1000.0,0.0,0.6,-0.5333333333333333,9.0,-8.0,0.5,31
192.7498779296875,17.877052307128906,3.5754104614257813,1000.0,0.0,0.6,-0.4666666666666667,9.0,-7.0,0.5,31
192.46365356445312,29.473562240600586,5.894712448120117,1000.0,0.0,0.6,-0.4,9.0,-6.0,0.5,31
190.93638610839844,47.63836669921875,9.52767333984375,1000.0,0.0,0.6,-0.3333333333333333,9.0,-5.0,0.5,31
201.09422302246094,35.86998748779297,7.173997497558593,1000.0,0.0,0.6,-0.26666666666666666,9.0,-4.0,0.5,31
185.45132446289062,13.046133995056152,2.6092267990112306,1000.0,0.0,0.6,-0.2,9.0,-3.0,0.5,31
186.41294860839844,20.210020065307617,4.042004013061524,1000.0,0.0,0.6,-0.13333333333333333,9.0,-2.0,0.5,31
212.06809997558594,34.39531326293945,6.879062652587891,1000.0,0.0,0.6,-0.06666666666666667,9.0,-1.0,0.5,31
217.26925659179688,47.98353576660156,9.596707153320313,1000.0,0.0,0.6,0.0,9.0,0.0,0.5,31
210.07107543945312,36.34782028198242,7.269564056396485,1000.0,0.0,0.6,0.06666666666666667,9.0,1.0,0.5,31
202.5430450439453,38.815311431884766,7.763062286376953,1000.0,0.0,0.6,0.13333333333333333,9.0,2.0,0.5,31
212.93325805664062,44.31208419799805,8.862416839599609,1000.0,0.0,0.6,0.2,9.0,3.0,0.5,31
210.7234344482422,31.959217071533203,6.39184341430664,1000.0,0.0,0.6,0.26666666666666666,9.0,4.0,0.5,31
239.73716735839844,50.57837677001953,10.115675354003907,1000.0,0.0,0.6,0.3333333333333333,9.0,5.0,0.5,31
199.4407196044922,21.896705627441406,4.379341125488281,1000.0,0.0,0.6,0.4,9.0,6.0,0.5,31
192.0369873046875,25.366374969482422,5.073274993896485,1000.0,0.0,0.6,0.4666666666666667,9.0,7.0,0.5,31
189.07427978515625,22.362960815429688,4.472592163085937,1000.0,0.0,0.6,0.5333333333333333,9.0,8.0,0.5,31
198.54946899414062,25.978837966918945,5.195767593383789,1000.0,0.0,0.6,0.6,9.0,9.0,0.5,31
195.84552001953125,27.357864379882812,5.4715728759765625,1000.0,0.0,0.6,0.6666666666666666,9.0,10.0,0.5,31
186.60568237304688,16.714113235473633,3.3428226470947267,1000.0,0.0,0.6,0.7333333333333333,9.0,11.0,0.5,31
186.66192626953125,17.649534225463867,3.5299068450927735,1000.0,0.0,0.6,0.8,9.0,12.0,0.5,31
185.2333526611328,13.498437881469727,2.6996875762939454,1000.0,0.0,0.6,0.8666666666666667,9.0,13.0,0.5,31
194.93800354003906,26.980894088745117,5.396178817749023,1000.0,0.0,0.6,0.9333333333333333,9.0,14.0,0.5,31
201.2151336669922,29.853670120239258,5.970734024047852,1000.0,0.0,0.6,1.0,9.0,15.0,0.5,31
285.0556335449219,47.423065185546875,9.484613037109375,1000.0,0.0,0.6666666666666666,-1.0,10.0,-15.0,0.5,31
274.8100280761719,57.62528610229492,11.525057220458985,1000.0,0.0,0.6666666666666666,-0.9333333333333333,10.0,-14.0,0.5,31
287.2451477050781,57.89646911621094,11.579293823242187,1000.0,0.0,0.6666666666666666,-0.8666666666666667,10.0,-13.0,0.5,31
238.6320343017578,59.78715133666992,11.957430267333985,1000.0,0.0,0.6666666666666666,-0.8,10.0,-12.0,0.5,31
238.32861328125,54.28432846069336,10.856865692138673,1000.0,0.0,0.6666666666666666,-0.7333333333333333,10.0,-11.0,0.5,31
222.56077575683594,56.022884368896484,11.204576873779297,1000.0,0.0,0.6666666666666666,-0.6666666666666666,10.0,-10.0,0.5,31
195.23460388183594,24.906496047973633,4.981299209594726,1000.0,0.0,0.6666666666666666,-0.6,10.0,-9.0,0.5,31
196.17926025390625,31.477384567260742,6.295476913452148,1000.0,0.0,0.6666666666666666,-0.5333333333333333,10.0,-8.0,0.5,31
202.9949188232422,40.736446380615234,8.147289276123047,1000.0,0.0,0.6666666666666666,-0.4666666666666667,10.0,-7.0,0.5,31
191.0724639892578,31.534334182739258,6.306866836547852,1000.0,0.0,0.6666666666666666,-0.4,10.0,-6.0,0.5,31
188.65457153320312,27.392061233520508,5.478412246704101,1000.0,0.0,0.6666666666666666,-0.3333333333333333,10.0,-5.0,0.5,31
196.2205810546875,40.22596740722656,8.045193481445313,1000.0,0.0,0.6666666666666666,-0.26666666666666666,10.0,-4.0,0.5,31
200.38330078125,26.304988861083984,5.260997772216797,1000.0,0.0,0.6666666666666666,-0.2,10.0,-3.0,0.5,31
192.83502197265625,30.980697631835938,6.196139526367188,1000.0,0.0,0.6666666666666666,-0.13333333333333333,10.0,-2.0,0.5,31
191.7543182373047,38.51995849609375,7.70399169921875,1000.0,0.0,0.6666666666666666,-0.06666666666666667,10.0,-1.0,0.5,31
185.98507690429688,17.817846298217773,3.563569259643555,1000.0,0.0,0.6666666666666666,0.0,10.0,0.0,0.5,31
196.38232421875,41.000640869140625,8.200128173828125,1000.0,0.0,0.6666666666666666,0.06666666666666667,10.0,1.0,0.5,31
192.59693908691406,28.55779457092285,5.71155891418457,1000.0,0.0,0.6666666666666666,0.13333333333333333,10.0,2.0,0.5,31
196.97299194335938,25.393537521362305,5.078707504272461,1000.0,0.0,0.6666666666666666,0.2,10.0,3.0,0.5,31
221.29058837890625,38.68841552734375,7.73768310546875,1000.0,0.0,0.6666666666666666,0.26666666666666666,10.0,4.0,0.5,31
198.70579528808594,28.614200592041016,5.722840118408203,1000.0,0.0,0.6666666666666666,0.3333333333333333,10.0,5.0,0.5,31
195.92311096191406,27.16656494140625,5.43331298828125,1000.0,0.0,0.6666666666666666,0.4,10.0,6.0,0.5,31
190.6905517578125,23.044801712036133,4.608960342407227,1000.0,0.0,0.6666666666666666,0.4666666666666667,10.0,7.0,0.5,31
205.15016174316406,32.120521545410156,6.424104309082031,1000.0,0.0,0.6666666666666666,0.5333333333333333,10.0,8.0,0.5,31
201.21414184570312,27.93413734436035,5.5868274688720705,1000.0,0.0,0.6666666666666666,0.6,10.0,9.0,0.5,31
191.04066467285156,21.482175827026367,4.296435165405273,1000.0,0.0,0.6666666666666666,0.6666666666666666,10.0,10.0,0.5,31
180.41844177246094,11.33929443359375,2.26785888671875,1000.0,0.0,0.6666666666666666,0.7333333333333333,10.0,11.0,0.5,31
183.86648559570312,18.445154190063477,3.6890308380126955,1000.0,0.0,0.6666666666666666,0.8,10.0,12.0,0.5,31
185.64137268066406,16.880084991455078,3.3760169982910155,1000.0,0.0,0.6666666666666666,0.8666666666666667,10.0,13.0,0.5,31
195.05223083496094,23.72889518737793,4.745779037475586,1000.0,0.0,0.6666666666666666,0.9333333333333333,10.0,14.0,0.5,31
195.57382202148438,22.089399337768555,4.417879867553711,1000.0,0.0,0.6666666666666666,1.0,10.0,15.0,0.5,31
277.9815673828125,37.83243942260742,7.566487884521484,1000.0,0.0,0.7333333333333333,-1.0,11.0,-15.0,0.5,31
316.075927734375,52.463645935058594,10.492729187011719,1000.0,0.0,0.7333333333333333,-0.9333333333333333,11.0,-14.0,0.5,31
291.5833740234375,60.63538360595703,12.127076721191406,1000.0,0.0,0.7333333333333333,-0.8666666666666667,11.0,-13.0,0.5,31
247.2846221923828,53.42385482788086,10.684770965576172,1000.0,0.0,0.7333333333333333,-0.8,11.0,-12.0,0.5,31
255.2733154296875,61.5908088684082,12.318161773681641,1000.0,0.0,0.7333333333333333,-0.7333333333333333,11.0,-11.0,0.5,31
214.09857177734375,36.431236267089844,7.286247253417969,1000.0,0.0,0.7333333333333333,-0.6666666666666666,11.0,-10.0,0.5,31
274.1401062011719,74.86683654785156,14.973367309570312,1000.0,0.0,0.7333333333333333,-0.6,11.0,-9.0,0.5,31
220.5867919921875,49.721893310546875,9.944378662109376,1000.0,0.0,0.7333333333333333,-0.5333333333333333,11.0,-8.0,0.5,31
194.44361877441406,31.414037704467773,6.282807540893555,1000.0,0.0,0.7333333333333333,-0.4666666666666667,11.0,-7.0,0.5,31
181.35867309570312,15.837807655334473,3.1675615310668945,1000.0,0.0,0.7333333333333333,-0.4,11.0,-6.0,0.5,31
184.82833862304688,19.99428939819336,3.998857879638672,1000.0,0.0,0.7333333333333333,-0.3333333333333333,11.0,-5.0,0.5,31
202.90061950683594,28.476940155029297,5.6953880310058596,1000.0,0.0,0.7333333333333333,-0.26666666666666666,11.0,-4.0,0.5,31
181.27903747558594,21.775766372680664,4.355153274536133,1000.0,0.0,0.7333333333333333,-0.2,11.0,-3.0,0.5,31
180.48895263671875,15.842011451721191,3.1684022903442384,1000.0,0.0,0.7333333333333333,-0.13333333333333333,11.0,-2.0,0.5,31
183.0298614501953,14.829410552978516,2.965882110595703,1000.0,0.0,0.7333333333333333,-0.06666666666666667,11.0,-1.0,0.5,31
184.16636657714844,19.98160743713379,3.9963214874267576,1000.0,0.0,0.7333333333333333,0.0,11.0,0.0,0.5,31
182.83383178710938,14.567991256713867,2.9135982513427736,1000.0,0.0,0.7333333333333333,0.06666666666666667,11.0,1.0,0.5,31
180.0308837890625,13.487384796142578,2.6974769592285157,1000.0,0.0,0.7333333333333333,0.13333333333333333,11.0,2.0,0.5,31
195.3047332763672,32.430355072021484,6.486071014404297,1000.0,0.0,0.7333333333333333,0.2,11.0,3.0,0.5,31
209.49813842773438,35.66431427001953,7.132862854003906,1000.0,0.0,0.7333333333333333,0.26666666666666666,11.0,4.0,0.5,31
217.66534423828125,36.484493255615234,7.296898651123047,1000.0,0.0,0.7333333333333333,0.3333333333333333,11.0,5.0,0.5,31
217.1805877685547,23.70411491394043,4.740822982788086,1000.0,0.0,0.7333333333333333,0.4,11.0,6.0,0.5,31
194.95654296875,24.107545852661133,4.821509170532226,1000.0,0.0,0.7333333333333333,0.4666666666666667,11.0,7.0,0.5,31
207.26612854003906,31.0052490234375,6.2010498046875,1000.0,0.0,0.7333333333333333,0.5333333333333333,11.0,8.0,0.5,31
183.7847900390625,17.54775619506836,3.509551239013672,1000.0,0.0,0.7333333333333333,0.6,11.0,9.0,0.5,31
186.7448272705078,21.31645965576172,4.263291931152343,1000.0,0.0,0.7333333333333333,0.6666666666666666,11.0,10.0,0.5,31
180.64141845703125,10.84309196472168,2.168618392944336,1000.0,0.0,0.7333333333333333,0.7333333333333333,11.0,11.0,0.5,31
179.08433532714844,11.233771324157715,2.246754264831543,1000.0,0.0,0.7333333333333333,0.8,11.0,12.0,0.5,31
187.93284606933594,14.020525932312012,2.8041051864624023,1000.0,0.0,0.7333333333333333,0.8666666666666667,11.0,13.0,0.5,31
200.96507263183594,26.726871490478516,5.345374298095703,1000.0,0.0,0.7333333333333333,0.9333333333333333,11.0,14.0,0.5,31
194.93235778808594,22.808198928833008,4.561639785766602,1000.0,0.0,0.7333333333333333,1.0,11.0,15.0,0.5,31
289.5956115722656,55.20470428466797,11.040940856933593,1000.0,0.0,0.8,-1.0,12.0,-15.0,0.5,31
265.2856140136719,68.00872802734375,13.60174560546875,1000.0,0.0,0.8,-0.9333333333333333,12.0,-14.0,0.5,31
264.70135498046875,51.01008224487305,10.202016448974609,1000.0,0.0,0.8,-0.8666666666666667,12.0,-13.0,0.5,31
273.3047180175781,65.60779571533203,13.121559143066406,1000.0,0.0,0.8,-0.8,12.0,-12.0,0.5,31
275.9820251464844,73.55929565429688,14.711859130859375,1000.0,0.0,0.8,-0.7333333333333333,12.0,-11.0,0.5,31
266.07501220703125,71.7231216430664,14.344624328613282,1000.0,0.0,0.8,-0.6666666666666666,12.0,-10.0,0.5,31
220.7363739013672,56.189456939697266,11.237891387939452,1000.0,0.0,0.8,-0.6,12.0,-9.0,0.5,31
217.34486389160156,51.11016845703125,10.22203369140625,1000.0,0.0,0.8,-0.5333333333333333,12.0,-8.0,0.5,31
181.62425231933594,13.95272159576416,2.790544319152832,1000.0,0.0,0.8,-0.4666666666666667,12.0,-7.0,0.5,31
183.60035705566406,16.8010311126709,3.3602062225341798,1000.0,0.0,0.8,-0.4,12.0,-6.0,0.5,31
206.25894165039062,35.05470657348633,7.0109413146972654,1000.0,0.0,0.8,-0.3333333333333333,12.0,-5.0,0.5,31
196.59695434570312,25.710586547851562,5.142117309570312,1000.0,0.0,0.8,-0.26666666666666666,12.0,-4.0,0.5,31
180.55816650390625,15.744071960449219,3.148814392089844,1000.0,0.0,0.8,-0.2,12.0,-3.0,0.5,31
184.2745361328125,19.805112838745117,3.9610225677490236,1000.0,0.0,0.8,-0.13333333333333333,12.0,-2.0,0.5,31
185.9342803955078,21.275983810424805,4.255196762084961,1000.0,0.0,0.8,-0.06666666666666667,12.0,-1.0,0.5,31
183.0587921142578,17.005401611328125,3.401080322265625,1000.0,0.0,0.8,0.0,12.0,0.0,0.5,31
188.18629455566406,28.761754989624023,5.752350997924805,1000.0,0.0,0.8,0.06666666666666667,12.0,1.0,0.5,31
196.78831481933594,30.010955810546875,6.002191162109375,1000.0,0.0,0.8,0.13333333333333333,12.0,2.0,0.5,31
209.5120086669922,40.19386291503906,8.038772583007812,1000.0,0.0,0.8,0.2,12.0,3.0,0.5,31
213.81886291503906,38.894569396972656,7.778913879394532,1000.0,0.0,0.8,0.26666666666666666,12.0,4.0,0.5,31
224.84454345703125,41.160247802734375,8.232049560546875,1000.0,0.0,0.8,0.3333333333333333,12.0,5.0,0.5,31
216.2348175048828,22.185876846313477,4.437175369262695,1000.0,0.0,0.8,0.4,12.0,6.0,0.5,31
210.38230895996094,28.049705505371094,5.609941101074218,1000.0,0.0,0.8,0.4666666666666667,12.0,7.0,0.5,31
210.33070373535156,24.326940536499023,4.865388107299805,1000.0,0.0,0.8,0.5333333333333333,12.0,8.0,0.5,31
196.44483947753906,21.981006622314453,4.396201324462891,1000.0,0.0,0.8,0.6,12.0,9.0,0.5,31
185.63902282714844,17.020545959472656,3.4041091918945314,1000.0,0.0,0.8,0.6666666666666666,12.0,10.0,0.5,31
185.6767578125,15.930253028869629,3.186050605773926,1000.0,0.0,0.8,0.7333333333333333,12.0,11.0,0.5,31
185.3077392578125,20.98881721496582,4.197763442993164,1000.0,0.0,0.8,0.8,12.0,12.0,0.5,31
187.9879150390625,17.37374496459961,3.474748992919922,1000.0,0.0,0.8,0.8666666666666667,12.0,13.0,0.5,31
191.36679077148438,16.482723236083984,3.296544647216797,1000.0,0.0,0.8,0.9333333333333333,12.0,14.0,0.5,31
191.13323974609375,19.879833221435547,3.9759666442871096,1000.0,0.0,0.8,1.0,12.0,15.0,0.5,31
277.4267883300781,48.73723220825195,9.747446441650391,1000.0,0.0,0.8666666666666667,-1.0,13.0,-15.0,0.5,31
276.2673034667969,67.00428009033203,13.400856018066406,1000.0,0.0,0.8666666666666667,-0.9333333333333333,13.0,-14.0,0.5,31
256.6383361816406,44.355316162109375,8.871063232421875,1000.0,0.0,0.8666666666666667,-0.8666666666666667,13.0,-13.0,0.5,31
265.3106689453125,57.413848876953125,11.482769775390626,1000.0,0.0,0.8666666666666667,-0.8,13.0,-12.0,0.5,31
248.19122314453125,54.64008712768555,10.92801742553711,1000.0,0.0,0.8666666666666667,-0.7333333333333333,13.0,-11.0,0.5,31
226.51092529296875,49.51252365112305,9.90250473022461,1000.0,0.0,0.8666666666666667,-0.6666666666666666,13.0,-10.0,0.5,31
235.43350219726562,66.1087417602539,13.221748352050781,1000.0,0.0,0.8666666666666667,-0.6,13.0,-9.0,0.5,31
217.05255126953125,56.15042495727539,11.230084991455078,1000.0,0.0,0.8666666666666667,-0.5333333333333333,13.0,-8.0,0.5,31
187.2559814453125,18.819154739379883,3.7638309478759764,1000.0,0.0,0.8666666666666667,-0.4666666666666667,13.0,-7.0,0.5,31
188.45851135253906,14.546252250671387,2.9092504501342775,1000.0,0.0,0.8666666666666667,-0.4,13.0,-6.0,0.5,31
203.9484405517578,24.768280029296875,4.953656005859375,1000.0,0.0,0.8666666666666667,-0.3333333333333333,13.0,-5.0,0.5,31
188.2708740234375,22.44867515563965,4.48973503112793,1000.0,0.0,0.8666666666666667,-0.26666666666666666,13.0,-4.0,0.5,31
183.07102966308594,16.795169830322266,3.359033966064453,1000.0,0.0,0.8666666666666667,-0.2,13.0,-3.0,0.5,31
182.20001220703125,13.627633094787598,2.7255266189575194,1000.0,0.0,0.8666666666666667,-0.13333333333333333,13.0,-2.0,0.5,31
179.45123291015625,10.127984046936035,2.025596809387207,1000.0,0.0,0.8666666666666667,-0.06666666666666667,13.0,-1.0,0.5,31
186.9242401123047,18.11214256286621,3.6224285125732423,1000.0,0.0,0.8666666666666667,0.0,13.0,0.0,0.5,31
190.12574768066406,26.850025177001953,5.370005035400391,1000.0,0.0,0.8666666666666667,0.06666666666666667,13.0,1.0,0.5,31
197.30148315429688,26.942453384399414,5.388490676879883,1000.0,0.0,0.8666666666666667,0.13333333333333333,13.0,2.0,0.5,31
199.9222869873047,38.017818450927734,7.603563690185547,1000.0,0.0,0.8666666666666667,0.2,13.0,3.0,0.5,31
222.3505096435547,35.69252395629883,7.1385047912597654,1000.0,0.0,0.8666666666666667,0.26666666666666666,13.0,4.0,0.5,31
235.63482666015625,40.90824890136719,8.181649780273437,1000.0,0.0,0.8666666666666667,0.3333333333333333,13.0,5.0,0.5,31
217.91046142578125,34.49297332763672,6.898594665527344,1000.0,0.0,0.8666666666666667,0.4,13.0,6.0,0.5,31
214.98193359375,35.36914825439453,7.073829650878906,1000.0,0.0,0.8666666666666667,0.4666666666666667,13.0,7.0,0.5,31
212.8438720703125,30.56547737121582,6.113095474243164,1000.0,0.0,0.8666666666666667,0.5333333333333333,13.0,8.0,0.5,31
198.79556274414062,19.701045989990234,3.9402091979980467,1000.0,0.0,0.8666666666666667,0.6,13.0,9.0,0.5,31
202.53900146484375,21.08904266357422,4.217808532714844,1000.0,0.0,0.8666666666666667,0.6666666666666666,13.0,10.0,0.5,31
201.30296325683594,15.922558784484863,3.1845117568969727,1000.0,0.0,0.8666666666666667,0.7333333333333333,13.0,11.0,0.5,31
199.7162322998047,20.540699005126953,4.1081398010253904,1000.0,0.0,0.8666666666666667,0.8,13.0,12.0,0.5,31
194.2940673828125,17.14266586303711,3.428533172607422,1000.0,0.0,0.8666666666666667,0.8666666666666667,13.0,13.0,0.5,31
193.97601318359375,19.024450302124023,3.8048900604248046,1000.0,0.0,0.8666666666666667,0.9333333333333333,13.0,14.0,0.5,31
194.73611450195312,21.058847427368164,4.211769485473633,1000.0,0.0,0.8666666666666667,1.0,13.0,15.0,0.5,31
251.8114471435547,41.864803314208984,8.372960662841797,1000.0,0.0,0.9333333333333333,-1.0,14.0,-15.0,0.5,31
225.1425018310547,38.16207504272461,7.632415008544922,1000.0,0.0,0.9333333333333333,-0.9333333333333333,14.0,-14.0,0.5,31
260.7963562011719,39.36944580078125,7.87388916015625,1000.0,0.0,0.9333333333333333,-0.8666666666666667,14.0,-13.0,0.5,31
234.05242919921875,46.444007873535156,9.288801574707032,1000.0,0.0,0.9333333333333333,-0.8,14.0,-12.0,0.5,31
244.0678253173828,55.80897903442383,11.161795806884765,1000.0,0.0,0.9333333333333333,-0.7333333333333333,14.0,-11.0,0.5,31
214.60537719726562,48.75814437866211,9.751628875732422,1000.0,0.0,0.9333333333333333,-0.6666666666666666,14.0,-10.0,0.5,31
219.19261169433594,55.01860427856445,11.00372085571289,1000.0,0.0,0.9333333333333333,-0.6,14.0,-9.0,0.5,31
209.17237854003906,41.834190368652344,8.366838073730468,1000.0,0.0,0.9333333333333333,-0.5333333333333333,14.0,-8.0,0.5,31
190.24404907226562,15.44799518585205,3.08959903717041,1000.0,0.0,0.9333333333333333,-0.4666666666666667,14.0,-7.0,0.5,31
192.56484985351562,22.062742233276367,4.412548446655274,1000.0,0.0,0.9333333333333333,-0.4,14.0,-6.0,0.5,31
207.62728881835938,24.806798934936523,4.9613597869873045,1000.0,0.0,0.9333333333333333,-0.3333333333333333,14.0,-5.0,0.5,31
181.11309814453125,14.561954498291016,2.9123908996582033,1000.0,0.0,0.9333333333333333,-0.26666666666666666,14.0,-4.0,0.5,31
176.77247619628906,6.997912406921387,1.3995824813842774,1000.0,0.0,0.9333333333333333,-0.2,14.0,-3.0,0.5,31
178.28347778320312,12.641340255737305,2.528268051147461,1000.0,0.0,0.9333333333333333,-0.13333333333333333,14.0,-2.0,0.5,31
182.56927490234375,15.754535675048828,3.1509071350097657,1000.0,0.0,0.9333333333333333,-0.06666666666666667,14.0,-1.0,0.5,31
181.7880401611328,11.974010467529297,2.3948020935058594,1000.0,0.0,0.9333333333333333,0.0,14.0,0.0,0.5,31
186.6995086669922,21.214040756225586,4.242808151245117,1000.0,0.0,0.9333333333333333,0.06666666666666667,14.0,1.0,0.5,31
216.48681640625,43.80438232421875,8.76087646484375,1000.0,0.0,0.9333333333333333,0.13333333333333333,14.0,2.0,0.5,31
207.44021606445312,40.202110290527344,8.040422058105468,1000.0,0.0,0.9333333333333333,0.2,14.0,3.0,0.5,31
226.53314208984375,46.82984924316406,9.365969848632812,1000.0,0.0,0.9333333333333333,0.26666666666666666,14.0,4.0,0.5,31
224.18634033203125,37.03435516357422,7.406871032714844,1000.0,0.0,0.9333333333333333,0.3333333333333333,14.0,5.0,0.5,31
215.30972290039062,32.00508499145508,6.4010169982910154,1000.0,0.0,0.9333333333333333,0.4,14.0,6.0,0.5,31
203.7337646484375,36.491329193115234,7.298265838623047,1000.0,0.0,0.9333333333333333,0.4666666666666667,14.0,7.0,0.5,31
205.92005920410156,38.77167510986328,7.754335021972656,1000.0,0.0,0.9333333333333333,0.5333333333333333,14.0,8.0,0.5,31
203.23330688476562,25.939451217651367,5.187890243530274,1000.0,0.0,0.9333333333333333,0.6,14.0,9.0,0.5,31
198.21966552734375,28.36041259765625,5.67208251953125,1000.0,0.0,0.9333333333333333,0.6666666666666666,14.0,10.0,0.5,31
198.4872589111328,33.46772003173828,6.693544006347656,1000.0,0.0,0.9333333333333333,0.7333333333333333,14.0,11.0,0.5,31
198.68682861328125,22.67363739013672,4.534727478027344,1000.0,0.0,0.9333333333333333,0.8,14.0,12.0,0.5,31
208.3075408935547,22.666574478149414,4.533314895629883,1000.0,0.0,0.9333333333333333,0.8666666666666667,14.0,13.0,0.5,31
196.72962951660156,23.268545150756836,4.653709030151367,1000.0,0.0,0.9333333333333333,0.9333333333333333,14.0,14.0,0.5,31
204.90504455566406,27.06289291381836,5.412578582763672,1000.0,0.0,0.9333333333333333,1.0,14.0,15.0,0.5,31
244.3461151123047,45.69297409057617,9.138594818115234,1000.0,0.0,1.0,-1.0,15.0,-15.0,0.5,31
244.52371215820312,45.02277374267578,9.004554748535156,1000.0,0.0,1.0,-0.9333333333333333,15.0,-14.0,0.5,31
243.36199951171875,49.12123107910156,9.824246215820313,1000.0,0.0,1.0,-0.8666666666666667,15.0,-13.0,0.5,31
240.92315673828125,46.82831954956055,9.36566390991211,1000.0,0.0,1.0,-0.8,15.0,-12.0,0.5,31
215.08468627929688,51.51136016845703,10.302272033691406,1000.0,0.0,1.0,-0.7333333333333333,15.0,-11.0,0.5,31
217.68093872070312,47.4949836730957,9.49899673461914,1000.0,0.0,1.0,-0.6666666666666666,15.0,-10.0,0.5,31
215.85142517089844,43.80952835083008,8.761905670166016,1000.0,0.0,1.0,-0.6,15.0,-9.0,0.5,31
212.83595275878906,47.44288635253906,9.488577270507813,1000.0,0.0,1.0,-0.5333333333333333,15.0,-8.0,0.5,31
206.08494567871094,35.65892791748047,7.131785583496094,1000.0,0.0,1.0,-0.4666666666666667,15.0,-7.0,0.5,31
201.53529357910156,30.45964241027832,6.091928482055664,1000.0,0.0,1.0,-0.4,15.0,-6.0,0.5,31
218.82017517089844,36.94161605834961,7.388323211669922,1000.0,0.0,1.0,-0.3333333333333333,15.0,-5.0,0.5,31
185.95941162109375,18.172935485839844,3.6345870971679686,1000.0,0.0,1.0,-0.26666666666666666,15.0,-4.0,0.5,31
180.59764099121094,14.108827590942383,2.8217655181884767,1000.0,0.0,1.0,-0.2,15.0,-3.0,0.5,31
182.6624755859375,17.055057525634766,3.411011505126953,1000.0,0.0,1.0,-0.13333333333333333,15.0,-2.0,0.5,31
190.02650451660156,31.942899703979492,6.388579940795898,1000.0,0.0,1.0,-0.06666666666666667,15.0,-1.0,0.5,31
181.1311492919922,20.30384063720703,4.060768127441406,1000.0,0.0,1.0,0.0,15.0,0.0,0.5,31
196.9017791748047,33.39997482299805,6.67999496459961,1000.0,0.0,1.0,0.06666666666666667,15.0,1.0,0.5,31
200.50218200683594,36.37979507446289,7.275959014892578,1000.0,0.0,1.0,0.13333333333333333,15.0,2.0,0.5,31
190.87091064453125,24.402530670166016,4.880506134033203,1000.0,0.0,1.0,0.2,15.0,3.0,0.5,31
210.37417602539062,37.81198501586914,7.562397003173828,1000.0,0.0,1.0,0.26666666666666666,15.0,4.0,0.5,31
216.31053161621094,34.8449821472168,6.96899642944336,1000.0,0.0,1.0,0.3333333333333333,15.0,5.0,0.5,31
204.52178955078125,43.20176315307617,8.640352630615235,1000.0,0.0,1.0,0.4,15.0,6.0,0.5,31
207.4596710205078,43.43523406982422,8.687046813964844,1000.0,0.0,1.0,0.4666666666666667,15.0,7.0,0.5,31
207.23028564453125,38.079586029052734,7.615917205810547,1000.0,0.0,1.0,0.5333333333333333,15.0,8.0,0.5,31
200.88246154785156,25.5915584564209,5.1183116912841795,1000.0,0.0,1.0,0.6,15.0,9.0,0.5,31
198.5433349609375,32.481788635253906,6.496357727050781,1000.0,0.0,1.0,0.6666666666666666,15.0,10.0,0.5,31
195.43402099609375,25.912113189697266,5.182422637939453,1000.0,0.0,1.0,0.7333333333333333,15.0,11.0,0.5,31
198.7393798828125,26.96481704711914,5.392963409423828,1000.0,0.0,1.0,0.8,15.0,12.0,0.5,31
208.0124053955078,36.661556243896484,7.3323112487792965,1000.0,0.0,1.0,0.8666666666666667,15.0,13.0,0.5,31
201.85719299316406,27.325672149658203,5.4651344299316404,1000.0,0.0,1.0,0.9333333333333333,15.0,14.0,0.5,31
196.3487091064453,18.326276779174805,3.6652553558349608,1000.0,0.0,1.0,1.0,15.0,15.0,0.5,31
