episode_rewards,episode_std_rewards,episode_stderr_rewards,episode_avg_len,episode_std_avg_len,dim0,dim1,offset1,offset2,magnitude,grid_size
174.32923889160156,6.870167255401611,1.3740334510803223,1000.0,0.0,-1.0,-1.0,-15.0,-15.0,3.0,31
177.12347412109375,14.537444114685059,2.9074888229370117,1000.0,0.0,-1.0,-0.9333333333333333,-15.0,-14.0,3.0,31
176.84864807128906,6.495380401611328,1.2990760803222656,1000.0,0.0,-1.0,-0.8666666666666667,-15.0,-13.0,3.0,31
180.0780487060547,8.21943473815918,1.6438869476318358,1000.0,0.0,-1.0,-0.8,-15.0,-12.0,3.0,31
183.06796264648438,8.296224594116211,1.659244918823242,1000.0,0.0,-1.0,-0.7333333333333333,-15.0,-11.0,3.0,31
183.34677124023438,10.533289909362793,2.1066579818725586,1000.0,0.0,-1.0,-0.6666666666666666,-15.0,-10.0,3.0,31
182.40798950195312,8.741166114807129,1.7482332229614257,1000.0,0.0,-1.0,-0.6,-15.0,-9.0,3.0,31
182.88787841796875,8.702441215515137,1.7404882431030273,1000.0,0.0,-1.0,-0.5333333333333333,-15.0,-8.0,3.0,31
185.00054931640625,12.7752046585083,2.5550409317016602,1000.0,0.0,-1.0,-0.4666666666666667,-15.0,-7.0,3.0,31
207.83358764648438,41.26105880737305,8.252211761474609,1000.0,0.0,-1.0,-0.4,-15.0,-6.0,3.0,31
211.22039794921875,42.43310546875,8.48662109375,1000.0,0.0,-1.0,-0.3333333333333333,-15.0,-5.0,3.0,31
225.8670654296875,50.94091033935547,10.188182067871093,1000.0,0.0,-1.0,-0.26666666666666666,-15.0,-4.0,3.0,31
236.513671875,54.23644256591797,10.847288513183594,1000.0,0.0,-1.0,-0.2,-15.0,-3.0,3.0,31
210.2956085205078,51.45625686645508,10.291251373291015,1000.0,0.0,-1.0,-0.13333333333333333,-15.0,-2.0,3.0,31
196.93267822265625,35.62644577026367,7.1252891540527346,1000.0,0.0,-1.0,-0.06666666666666667,-15.0,-1.0,3.0,31
184.5512237548828,15.93708324432373,3.187416648864746,1000.0,0.0,-1.0,0.0,-15.0,0.0,3.0,31
181.10531616210938,16.311809539794922,3.2623619079589843,1000.0,0.0,-1.0,0.06666666666666667,-15.0,1.0,3.0,31
183.2353973388672,15.032938957214355,3.006587791442871,1000.0,0.0,-1.0,0.13333333333333333,-15.0,2.0,3.0,31
179.70989990234375,13.904211044311523,2.7808422088623046,1000.0,0.0,-1.0,0.2,-15.0,3.0,3.0,31
178.8921661376953,12.820207595825195,2.564041519165039,1000.0,0.0,-1.0,0.26666666666666666,-15.0,4.0,3.0,31
180.2945556640625,12.2019624710083,2.44039249420166,1000.0,0.0,-1.0,0.3333333333333333,-15.0,5.0,3.0,31
176.88087463378906,9.614510536193848,1.9229021072387695,1000.0,0.0,-1.0,0.4,-15.0,6.0,3.0,31
176.92007446289062,7.61077880859375,1.52215576171875,1000.0,0.0,-1.0,0.4666666666666667,-15.0,7.0,3.0,31
180.74301147460938,10.413885116577148,2.0827770233154297,1000.0,0.0,-1.0,0.5333333333333333,-15.0,8.0,3.0,31
179.53042602539062,13.616264343261719,2.723252868652344,1000.0,0.0,-1.0,0.6,-15.0,9.0,3.0,31
206.3401336669922,48.59309005737305,9.718618011474609,1000.0,0.0,-1.0,0.6666666666666666,-15.0,10.0,3.0,31
218.4795379638672,56.93724822998047,11.387449645996094,1000.0,0.0,-1.0,0.7333333333333333,-15.0,11.0,3.0,31
218.42800903320312,55.18146896362305,11.03629379272461,1000.0,0.0,-1.0,0.8,-15.0,12.0,3.0,31
205.24771118164062,34.53911590576172,6.907823181152343,1000.0,0.0,-1.0,0.8666666666666667,-15.0,13.0,3.0,31
196.52133178710938,20.867782592773438,4.173556518554688,1000.0,0.0,-1.0,0.9333333333333333,-15.0,14.0,3.0,31
198.9769287109375,26.322147369384766,5.2644294738769535,1000.0,0.0,-1.0,1.0,-15.0,15.0,3.0,31
177.50985717773438,12.004419326782227,2.4008838653564455,1000.0,0.0,-0.9333333333333333,-1.0,-14.0,-15.0,3.0,31
174.57640075683594,8.91732120513916,1.783464241027832,1000.0,0.0,-0.9333333333333333,-0.9333333333333333,-14.0,-14.0,3.0,31
173.5194091796875,7.205571174621582,1.4411142349243165,1000.0,0.0,-0.9333333333333333,-0.8666666666666667,-14.0,-13.0,3.0,31
178.2652587890625,8.126426696777344,1.6252853393554687,1000.0,0.0,-0.9333333333333333,-0.8,-14.0,-12.0,3.0,31
179.22181701660156,7.55073356628418,1.510146713256836,1000.0,0.0,-0.9333333333333333,-0.7333333333333333,-14.0,-11.0,3.0,31
182.3095703125,9.2240571975708,1.8448114395141602,1000.0,0.0,-0.9333333333333333,-0.6666666666666666,-14.0,-10.0,3.0,31
181.73367309570312,8.513998985290527,1.7027997970581055,1000.0,0.0,-0.9333333333333333,-0.6,-14.0,-9.0,3.0,31
182.6504364013672,7.313751220703125,1.462750244140625,1000.0,0.0,-0.9333333333333333,-0.5333333333333333,-14.0,-8.0,3.0,31
182.48374938964844,9.53567886352539,1.9071357727050782,1000.0,0.0,-0.9333333333333333,-0.4666666666666667,-14.0,-7.0,3.0,31
216.3532257080078,57.0526008605957,11.41052017211914,1000.0,0.0,-0.9333333333333333,-0.4,-14.0,-6.0,3.0,31
215.26992797851562,42.89207077026367,8.578414154052734,1000.0,0.0,-0.9333333333333333,-0.3333333333333333,-14.0,-5.0,3.0,31
226.72364807128906,51.20568084716797,10.241136169433593,1000.0,0.0,-0.9333333333333333,-0.26666666666666666,-14.0,-4.0,3.0,31
215.8518524169922,49.20012664794922,9.840025329589844,1000.0,0.0,-0.9333333333333333,-0.2,-14.0,-3.0,3.0,31
207.13778686523438,51.747161865234375,10.349432373046875,1000.0,0.0,-0.9333333333333333,-0.13333333333333333,-14.0,-2.0,3.0,31
187.96133422851562,17.579023361206055,3.515804672241211,1000.0,0.0,-0.9333333333333333,-0.06666666666666667,-14.0,-1.0,3.0,31
177.37234497070312,8.869115829467773,1.7738231658935546,1000.0,0.0,-0.9333333333333333,0.0,-14.0,0.0,3.0,31
179.40199279785156,13.57103443145752,2.714206886291504,1000.0,0.0,-0.9333333333333333,0.06666666666666667,-14.0,1.0,3.0,31
181.4663543701172,15.470707893371582,3.0941415786743165,1000.0,0.0,-0.9333333333333333,0.13333333333333333,-14.0,2.0,3.0,31
187.55941772460938,23.826412200927734,4.765282440185547,1000.0,0.0,-0.9333333333333333,0.2,-14.0,3.0,3.0,31
179.10191345214844,12.326828002929688,2.4653656005859377,1000.0,0.0,-0.9333333333333333,0.26666666666666666,-14.0,4.0,3.0,31
184.23330688476562,13.304509162902832,2.6609018325805662,1000.0,0.0,-0.9333333333333333,0.3333333333333333,-14.0,5.0,3.0,31
175.1731414794922,7.642581939697266,1.5285163879394532,1000.0,0.0,-0.9333333333333333,0.4,-14.0,6.0,3.0,31
180.8424072265625,12.798489570617676,2.559697914123535,1000.0,0.0,-0.9333333333333333,0.4666666666666667,-14.0,7.0,3.0,31
180.27796936035156,11.38483715057373,2.276967430114746,1000.0,0.0,-0.9333333333333333,0.5333333333333333,-14.0,8.0,3.0,31
184.38388061523438,20.9116268157959,4.18232536315918,1000.0,0.0,-0.9333333333333333,0.6,-14.0,9.0,3.0,31
221.4635772705078,61.56035232543945,12.31207046508789,1000.0,0.0,-0.9333333333333333,0.6666666666666666,-14.0,10.0,3.0,31
199.92861938476562,36.968284606933594,7.393656921386719,1000.0,0.0,-0.9333333333333333,0.7333333333333333,-14.0,11.0,3.0,31
224.31845092773438,60.958709716796875,12.191741943359375,1000.0,0.0,-0.9333333333333333,0.8,-14.0,12.0,3.0,31
201.22586059570312,33.24765396118164,6.6495307922363285,1000.0,0.0,-0.9333333333333333,0.8666666666666667,-14.0,13.0,3.0,31
190.60617065429688,16.966022491455078,3.3932044982910154,1000.0,0.0,-0.9333333333333333,0.9333333333333333,-14.0,14.0,3.0,31
182.5756072998047,13.642024040222168,2.7284048080444334,1000.0,0.0,-0.9333333333333333,1.0,-14.0,15.0,3.0,31
176.37289428710938,8.267682075500488,1.6535364151000977,1000.0,0.0,-0.8666666666666667,-1.0,-13.0,-15.0,3.0,31
174.5926971435547,7.474130153656006,1.4948260307312011,1000.0,0.0,-0.8666666666666667,-0.9333333333333333,-13.0,-14.0,3.0,31
174.8811492919922,8.510976791381836,1.7021953582763671,1000.0,0.0,-0.8666666666666667,-0.8666666666666667,-13.0,-13.0,3.0,31
175.4039306640625,12.796613693237305,2.559322738647461,1000.0,0.0,-0.8666666666666667,-0.8,-13.0,-12.0,3.0,31
178.9637451171875,9.1292085647583,1.8258417129516602,1000.0,0.0,-0.8666666666666667,-0.7333333333333333,-13.0,-11.0,3.0,31
179.4192352294922,6.915189743041992,1.3830379486083983,1000.0,0.0,-0.8666666666666667,-0.6666666666666666,-13.0,-10.0,3.0,31
182.48492431640625,8.732941627502441,1.7465883255004884,1000.0,0.0,-0.8666666666666667,-0.6,-13.0,-9.0,3.0,31
184.90420532226562,9.966172218322754,1.9932344436645508,1000.0,0.0,-0.8666666666666667,-0.5333333333333333,-13.0,-8.0,3.0,31
183.3642578125,7.851535320281982,1.5703070640563965,1000.0,0.0,-0.8666666666666667,-0.4666666666666667,-13.0,-7.0,3.0,31
185.02398681640625,16.605823516845703,3.3211647033691407,1000.0,0.0,-0.8666666666666667,-0.4,-13.0,-6.0,3.0,31
216.88653564453125,48.06941604614258,9.613883209228515,1000.0,0.0,-0.8666666666666667,-0.3333333333333333,-13.0,-5.0,3.0,31
227.60179138183594,50.421043395996094,10.084208679199218,1000.0,0.0,-0.8666666666666667,-0.26666666666666666,-13.0,-4.0,3.0,31
220.31610107421875,50.79286575317383,10.158573150634766,1000.0,0.0,-0.8666666666666667,-0.2,-13.0,-3.0,3.0,31
196.09121704101562,33.057899475097656,6.611579895019531,1000.0,0.0,-0.8666666666666667,-0.13333333333333333,-13.0,-2.0,3.0,31
180.88734436035156,10.986137390136719,2.1972274780273438,1000.0,0.0,-0.8666666666666667,-0.06666666666666667,-13.0,-1.0,3.0,31
180.85235595703125,16.747026443481445,3.349405288696289,1000.0,0.0,-0.8666666666666667,0.0,-13.0,0.0,3.0,31
178.42706298828125,7.761287212371826,1.5522574424743651,1000.0,0.0,-0.8666666666666667,0.06666666666666667,-13.0,1.0,3.0,31
184.18780517578125,26.00554847717285,5.20110969543457,1000.0,0.0,-0.8666666666666667,0.13333333333333333,-13.0,2.0,3.0,31
181.29623413085938,14.071249961853027,2.8142499923706055,1000.0,0.0,-0.8666666666666667,0.2,-13.0,3.0,3.0,31
180.36874389648438,12.46590518951416,2.493181037902832,1000.0,0.0,-0.8666666666666667,0.26666666666666666,-13.0,4.0,3.0,31
180.0670166015625,15.301827430725098,3.0603654861450194,1000.0,0.0,-0.8666666666666667,0.3333333333333333,-13.0,5.0,3.0,31
177.69955444335938,11.967015266418457,2.3934030532836914,1000.0,0.0,-0.8666666666666667,0.4,-13.0,6.0,3.0,31
179.31236267089844,9.946898460388184,1.9893796920776368,1000.0,0.0,-0.8666666666666667,0.4666666666666667,-13.0,7.0,3.0,31
177.72996520996094,9.74120044708252,1.948240089416504,1000.0,0.0,-0.8666666666666667,0.5333333333333333,-13.0,8.0,3.0,31
188.30641174316406,30.922433853149414,6.184486770629883,1000.0,0.0,-0.8666666666666667,0.6,-13.0,9.0,3.0,31
239.77130126953125,60.394065856933594,12.078813171386718,1000.0,0.0,-0.8666666666666667,0.6666666666666666,-13.0,10.0,3.0,31
215.98179626464844,52.80217742919922,10.560435485839843,1000.0,0.0,-0.8666666666666667,0.7333333333333333,-13.0,11.0,3.0,31
224.2729949951172,51.994144439697266,10.398828887939453,1000.0,0.0,-0.8666666666666667,0.8,-13.0,12.0,3.0,31
193.98875427246094,20.88815689086914,4.177631378173828,1000.0,0.0,-0.8666666666666667,0.8666666666666667,-13.0,13.0,3.0,31
185.73451232910156,18.620649337768555,3.724129867553711,1000.0,0.0,-0.8666666666666667,0.9333333333333333,-13.0,14.0,3.0,31
196.1552276611328,27.538599014282227,5.507719802856445,1000.0,0.0,-0.8666666666666667,1.0,-13.0,15.0,3.0,31
181.25912475585938,14.693083763122559,2.9386167526245117,1000.0,0.0,-0.8,-1.0,-12.0,-15.0,3.0,31
186.18316650390625,31.102365493774414,6.220473098754883,1000.0,0.0,-0.8,-0.9333333333333333,-12.0,-14.0,3.0,31
172.93727111816406,6.603330612182617,1.3206661224365235,1000.0,0.0,-0.8,-0.8666666666666667,-12.0,-13.0,3.0,31
174.24290466308594,7.256820201873779,1.4513640403747559,1000.0,0.0,-0.8,-0.8,-12.0,-12.0,3.0,31
172.30828857421875,5.370479583740234,1.0740959167480468,1000.0,0.0,-0.8,-0.7333333333333333,-12.0,-11.0,3.0,31
175.81556701660156,7.450860500335693,1.4901721000671386,1000.0,0.0,-0.8,-0.6666666666666666,-12.0,-10.0,3.0,31
185.75921630859375,20.279020309448242,4.055804061889648,1000.0,0.0,-0.8,-0.6,-12.0,-9.0,3.0,31
182.9102783203125,7.9022908210754395,1.580458164215088,1000.0,0.0,-0.8,-0.5333333333333333,-12.0,-8.0,3.0,31
185.93165588378906,13.885700225830078,2.7771400451660155,1000.0,0.0,-0.8,-0.4666666666666667,-12.0,-7.0,3.0,31
185.13099670410156,10.027057647705078,2.0054115295410155,1000.0,0.0,-0.8,-0.4,-12.0,-6.0,3.0,31
196.96372985839844,33.142921447753906,6.628584289550782,1000.0,0.0,-0.8,-0.3333333333333333,-12.0,-5.0,3.0,31
236.89154052734375,46.02822494506836,9.205644989013672,1000.0,0.0,-0.8,-0.26666666666666666,-12.0,-4.0,3.0,31
230.97918701171875,56.90662384033203,11.381324768066406,1000.0,0.0,-0.8,-0.2,-12.0,-3.0,3.0,31
208.87570190429688,40.302703857421875,8.060540771484375,1000.0,0.0,-0.8,-0.13333333333333333,-12.0,-2.0,3.0,31
183.8319091796875,12.733120918273926,2.546624183654785,1000.0,0.0,-0.8,-0.06666666666666667,-12.0,-1.0,3.0,31
184.5211181640625,13.808761596679688,2.7617523193359377,1000.0,0.0,-0.8,0.0,-12.0,0.0,3.0,31
181.0354461669922,9.965496063232422,1.9930992126464844,1000.0,0.0,-0.8,0.06666666666666667,-12.0,1.0,3.0,31
184.84312438964844,20.247228622436523,4.049445724487304,1000.0,0.0,-0.8,0.13333333333333333,-12.0,2.0,3.0,31
188.3437042236328,20.24433708190918,4.048867416381836,1000.0,0.0,-0.8,0.2,-12.0,3.0,3.0,31
185.6109619140625,15.583978652954102,3.1167957305908205,1000.0,0.0,-0.8,0.26666666666666666,-12.0,4.0,3.0,31
181.44503784179688,12.5575532913208,2.51151065826416,1000.0,0.0,-0.8,0.3333333333333333,-12.0,5.0,3.0,31
184.96151733398438,16.18035888671875,3.23607177734375,1000.0,0.0,-0.8,0.4,-12.0,6.0,3.0,31
180.48878479003906,13.452603340148926,2.690520668029785,1000.0,0.0,-0.8,0.4666666666666667,-12.0,7.0,3.0,31
182.0652313232422,16.103229522705078,3.2206459045410156,1000.0,0.0,-0.8,0.5333333333333333,-12.0,8.0,3.0,31
190.87937927246094,28.20880126953125,5.64176025390625,1000.0,0.0,-0.8,0.6,-12.0,9.0,3.0,31
221.69180297851562,58.334022521972656,11.66680450439453,1000.0,0.0,-0.8,0.6666666666666666,-12.0,10.0,3.0,31
219.35321044921875,48.820945739746094,9.764189147949219,1000.0,0.0,-0.8,0.7333333333333333,-12.0,11.0,3.0,31
222.9874267578125,52.66522216796875,10.53304443359375,1000.0,0.0,-0.8,0.8,-12.0,12.0,3.0,31
195.4844207763672,24.597827911376953,4.919565582275391,1000.0,0.0,-0.8,0.8666666666666667,-12.0,13.0,3.0,31
225.75914001464844,41.02867889404297,8.205735778808593,1000.0,0.0,-0.8,0.9333333333333333,-12.0,14.0,3.0,31
191.7422637939453,15.843917846679688,3.1687835693359374,1000.0,0.0,-0.8,1.0,-12.0,15.0,3.0,31
185.3282012939453,21.378555297851562,4.2757110595703125,1000.0,0.0,-0.7333333333333333,-1.0,-11.0,-15.0,3.0,31
178.48135375976562,9.302838325500488,1.8605676651000977,1000.0,0.0,-0.7333333333333333,-0.9333333333333333,-11.0,-14.0,3.0,31
176.53936767578125,8.76972770690918,1.753945541381836,1000.0,0.0,-0.7333333333333333,-0.8666666666666667,-11.0,-13.0,3.0,31
173.4769744873047,8.554716110229492,1.7109432220458984,1000.0,0.0,-0.7333333333333333,-0.8,-11.0,-12.0,3.0,31
174.7225799560547,8.611116409301758,1.7222232818603516,1000.0,0.0,-0.7333333333333333,-0.7333333333333333,-11.0,-11.0,3.0,31
175.05038452148438,9.130406379699707,1.8260812759399414,1000.0,0.0,-0.7333333333333333,-0.6666666666666666,-11.0,-10.0,3.0,31
175.81788635253906,14.284018516540527,2.8568037033081053,1000.0,0.0,-0.7333333333333333,-0.6,-11.0,-9.0,3.0,31
181.7744903564453,7.536065578460693,1.5072131156921387,1000.0,0.0,-0.7333333333333333,-0.5333333333333333,-11.0,-8.0,3.0,31
178.70738220214844,8.331782341003418,1.6663564682006835,1000.0,0.0,-0.7333333333333333,-0.4666666666666667,-11.0,-7.0,3.0,31
180.23731994628906,12.46258544921875,2.49251708984375,1000.0,0.0,-0.7333333333333333,-0.4,-11.0,-6.0,3.0,31
195.9249267578125,22.88365364074707,4.576730728149414,1000.0,0.0,-0.7333333333333333,-0.3333333333333333,-11.0,-5.0,3.0,31
217.48553466796875,45.44807434082031,9.089614868164062,1000.0,0.0,-0.7333333333333333,-0.26666666666666666,-11.0,-4.0,3.0,31
229.04466247558594,51.497894287109375,10.299578857421874,1000.0,0.0,-0.7333333333333333,-0.2,-11.0,-3.0,3.0,31
204.57470703125,33.42177963256836,6.684355926513672,1000.0,0.0,-0.7333333333333333,-0.13333333333333333,-11.0,-2.0,3.0,31
191.55274963378906,23.953676223754883,4.790735244750977,1000.0,0.0,-0.7333333333333333,-0.06666666666666667,-11.0,-1.0,3.0,31
184.7345733642578,19.686250686645508,3.9372501373291016,1000.0,0.0,-0.7333333333333333,0.0,-11.0,0.0,3.0,31
190.98387145996094,28.199045181274414,5.639809036254883,1000.0,0.0,-0.7333333333333333,0.06666666666666667,-11.0,1.0,3.0,31
182.24014282226562,15.051375389099121,3.0102750778198244,1000.0,0.0,-0.7333333333333333,0.13333333333333333,-11.0,2.0,3.0,31
185.46812438964844,22.441068649291992,4.488213729858399,1000.0,0.0,-0.7333333333333333,0.2,-11.0,3.0,3.0,31
185.58749389648438,23.308481216430664,4.661696243286133,1000.0,0.0,-0.7333333333333333,0.26666666666666666,-11.0,4.0,3.0,31
187.7772674560547,27.069692611694336,5.413938522338867,1000.0,0.0,-0.7333333333333333,0.3333333333333333,-11.0,5.0,3.0,31
180.07337951660156,10.551289558410645,2.1102579116821287,1000.0,0.0,-0.7333333333333333,0.4,-11.0,6.0,3.0,31
195.15032958984375,23.829734802246094,4.765946960449218,1000.0,0.0,-0.7333333333333333,0.4666666666666667,-11.0,7.0,3.0,31
183.1025848388672,17.027057647705078,3.4054115295410154,1000.0,0.0,-0.7333333333333333,0.5333333333333333,-11.0,8.0,3.0,31
209.25723266601562,47.78731155395508,9.557462310791015,1000.0,0.0,-0.7333333333333333,0.6,-11.0,9.0,3.0,31
225.3002166748047,49.680877685546875,9.936175537109374,1000.0,0.0,-0.7333333333333333,0.6666666666666666,-11.0,10.0,3.0,31
219.22909545898438,49.73320007324219,9.946640014648438,1000.0,0.0,-0.7333333333333333,0.7333333333333333,-11.0,11.0,3.0,31
219.45513916015625,51.62600326538086,10.325200653076172,1000.0,0.0,-0.7333333333333333,0.8,-11.0,12.0,3.0,31
216.94134521484375,37.55108642578125,7.51021728515625,1000.0,0.0,-0.7333333333333333,0.8666666666666667,-11.0,13.0,3.0,31
192.9590301513672,18.020761489868164,3.604152297973633,1000.0,0.0,-0.7333333333333333,0.9333333333333333,-11.0,14.0,3.0,31
202.57269287109375,31.793941497802734,6.358788299560547,1000.0,0.0,-0.7333333333333333,1.0,-11.0,15.0,3.0,31
191.7373809814453,33.23677062988281,6.6473541259765625,1000.0,0.0,-0.6666666666666666,-1.0,-10.0,-15.0,3.0,31
184.0909423828125,19.89508628845215,3.9790172576904297,1000.0,0.0,-0.6666666666666666,-0.9333333333333333,-10.0,-14.0,3.0,31
176.22145080566406,9.820385932922363,1.9640771865844726,1000.0,0.0,-0.6666666666666666,-0.8666666666666667,-10.0,-13.0,3.0,31
176.30523681640625,10.981730461120605,2.196346092224121,1000.0,0.0,-0.6666666666666666,-0.8,-10.0,-12.0,3.0,31
173.7322998046875,8.386187553405762,1.6772375106811523,1000.0,0.0,-0.6666666666666666,-0.7333333333333333,-10.0,-11.0,3.0,31
173.70005798339844,6.845356464385986,1.3690712928771973,1000.0,0.0,-0.6666666666666666,-0.6666666666666666,-10.0,-10.0,3.0,31
174.7396697998047,8.399075508117676,1.6798151016235352,1000.0,0.0,-0.6666666666666666,-0.6,-10.0,-9.0,3.0,31
173.5018768310547,7.420129776000977,1.4840259552001953,1000.0,0.0,-0.6666666666666666,-0.5333333333333333,-10.0,-8.0,3.0,31
183.92938232421875,9.632774353027344,1.9265548706054687,1000.0,0.0,-0.6666666666666666,-0.4666666666666667,-10.0,-7.0,3.0,31
176.8385009765625,7.588229656219482,1.5176459312438966,1000.0,0.0,-0.6666666666666666,-0.4,-10.0,-6.0,3.0,31
196.8984832763672,16.61432647705078,3.322865295410156,1000.0,0.0,-0.6666666666666666,-0.3333333333333333,-10.0,-5.0,3.0,31
210.28863525390625,24.416074752807617,4.883214950561523,1000.0,0.0,-0.6666666666666666,-0.26666666666666666,-10.0,-4.0,3.0,31
240.46597290039062,50.536495208740234,10.107299041748046,1000.0,0.0,-0.6666666666666666,-0.2,-10.0,-3.0,3.0,31
241.3795928955078,51.90983963012695,10.381967926025391,1000.0,0.0,-0.6666666666666666,-0.13333333333333333,-10.0,-2.0,3.0,31
200.15589904785156,24.92681312561035,4.98536262512207,1000.0,0.0,-0.6666666666666666,-0.06666666666666667,-10.0,-1.0,3.0,31
185.51429748535156,15.469639778137207,3.0939279556274415,1000.0,0.0,-0.6666666666666666,0.0,-10.0,0.0,3.0,31
186.12721252441406,19.685951232910156,3.9371902465820314,1000.0,0.0,-0.6666666666666666,0.06666666666666667,-10.0,1.0,3.0,31
188.84878540039062,13.495190620422363,2.6990381240844727,1000.0,0.0,-0.6666666666666666,0.13333333333333333,-10.0,2.0,3.0,31
189.98275756835938,15.738388061523438,3.1476776123046877,1000.0,0.0,-0.6666666666666666,0.2,-10.0,3.0,3.0,31
191.92747497558594,16.23501968383789,3.247003936767578,1000.0,0.0,-0.6666666666666666,0.26666666666666666,-10.0,4.0,3.0,31
194.91482543945312,15.777376174926758,3.1554752349853517,1000.0,0.0,-0.6666666666666666,0.3333333333333333,-10.0,5.0,3.0,31
200.82168579101562,35.53871536254883,7.1077430725097654,1000.0,0.0,-0.6666666666666666,0.4,-10.0,6.0,3.0,31
201.00161743164062,41.97922134399414,8.395844268798829,1000.0,0.0,-0.6666666666666666,0.4666666666666667,-10.0,7.0,3.0,31
186.63134765625,16.3487548828125,3.2697509765625,1000.0,0.0,-0.6666666666666666,0.5333333333333333,-10.0,8.0,3.0,31
215.7932586669922,53.60466766357422,10.720933532714843,1000.0,0.0,-0.6666666666666666,0.6,-10.0,9.0,3.0,31
221.1448211669922,57.94221878051758,11.588443756103516,1000.0,0.0,-0.6666666666666666,0.6666666666666666,-10.0,10.0,3.0,31
210.63198852539062,44.497535705566406,8.899507141113281,1000.0,0.0,-0.6666666666666666,0.7333333333333333,-10.0,11.0,3.0,31
238.0418701171875,31.696455001831055,6.339291000366211,1000.0,0.0,-0.6666666666666666,0.8,-10.0,12.0,3.0,31
197.39822387695312,23.92885971069336,4.7857719421386715,1000.0,0.0,-0.6666666666666666,0.8666666666666667,-10.0,13.0,3.0,31
199.06719970703125,34.85236740112305,6.9704734802246096,1000.0,0.0,-0.6666666666666666,0.9333333333333333,-10.0,14.0,3.0,31
203.72557067871094,32.43450927734375,6.48690185546875,1000.0,0.0,-0.6666666666666666,1.0,-10.0,15.0,3.0,31
194.20785522460938,31.23444175720215,6.24688835144043,1000.0,0.0,-0.6,-1.0,-9.0,-15.0,3.0,31
180.75550842285156,21.39369010925293,4.278738021850586,1000.0,0.0,-0.6,-0.9333333333333333,-9.0,-14.0,3.0,31
180.47825622558594,10.076798439025879,2.0153596878051756,1000.0,0.0,-0.6,-0.8666666666666667,-9.0,-13.0,3.0,31
176.16619873046875,9.603899955749512,1.9207799911499024,1000.0,0.0,-0.6,-0.8,-9.0,-12.0,3.0,31
177.52041625976562,11.496123313903809,2.2992246627807615,1000.0,0.0,-0.6,-0.7333333333333333,-9.0,-11.0,3.0,31
174.93946838378906,8.714658737182617,1.7429317474365233,1000.0,0.0,-0.6,-0.6666666666666666,-9.0,-10.0,3.0,31
177.4999542236328,17.70290756225586,3.5405815124511717,1000.0,0.0,-0.6,-0.6,-9.0,-9.0,3.0,31
174.71046447753906,6.830861568450928,1.3661723136901855,1000.0,0.0,-0.6,-0.5333333333333333,-9.0,-8.0,3.0,31
174.44940185546875,8.71172046661377,1.7423440933227539,1000.0,0.0,-0.6,-0.4666666666666667,-9.0,-7.0,3.0,31
180.78604125976562,7.620308876037598,1.5240617752075196,1000.0,0.0,-0.6,-0.4,-9.0,-6.0,3.0,31
204.61572265625,19.323625564575195,3.864725112915039,1000.0,0.0,-0.6,-0.3333333333333333,-9.0,-5.0,3.0,31
203.6880340576172,26.184539794921875,5.236907958984375,1000.0,0.0,-0.6,-0.26666666666666666,-9.0,-4.0,3.0,31
258.277587890625,56.76228713989258,11.352457427978516,1000.0,0.0,-0.6,-0.2,-9.0,-3.0,3.0,31
254.40853881835938,43.7572135925293,8.75144271850586,1000.0,0.0,-0.6,-0.13333333333333333,-9.0,-2.0,3.0,31
205.4069366455078,32.65435791015625,6.53087158203125,1000.0,0.0,-0.6,-0.06666666666666667,-9.0,-1.0,3.0,31
200.82421875,24.852582931518555,4.970516586303711,1000.0,0.0,-0.6,0.0,-9.0,0.0,3.0,31
185.69969177246094,11.915204048156738,2.3830408096313476,1000.0,0.0,-0.6,0.06666666666666667,-9.0,1.0,3.0,31
192.14810180664062,27.501832962036133,5.500366592407227,1000.0,0.0,-0.6,0.13333333333333333,-9.0,2.0,3.0,31
190.9261474609375,18.995582580566406,3.799116516113281,1000.0,0.0,-0.6,0.2,-9.0,3.0,3.0,31
186.57772827148438,25.042203903198242,5.008440780639648,1000.0,0.0,-0.6,0.26666666666666666,-9.0,4.0,3.0,31
185.07992553710938,20.188201904296875,4.037640380859375,1000.0,0.0,-0.6,0.3333333333333333,-9.0,5.0,3.0,31
196.14422607421875,32.63349533081055,6.526699066162109,1000.0,0.0,-0.6,0.4,-9.0,6.0,3.0,31
202.8296661376953,33.04518127441406,6.609036254882812,1000.0,0.0,-0.6,0.4666666666666667,-9.0,7.0,3.0,31
189.9559783935547,23.754018783569336,4.750803756713867,1000.0,0.0,-0.6,0.5333333333333333,-9.0,8.0,3.0,31
212.1636199951172,42.184688568115234,8.436937713623047,1000.0,0.0,-0.6,0.6,-9.0,9.0,3.0,31
213.5858917236328,40.982547760009766,8.196509552001952,1000.0,0.0,-0.6,0.6666666666666666,-9.0,10.0,3.0,31
209.22967529296875,35.090450286865234,7.018090057373047,1000.0,0.0,-0.6,0.7333333333333333,-9.0,11.0,3.0,31
210.90234375,28.376127243041992,5.675225448608399,1000.0,0.0,-0.6,0.8,-9.0,12.0,3.0,31
208.7874755859375,35.014469146728516,7.0028938293457035,1000.0,0.0,-0.6,0.8666666666666667,-9.0,13.0,3.0,31
202.66673278808594,34.45077896118164,6.890155792236328,1000.0,0.0,-0.6,0.9333333333333333,-9.0,14.0,3.0,31
221.85797119140625,52.11024475097656,10.422048950195313,1000.0,0.0,-0.6,1.0,-9.0,15.0,3.0,31
180.87673950195312,17.821395874023438,3.5642791748046876,1000.0,0.0,-0.5333333333333333,-1.0,-8.0,-15.0,3.0,31
178.39808654785156,9.31983757019043,1.863967514038086,1000.0,0.0,-0.5333333333333333,-0.9333333333333333,-8.0,-14.0,3.0,31
176.9196319580078,8.315971374511719,1.6631942749023438,1000.0,0.0,-0.5333333333333333,-0.8666666666666667,-8.0,-13.0,3.0,31
174.55584716796875,7.13155460357666,1.426310920715332,1000.0,0.0,-0.5333333333333333,-0.8,-8.0,-12.0,3.0,31
175.09841918945312,6.688207626342773,1.3376415252685547,1000.0,0.0,-0.5333333333333333,-0.7333333333333333,-8.0,-11.0,3.0,31
174.8759765625,7.7516655921936035,1.5503331184387208,1000.0,0.0,-0.5333333333333333,-0.6666666666666666,-8.0,-10.0,3.0,31
181.66871643066406,15.217674255371094,3.043534851074219,1000.0,0.0,-0.5333333333333333,-0.6,-8.0,-9.0,3.0,31
173.88134765625,6.278044700622559,1.2556089401245116,1000.0,0.0,-0.5333333333333333,-0.5333333333333333,-8.0,-8.0,3.0,31
173.4128875732422,6.174429893493652,1.2348859786987305,1000.0,0.0,-0.5333333333333333,-0.4666666666666667,-8.0,-7.0,3.0,31
174.53453063964844,6.816032886505127,1.3632065773010253,1000.0,0.0,-0.5333333333333333,-0.4,-8.0,-6.0,3.0,31
198.24325561523438,19.79802894592285,3.9596057891845704,1000.0,0.0,-0.5333333333333333,-0.3333333333333333,-8.0,-5.0,3.0,31
198.48785400390625,23.939085006713867,4.787817001342773,1000.0,0.0,-0.5333333333333333,-0.26666666666666666,-8.0,-4.0,3.0,31
226.3778533935547,36.185821533203125,7.237164306640625,1000.0,0.0,-0.5333333333333333,-0.2,-8.0,-3.0,3.0,31
282.127685546875,60.998260498046875,12.199652099609375,1000.0,0.0,-0.5333333333333333,-0.13333333333333333,-8.0,-2.0,3.0,31
192.84010314941406,13.618349075317383,2.7236698150634764,1000.0,0.0,-0.5333333333333333,-0.06666666666666667,-8.0,-1.0,3.0,31
209.09178161621094,42.51945114135742,8.503890228271484,1000.0,0.0,-0.5333333333333333,0.0,-8.0,0.0,3.0,31
196.22483825683594,29.820987701416016,5.9641975402832035,1000.0,0.0,-0.5333333333333333,0.06666666666666667,-8.0,1.0,3.0,31
192.99078369140625,26.766368865966797,5.35327377319336,1000.0,0.0,-0.5333333333333333,0.13333333333333333,-8.0,2.0,3.0,31
187.5733642578125,25.691701889038086,5.1383403778076175,1000.0,0.0,-0.5333333333333333,0.2,-8.0,3.0,3.0,31
183.8494873046875,17.626598358154297,3.5253196716308595,1000.0,0.0,-0.5333333333333333,0.26666666666666666,-8.0,4.0,3.0,31
196.3542938232422,29.82493782043457,5.964987564086914,1000.0,0.0,-0.5333333333333333,0.3333333333333333,-8.0,5.0,3.0,31
194.66818237304688,33.33852005004883,6.667704010009766,1000.0,0.0,-0.5333333333333333,0.4,-8.0,6.0,3.0,31
211.70556640625,39.17695999145508,7.835391998291016,1000.0,0.0,-0.5333333333333333,0.4666666666666667,-8.0,7.0,3.0,31
232.99072265625,54.80934524536133,10.961869049072266,1000.0,0.0,-0.5333333333333333,0.5333333333333333,-8.0,8.0,3.0,31
200.3692169189453,28.14080810546875,5.62816162109375,1000.0,0.0,-0.5333333333333333,0.6,-8.0,9.0,3.0,31
194.6325225830078,22.93242835998535,4.58648567199707,1000.0,0.0,-0.5333333333333333,0.6666666666666666,-8.0,10.0,3.0,31
206.7510986328125,37.638267517089844,7.527653503417969,1000.0,0.0,-0.5333333333333333,0.7333333333333333,-8.0,11.0,3.0,31
206.15367126464844,32.63642501831055,6.52728500366211,1000.0,0.0,-0.5333333333333333,0.8,-8.0,12.0,3.0,31
227.7862091064453,48.46926498413086,9.693852996826172,1000.0,0.0,-0.5333333333333333,0.8666666666666667,-8.0,13.0,3.0,31
220.8934326171875,46.071815490722656,9.214363098144531,1000.0,0.0,-0.5333333333333333,0.9333333333333333,-8.0,14.0,3.0,31
236.85597229003906,51.19810485839844,10.239620971679688,1000.0,0.0,-0.5333333333333333,1.0,-8.0,15.0,3.0,31
181.25082397460938,10.131418228149414,2.0262836456298827,1000.0,0.0,-0.4666666666666667,-1.0,-7.0,-15.0,3.0,31
175.5530242919922,7.1485676765441895,1.429713535308838,1000.0,0.0,-0.4666666666666667,-0.9333333333333333,-7.0,-14.0,3.0,31
185.57595825195312,37.8202018737793,7.5640403747558596,1000.0,0.0,-0.4666666666666667,-0.8666666666666667,-7.0,-13.0,3.0,31
177.7763214111328,11.125843048095703,2.2251686096191405,1000.0,0.0,-0.4666666666666667,-0.8,-7.0,-12.0,3.0,31
175.59535217285156,8.727581977844238,1.7455163955688477,1000.0,0.0,-0.4666666666666667,-0.7333333333333333,-7.0,-11.0,3.0,31
175.59918212890625,9.743379592895508,1.9486759185791016,1000.0,0.0,-0.4666666666666667,-0.6666666666666666,-7.0,-10.0,3.0,31
175.60391235351562,8.644000053405762,1.7288000106811523,1000.0,0.0,-0.4666666666666667,-0.6,-7.0,-9.0,3.0,31
181.1176300048828,20.258455276489258,4.051691055297852,1000.0,0.0,-0.4666666666666667,-0.5333333333333333,-7.0,-8.0,3.0,31
175.03663635253906,9.018074035644531,1.8036148071289062,1000.0,0.0,-0.4666666666666667,-0.4666666666666667,-7.0,-7.0,3.0,31
174.30789184570312,7.998935222625732,1.5997870445251465,1000.0,0.0,-0.4666666666666667,-0.4,-7.0,-6.0,3.0,31
184.94540405273438,17.919784545898438,3.5839569091796877,1000.0,0.0,-0.4666666666666667,-0.3333333333333333,-7.0,-5.0,3.0,31
183.81446838378906,15.433794975280762,3.0867589950561523,1000.0,0.0,-0.4666666666666667,-0.26666666666666666,-7.0,-4.0,3.0,31
209.17970275878906,53.66602325439453,10.733204650878907,1000.0,0.0,-0.4666666666666667,-0.2,-7.0,-3.0,3.0,31
228.81150817871094,34.201805114746094,6.840361022949219,1000.0,0.0,-0.4666666666666667,-0.13333333333333333,-7.0,-2.0,3.0,31
209.49081420898438,45.863525390625,9.172705078125,1000.0,0.0,-0.4666666666666667,-0.06666666666666667,-7.0,-1.0,3.0,31
188.10935974121094,25.216848373413086,5.0433696746826175,1000.0,0.0,-0.4666666666666667,0.0,-7.0,0.0,3.0,31
241.31468200683594,93.51200866699219,18.70240173339844,1000.0,0.0,-0.4666666666666667,0.06666666666666667,-7.0,1.0,3.0,31
209.91233825683594,43.30036926269531,8.660073852539062,1000.0,0.0,-0.4666666666666667,0.13333333333333333,-7.0,2.0,3.0,31
189.55128479003906,23.677885055541992,4.735577011108399,1000.0,0.0,-0.4666666666666667,0.2,-7.0,3.0,3.0,31
193.14227294921875,17.320425033569336,3.464085006713867,1000.0,0.0,-0.4666666666666667,0.26666666666666666,-7.0,4.0,3.0,31
198.0362548828125,34.959163665771484,6.991832733154297,1000.0,0.0,-0.4666666666666667,0.3333333333333333,-7.0,5.0,3.0,31
196.4812469482422,26.65504264831543,5.331008529663086,1000.0,0.0,-0.4666666666666667,0.4,-7.0,6.0,3.0,31
199.45558166503906,29.475820541381836,5.895164108276367,1000.0,0.0,-0.4666666666666667,0.4666666666666667,-7.0,7.0,3.0,31
182.85218811035156,13.868988990783691,2.773797798156738,1000.0,0.0,-0.4666666666666667,0.5333333333333333,-7.0,8.0,3.0,31
200.3373260498047,26.746326446533203,5.349265289306641,1000.0,0.0,-0.4666666666666667,0.6,-7.0,9.0,3.0,31
194.05548095703125,19.04386329650879,3.808772659301758,1000.0,0.0,-0.4666666666666667,0.6666666666666666,-7.0,10.0,3.0,31
195.68197631835938,20.4988956451416,4.09977912902832,1000.0,0.0,-0.4666666666666667,0.7333333333333333,-7.0,11.0,3.0,31
222.55711364746094,44.564151763916016,8.912830352783203,1000.0,0.0,-0.4666666666666667,0.8,-7.0,12.0,3.0,31
231.51004028320312,52.14167022705078,10.428334045410157,1000.0,0.0,-0.4666666666666667,0.8666666666666667,-7.0,13.0,3.0,31
218.58033752441406,40.09877014160156,8.019754028320312,1000.0,0.0,-0.4666666666666667,0.9333333333333333,-7.0,14.0,3.0,31
267.750244140625,67.41170501708984,13.482341003417968,1000.0,0.0,-0.4666666666666667,1.0,-7.0,15.0,3.0,31
181.7118377685547,14.85268497467041,2.970536994934082,1000.0,0.0,-0.4,-1.0,-6.0,-15.0,3.0,31
179.81610107421875,10.10236644744873,2.020473289489746,1000.0,0.0,-0.4,-0.9333333333333333,-6.0,-14.0,3.0,31
177.19784545898438,8.82114028930664,1.764228057861328,1000.0,0.0,-0.4,-0.8666666666666667,-6.0,-13.0,3.0,31
180.1186065673828,9.27469253540039,1.8549385070800781,1000.0,0.0,-0.4,-0.8,-6.0,-12.0,3.0,31
182.72265625,13.379054069519043,2.6758108139038086,1000.0,0.0,-0.4,-0.7333333333333333,-6.0,-11.0,3.0,31
184.7147979736328,14.265475273132324,2.853095054626465,1000.0,0.0,-0.4,-0.6666666666666666,-6.0,-10.0,3.0,31
177.32716369628906,9.539916038513184,1.9079832077026366,1000.0,0.0,-0.4,-0.6,-6.0,-9.0,3.0,31
177.2646942138672,12.268595695495605,2.453719139099121,1000.0,0.0,-0.4,-0.5333333333333333,-6.0,-8.0,3.0,31
172.28228759765625,4.299060821533203,0.8598121643066406,1000.0,0.0,-0.4,-0.4666666666666667,-6.0,-7.0,3.0,31
173.2329559326172,7.3652849197387695,1.4730569839477539,1000.0,0.0,-0.4,-0.4,-6.0,-6.0,3.0,31
181.41641235351562,14.635794639587402,2.9271589279174806,1000.0,0.0,-0.4,-0.3333333333333333,-6.0,-5.0,3.0,31
183.20631408691406,14.859066009521484,2.971813201904297,1000.0,0.0,-0.4,-0.26666666666666666,-6.0,-4.0,3.0,31
194.85903930664062,45.54592514038086,9.109185028076173,1000.0,0.0,-0.4,-0.2,-6.0,-3.0,3.0,31
209.91519165039062,30.93307113647461,6.186614227294922,1000.0,0.0,-0.4,-0.13333333333333333,-6.0,-2.0,3.0,31
242.2391357421875,65.18051147460938,13.036102294921875,1000.0,0.0,-0.4,-0.06666666666666667,-6.0,-1.0,3.0,31
263.8913269042969,82.99758911132812,16.599517822265625,1000.0,0.0,-0.4,0.0,-6.0,0.0,3.0,31
200.9904327392578,43.11878967285156,8.623757934570312,1000.0,0.0,-0.4,0.06666666666666667,-6.0,1.0,3.0,31
227.00453186035156,52.458621978759766,10.491724395751953,1000.0,0.0,-0.4,0.13333333333333333,-6.0,2.0,3.0,31
195.38751220703125,25.23957061767578,5.047914123535156,1000.0,0.0,-0.4,0.2,-6.0,3.0,3.0,31
190.41822814941406,23.57738494873047,4.715476989746094,1000.0,0.0,-0.4,0.26666666666666666,-6.0,4.0,3.0,31
202.47274780273438,29.701602935791016,5.940320587158203,1000.0,0.0,-0.4,0.3333333333333333,-6.0,5.0,3.0,31
192.6374053955078,22.541654586791992,4.508330917358398,1000.0,0.0,-0.4,0.4,-6.0,6.0,3.0,31
186.7626190185547,15.7945556640625,3.1589111328125,1000.0,0.0,-0.4,0.4666666666666667,-6.0,7.0,3.0,31
190.0450439453125,18.891929626464844,3.7783859252929686,1000.0,0.0,-0.4,0.5333333333333333,-6.0,8.0,3.0,31
189.04835510253906,17.238319396972656,3.4476638793945313,1000.0,0.0,-0.4,0.6,-6.0,9.0,3.0,31
198.19566345214844,30.39286231994629,6.078572463989258,1000.0,0.0,-0.4,0.6666666666666666,-6.0,10.0,3.0,31
194.18580627441406,25.645044326782227,5.129008865356445,1000.0,0.0,-0.4,0.7333333333333333,-6.0,11.0,3.0,31
222.6925048828125,45.112483978271484,9.022496795654297,1000.0,0.0,-0.4,0.8,-6.0,12.0,3.0,31
214.2706298828125,44.70880126953125,8.94176025390625,1000.0,0.0,-0.4,0.8666666666666667,-6.0,13.0,3.0,31
244.60365295410156,54.59635543823242,10.919271087646484,1000.0,0.0,-0.4,0.9333333333333333,-6.0,14.0,3.0,31
260.30108642578125,64.59208679199219,12.918417358398438,1000.0,0.0,-0.4,1.0,-6.0,15.0,3.0,31
192.30819702148438,21.977577209472656,4.395515441894531,1000.0,0.0,-0.3333333333333333,-1.0,-5.0,-15.0,3.0,31
191.87869262695312,18.65382957458496,3.7307659149169923,1000.0,0.0,-0.3333333333333333,-0.9333333333333333,-5.0,-14.0,3.0,31
182.4878387451172,11.991246223449707,2.3982492446899415,1000.0,0.0,-0.3333333333333333,-0.8666666666666667,-5.0,-13.0,3.0,31
181.45045471191406,11.431705474853516,2.286341094970703,1000.0,0.0,-0.3333333333333333,-0.8,-5.0,-12.0,3.0,31
181.30654907226562,13.37153148651123,2.674306297302246,1000.0,0.0,-0.3333333333333333,-0.7333333333333333,-5.0,-11.0,3.0,31
182.8492431640625,16.332447052001953,3.2664894104003905,1000.0,0.0,-0.3333333333333333,-0.6666666666666666,-5.0,-10.0,3.0,31
188.62513732910156,20.988929748535156,4.197785949707031,1000.0,0.0,-0.3333333333333333,-0.6,-5.0,-9.0,3.0,31
188.85630798339844,21.788230895996094,4.357646179199219,1000.0,0.0,-0.3333333333333333,-0.5333333333333333,-5.0,-8.0,3.0,31
184.96255493164062,19.26546287536621,3.853092575073242,1000.0,0.0,-0.3333333333333333,-0.4666666666666667,-5.0,-7.0,3.0,31
183.86099243164062,15.529158592224121,3.1058317184448243,1000.0,0.0,-0.3333333333333333,-0.4,-5.0,-6.0,3.0,31
180.8228302001953,14.116430282592773,2.8232860565185547,1000.0,0.0,-0.3333333333333333,-0.3333333333333333,-5.0,-5.0,3.0,31
192.0439453125,24.078073501586914,4.815614700317383,1000.0,0.0,-0.3333333333333333,-0.26666666666666666,-5.0,-4.0,3.0,31
328.3688659667969,33.878055572509766,6.775611114501953,1000.0,0.0,-0.3333333333333333,-0.2,-5.0,-3.0,3.0,31
203.78598022460938,44.163551330566406,8.832710266113281,1000.0,0.0,-0.3333333333333333,-0.13333333333333333,-5.0,-2.0,3.0,31
270.17877197265625,94.0201187133789,18.80402374267578,1000.0,0.0,-0.3333333333333333,-0.06666666666666667,-5.0,-1.0,3.0,31
243.240234375,98.33007049560547,19.666014099121092,1000.0,0.0,-0.3333333333333333,0.0,-5.0,0.0,3.0,31
248.85122680664062,87.7453842163086,17.54907684326172,1000.0,0.0,-0.3333333333333333,0.06666666666666667,-5.0,1.0,3.0,31
271.0631408691406,63.86061477661133,12.772122955322265,1000.0,0.0,-0.3333333333333333,0.13333333333333333,-5.0,2.0,3.0,31
192.42062377929688,27.06735610961914,5.413471221923828,1000.0,0.0,-0.3333333333333333,0.2,-5.0,3.0,3.0,31
192.84107971191406,23.52614402770996,4.705228805541992,1000.0,0.0,-0.3333333333333333,0.26666666666666666,-5.0,4.0,3.0,31
183.79067993164062,15.24181079864502,3.048362159729004,1000.0,0.0,-0.3333333333333333,0.3333333333333333,-5.0,5.0,3.0,31
190.8647918701172,14.367032051086426,2.873406410217285,1000.0,0.0,-0.3333333333333333,0.4,-5.0,6.0,3.0,31
207.0028076171875,31.799299240112305,6.359859848022461,1000.0,0.0,-0.3333333333333333,0.4666666666666667,-5.0,7.0,3.0,31
201.01609802246094,27.14453125,5.42890625,1000.0,0.0,-0.3333333333333333,0.5333333333333333,-5.0,8.0,3.0,31
213.43572998046875,30.85719871520996,6.171439743041992,1000.0,0.0,-0.3333333333333333,0.6,-5.0,9.0,3.0,31
219.79318237304688,44.21186828613281,8.842373657226563,1000.0,0.0,-0.3333333333333333,0.6666666666666666,-5.0,10.0,3.0,31
221.95068359375,38.91461944580078,7.782923889160156,1000.0,0.0,-0.3333333333333333,0.7333333333333333,-5.0,11.0,3.0,31
230.78646850585938,46.834598541259766,9.366919708251952,1000.0,0.0,-0.3333333333333333,0.8,-5.0,12.0,3.0,31
240.908203125,39.53842544555664,7.907685089111328,1000.0,0.0,-0.3333333333333333,0.8666666666666667,-5.0,13.0,3.0,31
257.92132568359375,75.33612060546875,15.06722412109375,1000.0,0.0,-0.3333333333333333,0.9333333333333333,-5.0,14.0,3.0,31
250.23870849609375,69.56172180175781,13.912344360351563,1000.0,0.0,-0.3333333333333333,1.0,-5.0,15.0,3.0,31
211.99610900878906,39.18269348144531,7.836538696289063,1000.0,0.0,-0.26666666666666666,-1.0,-4.0,-15.0,3.0,31
193.25880432128906,33.2611083984375,6.6522216796875,1000.0,0.0,-0.26666666666666666,-0.9333333333333333,-4.0,-14.0,3.0,31
198.64630126953125,24.49591064453125,4.89918212890625,1000.0,0.0,-0.26666666666666666,-0.8666666666666667,-4.0,-13.0,3.0,31
184.80160522460938,14.722071647644043,2.9444143295288088,1000.0,0.0,-0.26666666666666666,-0.8,-4.0,-12.0,3.0,31
179.55833435058594,10.59961223602295,2.1199224472045897,1000.0,0.0,-0.26666666666666666,-0.7333333333333333,-4.0,-11.0,3.0,31
187.18589782714844,15.432514190673828,3.0865028381347654,1000.0,0.0,-0.26666666666666666,-0.6666666666666666,-4.0,-10.0,3.0,31
196.8318328857422,26.091039657592773,5.218207931518554,1000.0,0.0,-0.26666666666666666,-0.6,-4.0,-9.0,3.0,31
202.69898986816406,37.58863830566406,7.517727661132812,1000.0,0.0,-0.26666666666666666,-0.5333333333333333,-4.0,-8.0,3.0,31
216.60630798339844,40.86042404174805,8.17208480834961,1000.0,0.0,-0.26666666666666666,-0.4666666666666667,-4.0,-7.0,3.0,31
232.71217346191406,38.968360900878906,7.793672180175781,1000.0,0.0,-0.26666666666666666,-0.4,-4.0,-6.0,3.0,31
270.67230224609375,33.3347053527832,6.666941070556641,1000.0,0.0,-0.26666666666666666,-0.3333333333333333,-4.0,-5.0,3.0,31
284.6041259765625,27.647865295410156,5.529573059082031,1000.0,0.0,-0.26666666666666666,-0.26666666666666666,-4.0,-4.0,3.0,31
280.87139892578125,34.39336013793945,6.878672027587891,1000.0,0.0,-0.26666666666666666,-0.2,-4.0,-3.0,3.0,31
247.98699951171875,39.21389389038086,7.8427787780761715,1000.0,0.0,-0.26666666666666666,-0.13333333333333333,-4.0,-2.0,3.0,31
327.4795837402344,203.01040649414062,40.602081298828125,1000.0,0.0,-0.26666666666666666,-0.06666666666666667,-4.0,-1.0,3.0,31
400.7026672363281,238.68896484375,47.73779296875,1000.0,0.0,-0.26666666666666666,0.0,-4.0,0.0,3.0,31
294.8798522949219,141.01480102539062,28.202960205078124,1000.0,0.0,-0.26666666666666666,0.06666666666666667,-4.0,1.0,3.0,31
197.86692810058594,41.31777572631836,8.263555145263672,1000.0,0.0,-0.26666666666666666,0.13333333333333333,-4.0,2.0,3.0,31
200.84417724609375,32.464141845703125,6.492828369140625,1000.0,0.0,-0.26666666666666666,0.2,-4.0,3.0,3.0,31
188.1815185546875,21.20628547668457,4.241257095336914,1000.0,0.0,-0.26666666666666666,0.26666666666666666,-4.0,4.0,3.0,31
210.3212890625,37.65168380737305,7.53033676147461,1000.0,0.0,-0.26666666666666666,0.3333333333333333,-4.0,5.0,3.0,31
210.66749572753906,37.440773010253906,7.488154602050781,1000.0,0.0,-0.26666666666666666,0.4,-4.0,6.0,3.0,31
206.48574829101562,27.459768295288086,5.491953659057617,1000.0,0.0,-0.26666666666666666,0.4666666666666667,-4.0,7.0,3.0,31
215.3002471923828,36.69878387451172,7.339756774902344,1000.0,0.0,-0.26666666666666666,0.5333333333333333,-4.0,8.0,3.0,31
224.9095458984375,41.849361419677734,8.369872283935546,1000.0,0.0,-0.26666666666666666,0.6,-4.0,9.0,3.0,31
224.17759704589844,42.38444137573242,8.476888275146484,1000.0,0.0,-0.26666666666666666,0.6666666666666666,-4.0,10.0,3.0,31
218.82598876953125,36.357357025146484,7.271471405029297,1000.0,0.0,-0.26666666666666666,0.7333333333333333,-4.0,11.0,3.0,31
232.2061309814453,42.649173736572266,8.529834747314453,1000.0,0.0,-0.26666666666666666,0.8,-4.0,12.0,3.0,31
238.26048278808594,51.62763977050781,10.325527954101563,1000.0,0.0,-0.26666666666666666,0.8666666666666667,-4.0,13.0,3.0,31
212.6571502685547,35.16565704345703,7.033131408691406,1000.0,0.0,-0.26666666666666666,0.9333333333333333,-4.0,14.0,3.0,31
206.73080444335938,36.04228210449219,7.208456420898438,1000.0,0.0,-0.26666666666666666,1.0,-4.0,15.0,3.0,31
222.25656127929688,44.51253890991211,8.902507781982422,1000.0,0.0,-0.2,-1.0,-3.0,-15.0,3.0,31
220.97625732421875,46.32010269165039,9.264020538330078,1000.0,0.0,-0.2,-0.9333333333333333,-3.0,-14.0,3.0,31
219.48480224609375,45.4150276184082,9.08300552368164,1000.0,0.0,-0.2,-0.8666666666666667,-3.0,-13.0,3.0,31
207.65792846679688,28.765424728393555,5.753084945678711,1000.0,0.0,-0.2,-0.8,-3.0,-12.0,3.0,31
206.91455078125,29.741310119628906,5.948262023925781,1000.0,0.0,-0.2,-0.7333333333333333,-3.0,-11.0,3.0,31
213.73460388183594,39.17084884643555,7.83416976928711,1000.0,0.0,-0.2,-0.6666666666666666,-3.0,-10.0,3.0,31
205.94773864746094,31.084009170532227,6.2168018341064455,1000.0,0.0,-0.2,-0.6,-3.0,-9.0,3.0,31
202.22909545898438,34.62644577026367,6.925289154052734,1000.0,0.0,-0.2,-0.5333333333333333,-3.0,-8.0,3.0,31
192.49887084960938,25.55620765686035,5.1112415313720705,1000.0,0.0,-0.2,-0.4666666666666667,-3.0,-7.0,3.0,31
277.41668701171875,62.14434051513672,12.428868103027344,1000.0,0.0,-0.2,-0.4,-3.0,-6.0,3.0,31
278.635986328125,28.59061622619629,5.718123245239258,1000.0,0.0,-0.2,-0.3333333333333333,-3.0,-5.0,3.0,31
272.0461120605469,49.973365783691406,9.994673156738282,1000.0,0.0,-0.2,-0.26666666666666666,-3.0,-4.0,3.0,31
197.50064086914062,30.173919677734375,6.034783935546875,1000.0,0.0,-0.2,-0.2,-3.0,-3.0,3.0,31
252.39273071289062,142.53997802734375,28.50799560546875,1000.0,0.0,-0.2,-0.13333333333333333,-3.0,-2.0,3.0,31
522.3609008789062,337.0071716308594,67.40143432617188,1000.0,0.0,-0.2,-0.06666666666666667,-3.0,-1.0,3.0,31
591.8401489257812,374.4786682128906,74.89573364257812,1000.0,0.0,-0.2,0.0,-3.0,0.0,3.0,31
539.132568359375,319.96136474609375,63.99227294921875,1000.0,0.0,-0.2,0.06666666666666667,-3.0,1.0,3.0,31
215.3822479248047,57.281333923339844,11.456266784667969,1000.0,0.0,-0.2,0.13333333333333333,-3.0,2.0,3.0,31
194.84751892089844,30.005870819091797,6.0011741638183596,1000.0,0.0,-0.2,0.2,-3.0,3.0,3.0,31
211.67726135253906,32.53611755371094,6.507223510742188,1000.0,0.0,-0.2,0.26666666666666666,-3.0,4.0,3.0,31
222.31398010253906,49.342037200927734,9.868407440185546,1000.0,0.0,-0.2,0.3333333333333333,-3.0,5.0,3.0,31
204.33372497558594,24.737876892089844,4.947575378417969,1000.0,0.0,-0.2,0.4,-3.0,6.0,3.0,31
232.49432373046875,39.109188079833984,7.821837615966797,1000.0,0.0,-0.2,0.4666666666666667,-3.0,7.0,3.0,31
226.12393188476562,40.557735443115234,8.111547088623047,1000.0,0.0,-0.2,0.5333333333333333,-3.0,8.0,3.0,31
245.72592163085938,56.25456619262695,11.25091323852539,1000.0,0.0,-0.2,0.6,-3.0,9.0,3.0,31
225.5545654296875,34.18064880371094,6.836129760742187,1000.0,0.0,-0.2,0.6666666666666666,-3.0,10.0,3.0,31
226.24209594726562,39.08283233642578,7.816566467285156,1000.0,0.0,-0.2,0.7333333333333333,-3.0,11.0,3.0,31
208.66175842285156,28.76822280883789,5.753644561767578,1000.0,0.0,-0.2,0.8,-3.0,12.0,3.0,31
199.3551788330078,36.15125274658203,7.230250549316406,1000.0,0.0,-0.2,0.8666666666666667,-3.0,13.0,3.0,31
202.7908172607422,37.49690246582031,7.499380493164063,1000.0,0.0,-0.2,0.9333333333333333,-3.0,14.0,3.0,31
192.69357299804688,28.76194190979004,5.752388381958008,1000.0,0.0,-0.2,1.0,-3.0,15.0,3.0,31
226.58016967773438,49.631683349609375,9.926336669921875,1000.0,0.0,-0.13333333333333333,-1.0,-2.0,-15.0,3.0,31
218.54547119140625,46.18470001220703,9.236940002441406,1000.0,0.0,-0.13333333333333333,-0.9333333333333333,-2.0,-14.0,3.0,31
214.4425048828125,42.61784744262695,8.523569488525391,1000.0,0.0,-0.13333333333333333,-0.8666666666666667,-2.0,-13.0,3.0,31
224.70584106445312,47.36079025268555,9.472158050537109,1000.0,0.0,-0.13333333333333333,-0.8,-2.0,-12.0,3.0,31
215.38255310058594,41.240760803222656,8.248152160644532,1000.0,0.0,-0.13333333333333333,-0.7333333333333333,-2.0,-11.0,3.0,31
210.8841552734375,42.41096115112305,8.482192230224609,1000.0,0.0,-0.13333333333333333,-0.6666666666666666,-2.0,-10.0,3.0,31
221.6061553955078,43.38839340209961,8.677678680419922,1000.0,0.0,-0.13333333333333333,-0.6,-2.0,-9.0,3.0,31
248.78347778320312,53.87386703491211,10.774773406982423,1000.0,0.0,-0.13333333333333333,-0.5333333333333333,-2.0,-8.0,3.0,31
249.23699951171875,63.16557312011719,12.633114624023438,1000.0,0.0,-0.13333333333333333,-0.4666666666666667,-2.0,-7.0,3.0,31
198.82017517089844,37.26587677001953,7.453175354003906,1000.0,0.0,-0.13333333333333333,-0.4,-2.0,-6.0,3.0,31
204.27914428710938,32.2283821105957,6.44567642211914,1000.0,0.0,-0.13333333333333333,-0.3333333333333333,-2.0,-5.0,3.0,31
201.27880859375,41.21900177001953,8.243800354003906,1000.0,0.0,-0.13333333333333333,-0.26666666666666666,-2.0,-4.0,3.0,31
253.1863250732422,45.70161437988281,9.140322875976562,1000.0,0.0,-0.13333333333333333,-0.2,-2.0,-3.0,3.0,31
529.797119140625,245.65184020996094,49.130368041992185,1000.0,0.0,-0.13333333333333333,-0.13333333333333333,-2.0,-2.0,3.0,31
874.8919677734375,111.11542510986328,22.223085021972658,1000.0,0.0,-0.13333333333333333,-0.06666666666666667,-2.0,-1.0,3.0,31
961.8513793945312,20.367284774780273,4.073456954956055,1000.0,0.0,-0.13333333333333333,0.0,-2.0,0.0,3.0,31
717.8524780273438,350.5966796875,70.1193359375,1000.0,0.0,-0.13333333333333333,0.06666666666666667,-2.0,1.0,3.0,31
315.48809814453125,125.16612243652344,25.033224487304686,1000.0,0.0,-0.13333333333333333,0.13333333333333333,-2.0,2.0,3.0,31
196.77743530273438,26.64933967590332,5.329867935180664,1000.0,0.0,-0.13333333333333333,0.2,-2.0,3.0,3.0,31
209.36288452148438,29.72074317932129,5.9441486358642575,1000.0,0.0,-0.13333333333333333,0.26666666666666666,-2.0,4.0,3.0,31
250.4857940673828,48.238731384277344,9.647746276855468,1000.0,0.0,-0.13333333333333333,0.3333333333333333,-2.0,5.0,3.0,31
238.74453735351562,40.64474868774414,8.128949737548828,1000.0,0.0,-0.13333333333333333,0.4,-2.0,6.0,3.0,31
216.94529724121094,34.342735290527344,6.868547058105468,1000.0,0.0,-0.13333333333333333,0.4666666666666667,-2.0,7.0,3.0,31
248.21803283691406,71.7962417602539,14.35924835205078,1000.0,0.0,-0.13333333333333333,0.5333333333333333,-2.0,8.0,3.0,31
268.9081726074219,56.11164474487305,11.22232894897461,1000.0,0.0,-0.13333333333333333,0.6,-2.0,9.0,3.0,31
276.3901062011719,45.50674819946289,9.101349639892579,1000.0,0.0,-0.13333333333333333,0.6666666666666666,-2.0,10.0,3.0,31
212.8419952392578,34.39832305908203,6.879664611816406,1000.0,0.0,-0.13333333333333333,0.7333333333333333,-2.0,11.0,3.0,31
209.63705444335938,38.651336669921875,7.730267333984375,1000.0,0.0,-0.13333333333333333,0.8,-2.0,12.0,3.0,31
206.23243713378906,30.50149917602539,6.100299835205078,1000.0,0.0,-0.13333333333333333,0.8666666666666667,-2.0,13.0,3.0,31
204.98060607910156,39.54795837402344,7.9095916748046875,1000.0,0.0,-0.13333333333333333,0.9333333333333333,-2.0,14.0,3.0,31
212.65765380859375,43.51347351074219,8.702694702148438,1000.0,0.0,-0.13333333333333333,1.0,-2.0,15.0,3.0,31
223.12730407714844,52.8363151550293,10.56726303100586,1000.0,0.0,-0.06666666666666667,-1.0,-1.0,-15.0,3.0,31
213.232421875,42.495460510253906,8.499092102050781,1000.0,0.0,-0.06666666666666667,-0.9333333333333333,-1.0,-14.0,3.0,31
218.37298583984375,56.58393859863281,11.316787719726562,1000.0,0.0,-0.06666666666666667,-0.8666666666666667,-1.0,-13.0,3.0,31
209.95729064941406,42.99543380737305,8.59908676147461,1000.0,0.0,-0.06666666666666667,-0.8,-1.0,-12.0,3.0,31
214.8369140625,42.36050033569336,8.472100067138673,1000.0,0.0,-0.06666666666666667,-0.7333333333333333,-1.0,-11.0,3.0,31
239.1879425048828,56.60178756713867,11.320357513427734,1000.0,0.0,-0.06666666666666667,-0.6666666666666666,-1.0,-10.0,3.0,31
238.2382049560547,51.6710090637207,10.33420181274414,1000.0,0.0,-0.06666666666666667,-0.6,-1.0,-9.0,3.0,31
250.34368896484375,52.67716598510742,10.535433197021485,1000.0,0.0,-0.06666666666666667,-0.5333333333333333,-1.0,-8.0,3.0,31
264.74749755859375,59.740570068359375,11.948114013671875,1000.0,0.0,-0.06666666666666667,-0.4666666666666667,-1.0,-7.0,3.0,31
229.0255126953125,46.561065673828125,9.312213134765624,1000.0,0.0,-0.06666666666666667,-0.4,-1.0,-6.0,3.0,31
194.7202606201172,27.79193878173828,5.558387756347656,1000.0,0.0,-0.06666666666666667,-0.3333333333333333,-1.0,-5.0,3.0,31
204.2032012939453,75.48323822021484,15.096647644042969,1000.0,0.0,-0.06666666666666667,-0.26666666666666666,-1.0,-4.0,3.0,31
300.9808349609375,193.37820434570312,38.67564086914062,1000.0,0.0,-0.06666666666666667,-0.2,-1.0,-3.0,3.0,31
683.970458984375,265.1047668457031,53.02095336914063,1000.0,0.0,-0.06666666666666667,-0.13333333333333333,-1.0,-2.0,3.0,31
957.1610107421875,25.736295700073242,5.147259140014649,1000.0,0.0,-0.06666666666666667,-0.06666666666666667,-1.0,-1.0,3.0,31
980.5582885742188,8.890447616577148,1.7780895233154297,1000.0,0.0,-0.06666666666666667,0.0,-1.0,0.0,3.0,31
960.483642578125,22.633634567260742,4.526726913452149,1000.0,0.0,-0.06666666666666667,0.06666666666666667,-1.0,1.0,3.0,31
463.60101318359375,223.0991973876953,44.61983947753906,1000.0,0.0,-0.06666666666666667,0.13333333333333333,-1.0,2.0,3.0,31
227.5857391357422,51.16984939575195,10.23396987915039,1000.0,0.0,-0.06666666666666667,0.2,-1.0,3.0,3.0,31
244.1993408203125,38.098716735839844,7.619743347167969,1000.0,0.0,-0.06666666666666667,0.26666666666666666,-1.0,4.0,3.0,31
322.05926513671875,64.72962951660156,12.945925903320312,1000.0,0.0,-0.06666666666666667,0.3333333333333333,-1.0,5.0,3.0,31
326.020263671875,65.45845031738281,13.091690063476562,1000.0,0.0,-0.06666666666666667,0.4,-1.0,6.0,3.0,31
260.17401123046875,76.79798126220703,15.359596252441406,1000.0,0.0,-0.06666666666666667,0.4666666666666667,-1.0,7.0,3.0,31
233.85665893554688,59.6494255065918,11.929885101318359,1000.0,0.0,-0.06666666666666667,0.5333333333333333,-1.0,8.0,3.0,31
225.01864624023438,50.37518310546875,10.07503662109375,1000.0,0.0,-0.06666666666666667,0.6,-1.0,9.0,3.0,31
227.36277770996094,55.04497146606445,11.00899429321289,1000.0,0.0,-0.06666666666666667,0.6666666666666666,-1.0,10.0,3.0,31
206.3227996826172,37.40214157104492,7.480428314208984,1000.0,0.0,-0.06666666666666667,0.7333333333333333,-1.0,11.0,3.0,31
209.57745361328125,40.574012756347656,8.11480255126953,1000.0,0.0,-0.06666666666666667,0.8,-1.0,12.0,3.0,31
240.32615661621094,70.9918441772461,14.19836883544922,1000.0,0.0,-0.06666666666666667,0.8666666666666667,-1.0,13.0,3.0,31
230.1434783935547,73.53060913085938,14.706121826171875,1000.0,0.0,-0.06666666666666667,0.9333333333333333,-1.0,14.0,3.0,31
207.7872314453125,47.73741149902344,9.547482299804688,1000.0,0.0,-0.06666666666666667,1.0,-1.0,15.0,3.0,31
204.5136260986328,35.86162185668945,7.172324371337891,1000.0,0.0,0.0,-1.0,0.0,-15.0,3.0,31
218.1776885986328,47.62669372558594,9.525338745117187,1000.0,0.0,0.0,-0.9333333333333333,0.0,-14.0,3.0,31
223.8237762451172,46.56269836425781,9.312539672851562,1000.0,0.0,0.0,-0.8666666666666667,0.0,-13.0,3.0,31
213.81690979003906,40.30936050415039,8.061872100830078,1000.0,0.0,0.0,-0.8,0.0,-12.0,3.0,31
202.2960205078125,33.37336349487305,6.674672698974609,1000.0,0.0,0.0,-0.7333333333333333,0.0,-11.0,3.0,31
216.3408966064453,40.78319549560547,8.156639099121094,1000.0,0.0,0.0,-0.6666666666666666,0.0,-10.0,3.0,31
226.6235809326172,42.06767272949219,8.413534545898438,1000.0,0.0,0.0,-0.6,0.0,-9.0,3.0,31
239.88339233398438,48.55082321166992,9.710164642333984,1000.0,0.0,0.0,-0.5333333333333333,0.0,-8.0,3.0,31
257.28826904296875,60.0972785949707,12.019455718994141,1000.0,0.0,0.0,-0.4666666666666667,0.0,-7.0,3.0,31
225.38601684570312,45.22317886352539,9.044635772705078,1000.0,0.0,0.0,-0.4,0.0,-6.0,3.0,31
195.02613830566406,20.306718826293945,4.061343765258789,1000.0,0.0,0.0,-0.3333333333333333,0.0,-5.0,3.0,31
182.9312286376953,20.564361572265625,4.112872314453125,1000.0,0.0,0.0,-0.26666666666666666,0.0,-4.0,3.0,31
302.8691101074219,64.84356689453125,12.96871337890625,1000.0,0.0,0.0,-0.2,0.0,-3.0,3.0,31
756.1402587890625,172.51593017578125,34.50318603515625,1000.0,0.0,0.0,-0.13333333333333333,0.0,-2.0,3.0,31
975.5240478515625,10.617191314697266,2.123438262939453,1000.0,0.0,0.0,-0.06666666666666667,0.0,-1.0,3.0,31
984.1962280273438,4.442265510559082,0.8884531021118164,1000.0,0.0,0.0,0.0,0.0,0.0,3.0,31
965.873046875,20.041852951049805,4.008370590209961,1000.0,0.0,0.0,0.06666666666666667,0.0,1.0,3.0,31
418.5447998046875,267.8345031738281,53.566900634765624,1000.0,0.0,0.0,0.13333333333333333,0.0,2.0,3.0,31
256.31475830078125,94.50199127197266,18.90039825439453,1000.0,0.0,0.0,0.2,0.0,3.0,3.0,31
200.1009979248047,34.94803237915039,6.989606475830078,1000.0,0.0,0.0,0.26666666666666666,0.0,4.0,3.0,31
203.0913543701172,28.626123428344727,5.7252246856689455,1000.0,0.0,0.0,0.3333333333333333,0.0,5.0,3.0,31
235.46768188476562,50.260581970214844,10.052116394042969,1000.0,0.0,0.0,0.4,0.0,6.0,3.0,31
213.2933349609375,37.5150032043457,7.503000640869141,1000.0,0.0,0.0,0.4666666666666667,0.0,7.0,3.0,31
215.6240234375,49.50862121582031,9.901724243164063,1000.0,0.0,0.0,0.5333333333333333,0.0,8.0,3.0,31
237.86460876464844,54.05261993408203,10.810523986816406,1000.0,0.0,0.0,0.6,0.0,9.0,3.0,31
204.37625122070312,47.431026458740234,9.486205291748046,1000.0,0.0,0.0,0.6666666666666666,0.0,10.0,3.0,31
208.90296936035156,44.78765106201172,8.957530212402343,1000.0,0.0,0.0,0.7333333333333333,0.0,11.0,3.0,31
252.2990264892578,81.2167739868164,16.24335479736328,1000.0,0.0,0.0,0.8,0.0,12.0,3.0,31
212.9126434326172,56.78010559082031,11.356021118164062,1000.0,0.0,0.0,0.8666666666666667,0.0,13.0,3.0,31
207.7215576171875,41.209800720214844,8.241960144042968,1000.0,0.0,0.0,0.9333333333333333,0.0,14.0,3.0,31
220.94215393066406,59.3055305480957,11.86110610961914,1000.0,0.0,0.0,1.0,0.0,15.0,3.0,31
222.02554321289062,50.585304260253906,10.11706085205078,1000.0,0.0,0.06666666666666667,-1.0,1.0,-15.0,3.0,31
214.05865478515625,37.8380241394043,7.567604827880859,1000.0,0.0,0.06666666666666667,-0.9333333333333333,1.0,-14.0,3.0,31
214.3993377685547,41.3071174621582,8.261423492431641,1000.0,0.0,0.06666666666666667,-0.8666666666666667,1.0,-13.0,3.0,31
224.28152465820312,56.12291717529297,11.224583435058594,1000.0,0.0,0.06666666666666667,-0.8,1.0,-12.0,3.0,31
205.49681091308594,39.138832092285156,7.827766418457031,1000.0,0.0,0.06666666666666667,-0.7333333333333333,1.0,-11.0,3.0,31
215.5762481689453,42.07015609741211,8.414031219482421,1000.0,0.0,0.06666666666666667,-0.6666666666666666,1.0,-10.0,3.0,31
211.62242126464844,38.219459533691406,7.643891906738281,1000.0,0.0,0.06666666666666667,-0.6,1.0,-9.0,3.0,31
243.41378784179688,38.993167877197266,7.798633575439453,1000.0,0.0,0.06666666666666667,-0.5333333333333333,1.0,-8.0,3.0,31
270.6235656738281,32.632423400878906,6.526484680175781,1000.0,0.0,0.06666666666666667,-0.4666666666666667,1.0,-7.0,3.0,31
232.27581787109375,51.609039306640625,10.321807861328125,1000.0,0.0,0.06666666666666667,-0.4,1.0,-6.0,3.0,31
231.70433044433594,45.49506378173828,9.099012756347657,1000.0,0.0,0.06666666666666667,-0.3333333333333333,1.0,-5.0,3.0,31
238.75558471679688,73.25299835205078,14.650599670410156,1000.0,0.0,0.06666666666666667,-0.26666666666666666,1.0,-4.0,3.0,31
218.7559051513672,70.96508026123047,14.193016052246094,1000.0,0.0,0.06666666666666667,-0.2,1.0,-3.0,3.0,31
503.2148742675781,130.5478515625,26.1095703125,1000.0,0.0,0.06666666666666667,-0.13333333333333333,1.0,-2.0,3.0,31
970.5939331054688,13.141702651977539,2.6283405303955076,1000.0,0.0,0.06666666666666667,-0.06666666666666667,1.0,-1.0,3.0,31
979.1663818359375,7.417638778686523,1.4835277557373048,1000.0,0.0,0.06666666666666667,0.0,1.0,0.0,3.0,31
660.0184326171875,375.7076110839844,75.14152221679687,1000.0,0.0,0.06666666666666667,0.06666666666666667,1.0,1.0,3.0,31
435.517822265625,226.99310302734375,45.39862060546875,1000.0,0.0,0.06666666666666667,0.13333333333333333,1.0,2.0,3.0,31
191.3941650390625,17.61721420288086,3.523442840576172,1000.0,0.0,0.06666666666666667,0.2,1.0,3.0,3.0,31
188.92349243164062,15.375704765319824,3.075140953063965,1000.0,0.0,0.06666666666666667,0.26666666666666666,1.0,4.0,3.0,31
202.2938690185547,24.035404205322266,4.807080841064453,1000.0,0.0,0.06666666666666667,0.3333333333333333,1.0,5.0,3.0,31
203.9407958984375,33.33614730834961,6.667229461669922,1000.0,0.0,0.06666666666666667,0.4,1.0,6.0,3.0,31
229.7834014892578,49.81483840942383,9.962967681884766,1000.0,0.0,0.06666666666666667,0.4666666666666667,1.0,7.0,3.0,31
228.7165985107422,53.34814453125,10.66962890625,1000.0,0.0,0.06666666666666667,0.5333333333333333,1.0,8.0,3.0,31
216.4329071044922,35.51268768310547,7.102537536621094,1000.0,0.0,0.06666666666666667,0.6,1.0,9.0,3.0,31
252.50392150878906,82.74285125732422,16.548570251464845,1000.0,0.0,0.06666666666666667,0.6666666666666666,1.0,10.0,3.0,31
244.34146118164062,59.90089416503906,11.980178833007812,1000.0,0.0,0.06666666666666667,0.7333333333333333,1.0,11.0,3.0,31
241.54306030273438,82.0384521484375,16.4076904296875,1000.0,0.0,0.06666666666666667,0.8,1.0,12.0,3.0,31
253.08358764648438,88.6202621459961,17.72405242919922,1000.0,0.0,0.06666666666666667,0.8666666666666667,1.0,13.0,3.0,31
248.20281982421875,87.72725677490234,17.545451354980468,1000.0,0.0,0.06666666666666667,0.9333333333333333,1.0,14.0,3.0,31
231.8568572998047,74.47498321533203,14.894996643066406,1000.0,0.0,0.06666666666666667,1.0,1.0,15.0,3.0,31
299.0406494140625,52.302188873291016,10.460437774658203,1000.0,0.0,0.13333333333333333,-1.0,2.0,-15.0,3.0,31
320.3463134765625,40.518531799316406,8.103706359863281,1000.0,0.0,0.13333333333333333,-0.9333333333333333,2.0,-14.0,3.0,31
286.6805725097656,47.72642517089844,9.545285034179688,1000.0,0.0,0.13333333333333333,-0.8666666666666667,2.0,-13.0,3.0,31
300.17169189453125,37.7690315246582,7.553806304931641,1000.0,0.0,0.13333333333333333,-0.8,2.0,-12.0,3.0,31
259.9769287109375,60.92661666870117,12.185323333740234,1000.0,0.0,0.13333333333333333,-0.7333333333333333,2.0,-11.0,3.0,31
250.01947021484375,50.13848114013672,10.027696228027343,1000.0,0.0,0.13333333333333333,-0.6666666666666666,2.0,-10.0,3.0,31
227.50741577148438,45.976863861083984,9.195372772216796,1000.0,0.0,0.13333333333333333,-0.6,2.0,-9.0,3.0,31
231.78982543945312,43.68736267089844,8.737472534179688,1000.0,0.0,0.13333333333333333,-0.5333333333333333,2.0,-8.0,3.0,31
271.41778564453125,51.841514587402344,10.368302917480468,1000.0,0.0,0.13333333333333333,-0.4666666666666667,2.0,-7.0,3.0,31
284.52490234375,59.039794921875,11.807958984375,1000.0,0.0,0.13333333333333333,-0.4,2.0,-6.0,3.0,31
330.4745178222656,50.837764739990234,10.167552947998047,1000.0,0.0,0.13333333333333333,-0.3333333333333333,2.0,-5.0,3.0,31
352.81854248046875,63.7034912109375,12.7406982421875,1000.0,0.0,0.13333333333333333,-0.26666666666666666,2.0,-4.0,3.0,31
225.18357849121094,92.09317016601562,18.418634033203126,1000.0,0.0,0.13333333333333333,-0.2,2.0,-3.0,3.0,31
361.4481201171875,190.70486450195312,38.14097290039062,1000.0,0.0,0.13333333333333333,-0.13333333333333333,2.0,-2.0,3.0,31
350.9540710449219,117.4362564086914,23.48725128173828,1000.0,0.0,0.13333333333333333,-0.06666666666666667,2.0,-1.0,3.0,31
519.9869384765625,268.0372009277344,53.60744018554688,1000.0,0.0,0.13333333333333333,0.0,2.0,0.0,3.0,31
448.32159423828125,276.0296325683594,55.205926513671876,1000.0,0.0,0.13333333333333333,0.06666666666666667,2.0,1.0,3.0,31
213.29345703125,45.551239013671875,9.110247802734374,1000.0,0.0,0.13333333333333333,0.13333333333333333,2.0,2.0,3.0,31
185.70118713378906,17.912946701049805,3.582589340209961,1000.0,0.0,0.13333333333333333,0.2,2.0,3.0,3.0,31
197.90347290039062,28.089771270751953,5.617954254150391,1000.0,0.0,0.13333333333333333,0.26666666666666666,2.0,4.0,3.0,31
203.64222717285156,28.543291091918945,5.708658218383789,1000.0,0.0,0.13333333333333333,0.3333333333333333,2.0,5.0,3.0,31
224.34849548339844,34.2472038269043,6.8494407653808596,1000.0,0.0,0.13333333333333333,0.4,2.0,6.0,3.0,31
242.0823211669922,38.62199020385742,7.724398040771485,1000.0,0.0,0.13333333333333333,0.4666666666666667,2.0,7.0,3.0,31
231.15310668945312,52.20220947265625,10.44044189453125,1000.0,0.0,0.13333333333333333,0.5333333333333333,2.0,8.0,3.0,31
276.6866455078125,76.82755279541016,15.365510559082031,1000.0,0.0,0.13333333333333333,0.6,2.0,9.0,3.0,31
306.1260986328125,83.4052734375,16.6810546875,1000.0,0.0,0.13333333333333333,0.6666666666666666,2.0,10.0,3.0,31
306.3365783691406,91.94993591308594,18.389987182617187,1000.0,0.0,0.13333333333333333,0.7333333333333333,2.0,11.0,3.0,31
330.9123840332031,100.47815704345703,20.095631408691407,1000.0,0.0,0.13333333333333333,0.8,2.0,12.0,3.0,31
271.9149475097656,85.53446960449219,17.106893920898436,1000.0,0.0,0.13333333333333333,0.8666666666666667,2.0,13.0,3.0,31
281.19171142578125,92.53611755371094,18.507223510742186,1000.0,0.0,0.13333333333333333,0.9333333333333333,2.0,14.0,3.0,31
277.3374328613281,104.33843994140625,20.86768798828125,1000.0,0.0,0.13333333333333333,1.0,2.0,15.0,3.0,31
279.9567565917969,61.92780685424805,12.38556137084961,1000.0,0.0,0.2,-1.0,3.0,-15.0,3.0,31
286.8441162109375,68.41967010498047,13.683934020996094,1000.0,0.0,0.2,-0.9333333333333333,3.0,-14.0,3.0,31
236.91041564941406,55.872806549072266,11.174561309814454,1000.0,0.0,0.2,-0.8666666666666667,3.0,-13.0,3.0,31
244.4409942626953,69.99136352539062,13.998272705078126,1000.0,0.0,0.2,-0.8,3.0,-12.0,3.0,31
216.54171752929688,46.74429702758789,9.348859405517578,1000.0,0.0,0.2,-0.7333333333333333,3.0,-11.0,3.0,31
226.54812622070312,55.61603546142578,11.123207092285156,1000.0,0.0,0.2,-0.6666666666666666,3.0,-10.0,3.0,31
235.5470733642578,57.38577651977539,11.477155303955078,1000.0,0.0,0.2,-0.6,3.0,-9.0,3.0,31
257.0248718261719,53.92567443847656,10.785134887695312,1000.0,0.0,0.2,-0.5333333333333333,3.0,-8.0,3.0,31
226.3342742919922,52.35786056518555,10.471572113037109,1000.0,0.0,0.2,-0.4666666666666667,3.0,-7.0,3.0,31
225.02532958984375,60.20570755004883,12.041141510009766,1000.0,0.0,0.2,-0.4,3.0,-6.0,3.0,31
258.0445251464844,59.691932678222656,11.938386535644531,1000.0,0.0,0.2,-0.3333333333333333,3.0,-5.0,3.0,31
374.4433288574219,57.086246490478516,11.417249298095703,1000.0,0.0,0.2,-0.26666666666666666,3.0,-4.0,3.0,31
311.4297790527344,95.62145233154297,19.124290466308594,1000.0,0.0,0.2,-0.2,3.0,-3.0,3.0,31
324.4071350097656,75.92449188232422,15.184898376464844,1000.0,0.0,0.2,-0.13333333333333333,3.0,-2.0,3.0,31
313.7356262207031,94.44053649902344,18.888107299804688,1000.0,0.0,0.2,-0.06666666666666667,3.0,-1.0,3.0,31
297.89654541015625,96.39830780029297,19.279661560058592,1000.0,0.0,0.2,0.0,3.0,0.0,3.0,31
226.5105438232422,52.957584381103516,10.591516876220703,1000.0,0.0,0.2,0.06666666666666667,3.0,1.0,3.0,31
293.07440185546875,125.4095458984375,25.0819091796875,1000.0,0.0,0.2,0.13333333333333333,3.0,2.0,3.0,31
228.57644653320312,56.92403793334961,11.384807586669922,1000.0,0.0,0.2,0.2,3.0,3.0,3.0,31
245.58424377441406,69.6728515625,13.9345703125,1000.0,0.0,0.2,0.26666666666666666,3.0,4.0,3.0,31
291.31671142578125,74.88145446777344,14.976290893554687,1000.0,0.0,0.2,0.3333333333333333,3.0,5.0,3.0,31
288.5684814453125,49.01081466674805,9.80216293334961,1000.0,0.0,0.2,0.4,3.0,6.0,3.0,31
244.30059814453125,53.58454895019531,10.716909790039063,1000.0,0.0,0.2,0.4666666666666667,3.0,7.0,3.0,31
242.68283081054688,71.31977081298828,14.263954162597656,1000.0,0.0,0.2,0.5333333333333333,3.0,8.0,3.0,31
246.9243927001953,44.059814453125,8.811962890625,1000.0,0.0,0.2,0.6,3.0,9.0,3.0,31
277.43487548828125,79.16869354248047,15.833738708496094,1000.0,0.0,0.2,0.6666666666666666,3.0,10.0,3.0,31
241.86878967285156,60.59433364868164,12.118866729736329,1000.0,0.0,0.2,0.7333333333333333,3.0,11.0,3.0,31
278.8377990722656,86.5087661743164,17.30175323486328,1000.0,0.0,0.2,0.8,3.0,12.0,3.0,31
318.3001708984375,98.4286117553711,19.68572235107422,1000.0,0.0,0.2,0.8666666666666667,3.0,13.0,3.0,31
274.0062561035156,86.24378967285156,17.248757934570314,1000.0,0.0,0.2,0.9333333333333333,3.0,14.0,3.0,31
287.6453552246094,92.05278015136719,18.410556030273437,1000.0,0.0,0.2,1.0,3.0,15.0,3.0,31
207.9050750732422,47.02116394042969,9.404232788085938,1000.0,0.0,0.26666666666666666,-1.0,4.0,-15.0,3.0,31
187.26609802246094,21.210670471191406,4.242134094238281,1000.0,0.0,0.26666666666666666,-0.9333333333333333,4.0,-14.0,3.0,31
202.10092163085938,33.44084167480469,6.688168334960937,1000.0,0.0,0.26666666666666666,-0.8666666666666667,4.0,-13.0,3.0,31
218.45494079589844,58.812095642089844,11.762419128417969,1000.0,0.0,0.26666666666666666,-0.8,4.0,-12.0,3.0,31
208.83082580566406,49.561702728271484,9.912340545654297,1000.0,0.0,0.26666666666666666,-0.7333333333333333,4.0,-11.0,3.0,31
259.25811767578125,75.22734069824219,15.045468139648438,1000.0,0.0,0.26666666666666666,-0.6666666666666666,4.0,-10.0,3.0,31
241.02304077148438,67.53348541259766,13.506697082519532,1000.0,0.0,0.26666666666666666,-0.6,4.0,-9.0,3.0,31
238.68373107910156,72.04345703125,14.40869140625,1000.0,0.0,0.26666666666666666,-0.5333333333333333,4.0,-8.0,3.0,31
230.83154296875,58.98475646972656,11.796951293945312,1000.0,0.0,0.26666666666666666,-0.4666666666666667,4.0,-7.0,3.0,31
209.00616455078125,52.93398666381836,10.586797332763672,1000.0,0.0,0.26666666666666666,-0.4,4.0,-6.0,3.0,31
210.8625030517578,44.48525619506836,8.897051239013672,1000.0,0.0,0.26666666666666666,-0.3333333333333333,4.0,-5.0,3.0,31
321.2881164550781,92.89106750488281,18.578213500976563,1000.0,0.0,0.26666666666666666,-0.26666666666666666,4.0,-4.0,3.0,31
284.319091796875,65.95796203613281,13.191592407226562,1000.0,0.0,0.26666666666666666,-0.2,4.0,-3.0,3.0,31
282.6279296875,47.228946685791016,9.445789337158203,1000.0,0.0,0.26666666666666666,-0.13333333333333333,4.0,-2.0,3.0,31
308.58807373046875,101.13595581054688,20.227191162109374,1000.0,0.0,0.26666666666666666,-0.06666666666666667,4.0,-1.0,3.0,31
297.9164123535156,69.54933166503906,13.909866333007812,1000.0,0.0,0.26666666666666666,0.0,4.0,0.0,3.0,31
334.9678649902344,75.9693832397461,15.193876647949219,1000.0,0.0,0.26666666666666666,0.06666666666666667,4.0,1.0,3.0,31
370.2901916503906,102.29248809814453,20.458497619628908,1000.0,0.0,0.26666666666666666,0.13333333333333333,4.0,2.0,3.0,31
284.15869140625,122.24596405029297,24.449192810058594,1000.0,0.0,0.26666666666666666,0.2,4.0,3.0,3.0,31
258.2066650390625,74.97825622558594,14.995651245117188,1000.0,0.0,0.26666666666666666,0.26666666666666666,4.0,4.0,3.0,31
275.2308044433594,83.86705017089844,16.773410034179687,1000.0,0.0,0.26666666666666666,0.3333333333333333,4.0,5.0,3.0,31
290.1185607910156,92.27053833007812,18.454107666015624,1000.0,0.0,0.26666666666666666,0.4,4.0,6.0,3.0,31
301.6719665527344,84.16222381591797,16.832444763183595,1000.0,0.0,0.26666666666666666,0.4666666666666667,4.0,7.0,3.0,31
266.3118591308594,80.58307647705078,16.116615295410156,1000.0,0.0,0.26666666666666666,0.5333333333333333,4.0,8.0,3.0,31
240.26730346679688,63.19266128540039,12.638532257080078,1000.0,0.0,0.26666666666666666,0.6,4.0,9.0,3.0,31
249.57373046875,71.23442077636719,14.246884155273438,1000.0,0.0,0.26666666666666666,0.6666666666666666,4.0,10.0,3.0,31
244.81187438964844,78.95079040527344,15.790158081054688,1000.0,0.0,0.26666666666666666,0.7333333333333333,4.0,11.0,3.0,31
301.2786865234375,82.14018249511719,16.428036499023438,1000.0,0.0,0.26666666666666666,0.8,4.0,12.0,3.0,31
273.8343811035156,92.93863677978516,18.587727355957032,1000.0,0.0,0.26666666666666666,0.8666666666666667,4.0,13.0,3.0,31
250.51669311523438,77.2149658203125,15.4429931640625,1000.0,0.0,0.26666666666666666,0.9333333333333333,4.0,14.0,3.0,31
263.8189697265625,85.82628631591797,17.165257263183594,1000.0,0.0,0.26666666666666666,1.0,4.0,15.0,3.0,31
209.23333740234375,47.88835525512695,9.57767105102539,1000.0,0.0,0.3333333333333333,-1.0,5.0,-15.0,3.0,31
207.7566375732422,44.114158630371094,8.822831726074218,1000.0,0.0,0.3333333333333333,-0.9333333333333333,5.0,-14.0,3.0,31
216.56658935546875,52.7906494140625,10.5581298828125,1000.0,0.0,0.3333333333333333,-0.8666666666666667,5.0,-13.0,3.0,31
221.01173400878906,58.542503356933594,11.70850067138672,1000.0,0.0,0.3333333333333333,-0.8,5.0,-12.0,3.0,31
220.22927856445312,47.78597640991211,9.557195281982422,1000.0,0.0,0.3333333333333333,-0.7333333333333333,5.0,-11.0,3.0,31
212.4670867919922,54.632633209228516,10.926526641845703,1000.0,0.0,0.3333333333333333,-0.6666666666666666,5.0,-10.0,3.0,31
244.6278839111328,74.28245544433594,14.856491088867188,1000.0,0.0,0.3333333333333333,-0.6,5.0,-9.0,3.0,31
243.21336364746094,76.12747192382812,15.225494384765625,1000.0,0.0,0.3333333333333333,-0.5333333333333333,5.0,-8.0,3.0,31
246.17800903320312,76.94265747070312,15.388531494140626,1000.0,0.0,0.3333333333333333,-0.4666666666666667,5.0,-7.0,3.0,31
226.31024169921875,54.96637725830078,10.993275451660157,1000.0,0.0,0.3333333333333333,-0.4,5.0,-6.0,3.0,31
233.71151733398438,68.06678771972656,13.613357543945312,1000.0,0.0,0.3333333333333333,-0.3333333333333333,5.0,-5.0,3.0,31
284.2230224609375,91.95354461669922,18.390708923339844,1000.0,0.0,0.3333333333333333,-0.26666666666666666,5.0,-4.0,3.0,31
335.3135986328125,55.65283203125,11.13056640625,1000.0,0.0,0.3333333333333333,-0.2,5.0,-3.0,3.0,31
275.6431579589844,40.39008331298828,8.078016662597657,1000.0,0.0,0.3333333333333333,-0.13333333333333333,5.0,-2.0,3.0,31
223.49925231933594,50.02487564086914,10.004975128173829,1000.0,0.0,0.3333333333333333,-0.06666666666666667,5.0,-1.0,3.0,31
268.4375915527344,90.16934204101562,18.033868408203126,1000.0,0.0,0.3333333333333333,0.0,5.0,0.0,3.0,31
321.3868408203125,91.41793823242188,18.283587646484374,1000.0,0.0,0.3333333333333333,0.06666666666666667,5.0,1.0,3.0,31
412.71343994140625,67.66928100585938,13.533856201171876,1000.0,0.0,0.3333333333333333,0.13333333333333333,5.0,2.0,3.0,31
275.9663391113281,95.47478485107422,19.094956970214845,1000.0,0.0,0.3333333333333333,0.2,5.0,3.0,3.0,31
279.910888671875,74.10696411132812,14.821392822265626,1000.0,0.0,0.3333333333333333,0.26666666666666666,5.0,4.0,3.0,31
274.8451843261719,103.24293518066406,20.648587036132813,1000.0,0.0,0.3333333333333333,0.3333333333333333,5.0,5.0,3.0,31
290.231201171875,82.01935577392578,16.403871154785158,1000.0,0.0,0.3333333333333333,0.4,5.0,6.0,3.0,31
285.94329833984375,82.01675415039062,16.403350830078125,1000.0,0.0,0.3333333333333333,0.4666666666666667,5.0,7.0,3.0,31
362.70745849609375,62.24394607543945,12.44878921508789,1000.0,0.0,0.3333333333333333,0.5333333333333333,5.0,8.0,3.0,31
311.2660827636719,97.31449890136719,19.46289978027344,1000.0,0.0,0.3333333333333333,0.6,5.0,9.0,3.0,31
266.04327392578125,72.03258514404297,14.406517028808594,1000.0,0.0,0.3333333333333333,0.6666666666666666,5.0,10.0,3.0,31
277.0158386230469,74.61836242675781,14.923672485351563,1000.0,0.0,0.3333333333333333,0.7333333333333333,5.0,11.0,3.0,31
257.0038757324219,90.21113586425781,18.04222717285156,1000.0,0.0,0.3333333333333333,0.8,5.0,12.0,3.0,31
273.76580810546875,92.85010528564453,18.570021057128905,1000.0,0.0,0.3333333333333333,0.8666666666666667,5.0,13.0,3.0,31
256.4327392578125,79.48876953125,15.89775390625,1000.0,0.0,0.3333333333333333,0.9333333333333333,5.0,14.0,3.0,31
264.2362976074219,92.3034896850586,18.46069793701172,1000.0,0.0,0.3333333333333333,1.0,5.0,15.0,3.0,31
213.3993682861328,56.247108459472656,11.249421691894531,1000.0,0.0,0.4,-1.0,6.0,-15.0,3.0,31
223.32093811035156,61.15602493286133,12.231204986572266,1000.0,0.0,0.4,-0.9333333333333333,6.0,-14.0,3.0,31
207.5305633544922,55.66700744628906,11.133401489257812,1000.0,0.0,0.4,-0.8666666666666667,6.0,-13.0,3.0,31
212.74456787109375,58.388343811035156,11.67766876220703,1000.0,0.0,0.4,-0.8,6.0,-12.0,3.0,31
240.8291473388672,72.78831481933594,14.557662963867188,1000.0,0.0,0.4,-0.7333333333333333,6.0,-11.0,3.0,31
215.40554809570312,52.51815414428711,10.503630828857421,1000.0,0.0,0.4,-0.6666666666666666,6.0,-10.0,3.0,31
270.351806640625,104.51272583007812,20.902545166015624,1000.0,0.0,0.4,-0.6,6.0,-9.0,3.0,31
239.4684600830078,77.02780151367188,15.405560302734376,1000.0,0.0,0.4,-0.5333333333333333,6.0,-8.0,3.0,31
231.4010009765625,59.81222915649414,11.962445831298828,1000.0,0.0,0.4,-0.4666666666666667,6.0,-7.0,3.0,31
220.0589599609375,48.451881408691406,9.690376281738281,1000.0,0.0,0.4,-0.4,6.0,-6.0,3.0,31
278.30999755859375,95.38047790527344,19.076095581054688,1000.0,0.0,0.4,-0.3333333333333333,6.0,-5.0,3.0,31
262.4382019042969,75.45854187011719,15.091708374023437,1000.0,0.0,0.4,-0.26666666666666666,6.0,-4.0,3.0,31
287.3752746582031,84.11228942871094,16.82245788574219,1000.0,0.0,0.4,-0.2,6.0,-3.0,3.0,31
225.7647247314453,57.64252853393555,11.52850570678711,1000.0,0.0,0.4,-0.13333333333333333,6.0,-2.0,3.0,31
212.7021942138672,43.776004791259766,8.755200958251953,1000.0,0.0,0.4,-0.06666666666666667,6.0,-1.0,3.0,31
256.73223876953125,77.14567565917969,15.429135131835938,1000.0,0.0,0.4,0.0,6.0,0.0,3.0,31
307.64306640625,83.1962890625,16.6392578125,1000.0,0.0,0.4,0.06666666666666667,6.0,1.0,3.0,31
321.40179443359375,83.32245635986328,16.664491271972658,1000.0,0.0,0.4,0.13333333333333333,6.0,2.0,3.0,31
277.89825439453125,93.6368179321289,18.72736358642578,1000.0,0.0,0.4,0.2,6.0,3.0,3.0,31
268.3504638671875,68.02397155761719,13.604794311523438,1000.0,0.0,0.4,0.26666666666666666,6.0,4.0,3.0,31
277.2783508300781,109.85816192626953,21.971632385253905,1000.0,0.0,0.4,0.3333333333333333,6.0,5.0,3.0,31
270.8938293457031,81.10694885253906,16.221389770507812,1000.0,0.0,0.4,0.4,6.0,6.0,3.0,31
272.7519226074219,87.6729965209961,17.53459930419922,1000.0,0.0,0.4,0.4666666666666667,6.0,7.0,3.0,31
267.431640625,75.94710540771484,15.189421081542969,1000.0,0.0,0.4,0.5333333333333333,6.0,8.0,3.0,31
298.9283447265625,103.94384765625,20.78876953125,1000.0,0.0,0.4,0.6,6.0,9.0,3.0,31
340.3760070800781,119.88752746582031,23.977505493164063,1000.0,0.0,0.4,0.6666666666666666,6.0,10.0,3.0,31
280.3082275390625,94.49031829833984,18.89806365966797,1000.0,0.0,0.4,0.7333333333333333,6.0,11.0,3.0,31
260.718994140625,72.99799346923828,14.599598693847657,1000.0,0.0,0.4,0.8,6.0,12.0,3.0,31
297.2323913574219,95.38735961914062,19.077471923828124,1000.0,0.0,0.4,0.8666666666666667,6.0,13.0,3.0,31
287.3087158203125,106.26995849609375,21.25399169921875,1000.0,0.0,0.4,0.9333333333333333,6.0,14.0,3.0,31
232.4822235107422,50.36006546020508,10.072013092041015,1000.0,0.0,0.4,1.0,6.0,15.0,3.0,31
208.9991455078125,53.26177215576172,10.652354431152343,1000.0,0.0,0.4666666666666667,-1.0,7.0,-15.0,3.0,31
209.81590270996094,62.50717544555664,12.501435089111329,1000.0,0.0,0.4666666666666667,-0.9333333333333333,7.0,-14.0,3.0,31
213.462890625,61.35360336303711,12.270720672607421,1000.0,0.0,0.4666666666666667,-0.8666666666666667,7.0,-13.0,3.0,31
230.8726806640625,70.81890869140625,14.16378173828125,1000.0,0.0,0.4666666666666667,-0.8,7.0,-12.0,3.0,31
229.5585174560547,69.24214935302734,13.848429870605468,1000.0,0.0,0.4666666666666667,-0.7333333333333333,7.0,-11.0,3.0,31
229.8992919921875,74.20938873291016,14.841877746582032,1000.0,0.0,0.4666666666666667,-0.6666666666666666,7.0,-10.0,3.0,31
258.8432922363281,80.4870376586914,16.09740753173828,1000.0,0.0,0.4666666666666667,-0.6,7.0,-9.0,3.0,31
224.8328094482422,73.13358306884766,14.626716613769531,1000.0,0.0,0.4666666666666667,-0.5333333333333333,7.0,-8.0,3.0,31
217.50404357910156,44.84014129638672,8.968028259277343,1000.0,0.0,0.4666666666666667,-0.4666666666666667,7.0,-7.0,3.0,31
219.4344482421875,45.73725128173828,9.147450256347657,1000.0,0.0,0.4666666666666667,-0.4,7.0,-6.0,3.0,31
265.96075439453125,80.154296875,16.030859375,1000.0,0.0,0.4666666666666667,-0.3333333333333333,7.0,-5.0,3.0,31
269.5790710449219,66.77080535888672,13.354161071777344,1000.0,0.0,0.4666666666666667,-0.26666666666666666,7.0,-4.0,3.0,31
214.96241760253906,51.631317138671875,10.326263427734375,1000.0,0.0,0.4666666666666667,-0.2,7.0,-3.0,3.0,31
207.7286376953125,47.86711883544922,9.573423767089844,1000.0,0.0,0.4666666666666667,-0.13333333333333333,7.0,-2.0,3.0,31
214.9329071044922,26.316423416137695,5.263284683227539,1000.0,0.0,0.4666666666666667,-0.06666666666666667,7.0,-1.0,3.0,31
265.9886779785156,78.1734619140625,15.6346923828125,1000.0,0.0,0.4666666666666667,0.0,7.0,0.0,3.0,31
310.5181579589844,66.64323425292969,13.328646850585937,1000.0,0.0,0.4666666666666667,0.06666666666666667,7.0,1.0,3.0,31
263.0601806640625,51.94960021972656,10.389920043945313,1000.0,0.0,0.4666666666666667,0.13333333333333333,7.0,2.0,3.0,31
237.56268310546875,70.85321044921875,14.17064208984375,1000.0,0.0,0.4666666666666667,0.2,7.0,3.0,3.0,31
276.7808532714844,101.38865661621094,20.277731323242186,1000.0,0.0,0.4666666666666667,0.26666666666666666,7.0,4.0,3.0,31
297.2388000488281,110.119873046875,22.023974609375,1000.0,0.0,0.4666666666666667,0.3333333333333333,7.0,5.0,3.0,31
329.2669982910156,92.23365020751953,18.446730041503905,1000.0,0.0,0.4666666666666667,0.4,7.0,6.0,3.0,31
318.0526123046875,75.65152740478516,15.13030548095703,1000.0,0.0,0.4666666666666667,0.4666666666666667,7.0,7.0,3.0,31
293.14361572265625,111.78815460205078,22.357630920410156,1000.0,0.0,0.4666666666666667,0.5333333333333333,7.0,8.0,3.0,31
324.4192810058594,95.91513061523438,19.183026123046876,1000.0,0.0,0.4666666666666667,0.6,7.0,9.0,3.0,31
289.2258605957031,81.24732971191406,16.249465942382812,1000.0,0.0,0.4666666666666667,0.6666666666666666,7.0,10.0,3.0,31
289.6444396972656,78.99270629882812,15.798541259765624,1000.0,0.0,0.4666666666666667,0.7333333333333333,7.0,11.0,3.0,31
245.45823669433594,69.4206314086914,13.884126281738281,1000.0,0.0,0.4666666666666667,0.8,7.0,12.0,3.0,31
279.5550537109375,75.11654663085938,15.023309326171875,1000.0,0.0,0.4666666666666667,0.8666666666666667,7.0,13.0,3.0,31
280.7170104980469,88.32981872558594,17.66596374511719,1000.0,0.0,0.4666666666666667,0.9333333333333333,7.0,14.0,3.0,31
273.42889404296875,107.26231384277344,21.45246276855469,1000.0,0.0,0.4666666666666667,1.0,7.0,15.0,3.0,31
239.7667999267578,80.75051879882812,16.150103759765624,1000.0,0.0,0.5333333333333333,-1.0,8.0,-15.0,3.0,31
246.24554443359375,86.97949981689453,17.395899963378906,1000.0,0.0,0.5333333333333333,-0.9333333333333333,8.0,-14.0,3.0,31
220.64894104003906,76.03279876708984,15.206559753417968,1000.0,0.0,0.5333333333333333,-0.8666666666666667,8.0,-13.0,3.0,31
250.37464904785156,91.1461181640625,18.2292236328125,1000.0,0.0,0.5333333333333333,-0.8,8.0,-12.0,3.0,31
235.0820770263672,89.96951293945312,17.993902587890624,1000.0,0.0,0.5333333333333333,-0.7333333333333333,8.0,-11.0,3.0,31
247.7336883544922,72.2560043334961,14.451200866699219,1000.0,0.0,0.5333333333333333,-0.6666666666666666,8.0,-10.0,3.0,31
258.0394592285156,72.18038177490234,14.436076354980468,1000.0,0.0,0.5333333333333333,-0.6,8.0,-9.0,3.0,31
223.62750244140625,62.700069427490234,12.540013885498047,1000.0,0.0,0.5333333333333333,-0.5333333333333333,8.0,-8.0,3.0,31
218.02174377441406,42.791080474853516,8.558216094970703,1000.0,0.0,0.5333333333333333,-0.4666666666666667,8.0,-7.0,3.0,31
232.7680206298828,55.23222351074219,11.046444702148438,1000.0,0.0,0.5333333333333333,-0.4,8.0,-6.0,3.0,31
237.30979919433594,65.14535522460938,13.029071044921874,1000.0,0.0,0.5333333333333333,-0.3333333333333333,8.0,-5.0,3.0,31
247.58087158203125,54.52469253540039,10.904938507080079,1000.0,0.0,0.5333333333333333,-0.26666666666666666,8.0,-4.0,3.0,31
212.55117797851562,34.19565963745117,6.839131927490234,1000.0,0.0,0.5333333333333333,-0.2,8.0,-3.0,3.0,31
208.10415649414062,33.49178695678711,6.698357391357422,1000.0,0.0,0.5333333333333333,-0.13333333333333333,8.0,-2.0,3.0,31
214.15806579589844,34.53269958496094,6.9065399169921875,1000.0,0.0,0.5333333333333333,-0.06666666666666667,8.0,-1.0,3.0,31
279.8971862792969,58.31692123413086,11.663384246826173,1000.0,0.0,0.5333333333333333,0.0,8.0,0.0,3.0,31
263.0719909667969,73.25650787353516,14.65130157470703,1000.0,0.0,0.5333333333333333,0.06666666666666667,8.0,1.0,3.0,31
263.5420837402344,52.32828903198242,10.465657806396484,1000.0,0.0,0.5333333333333333,0.13333333333333333,8.0,2.0,3.0,31
226.2466278076172,58.458770751953125,11.691754150390626,1000.0,0.0,0.5333333333333333,0.2,8.0,3.0,3.0,31
231.03994750976562,56.307376861572266,11.261475372314454,1000.0,0.0,0.5333333333333333,0.26666666666666666,8.0,4.0,3.0,31
259.020751953125,87.18017578125,17.43603515625,1000.0,0.0,0.5333333333333333,0.3333333333333333,8.0,5.0,3.0,31
290.11181640625,85.83082580566406,17.166165161132813,1000.0,0.0,0.5333333333333333,0.4,8.0,6.0,3.0,31
329.2763977050781,77.35943603515625,15.47188720703125,1000.0,0.0,0.5333333333333333,0.4666666666666667,8.0,7.0,3.0,31
308.7231750488281,75.25642395019531,15.051284790039062,1000.0,0.0,0.5333333333333333,0.5333333333333333,8.0,8.0,3.0,31
276.64190673828125,80.78881072998047,16.157762145996095,1000.0,0.0,0.5333333333333333,0.6,8.0,9.0,3.0,31
314.6827087402344,81.55780029296875,16.31156005859375,1000.0,0.0,0.5333333333333333,0.6666666666666666,8.0,10.0,3.0,31
294.67669677734375,76.1179428100586,15.223588562011718,1000.0,0.0,0.5333333333333333,0.7333333333333333,8.0,11.0,3.0,31
303.7378845214844,97.15594482421875,19.43118896484375,1000.0,0.0,0.5333333333333333,0.8,8.0,12.0,3.0,31
291.19110107421875,93.37000274658203,18.674000549316407,1000.0,0.0,0.5333333333333333,0.8666666666666667,8.0,13.0,3.0,31
267.7127380371094,88.33511352539062,17.667022705078125,1000.0,0.0,0.5333333333333333,0.9333333333333333,8.0,14.0,3.0,31
254.11216735839844,86.06401062011719,17.212802124023437,1000.0,0.0,0.5333333333333333,1.0,8.0,15.0,3.0,31
210.09165954589844,52.763633728027344,10.552726745605469,1000.0,0.0,0.6,-1.0,9.0,-15.0,3.0,31
245.15487670898438,82.86961364746094,16.57392272949219,1000.0,0.0,0.6,-0.9333333333333333,9.0,-14.0,3.0,31
228.97218322753906,63.21260070800781,12.642520141601562,1000.0,0.0,0.6,-0.8666666666666667,9.0,-13.0,3.0,31
235.31289672851562,68.79610443115234,13.75922088623047,1000.0,0.0,0.6,-0.8,9.0,-12.0,3.0,31
248.37283325195312,86.85490417480469,17.37098083496094,1000.0,0.0,0.6,-0.7333333333333333,9.0,-11.0,3.0,31
236.19744873046875,70.62500762939453,14.125001525878906,1000.0,0.0,0.6,-0.6666666666666666,9.0,-10.0,3.0,31
215.45327758789062,43.87308883666992,8.774617767333984,1000.0,0.0,0.6,-0.6,9.0,-9.0,3.0,31
237.57505798339844,49.1862678527832,9.83725357055664,1000.0,0.0,0.6,-0.5333333333333333,9.0,-8.0,3.0,31
198.62725830078125,28.1263370513916,5.625267410278321,1000.0,0.0,0.6,-0.4666666666666667,9.0,-7.0,3.0,31
207.79800415039062,37.04269027709961,7.408538055419922,1000.0,0.0,0.6,-0.4,9.0,-6.0,3.0,31
205.48062133789062,34.99265670776367,6.998531341552734,1000.0,0.0,0.6,-0.3333333333333333,9.0,-5.0,3.0,31
221.5211944580078,51.29747009277344,10.259494018554687,1000.0,0.0,0.6,-0.26666666666666666,9.0,-4.0,3.0,31
217.62933349609375,40.46761703491211,8.093523406982422,1000.0,0.0,0.6,-0.2,9.0,-3.0,3.0,31
213.50807189941406,44.717140197753906,8.943428039550781,1000.0,0.0,0.6,-0.13333333333333333,9.0,-2.0,3.0,31
219.5933380126953,35.73638916015625,7.14727783203125,1000.0,0.0,0.6,-0.06666666666666667,9.0,-1.0,3.0,31
264.3653564453125,73.96953582763672,14.793907165527344,1000.0,0.0,0.6,0.0,9.0,0.0,3.0,31
268.19970703125,56.93905258178711,11.387810516357423,1000.0,0.0,0.6,0.06666666666666667,9.0,1.0,3.0,31
247.01641845703125,51.72911834716797,10.345823669433594,1000.0,0.0,0.6,0.13333333333333333,9.0,2.0,3.0,31
239.49789428710938,45.336429595947266,9.067285919189453,1000.0,0.0,0.6,0.2,9.0,3.0,3.0,31
226.40777587890625,74.52973937988281,14.905947875976562,1000.0,0.0,0.6,0.26666666666666666,9.0,4.0,3.0,31
244.19140625,76.99213409423828,15.398426818847657,1000.0,0.0,0.6,0.3333333333333333,9.0,5.0,3.0,31
264.04925537109375,76.95220947265625,15.39044189453125,1000.0,0.0,0.6,0.4,9.0,6.0,3.0,31
239.86155700683594,80.74449920654297,16.148899841308594,1000.0,0.0,0.6,0.4666666666666667,9.0,7.0,3.0,31
267.9884033203125,86.37914276123047,17.275828552246093,1000.0,0.0,0.6,0.5333333333333333,9.0,8.0,3.0,31
278.5738220214844,74.39389038085938,14.878778076171875,1000.0,0.0,0.6,0.6,9.0,9.0,3.0,31
323.0939636230469,96.62415313720703,19.324830627441408,1000.0,0.0,0.6,0.6666666666666666,9.0,10.0,3.0,31
298.1342468261719,84.62689208984375,16.92537841796875,1000.0,0.0,0.6,0.7333333333333333,9.0,11.0,3.0,31
300.3059387207031,71.8589859008789,14.371797180175781,1000.0,0.0,0.6,0.8,9.0,12.0,3.0,31
285.85479736328125,89.55291748046875,17.91058349609375,1000.0,0.0,0.6,0.8666666666666667,9.0,13.0,3.0,31
283.81573486328125,77.5274658203125,15.5054931640625,1000.0,0.0,0.6,0.9333333333333333,9.0,14.0,3.0,31
248.3535614013672,46.113182067871094,9.222636413574218,1000.0,0.0,0.6,1.0,9.0,15.0,3.0,31
228.59449768066406,77.73291015625,15.54658203125,1000.0,0.0,0.6666666666666666,-1.0,10.0,-15.0,3.0,31
226.44261169433594,74.94406127929688,14.988812255859376,1000.0,0.0,0.6666666666666666,-0.9333333333333333,10.0,-14.0,3.0,31
211.6314697265625,63.582637786865234,12.716527557373047,1000.0,0.0,0.6666666666666666,-0.8666666666666667,10.0,-13.0,3.0,31
221.32398986816406,61.92097473144531,12.384194946289062,1000.0,0.0,0.6666666666666666,-0.8,10.0,-12.0,3.0,31
249.3001708984375,81.60736846923828,16.321473693847658,1000.0,0.0,0.6666666666666666,-0.7333333333333333,10.0,-11.0,3.0,31
227.2821044921875,63.571083068847656,12.714216613769532,1000.0,0.0,0.6666666666666666,-0.6666666666666666,10.0,-10.0,3.0,31
234.7672119140625,71.63163757324219,14.326327514648437,1000.0,0.0,0.6666666666666666,-0.6,10.0,-9.0,3.0,31
241.93150329589844,72.04324340820312,14.408648681640624,1000.0,0.0,0.6666666666666666,-0.5333333333333333,10.0,-8.0,3.0,31
206.71070861816406,38.229087829589844,7.645817565917969,1000.0,0.0,0.6666666666666666,-0.4666666666666667,10.0,-7.0,3.0,31
187.72378540039062,14.910733222961426,2.982146644592285,1000.0,0.0,0.6666666666666666,-0.4,10.0,-6.0,3.0,31
199.18409729003906,23.363624572753906,4.672724914550781,1000.0,0.0,0.6666666666666666,-0.3333333333333333,10.0,-5.0,3.0,31
225.36019897460938,35.310821533203125,7.062164306640625,1000.0,0.0,0.6666666666666666,-0.26666666666666666,10.0,-4.0,3.0,31
204.83584594726562,25.54650115966797,5.109300231933593,1000.0,0.0,0.6666666666666666,-0.2,10.0,-3.0,3.0,31
214.13699340820312,37.57575225830078,7.515150451660157,1000.0,0.0,0.6666666666666666,-0.13333333333333333,10.0,-2.0,3.0,31
227.9971160888672,49.7932243347168,9.95864486694336,1000.0,0.0,0.6666666666666666,-0.06666666666666667,10.0,-1.0,3.0,31
261.9349365234375,67.28929901123047,13.457859802246094,1000.0,0.0,0.6666666666666666,0.0,10.0,0.0,3.0,31
279.3126525878906,53.46208953857422,10.692417907714844,1000.0,0.0,0.6666666666666666,0.06666666666666667,10.0,1.0,3.0,31
247.9998779296875,42.97966384887695,8.595932769775391,1000.0,0.0,0.6666666666666666,0.13333333333333333,10.0,2.0,3.0,31
230.0684356689453,31.643810272216797,6.328762054443359,1000.0,0.0,0.6666666666666666,0.2,10.0,3.0,3.0,31
197.97500610351562,28.41614532470703,5.683229064941406,1000.0,0.0,0.6666666666666666,0.26666666666666666,10.0,4.0,3.0,31
219.5725555419922,50.90938949584961,10.181877899169923,1000.0,0.0,0.6666666666666666,0.3333333333333333,10.0,5.0,3.0,31
230.48284912109375,73.5889663696289,14.717793273925782,1000.0,0.0,0.6666666666666666,0.4,10.0,6.0,3.0,31
225.7041015625,54.76105880737305,10.95221176147461,1000.0,0.0,0.6666666666666666,0.4666666666666667,10.0,7.0,3.0,31
219.34458923339844,50.03169250488281,10.006338500976563,1000.0,0.0,0.6666666666666666,0.5333333333333333,10.0,8.0,3.0,31
260.4229736328125,87.8358383178711,17.567167663574217,1000.0,0.0,0.6666666666666666,0.6,10.0,9.0,3.0,31
282.3665466308594,90.39425659179688,18.078851318359376,1000.0,0.0,0.6666666666666666,0.6666666666666666,10.0,10.0,3.0,31
276.2505187988281,83.15503692626953,16.631007385253906,1000.0,0.0,0.6666666666666666,0.7333333333333333,10.0,11.0,3.0,31
272.372314453125,73.95110321044922,14.790220642089844,1000.0,0.0,0.6666666666666666,0.8,10.0,12.0,3.0,31
270.1128845214844,77.71668243408203,15.543336486816406,1000.0,0.0,0.6666666666666666,0.8666666666666667,10.0,13.0,3.0,31
251.47723388671875,83.35223388671875,16.67044677734375,1000.0,0.0,0.6666666666666666,0.9333333333333333,10.0,14.0,3.0,31
226.4878387451172,55.7379264831543,11.14758529663086,1000.0,0.0,0.6666666666666666,1.0,10.0,15.0,3.0,31
224.8388214111328,67.99152374267578,13.598304748535156,1000.0,0.0,0.7333333333333333,-1.0,11.0,-15.0,3.0,31
216.2730255126953,66.76264190673828,13.352528381347657,1000.0,0.0,0.7333333333333333,-0.9333333333333333,11.0,-14.0,3.0,31
245.36386108398438,88.84935760498047,17.769871520996094,1000.0,0.0,0.7333333333333333,-0.8666666666666667,11.0,-13.0,3.0,31
220.87371826171875,71.39875793457031,14.279751586914063,1000.0,0.0,0.7333333333333333,-0.8,11.0,-12.0,3.0,31
220.16143798828125,69.68391418457031,13.936782836914062,1000.0,0.0,0.7333333333333333,-0.7333333333333333,11.0,-11.0,3.0,31
209.10400390625,45.788082122802734,9.157616424560548,1000.0,0.0,0.7333333333333333,-0.6666666666666666,11.0,-10.0,3.0,31
196.62779235839844,34.48192596435547,6.896385192871094,1000.0,0.0,0.7333333333333333,-0.6,11.0,-9.0,3.0,31
210.61842346191406,38.129329681396484,7.625865936279297,1000.0,0.0,0.7333333333333333,-0.5333333333333333,11.0,-8.0,3.0,31
198.1773681640625,30.45916175842285,6.0918323516845705,1000.0,0.0,0.7333333333333333,-0.4666666666666667,11.0,-7.0,3.0,31
191.7592315673828,17.77438735961914,3.5548774719238283,1000.0,0.0,0.7333333333333333,-0.4,11.0,-6.0,3.0,31
202.84938049316406,20.617210388183594,4.123442077636719,1000.0,0.0,0.7333333333333333,-0.3333333333333333,11.0,-5.0,3.0,31
201.82150268554688,32.026790618896484,6.405358123779297,1000.0,0.0,0.7333333333333333,-0.26666666666666666,11.0,-4.0,3.0,31
208.80126953125,35.26138687133789,7.052277374267578,1000.0,0.0,0.7333333333333333,-0.2,11.0,-3.0,3.0,31
201.63311767578125,21.516679763793945,4.303335952758789,1000.0,0.0,0.7333333333333333,-0.13333333333333333,11.0,-2.0,3.0,31
220.7318572998047,38.3061637878418,7.661232757568359,1000.0,0.0,0.7333333333333333,-0.06666666666666667,11.0,-1.0,3.0,31
245.76434326171875,50.77922058105469,10.155844116210938,1000.0,0.0,0.7333333333333333,0.0,11.0,0.0,3.0,31
280.656982421875,69.52635192871094,13.905270385742188,1000.0,0.0,0.7333333333333333,0.06666666666666667,11.0,1.0,3.0,31
254.70187377929688,57.03660583496094,11.407321166992187,1000.0,0.0,0.7333333333333333,0.13333333333333333,11.0,2.0,3.0,31
216.17166137695312,27.2452392578125,5.4490478515625,1000.0,0.0,0.7333333333333333,0.2,11.0,3.0,3.0,31
189.7895050048828,21.293439865112305,4.258687973022461,1000.0,0.0,0.7333333333333333,0.26666666666666666,11.0,4.0,3.0,31
202.32492065429688,50.399444580078125,10.079888916015625,1000.0,0.0,0.7333333333333333,0.3333333333333333,11.0,5.0,3.0,31
216.22634887695312,64.37063598632812,12.874127197265626,1000.0,0.0,0.7333333333333333,0.4,11.0,6.0,3.0,31
225.73312377929688,51.46040725708008,10.292081451416015,1000.0,0.0,0.7333333333333333,0.4666666666666667,11.0,7.0,3.0,31
247.35032653808594,76.17477416992188,15.234954833984375,1000.0,0.0,0.7333333333333333,0.5333333333333333,11.0,8.0,3.0,31
261.67449951171875,80.8235092163086,16.164701843261717,1000.0,0.0,0.7333333333333333,0.6,11.0,9.0,3.0,31
268.12884521484375,86.68214416503906,17.336428833007812,1000.0,0.0,0.7333333333333333,0.6666666666666666,11.0,10.0,3.0,31
260.82305908203125,76.03067779541016,15.206135559082032,1000.0,0.0,0.7333333333333333,0.7333333333333333,11.0,11.0,3.0,31
296.5771484375,92.61778259277344,18.523556518554688,1000.0,0.0,0.7333333333333333,0.8,11.0,12.0,3.0,31
289.027587890625,85.35369873046875,17.07073974609375,1000.0,0.0,0.7333333333333333,0.8666666666666667,11.0,13.0,3.0,31
277.5838623046875,83.25413513183594,16.65082702636719,1000.0,0.0,0.7333333333333333,0.9333333333333333,11.0,14.0,3.0,31
242.0414581298828,83.19802856445312,16.639605712890624,1000.0,0.0,0.7333333333333333,1.0,11.0,15.0,3.0,31
224.9520263671875,72.98934173583984,14.597868347167969,1000.0,0.0,0.8,-1.0,12.0,-15.0,3.0,31
223.2882080078125,65.45515441894531,13.091030883789063,1000.0,0.0,0.8,-0.9333333333333333,12.0,-14.0,3.0,31
210.1853485107422,52.8455810546875,10.5691162109375,1000.0,0.0,0.8,-0.8666666666666667,12.0,-13.0,3.0,31
215.96356201171875,60.07679748535156,12.015359497070312,1000.0,0.0,0.8,-0.8,12.0,-12.0,3.0,31
203.1063690185547,37.19569778442383,7.439139556884766,1000.0,0.0,0.8,-0.7333333333333333,12.0,-11.0,3.0,31
203.3224639892578,40.69583511352539,8.139167022705077,1000.0,0.0,0.8,-0.6666666666666666,12.0,-10.0,3.0,31
196.19866943359375,33.987937927246094,6.797587585449219,1000.0,0.0,0.8,-0.6,12.0,-9.0,3.0,31
191.5762939453125,25.982257843017578,5.196451568603516,1000.0,0.0,0.8,-0.5333333333333333,12.0,-8.0,3.0,31
200.1256866455078,22.572925567626953,4.51458511352539,1000.0,0.0,0.8,-0.4666666666666667,12.0,-7.0,3.0,31
198.41293334960938,19.505605697631836,3.901121139526367,1000.0,0.0,0.8,-0.4,12.0,-6.0,3.0,31
205.0668182373047,25.15475082397461,5.0309501647949215,1000.0,0.0,0.8,-0.3333333333333333,12.0,-5.0,3.0,31
216.90463256835938,35.26717758178711,7.053435516357422,1000.0,0.0,0.8,-0.26666666666666666,12.0,-4.0,3.0,31
206.9796905517578,30.906129837036133,6.181225967407227,1000.0,0.0,0.8,-0.2,12.0,-3.0,3.0,31
224.41619873046875,49.31527328491211,9.863054656982422,1000.0,0.0,0.8,-0.13333333333333333,12.0,-2.0,3.0,31
199.87278747558594,26.450223922729492,5.290044784545898,1000.0,0.0,0.8,-0.06666666666666667,12.0,-1.0,3.0,31
240.0726318359375,43.590484619140625,8.718096923828124,1000.0,0.0,0.8,0.0,12.0,0.0,3.0,31
268.818115234375,61.560943603515625,12.312188720703125,1000.0,0.0,0.8,0.06666666666666667,12.0,1.0,3.0,31
247.89820861816406,45.971961975097656,9.19439239501953,1000.0,0.0,0.8,0.13333333333333333,12.0,2.0,3.0,31
220.87591552734375,28.342670440673828,5.6685340881347654,1000.0,0.0,0.8,0.2,12.0,3.0,3.0,31
203.3177490234375,30.547565460205078,6.1095130920410154,1000.0,0.0,0.8,0.26666666666666666,12.0,4.0,3.0,31
189.03468322753906,18.860464096069336,3.772092819213867,1000.0,0.0,0.8,0.3333333333333333,12.0,5.0,3.0,31
208.15765380859375,36.55854034423828,7.311708068847656,1000.0,0.0,0.8,0.4,12.0,6.0,3.0,31
239.8477325439453,56.425472259521484,11.285094451904296,1000.0,0.0,0.8,0.4666666666666667,12.0,7.0,3.0,31
238.15322875976562,53.20806121826172,10.641612243652343,1000.0,0.0,0.8,0.5333333333333333,12.0,8.0,3.0,31
237.6623077392578,58.911197662353516,11.782239532470703,1000.0,0.0,0.8,0.6,12.0,9.0,3.0,31
260.8327331542969,84.78005981445312,16.956011962890624,1000.0,0.0,0.8,0.6666666666666666,12.0,10.0,3.0,31
280.8277587890625,80.67932891845703,16.135865783691408,1000.0,0.0,0.8,0.7333333333333333,12.0,11.0,3.0,31
278.4066162109375,94.47982025146484,18.895964050292967,1000.0,0.0,0.8,0.8,12.0,12.0,3.0,31
289.0120849609375,103.90008544921875,20.78001708984375,1000.0,0.0,0.8,0.8666666666666667,12.0,13.0,3.0,31
291.4545593261719,98.35006713867188,19.670013427734375,1000.0,0.0,0.8,0.9333333333333333,12.0,14.0,3.0,31
285.223388671875,90.56654357910156,18.113308715820313,1000.0,0.0,0.8,1.0,12.0,15.0,3.0,31
214.09654235839844,65.46380615234375,13.09276123046875,1000.0,0.0,0.8666666666666667,-1.0,13.0,-15.0,3.0,31
202.3037872314453,56.67184829711914,11.334369659423828,1000.0,0.0,0.8666666666666667,-0.9333333333333333,13.0,-14.0,3.0,31
217.92942810058594,67.66333770751953,13.532667541503907,1000.0,0.0,0.8666666666666667,-0.8666666666666667,13.0,-13.0,3.0,31
219.42918395996094,61.9710578918457,12.394211578369141,1000.0,0.0,0.8666666666666667,-0.8,13.0,-12.0,3.0,31
190.74407958984375,23.14911460876465,4.62982292175293,1000.0,0.0,0.8666666666666667,-0.7333333333333333,13.0,-11.0,3.0,31
197.3289031982422,38.82058334350586,7.764116668701172,1000.0,0.0,0.8666666666666667,-0.6666666666666666,13.0,-10.0,3.0,31
202.51968383789062,43.01579284667969,8.603158569335937,1000.0,0.0,0.8666666666666667,-0.6,13.0,-9.0,3.0,31
197.15492248535156,26.402326583862305,5.280465316772461,1000.0,0.0,0.8666666666666667,-0.5333333333333333,13.0,-8.0,3.0,31
196.06011962890625,17.308778762817383,3.4617557525634766,1000.0,0.0,0.8666666666666667,-0.4666666666666667,13.0,-7.0,3.0,31
193.72576904296875,15.28421688079834,3.056843376159668,1000.0,0.0,0.8666666666666667,-0.4,13.0,-6.0,3.0,31
194.9141387939453,25.365060806274414,5.073012161254883,1000.0,0.0,0.8666666666666667,-0.3333333333333333,13.0,-5.0,3.0,31
202.1722869873047,29.48862648010254,5.897725296020508,1000.0,0.0,0.8666666666666667,-0.26666666666666666,13.0,-4.0,3.0,31
213.18247985839844,36.88912582397461,7.377825164794922,1000.0,0.0,0.8666666666666667,-0.2,13.0,-3.0,3.0,31
208.26004028320312,26.53033447265625,5.30606689453125,1000.0,0.0,0.8666666666666667,-0.13333333333333333,13.0,-2.0,3.0,31
199.65158081054688,33.0352668762207,6.60705337524414,1000.0,0.0,0.8666666666666667,-0.06666666666666667,13.0,-1.0,3.0,31
219.5880126953125,37.3759880065918,7.475197601318359,1000.0,0.0,0.8666666666666667,0.0,13.0,0.0,3.0,31
256.4316101074219,67.86426544189453,13.572853088378906,1000.0,0.0,0.8666666666666667,0.06666666666666667,13.0,1.0,3.0,31
238.6748504638672,45.83781433105469,9.167562866210938,1000.0,0.0,0.8666666666666667,0.13333333333333333,13.0,2.0,3.0,31
212.39968872070312,25.10248565673828,5.020497131347656,1000.0,0.0,0.8666666666666667,0.2,13.0,3.0,3.0,31
200.28897094726562,25.374073028564453,5.0748146057128904,1000.0,0.0,0.8666666666666667,0.26666666666666666,13.0,4.0,3.0,31
189.50271606445312,22.636371612548828,4.527274322509766,1000.0,0.0,0.8666666666666667,0.3333333333333333,13.0,5.0,3.0,31
215.90797424316406,45.78192901611328,9.156385803222657,1000.0,0.0,0.8666666666666667,0.4,13.0,6.0,3.0,31
223.9633331298828,64.3273696899414,12.86547393798828,1000.0,0.0,0.8666666666666667,0.4666666666666667,13.0,7.0,3.0,31
245.38572692871094,66.92493438720703,13.384986877441406,1000.0,0.0,0.8666666666666667,0.5333333333333333,13.0,8.0,3.0,31
245.63714599609375,61.57208251953125,12.31441650390625,1000.0,0.0,0.8666666666666667,0.6,13.0,9.0,3.0,31
240.98455810546875,72.88813018798828,14.577626037597657,1000.0,0.0,0.8666666666666667,0.6666666666666666,13.0,10.0,3.0,31
265.02801513671875,80.85212707519531,16.170425415039062,1000.0,0.0,0.8666666666666667,0.7333333333333333,13.0,11.0,3.0,31
295.413330078125,92.09549713134766,18.419099426269533,1000.0,0.0,0.8666666666666667,0.8,13.0,12.0,3.0,31
262.6513671875,95.46187591552734,19.092375183105467,1000.0,0.0,0.8666666666666667,0.8666666666666667,13.0,13.0,3.0,31
274.81951904296875,85.66605377197266,17.133210754394533,1000.0,0.0,0.8666666666666667,0.9333333333333333,13.0,14.0,3.0,31
289.3004150390625,96.0336685180664,19.20673370361328,1000.0,0.0,0.8666666666666667,1.0,13.0,15.0,3.0,31
205.74510192871094,57.0945930480957,11.41891860961914,1000.0,0.0,0.9333333333333333,-1.0,14.0,-15.0,3.0,31
205.09246826171875,38.3265380859375,7.6653076171875,1000.0,0.0,0.9333333333333333,-0.9333333333333333,14.0,-14.0,3.0,31
198.20623779296875,30.580753326416016,6.116150665283203,1000.0,0.0,0.9333333333333333,-0.8666666666666667,14.0,-13.0,3.0,31
197.0074462890625,23.796768188476562,4.7593536376953125,1000.0,0.0,0.9333333333333333,-0.8,14.0,-12.0,3.0,31
189.3623504638672,23.48048210144043,4.696096420288086,1000.0,0.0,0.9333333333333333,-0.7333333333333333,14.0,-11.0,3.0,31
205.6129913330078,35.76926803588867,7.1538536071777346,1000.0,0.0,0.9333333333333333,-0.6666666666666666,14.0,-10.0,3.0,31
218.4709930419922,45.80390167236328,9.160780334472657,1000.0,0.0,0.9333333333333333,-0.6,14.0,-9.0,3.0,31
201.5351104736328,31.43706512451172,6.287413024902344,1000.0,0.0,0.9333333333333333,-0.5333333333333333,14.0,-8.0,3.0,31
203.3314208984375,17.08509635925293,3.417019271850586,1000.0,0.0,0.9333333333333333,-0.4666666666666667,14.0,-7.0,3.0,31
195.84823608398438,25.58417510986328,5.116835021972657,1000.0,0.0,0.9333333333333333,-0.4,14.0,-6.0,3.0,31
190.19273376464844,19.248971939086914,3.849794387817383,1000.0,0.0,0.9333333333333333,-0.3333333333333333,14.0,-5.0,3.0,31
196.76588439941406,34.813663482666016,6.9627326965332035,1000.0,0.0,0.9333333333333333,-0.26666666666666666,14.0,-4.0,3.0,31
205.61734008789062,25.491966247558594,5.098393249511719,1000.0,0.0,0.9333333333333333,-0.2,14.0,-3.0,3.0,31
203.9619903564453,29.67990493774414,5.935980987548828,1000.0,0.0,0.9333333333333333,-0.13333333333333333,14.0,-2.0,3.0,31
204.88925170898438,35.03754425048828,7.007508850097656,1000.0,0.0,0.9333333333333333,-0.06666666666666667,14.0,-1.0,3.0,31
222.3031005859375,42.30622863769531,8.461245727539062,1000.0,0.0,0.9333333333333333,0.0,14.0,0.0,3.0,31
249.96463012695312,58.42412185668945,11.684824371337891,1000.0,0.0,0.9333333333333333,0.06666666666666667,14.0,1.0,3.0,31
266.7664489746094,63.171974182128906,12.63439483642578,1000.0,0.0,0.9333333333333333,0.13333333333333333,14.0,2.0,3.0,31
207.1334991455078,33.70409393310547,6.740818786621094,1000.0,0.0,0.9333333333333333,0.2,14.0,3.0,3.0,31
196.47438049316406,28.311845779418945,5.662369155883789,1000.0,0.0,0.9333333333333333,0.26666666666666666,14.0,4.0,3.0,31
198.20445251464844,28.194948196411133,5.638989639282227,1000.0,0.0,0.9333333333333333,0.3333333333333333,14.0,5.0,3.0,31
197.4646453857422,35.817222595214844,7.163444519042969,1000.0,0.0,0.9333333333333333,0.4,14.0,6.0,3.0,31
213.81300354003906,46.277679443359375,9.255535888671876,1000.0,0.0,0.9333333333333333,0.4666666666666667,14.0,7.0,3.0,31
233.5200653076172,59.56964874267578,11.913929748535157,1000.0,0.0,0.9333333333333333,0.5333333333333333,14.0,8.0,3.0,31
248.48219299316406,60.85520553588867,12.171041107177734,1000.0,0.0,0.9333333333333333,0.6,14.0,9.0,3.0,31
235.74432373046875,64.64514923095703,12.929029846191407,1000.0,0.0,0.9333333333333333,0.6666666666666666,14.0,10.0,3.0,31
230.62576293945312,62.75516891479492,12.551033782958985,1000.0,0.0,0.9333333333333333,0.7333333333333333,14.0,11.0,3.0,31
291.6757507324219,72.5029296875,14.5005859375,1000.0,0.0,0.9333333333333333,0.8,14.0,12.0,3.0,31
258.59820556640625,82.33393096923828,16.466786193847657,1000.0,0.0,0.9333333333333333,0.8666666666666667,14.0,13.0,3.0,31
280.3563232421875,84.086669921875,16.817333984375,1000.0,0.0,0.9333333333333333,0.9333333333333333,14.0,14.0,3.0,31
264.9150390625,87.58613586425781,17.517227172851562,1000.0,0.0,0.9333333333333333,1.0,14.0,15.0,3.0,31
202.48512268066406,40.71259689331055,8.14251937866211,1000.0,0.0,1.0,-1.0,15.0,-15.0,3.0,31
196.27601623535156,29.555513381958008,5.911102676391602,1000.0,0.0,1.0,-0.9333333333333333,15.0,-14.0,3.0,31
199.99826049804688,44.657325744628906,8.931465148925781,1000.0,0.0,1.0,-0.8666666666666667,15.0,-13.0,3.0,31
197.5141143798828,30.103252410888672,6.020650482177734,1000.0,0.0,1.0,-0.8,15.0,-12.0,3.0,31
198.9187469482422,31.346054077148438,6.2692108154296875,1000.0,0.0,1.0,-0.7333333333333333,15.0,-11.0,3.0,31
206.4111328125,40.61738967895508,8.123477935791016,1000.0,0.0,1.0,-0.6666666666666666,15.0,-10.0,3.0,31
200.0716552734375,30.313064575195312,6.062612915039063,1000.0,0.0,1.0,-0.6,15.0,-9.0,3.0,31
192.13998413085938,17.240894317626953,3.4481788635253907,1000.0,0.0,1.0,-0.5333333333333333,15.0,-8.0,3.0,31
192.27174377441406,16.371910095214844,3.2743820190429687,1000.0,0.0,1.0,-0.4666666666666667,15.0,-7.0,3.0,31
191.4000244140625,23.507755279541016,4.701551055908203,1000.0,0.0,1.0,-0.4,15.0,-6.0,3.0,31
197.0554656982422,24.049171447753906,4.809834289550781,1000.0,0.0,1.0,-0.3333333333333333,15.0,-5.0,3.0,31
213.3599395751953,34.21321105957031,6.842642211914063,1000.0,0.0,1.0,-0.26666666666666666,15.0,-4.0,3.0,31
204.76171875,34.62379837036133,6.9247596740722654,1000.0,0.0,1.0,-0.2,15.0,-3.0,3.0,31
198.90213012695312,26.40523338317871,5.281046676635742,1000.0,0.0,1.0,-0.13333333333333333,15.0,-2.0,3.0,31
201.09619140625,29.751157760620117,5.950231552124023,1000.0,0.0,1.0,-0.06666666666666667,15.0,-1.0,3.0,31
214.27484130859375,43.37004470825195,8.67400894165039,1000.0,0.0,1.0,0.0,15.0,0.0,3.0,31
223.13336181640625,48.50257873535156,9.700515747070312,1000.0,0.0,1.0,0.06666666666666667,15.0,1.0,3.0,31
239.22244262695312,44.470863342285156,8.894172668457031,1000.0,0.0,1.0,0.13333333333333333,15.0,2.0,3.0,31
210.76437377929688,29.633670806884766,5.926734161376953,1000.0,0.0,1.0,0.2,15.0,3.0,3.0,31
194.93524169921875,26.736370086669922,5.3472740173339846,1000.0,0.0,1.0,0.26666666666666666,15.0,4.0,3.0,31
196.0634307861328,25.171005249023438,5.034201049804688,1000.0,0.0,1.0,0.3333333333333333,15.0,5.0,3.0,31
203.19041442871094,30.414615631103516,6.082923126220703,1000.0,0.0,1.0,0.4,15.0,6.0,3.0,31
210.8276824951172,51.27727508544922,10.255455017089844,1000.0,0.0,1.0,0.4666666666666667,15.0,7.0,3.0,31
237.31710815429688,74.80951690673828,14.961903381347657,1000.0,0.0,1.0,0.5333333333333333,15.0,8.0,3.0,31
239.33766174316406,49.399505615234375,9.879901123046874,1000.0,0.0,1.0,0.6,15.0,9.0,3.0,31
248.67831420898438,64.9697036743164,12.993940734863282,1000.0,0.0,1.0,0.6666666666666666,15.0,10.0,3.0,31
247.34292602539062,71.53244018554688,14.306488037109375,1000.0,0.0,1.0,0.7333333333333333,15.0,11.0,3.0,31
233.7108612060547,68.43365478515625,13.68673095703125,1000.0,0.0,1.0,0.8,15.0,12.0,3.0,31
276.0118103027344,84.53336334228516,16.90667266845703,1000.0,0.0,1.0,0.8666666666666667,15.0,13.0,3.0,31
247.54811096191406,69.62266540527344,13.924533081054687,1000.0,0.0,1.0,0.9333333333333333,15.0,14.0,3.0,31
253.7152862548828,82.07478332519531,16.414956665039064,1000.0,0.0,1.0,1.0,15.0,15.0,3.0,31
