episode_rewards,episode_std_rewards,episode_stderr_rewards,episode_avg_len,episode_std_avg_len,dim0,dim1,offset1,offset2,magnitude,grid_size
177.91851806640625,12.595032691955566,2.519006538391113,1000.0,0.0,-1.0,-1.0,-15.0,-15.0,3.0,31
174.6647491455078,10.53681755065918,2.1073635101318358,1000.0,0.0,-1.0,-0.9333333333333333,-15.0,-14.0,3.0,31
174.42486572265625,10.64677906036377,2.129355812072754,1000.0,0.0,-1.0,-0.8666666666666667,-15.0,-13.0,3.0,31
175.8246612548828,8.663969039916992,1.7327938079833984,1000.0,0.0,-1.0,-0.8,-15.0,-12.0,3.0,31
177.74383544921875,4.990891933441162,0.9981783866882324,1000.0,0.0,-1.0,-0.7333333333333333,-15.0,-11.0,3.0,31
183.43301391601562,11.980875968933105,2.396175193786621,1000.0,0.0,-1.0,-0.6666666666666666,-15.0,-10.0,3.0,31
189.81178283691406,12.508743286132812,2.5017486572265626,1000.0,0.0,-1.0,-0.6,-15.0,-9.0,3.0,31
200.50653076171875,24.145118713378906,4.829023742675782,1000.0,0.0,-1.0,-0.5333333333333333,-15.0,-8.0,3.0,31
209.4519500732422,39.45551681518555,7.891103363037109,1000.0,0.0,-1.0,-0.4666666666666667,-15.0,-7.0,3.0,31
219.41986083984375,43.41919708251953,8.683839416503906,1000.0,0.0,-1.0,-0.4,-15.0,-6.0,3.0,31
211.59889221191406,39.6262092590332,7.925241851806641,1000.0,0.0,-1.0,-0.3333333333333333,-15.0,-5.0,3.0,31
219.29905700683594,41.622066497802734,8.324413299560547,1000.0,0.0,-1.0,-0.26666666666666666,-15.0,-4.0,3.0,31
214.37290954589844,40.572784423828125,8.114556884765625,1000.0,0.0,-1.0,-0.2,-15.0,-3.0,3.0,31
201.9374542236328,36.2592658996582,7.251853179931641,1000.0,0.0,-1.0,-0.13333333333333333,-15.0,-2.0,3.0,31
201.5775909423828,43.50776290893555,8.701552581787109,1000.0,0.0,-1.0,-0.06666666666666667,-15.0,-1.0,3.0,31
184.74276733398438,26.745458602905273,5.349091720581055,1000.0,0.0,-1.0,0.0,-15.0,0.0,3.0,31
191.78041076660156,31.851051330566406,6.370210266113281,1000.0,0.0,-1.0,0.06666666666666667,-15.0,1.0,3.0,31
189.18533325195312,24.0471248626709,4.809424972534179,1000.0,0.0,-1.0,0.13333333333333333,-15.0,2.0,3.0,31
178.29466247558594,12.45949935913086,2.491899871826172,1000.0,0.0,-1.0,0.2,-15.0,3.0,3.0,31
186.50057983398438,16.366744995117188,3.2733489990234377,1000.0,0.0,-1.0,0.26666666666666666,-15.0,4.0,3.0,31
182.42601013183594,14.6459321975708,2.9291864395141602,1000.0,0.0,-1.0,0.3333333333333333,-15.0,5.0,3.0,31
182.27996826171875,13.972370147705078,2.7944740295410155,1000.0,0.0,-1.0,0.4,-15.0,6.0,3.0,31
179.53155517578125,8.938834190368652,1.7877668380737304,1000.0,0.0,-1.0,0.4666666666666667,-15.0,7.0,3.0,31
177.62115478515625,11.153401374816895,2.2306802749633787,1000.0,0.0,-1.0,0.5333333333333333,-15.0,8.0,3.0,31
179.34109497070312,12.059591293334961,2.4119182586669923,1000.0,0.0,-1.0,0.6,-15.0,9.0,3.0,31
191.2454071044922,22.271196365356445,4.454239273071289,1000.0,0.0,-1.0,0.6666666666666666,-15.0,10.0,3.0,31
208.74928283691406,48.45433044433594,9.690866088867187,1000.0,0.0,-1.0,0.7333333333333333,-15.0,11.0,3.0,31
201.77130126953125,36.20100021362305,7.240200042724609,1000.0,0.0,-1.0,0.8,-15.0,12.0,3.0,31
212.15081787109375,40.76593780517578,8.153187561035157,1000.0,0.0,-1.0,0.8666666666666667,-15.0,13.0,3.0,31
205.99520874023438,33.50914764404297,6.701829528808593,1000.0,0.0,-1.0,0.9333333333333333,-15.0,14.0,3.0,31
189.65806579589844,19.757225036621094,3.9514450073242187,1000.0,0.0,-1.0,1.0,-15.0,15.0,3.0,31
178.41334533691406,15.941709518432617,3.1883419036865233,1000.0,0.0,-0.9333333333333333,-1.0,-14.0,-15.0,3.0,31
176.4126434326172,9.812623977661133,1.9625247955322265,1000.0,0.0,-0.9333333333333333,-0.9333333333333333,-14.0,-14.0,3.0,31
176.40347290039062,12.484745025634766,2.496949005126953,1000.0,0.0,-0.9333333333333333,-0.8666666666666667,-14.0,-13.0,3.0,31
171.5717315673828,5.837038040161133,1.1674076080322267,1000.0,0.0,-0.9333333333333333,-0.8,-14.0,-12.0,3.0,31
177.60337829589844,5.930261135101318,1.1860522270202636,1000.0,0.0,-0.9333333333333333,-0.7333333333333333,-14.0,-11.0,3.0,31
182.66087341308594,9.304167747497559,1.8608335494995116,1000.0,0.0,-0.9333333333333333,-0.6666666666666666,-14.0,-10.0,3.0,31
190.2959442138672,17.134124755859375,3.426824951171875,1000.0,0.0,-0.9333333333333333,-0.6,-14.0,-9.0,3.0,31
205.68716430664062,38.67205810546875,7.73441162109375,1000.0,0.0,-0.9333333333333333,-0.5333333333333333,-14.0,-8.0,3.0,31
214.07492065429688,41.48739242553711,8.297478485107423,1000.0,0.0,-0.9333333333333333,-0.4666666666666667,-14.0,-7.0,3.0,31
209.6826629638672,39.13499450683594,7.826998901367188,1000.0,0.0,-0.9333333333333333,-0.4,-14.0,-6.0,3.0,31
218.44100952148438,44.78396987915039,8.956793975830077,1000.0,0.0,-0.9333333333333333,-0.3333333333333333,-14.0,-5.0,3.0,31
213.2772216796875,37.81235122680664,7.562470245361328,1000.0,0.0,-0.9333333333333333,-0.26666666666666666,-14.0,-4.0,3.0,31
217.9033203125,49.654571533203125,9.930914306640625,1000.0,0.0,-0.9333333333333333,-0.2,-14.0,-3.0,3.0,31
221.8842315673828,47.06781768798828,9.413563537597657,1000.0,0.0,-0.9333333333333333,-0.13333333333333333,-14.0,-2.0,3.0,31
189.4218292236328,36.87910079956055,7.375820159912109,1000.0,0.0,-0.9333333333333333,-0.06666666666666667,-14.0,-1.0,3.0,31
187.44744873046875,19.92643165588379,3.985286331176758,1000.0,0.0,-0.9333333333333333,0.0,-14.0,0.0,3.0,31
186.8001708984375,21.968507766723633,4.393701553344727,1000.0,0.0,-0.9333333333333333,0.06666666666666667,-14.0,1.0,3.0,31
184.87860107421875,17.078866958618164,3.415773391723633,1000.0,0.0,-0.9333333333333333,0.13333333333333333,-14.0,2.0,3.0,31
183.60972595214844,14.503255844116211,2.9006511688232424,1000.0,0.0,-0.9333333333333333,0.2,-14.0,3.0,3.0,31
185.3468780517578,12.559640884399414,2.511928176879883,1000.0,0.0,-0.9333333333333333,0.26666666666666666,-14.0,4.0,3.0,31
183.64234924316406,24.036359786987305,4.807271957397461,1000.0,0.0,-0.9333333333333333,0.3333333333333333,-14.0,5.0,3.0,31
179.0952606201172,10.149280548095703,2.0298561096191405,1000.0,0.0,-0.9333333333333333,0.4,-14.0,6.0,3.0,31
178.8525390625,9.787664413452148,1.9575328826904297,1000.0,0.0,-0.9333333333333333,0.4666666666666667,-14.0,7.0,3.0,31
178.2043914794922,12.462979316711426,2.4925958633422853,1000.0,0.0,-0.9333333333333333,0.5333333333333333,-14.0,8.0,3.0,31
188.60220336914062,22.00384521484375,4.40076904296875,1000.0,0.0,-0.9333333333333333,0.6,-14.0,9.0,3.0,31
203.4182586669922,37.286094665527344,7.457218933105469,1000.0,0.0,-0.9333333333333333,0.6666666666666666,-14.0,10.0,3.0,31
210.61788940429688,38.22265625,7.64453125,1000.0,0.0,-0.9333333333333333,0.7333333333333333,-14.0,11.0,3.0,31
202.9152374267578,35.50028991699219,7.100057983398438,1000.0,0.0,-0.9333333333333333,0.8,-14.0,12.0,3.0,31
207.5295867919922,34.68704605102539,6.937409210205078,1000.0,0.0,-0.9333333333333333,0.8666666666666667,-14.0,13.0,3.0,31
212.74232482910156,35.33491897583008,7.066983795166015,1000.0,0.0,-0.9333333333333333,0.9333333333333333,-14.0,14.0,3.0,31
186.8597412109375,21.667991638183594,4.333598327636719,1000.0,0.0,-0.9333333333333333,1.0,-14.0,15.0,3.0,31
175.7891845703125,9.443315505981445,1.888663101196289,1000.0,0.0,-0.8666666666666667,-1.0,-13.0,-15.0,3.0,31
174.01351928710938,8.476370811462402,1.6952741622924805,1000.0,0.0,-0.8666666666666667,-0.9333333333333333,-13.0,-14.0,3.0,31
173.75439453125,9.065887451171875,1.813177490234375,1000.0,0.0,-0.8666666666666667,-0.8666666666666667,-13.0,-13.0,3.0,31
175.43861389160156,12.058910369873047,2.411782073974609,1000.0,0.0,-0.8666666666666667,-0.8,-13.0,-12.0,3.0,31
174.41915893554688,8.781015396118164,1.7562030792236327,1000.0,0.0,-0.8666666666666667,-0.7333333333333333,-13.0,-11.0,3.0,31
181.42259216308594,11.816855430603027,2.3633710861206056,1000.0,0.0,-0.8666666666666667,-0.6666666666666666,-13.0,-10.0,3.0,31
183.87249755859375,13.131540298461914,2.626308059692383,1000.0,0.0,-0.8666666666666667,-0.6,-13.0,-9.0,3.0,31
205.09481811523438,26.367727279663086,5.273545455932617,1000.0,0.0,-0.8666666666666667,-0.5333333333333333,-13.0,-8.0,3.0,31
208.18359375,31.933887481689453,6.38677749633789,1000.0,0.0,-0.8666666666666667,-0.4666666666666667,-13.0,-7.0,3.0,31
212.83770751953125,46.446346282958984,9.289269256591798,1000.0,0.0,-0.8666666666666667,-0.4,-13.0,-6.0,3.0,31
224.03558349609375,49.39528274536133,9.879056549072265,1000.0,0.0,-0.8666666666666667,-0.3333333333333333,-13.0,-5.0,3.0,31
231.44754028320312,50.090293884277344,10.018058776855469,1000.0,0.0,-0.8666666666666667,-0.26666666666666666,-13.0,-4.0,3.0,31
221.84939575195312,41.482669830322266,8.296533966064453,1000.0,0.0,-0.8666666666666667,-0.2,-13.0,-3.0,3.0,31
216.16526794433594,52.729713439941406,10.545942687988282,1000.0,0.0,-0.8666666666666667,-0.13333333333333333,-13.0,-2.0,3.0,31
193.09349060058594,40.3639030456543,8.07278060913086,1000.0,0.0,-0.8666666666666667,-0.06666666666666667,-13.0,-1.0,3.0,31
179.40521240234375,11.844322204589844,2.3688644409179687,1000.0,0.0,-0.8666666666666667,0.0,-13.0,0.0,3.0,31
196.23609924316406,32.547332763671875,6.509466552734375,1000.0,0.0,-0.8666666666666667,0.06666666666666667,-13.0,1.0,3.0,31
187.7313232421875,28.84630584716797,5.769261169433594,1000.0,0.0,-0.8666666666666667,0.13333333333333333,-13.0,2.0,3.0,31
181.88916015625,14.818366050720215,2.963673210144043,1000.0,0.0,-0.8666666666666667,0.2,-13.0,3.0,3.0,31
181.76039123535156,11.581071853637695,2.316214370727539,1000.0,0.0,-0.8666666666666667,0.26666666666666666,-13.0,4.0,3.0,31
182.76504516601562,13.764098167419434,2.752819633483887,1000.0,0.0,-0.8666666666666667,0.3333333333333333,-13.0,5.0,3.0,31
180.52655029296875,10.895333290100098,2.1790666580200195,1000.0,0.0,-0.8666666666666667,0.4,-13.0,6.0,3.0,31
185.2486114501953,12.769083976745605,2.553816795349121,1000.0,0.0,-0.8666666666666667,0.4666666666666667,-13.0,7.0,3.0,31
179.12908935546875,12.099081993103027,2.4198163986206054,1000.0,0.0,-0.8666666666666667,0.5333333333333333,-13.0,8.0,3.0,31
182.8974609375,19.475154876708984,3.895030975341797,1000.0,0.0,-0.8666666666666667,0.6,-13.0,9.0,3.0,31
203.09771728515625,45.782981872558594,9.156596374511718,1000.0,0.0,-0.8666666666666667,0.6666666666666666,-13.0,10.0,3.0,31
209.4033660888672,40.70127487182617,8.140254974365234,1000.0,0.0,-0.8666666666666667,0.7333333333333333,-13.0,11.0,3.0,31
203.13711547851562,32.295772552490234,6.459154510498047,1000.0,0.0,-0.8666666666666667,0.8,-13.0,12.0,3.0,31
206.41392517089844,32.708126068115234,6.541625213623047,1000.0,0.0,-0.8666666666666667,0.8666666666666667,-13.0,13.0,3.0,31
186.6420440673828,14.35274600982666,2.870549201965332,1000.0,0.0,-0.8666666666666667,0.9333333333333333,-13.0,14.0,3.0,31
201.10943603515625,39.9237060546875,7.9847412109375,1000.0,0.0,-0.8666666666666667,1.0,-13.0,15.0,3.0,31
179.94097900390625,14.57430648803711,2.914861297607422,1000.0,0.0,-0.8,-1.0,-12.0,-15.0,3.0,31
176.07577514648438,8.775843620300293,1.7551687240600586,1000.0,0.0,-0.8,-0.9333333333333333,-12.0,-14.0,3.0,31
175.3274383544922,10.08308219909668,2.016616439819336,1000.0,0.0,-0.8,-0.8666666666666667,-12.0,-13.0,3.0,31
173.421875,8.349926948547363,1.6699853897094727,1000.0,0.0,-0.8,-0.8,-12.0,-12.0,3.0,31
174.52008056640625,9.126275062561035,1.8252550125122071,1000.0,0.0,-0.8,-0.7333333333333333,-12.0,-11.0,3.0,31
175.8391571044922,13.24201488494873,2.648402976989746,1000.0,0.0,-0.8,-0.6666666666666666,-12.0,-10.0,3.0,31
183.03807067871094,11.778752326965332,2.3557504653930663,1000.0,0.0,-0.8,-0.6,-12.0,-9.0,3.0,31
197.76483154296875,26.91444969177246,5.382889938354492,1000.0,0.0,-0.8,-0.5333333333333333,-12.0,-8.0,3.0,31
203.6224822998047,24.622556686401367,4.924511337280274,1000.0,0.0,-0.8,-0.4666666666666667,-12.0,-7.0,3.0,31
199.7418975830078,37.31764602661133,7.463529205322265,1000.0,0.0,-0.8,-0.4,-12.0,-6.0,3.0,31
200.25758361816406,39.791351318359375,7.958270263671875,1000.0,0.0,-0.8,-0.3333333333333333,-12.0,-5.0,3.0,31
242.47740173339844,55.423988342285156,11.084797668457032,1000.0,0.0,-0.8,-0.26666666666666666,-12.0,-4.0,3.0,31
240.18423461914062,45.393821716308594,9.078764343261719,1000.0,0.0,-0.8,-0.2,-12.0,-3.0,3.0,31
218.0293731689453,52.1480598449707,10.429611968994141,1000.0,0.0,-0.8,-0.13333333333333333,-12.0,-2.0,3.0,31
190.62464904785156,26.754854202270508,5.350970840454101,1000.0,0.0,-0.8,-0.06666666666666667,-12.0,-1.0,3.0,31
183.45994567871094,17.739538192749023,3.5479076385498045,1000.0,0.0,-0.8,0.0,-12.0,0.0,3.0,31
183.4292755126953,18.98335838317871,3.796671676635742,1000.0,0.0,-0.8,0.06666666666666667,-12.0,1.0,3.0,31
188.6544952392578,17.245887756347656,3.449177551269531,1000.0,0.0,-0.8,0.13333333333333333,-12.0,2.0,3.0,31
179.03424072265625,11.150629997253418,2.2301259994506837,1000.0,0.0,-0.8,0.2,-12.0,3.0,3.0,31
184.0351104736328,14.176185607910156,2.8352371215820313,1000.0,0.0,-0.8,0.26666666666666666,-12.0,4.0,3.0,31
189.83885192871094,18.547260284423828,3.7094520568847655,1000.0,0.0,-0.8,0.3333333333333333,-12.0,5.0,3.0,31
179.50942993164062,11.12686824798584,2.225373649597168,1000.0,0.0,-0.8,0.4,-12.0,6.0,3.0,31
180.6489715576172,14.740998268127441,2.948199653625488,1000.0,0.0,-0.8,0.4666666666666667,-12.0,7.0,3.0,31
189.52197265625,20.8607120513916,4.172142410278321,1000.0,0.0,-0.8,0.5333333333333333,-12.0,8.0,3.0,31
201.99583435058594,39.470947265625,7.894189453125,1000.0,0.0,-0.8,0.6,-12.0,9.0,3.0,31
213.40806579589844,47.46746826171875,9.49349365234375,1000.0,0.0,-0.8,0.6666666666666666,-12.0,10.0,3.0,31
193.89968872070312,21.4132022857666,4.28264045715332,1000.0,0.0,-0.8,0.7333333333333333,-12.0,11.0,3.0,31
198.1583251953125,24.397279739379883,4.879455947875977,1000.0,0.0,-0.8,0.8,-12.0,12.0,3.0,31
183.56703186035156,15.675106048583984,3.135021209716797,1000.0,0.0,-0.8,0.8666666666666667,-12.0,13.0,3.0,31
222.32449340820312,54.45773696899414,10.891547393798827,1000.0,0.0,-0.8,0.9333333333333333,-12.0,14.0,3.0,31
190.6268768310547,24.30099105834961,4.860198211669922,1000.0,0.0,-0.8,1.0,-12.0,15.0,3.0,31
186.9495086669922,25.577674865722656,5.115534973144531,1000.0,0.0,-0.7333333333333333,-1.0,-11.0,-15.0,3.0,31
181.58229064941406,20.511028289794922,4.102205657958985,1000.0,0.0,-0.7333333333333333,-0.9333333333333333,-11.0,-14.0,3.0,31
174.5189971923828,7.900571346282959,1.5801142692565917,1000.0,0.0,-0.7333333333333333,-0.8666666666666667,-11.0,-13.0,3.0,31
177.25559997558594,11.127091407775879,2.225418281555176,1000.0,0.0,-0.7333333333333333,-0.8,-11.0,-12.0,3.0,31
174.2264404296875,8.42093563079834,1.684187126159668,1000.0,0.0,-0.7333333333333333,-0.7333333333333333,-11.0,-11.0,3.0,31
173.6524200439453,8.645980834960938,1.7291961669921876,1000.0,0.0,-0.7333333333333333,-0.6666666666666666,-11.0,-10.0,3.0,31
171.75706481933594,5.307186126708984,1.061437225341797,1000.0,0.0,-0.7333333333333333,-0.6,-11.0,-9.0,3.0,31
190.93719482421875,18.37982177734375,3.67596435546875,1000.0,0.0,-0.7333333333333333,-0.5333333333333333,-11.0,-8.0,3.0,31
197.8292999267578,23.96379852294922,4.792759704589844,1000.0,0.0,-0.7333333333333333,-0.4666666666666667,-11.0,-7.0,3.0,31
204.6937713623047,36.275962829589844,7.255192565917969,1000.0,0.0,-0.7333333333333333,-0.4,-11.0,-6.0,3.0,31
212.82400512695312,48.54634475708008,9.709268951416016,1000.0,0.0,-0.7333333333333333,-0.3333333333333333,-11.0,-5.0,3.0,31
245.80429077148438,44.84387969970703,8.968775939941406,1000.0,0.0,-0.7333333333333333,-0.26666666666666666,-11.0,-4.0,3.0,31
241.1356658935547,49.48747253417969,9.897494506835937,1000.0,0.0,-0.7333333333333333,-0.2,-11.0,-3.0,3.0,31
211.23104858398438,39.91814422607422,7.983628845214843,1000.0,0.0,-0.7333333333333333,-0.13333333333333333,-11.0,-2.0,3.0,31
186.80499267578125,24.984493255615234,4.996898651123047,1000.0,0.0,-0.7333333333333333,-0.06666666666666667,-11.0,-1.0,3.0,31
183.3309783935547,16.73159408569336,3.346318817138672,1000.0,0.0,-0.7333333333333333,0.0,-11.0,0.0,3.0,31
192.7418975830078,27.28623390197754,5.457246780395508,1000.0,0.0,-0.7333333333333333,0.06666666666666667,-11.0,1.0,3.0,31
182.81307983398438,15.056145668029785,3.011229133605957,1000.0,0.0,-0.7333333333333333,0.13333333333333333,-11.0,2.0,3.0,31
180.49822998046875,12.258718490600586,2.4517436981201173,1000.0,0.0,-0.7333333333333333,0.2,-11.0,3.0,3.0,31
187.37158203125,17.314910888671875,3.462982177734375,1000.0,0.0,-0.7333333333333333,0.26666666666666666,-11.0,4.0,3.0,31
188.02899169921875,19.230249404907227,3.8460498809814454,1000.0,0.0,-0.7333333333333333,0.3333333333333333,-11.0,5.0,3.0,31
186.4614715576172,13.614267349243164,2.7228534698486326,1000.0,0.0,-0.7333333333333333,0.4,-11.0,6.0,3.0,31
194.8184356689453,25.046825408935547,5.009365081787109,1000.0,0.0,-0.7333333333333333,0.4666666666666667,-11.0,7.0,3.0,31
185.44752502441406,14.766348838806152,2.9532697677612303,1000.0,0.0,-0.7333333333333333,0.5333333333333333,-11.0,8.0,3.0,31
213.2931671142578,44.05656051635742,8.811312103271485,1000.0,0.0,-0.7333333333333333,0.6,-11.0,9.0,3.0,31
208.39541625976562,33.40304183959961,6.6806083679199215,1000.0,0.0,-0.7333333333333333,0.6666666666666666,-11.0,10.0,3.0,31
207.64300537109375,40.23692321777344,8.047384643554688,1000.0,0.0,-0.7333333333333333,0.7333333333333333,-11.0,11.0,3.0,31
184.44503784179688,12.720810890197754,2.5441621780395507,1000.0,0.0,-0.7333333333333333,0.8,-11.0,12.0,3.0,31
202.38876342773438,40.239444732666016,8.047888946533202,1000.0,0.0,-0.7333333333333333,0.8666666666666667,-11.0,13.0,3.0,31
193.8638458251953,20.827836990356445,4.165567398071289,1000.0,0.0,-0.7333333333333333,0.9333333333333333,-11.0,14.0,3.0,31
197.19496154785156,29.313438415527344,5.862687683105468,1000.0,0.0,-0.7333333333333333,1.0,-11.0,15.0,3.0,31
179.26048278808594,9.515050888061523,1.9030101776123047,1000.0,0.0,-0.6666666666666666,-1.0,-10.0,-15.0,3.0,31
180.7606964111328,9.988797187805176,1.9977594375610352,1000.0,0.0,-0.6666666666666666,-0.9333333333333333,-10.0,-14.0,3.0,31
182.00439453125,9.560173034667969,1.9120346069335938,1000.0,0.0,-0.6666666666666666,-0.8666666666666667,-10.0,-13.0,3.0,31
173.99964904785156,7.0451250076293945,1.409025001525879,1000.0,0.0,-0.6666666666666666,-0.8,-10.0,-12.0,3.0,31
177.1798858642578,14.46540355682373,2.893080711364746,1000.0,0.0,-0.6666666666666666,-0.7333333333333333,-10.0,-11.0,3.0,31
174.08746337890625,10.235892295837402,2.0471784591674806,1000.0,0.0,-0.6666666666666666,-0.6666666666666666,-10.0,-10.0,3.0,31
175.4099578857422,10.858460426330566,2.1716920852661135,1000.0,0.0,-0.6666666666666666,-0.6,-10.0,-9.0,3.0,31
182.2272491455078,24.724262237548828,4.944852447509765,1000.0,0.0,-0.6666666666666666,-0.5333333333333333,-10.0,-8.0,3.0,31
189.70083618164062,10.180492401123047,2.0360984802246094,1000.0,0.0,-0.6666666666666666,-0.4666666666666667,-10.0,-7.0,3.0,31
192.73486328125,11.683378219604492,2.3366756439208984,1000.0,0.0,-0.6666666666666666,-0.4,-10.0,-6.0,3.0,31
215.39178466796875,43.029212951660156,8.605842590332031,1000.0,0.0,-0.6666666666666666,-0.3333333333333333,-10.0,-5.0,3.0,31
236.82940673828125,48.24909973144531,9.649819946289062,1000.0,0.0,-0.6666666666666666,-0.26666666666666666,-10.0,-4.0,3.0,31
262.94256591796875,49.628231048583984,9.925646209716797,1000.0,0.0,-0.6666666666666666,-0.2,-10.0,-3.0,3.0,31
213.4195098876953,49.18803024291992,9.837606048583984,1000.0,0.0,-0.6666666666666666,-0.13333333333333333,-10.0,-2.0,3.0,31
185.7054901123047,16.74674415588379,3.3493488311767576,1000.0,0.0,-0.6666666666666666,-0.06666666666666667,-10.0,-1.0,3.0,31
188.92208862304688,19.08519744873047,3.8170394897460938,1000.0,0.0,-0.6666666666666666,0.0,-10.0,0.0,3.0,31
195.7645721435547,27.802108764648438,5.560421752929687,1000.0,0.0,-0.6666666666666666,0.06666666666666667,-10.0,1.0,3.0,31
188.57974243164062,19.638294219970703,3.9276588439941404,1000.0,0.0,-0.6666666666666666,0.13333333333333333,-10.0,2.0,3.0,31
180.53424072265625,12.655853271484375,2.531170654296875,1000.0,0.0,-0.6666666666666666,0.2,-10.0,3.0,3.0,31
188.3257598876953,18.71796989440918,3.7435939788818358,1000.0,0.0,-0.6666666666666666,0.26666666666666666,-10.0,4.0,3.0,31
179.8571319580078,11.77684211730957,2.355368423461914,1000.0,0.0,-0.6666666666666666,0.3333333333333333,-10.0,5.0,3.0,31
204.88380432128906,22.37207794189453,4.474415588378906,1000.0,0.0,-0.6666666666666666,0.4,-10.0,6.0,3.0,31
192.39315795898438,22.3716983795166,4.4743396759033205,1000.0,0.0,-0.6666666666666666,0.4666666666666667,-10.0,7.0,3.0,31
188.82164001464844,14.574406623840332,2.9148813247680665,1000.0,0.0,-0.6666666666666666,0.5333333333333333,-10.0,8.0,3.0,31
216.21591186523438,50.435829162597656,10.087165832519531,1000.0,0.0,-0.6666666666666666,0.6,-10.0,9.0,3.0,31
194.81040954589844,22.53716468811035,4.50743293762207,1000.0,0.0,-0.6666666666666666,0.6666666666666666,-10.0,10.0,3.0,31
186.09593200683594,11.715631484985352,2.3431262969970703,1000.0,0.0,-0.6666666666666666,0.7333333333333333,-10.0,11.0,3.0,31
202.80836486816406,39.30312728881836,7.860625457763672,1000.0,0.0,-0.6666666666666666,0.8,-10.0,12.0,3.0,31
203.50250244140625,33.457698822021484,6.691539764404297,1000.0,0.0,-0.6666666666666666,0.8666666666666667,-10.0,13.0,3.0,31
197.1439666748047,27.880647659301758,5.576129531860351,1000.0,0.0,-0.6666666666666666,0.9333333333333333,-10.0,14.0,3.0,31
206.44668579101562,40.19356918334961,8.038713836669922,1000.0,0.0,-0.6666666666666666,1.0,-10.0,15.0,3.0,31
186.32122802734375,33.38005065917969,6.6760101318359375,1000.0,0.0,-0.6,-1.0,-9.0,-15.0,3.0,31
184.7996826171875,14.239358901977539,2.847871780395508,1000.0,0.0,-0.6,-0.9333333333333333,-9.0,-14.0,3.0,31
183.5913543701172,21.45719337463379,4.2914386749267575,1000.0,0.0,-0.6,-0.8666666666666667,-9.0,-13.0,3.0,31
181.22479248046875,12.478899002075195,2.495779800415039,1000.0,0.0,-0.6,-0.8,-9.0,-12.0,3.0,31
175.43919372558594,9.758334159851074,1.9516668319702148,1000.0,0.0,-0.6,-0.7333333333333333,-9.0,-11.0,3.0,31
174.50802612304688,8.975638389587402,1.7951276779174805,1000.0,0.0,-0.6,-0.6666666666666666,-9.0,-10.0,3.0,31
174.89532470703125,12.860595703125,2.572119140625,1000.0,0.0,-0.6,-0.6,-9.0,-9.0,3.0,31
180.4938507080078,17.751358032226562,3.5502716064453126,1000.0,0.0,-0.6,-0.5333333333333333,-9.0,-8.0,3.0,31
174.62623596191406,8.633261680603027,1.7266523361206054,1000.0,0.0,-0.6,-0.4666666666666667,-9.0,-7.0,3.0,31
200.2569580078125,17.81085777282715,3.5621715545654298,1000.0,0.0,-0.6,-0.4,-9.0,-6.0,3.0,31
219.1581268310547,23.722393035888672,4.744478607177735,1000.0,0.0,-0.6,-0.3333333333333333,-9.0,-5.0,3.0,31
225.67861938476562,33.46039581298828,6.692079162597656,1000.0,0.0,-0.6,-0.26666666666666666,-9.0,-4.0,3.0,31
261.4375305175781,38.24671173095703,7.649342346191406,1000.0,0.0,-0.6,-0.2,-9.0,-3.0,3.0,31
214.6663055419922,47.098018646240234,9.419603729248047,1000.0,0.0,-0.6,-0.13333333333333333,-9.0,-2.0,3.0,31
193.8006591796875,28.70013999938965,5.740027999877929,1000.0,0.0,-0.6,-0.06666666666666667,-9.0,-1.0,3.0,31
196.71054077148438,25.812137603759766,5.162427520751953,1000.0,0.0,-0.6,0.0,-9.0,0.0,3.0,31
192.9113311767578,27.07298469543457,5.414596939086914,1000.0,0.0,-0.6,0.06666666666666667,-9.0,1.0,3.0,31
193.7751922607422,28.56322479248047,5.712644958496094,1000.0,0.0,-0.6,0.13333333333333333,-9.0,2.0,3.0,31
199.59149169921875,40.88995361328125,8.17799072265625,1000.0,0.0,-0.6,0.2,-9.0,3.0,3.0,31
176.20289611816406,11.74975299835205,2.34995059967041,1000.0,0.0,-0.6,0.26666666666666666,-9.0,4.0,3.0,31
184.98062133789062,13.864946365356445,2.772989273071289,1000.0,0.0,-0.6,0.3333333333333333,-9.0,5.0,3.0,31
193.46151733398438,28.784608840942383,5.756921768188477,1000.0,0.0,-0.6,0.4,-9.0,6.0,3.0,31
194.8837432861328,21.671052932739258,4.334210586547852,1000.0,0.0,-0.6,0.4666666666666667,-9.0,7.0,3.0,31
201.87933349609375,42.14925765991211,8.429851531982422,1000.0,0.0,-0.6,0.5333333333333333,-9.0,8.0,3.0,31
199.91868591308594,28.797998428344727,5.759599685668945,1000.0,0.0,-0.6,0.6,-9.0,9.0,3.0,31
195.25538635253906,23.7429256439209,4.74858512878418,1000.0,0.0,-0.6,0.6666666666666666,-9.0,10.0,3.0,31
195.08078002929688,29.900550842285156,5.980110168457031,1000.0,0.0,-0.6,0.7333333333333333,-9.0,11.0,3.0,31
206.64202880859375,36.13059616088867,7.2261192321777346,1000.0,0.0,-0.6,0.8,-9.0,12.0,3.0,31
196.16893005371094,23.0253849029541,4.6050769805908205,1000.0,0.0,-0.6,0.8666666666666667,-9.0,13.0,3.0,31
197.2414093017578,31.640125274658203,6.328025054931641,1000.0,0.0,-0.6,0.9333333333333333,-9.0,14.0,3.0,31
218.15525817871094,45.1799430847168,9.03598861694336,1000.0,0.0,-0.6,1.0,-9.0,15.0,3.0,31
183.91229248046875,22.528522491455078,4.505704498291015,1000.0,0.0,-0.5333333333333333,-1.0,-8.0,-15.0,3.0,31
178.08465576171875,8.839849472045898,1.7679698944091797,1000.0,0.0,-0.5333333333333333,-0.9333333333333333,-8.0,-14.0,3.0,31
176.91648864746094,7.112926959991455,1.422585391998291,1000.0,0.0,-0.5333333333333333,-0.8666666666666667,-8.0,-13.0,3.0,31
180.32943725585938,10.533954620361328,2.1067909240722655,1000.0,0.0,-0.5333333333333333,-0.8,-8.0,-12.0,3.0,31
179.4633331298828,8.016195297241211,1.6032390594482422,1000.0,0.0,-0.5333333333333333,-0.7333333333333333,-8.0,-11.0,3.0,31
176.04501342773438,10.776280403137207,2.1552560806274412,1000.0,0.0,-0.5333333333333333,-0.6666666666666666,-8.0,-10.0,3.0,31
175.61669921875,9.96579647064209,1.993159294128418,1000.0,0.0,-0.5333333333333333,-0.6,-8.0,-9.0,3.0,31
175.78765869140625,9.077720642089844,1.8155441284179688,1000.0,0.0,-0.5333333333333333,-0.5333333333333333,-8.0,-8.0,3.0,31
182.1044158935547,21.3852481842041,4.27704963684082,1000.0,0.0,-0.5333333333333333,-0.4666666666666667,-8.0,-7.0,3.0,31
179.31321716308594,12.819046974182129,2.563809394836426,1000.0,0.0,-0.5333333333333333,-0.4,-8.0,-6.0,3.0,31
207.6231231689453,23.79044532775879,4.758089065551758,1000.0,0.0,-0.5333333333333333,-0.3333333333333333,-8.0,-5.0,3.0,31
245.9556121826172,32.55475616455078,6.510951232910156,1000.0,0.0,-0.5333333333333333,-0.26666666666666666,-8.0,-4.0,3.0,31
263.8059997558594,39.07093811035156,7.814187622070312,1000.0,0.0,-0.5333333333333333,-0.2,-8.0,-3.0,3.0,31
225.81375122070312,70.6419906616211,14.128398132324218,1000.0,0.0,-0.5333333333333333,-0.13333333333333333,-8.0,-2.0,3.0,31
190.6734619140625,27.372360229492188,5.4744720458984375,1000.0,0.0,-0.5333333333333333,-0.06666666666666667,-8.0,-1.0,3.0,31
192.62088012695312,21.39068603515625,4.27813720703125,1000.0,0.0,-0.5333333333333333,0.0,-8.0,0.0,3.0,31
194.67758178710938,28.849445343017578,5.769889068603516,1000.0,0.0,-0.5333333333333333,0.06666666666666667,-8.0,1.0,3.0,31
203.8078155517578,34.91265869140625,6.98253173828125,1000.0,0.0,-0.5333333333333333,0.13333333333333333,-8.0,2.0,3.0,31
190.65965270996094,19.911855697631836,3.982371139526367,1000.0,0.0,-0.5333333333333333,0.2,-8.0,3.0,3.0,31
191.37339782714844,25.744409561157227,5.148881912231445,1000.0,0.0,-0.5333333333333333,0.26666666666666666,-8.0,4.0,3.0,31
189.79129028320312,19.017349243164062,3.8034698486328127,1000.0,0.0,-0.5333333333333333,0.3333333333333333,-8.0,5.0,3.0,31
219.5475616455078,36.63663101196289,7.3273262023925785,1000.0,0.0,-0.5333333333333333,0.4,-8.0,6.0,3.0,31
201.80120849609375,34.52013397216797,6.904026794433594,1000.0,0.0,-0.5333333333333333,0.4666666666666667,-8.0,7.0,3.0,31
212.13134765625,44.12197494506836,8.824394989013673,1000.0,0.0,-0.5333333333333333,0.5333333333333333,-8.0,8.0,3.0,31
199.76431274414062,26.470354080200195,5.294070816040039,1000.0,0.0,-0.5333333333333333,0.6,-8.0,9.0,3.0,31
194.7939453125,28.36042594909668,5.672085189819336,1000.0,0.0,-0.5333333333333333,0.6666666666666666,-8.0,10.0,3.0,31
198.39926147460938,40.729278564453125,8.145855712890626,1000.0,0.0,-0.5333333333333333,0.7333333333333333,-8.0,11.0,3.0,31
194.77972412109375,22.73932647705078,4.547865295410157,1000.0,0.0,-0.5333333333333333,0.8,-8.0,12.0,3.0,31
196.82415771484375,25.059850692749023,5.011970138549804,1000.0,0.0,-0.5333333333333333,0.8666666666666667,-8.0,13.0,3.0,31
213.3140411376953,42.140953063964844,8.428190612792969,1000.0,0.0,-0.5333333333333333,0.9333333333333333,-8.0,14.0,3.0,31
234.4619598388672,54.055416107177734,10.811083221435547,1000.0,0.0,-0.5333333333333333,1.0,-8.0,15.0,3.0,31
179.44992065429688,11.53546142578125,2.30709228515625,1000.0,0.0,-0.4666666666666667,-1.0,-7.0,-15.0,3.0,31
186.98582458496094,28.516897201538086,5.703379440307617,1000.0,0.0,-0.4666666666666667,-0.9333333333333333,-7.0,-14.0,3.0,31
179.72096252441406,10.39428997039795,2.07885799407959,1000.0,0.0,-0.4666666666666667,-0.8666666666666667,-7.0,-13.0,3.0,31
182.27227783203125,11.056352615356445,2.2112705230712892,1000.0,0.0,-0.4666666666666667,-0.8,-7.0,-12.0,3.0,31
179.44720458984375,7.412659168243408,1.4825318336486817,1000.0,0.0,-0.4666666666666667,-0.7333333333333333,-7.0,-11.0,3.0,31
186.2519073486328,16.83936309814453,3.367872619628906,1000.0,0.0,-0.4666666666666667,-0.6666666666666666,-7.0,-10.0,3.0,31
178.13380432128906,19.17254066467285,3.8345081329345705,1000.0,0.0,-0.4666666666666667,-0.6,-7.0,-9.0,3.0,31
172.3845672607422,6.5579352378845215,1.3115870475769043,1000.0,0.0,-0.4666666666666667,-0.5333333333333333,-7.0,-8.0,3.0,31
173.36131286621094,7.604299068450928,1.5208598136901856,1000.0,0.0,-0.4666666666666667,-0.4666666666666667,-7.0,-7.0,3.0,31
176.78306579589844,11.75489616394043,2.350979232788086,1000.0,0.0,-0.4666666666666667,-0.4,-7.0,-6.0,3.0,31
205.87054443359375,29.165559768676758,5.833111953735352,1000.0,0.0,-0.4666666666666667,-0.3333333333333333,-7.0,-5.0,3.0,31
223.46267700195312,48.257171630859375,9.651434326171875,1000.0,0.0,-0.4666666666666667,-0.26666666666666666,-7.0,-4.0,3.0,31
231.78334045410156,44.920555114746094,8.984111022949218,1000.0,0.0,-0.4666666666666667,-0.2,-7.0,-3.0,3.0,31
234.8023681640625,70.65425109863281,14.130850219726563,1000.0,0.0,-0.4666666666666667,-0.13333333333333333,-7.0,-2.0,3.0,31
248.78915405273438,99.85891723632812,19.971783447265626,1000.0,0.0,-0.4666666666666667,-0.06666666666666667,-7.0,-1.0,3.0,31
253.87962341308594,106.70379638671875,21.34075927734375,1000.0,0.0,-0.4666666666666667,0.0,-7.0,0.0,3.0,31
184.86221313476562,22.67012596130371,4.534025192260742,1000.0,0.0,-0.4666666666666667,0.06666666666666667,-7.0,1.0,3.0,31
207.4355010986328,50.45466232299805,10.090932464599609,1000.0,0.0,-0.4666666666666667,0.13333333333333333,-7.0,2.0,3.0,31
188.01625061035156,17.831439971923828,3.5662879943847656,1000.0,0.0,-0.4666666666666667,0.2,-7.0,3.0,3.0,31
189.3431854248047,16.99576187133789,3.399152374267578,1000.0,0.0,-0.4666666666666667,0.26666666666666666,-7.0,4.0,3.0,31
205.29078674316406,37.688194274902344,7.537638854980469,1000.0,0.0,-0.4666666666666667,0.3333333333333333,-7.0,5.0,3.0,31
227.06761169433594,51.20957565307617,10.241915130615235,1000.0,0.0,-0.4666666666666667,0.4,-7.0,6.0,3.0,31
201.03543090820312,29.390409469604492,5.878081893920898,1000.0,0.0,-0.4666666666666667,0.4666666666666667,-7.0,7.0,3.0,31
198.2100067138672,29.6090087890625,5.9218017578125,1000.0,0.0,-0.4666666666666667,0.5333333333333333,-7.0,8.0,3.0,31
219.8760528564453,34.12836456298828,6.825672912597656,1000.0,0.0,-0.4666666666666667,0.6,-7.0,9.0,3.0,31
210.7911376953125,40.470664978027344,8.094132995605468,1000.0,0.0,-0.4666666666666667,0.6666666666666666,-7.0,10.0,3.0,31
200.8773193359375,34.652095794677734,6.930419158935547,1000.0,0.0,-0.4666666666666667,0.7333333333333333,-7.0,11.0,3.0,31
208.0806427001953,30.59832191467285,6.1196643829345705,1000.0,0.0,-0.4666666666666667,0.8,-7.0,12.0,3.0,31
231.5415496826172,52.586944580078125,10.517388916015625,1000.0,0.0,-0.4666666666666667,0.8666666666666667,-7.0,13.0,3.0,31
237.74566650390625,62.78276062011719,12.556552124023437,1000.0,0.0,-0.4666666666666667,0.9333333333333333,-7.0,14.0,3.0,31
240.46112060546875,52.49226379394531,10.498452758789062,1000.0,0.0,-0.4666666666666667,1.0,-7.0,15.0,3.0,31
186.4432830810547,20.523807525634766,4.1047615051269535,1000.0,0.0,-0.4,-1.0,-6.0,-15.0,3.0,31
182.6315460205078,12.28973388671875,2.45794677734375,1000.0,0.0,-0.4,-0.9333333333333333,-6.0,-14.0,3.0,31
177.8173065185547,6.8596296310424805,1.3719259262084962,1000.0,0.0,-0.4,-0.8666666666666667,-6.0,-13.0,3.0,31
182.7216339111328,10.172904014587402,2.0345808029174806,1000.0,0.0,-0.4,-0.8,-6.0,-12.0,3.0,31
186.04066467285156,15.215545654296875,3.043109130859375,1000.0,0.0,-0.4,-0.7333333333333333,-6.0,-11.0,3.0,31
183.0114288330078,17.06661605834961,3.4133232116699217,1000.0,0.0,-0.4,-0.6666666666666666,-6.0,-10.0,3.0,31
191.96450805664062,19.331993103027344,3.8663986206054686,1000.0,0.0,-0.4,-0.6,-6.0,-9.0,3.0,31
180.17628479003906,19.325313568115234,3.865062713623047,1000.0,0.0,-0.4,-0.5333333333333333,-6.0,-8.0,3.0,31
172.53765869140625,6.629424095153809,1.3258848190307617,1000.0,0.0,-0.4,-0.4666666666666667,-6.0,-7.0,3.0,31
180.89657592773438,21.110389709472656,4.222077941894531,1000.0,0.0,-0.4,-0.4,-6.0,-6.0,3.0,31
204.0577392578125,25.437644958496094,5.087528991699219,1000.0,0.0,-0.4,-0.3333333333333333,-6.0,-5.0,3.0,31
254.48422241210938,65.45982360839844,13.091964721679688,1000.0,0.0,-0.4,-0.26666666666666666,-6.0,-4.0,3.0,31
214.95187377929688,38.43864822387695,7.6877296447753904,1000.0,0.0,-0.4,-0.2,-6.0,-3.0,3.0,31
226.4604949951172,68.50973510742188,13.701947021484376,1000.0,0.0,-0.4,-0.13333333333333333,-6.0,-2.0,3.0,31
334.382080078125,138.76206970214844,27.752413940429687,1000.0,0.0,-0.4,-0.06666666666666667,-6.0,-1.0,3.0,31
230.1451416015625,68.12821960449219,13.625643920898437,1000.0,0.0,-0.4,0.0,-6.0,0.0,3.0,31
215.92987060546875,61.15727996826172,12.231455993652343,1000.0,0.0,-0.4,0.06666666666666667,-6.0,1.0,3.0,31
216.75335693359375,45.895713806152344,9.17914276123047,1000.0,0.0,-0.4,0.13333333333333333,-6.0,2.0,3.0,31
193.88258361816406,28.592370986938477,5.718474197387695,1000.0,0.0,-0.4,0.2,-6.0,3.0,3.0,31
194.62876892089844,24.960294723510742,4.992058944702149,1000.0,0.0,-0.4,0.26666666666666666,-6.0,4.0,3.0,31
207.6960906982422,27.838207244873047,5.5676414489746096,1000.0,0.0,-0.4,0.3333333333333333,-6.0,5.0,3.0,31
204.3960723876953,29.464719772338867,5.892943954467773,1000.0,0.0,-0.4,0.4,-6.0,6.0,3.0,31
196.80091857910156,26.48152732849121,5.296305465698242,1000.0,0.0,-0.4,0.4666666666666667,-6.0,7.0,3.0,31
203.89886474609375,44.8118896484375,8.9623779296875,1000.0,0.0,-0.4,0.5333333333333333,-6.0,8.0,3.0,31
202.72267150878906,38.54290008544922,7.708580017089844,1000.0,0.0,-0.4,0.6,-6.0,9.0,3.0,31
206.24806213378906,31.898195266723633,6.379639053344727,1000.0,0.0,-0.4,0.6666666666666666,-6.0,10.0,3.0,31
210.38653564453125,35.87812805175781,7.175625610351562,1000.0,0.0,-0.4,0.7333333333333333,-6.0,11.0,3.0,31
235.88897705078125,52.249698638916016,10.449939727783203,1000.0,0.0,-0.4,0.8,-6.0,12.0,3.0,31
230.6889190673828,37.03758239746094,7.4075164794921875,1000.0,0.0,-0.4,0.8666666666666667,-6.0,13.0,3.0,31
246.95932006835938,53.03789520263672,10.607579040527344,1000.0,0.0,-0.4,0.9333333333333333,-6.0,14.0,3.0,31
261.99041748046875,53.25125503540039,10.650251007080078,1000.0,0.0,-0.4,1.0,-6.0,15.0,3.0,31
192.38011169433594,33.75050354003906,6.750100708007812,1000.0,0.0,-0.3333333333333333,-1.0,-5.0,-15.0,3.0,31
191.6802215576172,25.243812561035156,5.048762512207031,1000.0,0.0,-0.3333333333333333,-0.9333333333333333,-5.0,-14.0,3.0,31
188.2543182373047,17.681194305419922,3.5362388610839846,1000.0,0.0,-0.3333333333333333,-0.8666666666666667,-5.0,-13.0,3.0,31
185.31153869628906,18.08710289001465,3.6174205780029296,1000.0,0.0,-0.3333333333333333,-0.8,-5.0,-12.0,3.0,31
180.8867645263672,11.951578140258789,2.390315628051758,1000.0,0.0,-0.3333333333333333,-0.7333333333333333,-5.0,-11.0,3.0,31
193.35472106933594,24.493330001831055,4.898666000366211,1000.0,0.0,-0.3333333333333333,-0.6666666666666666,-5.0,-10.0,3.0,31
199.62547302246094,28.436573028564453,5.68731460571289,1000.0,0.0,-0.3333333333333333,-0.6,-5.0,-9.0,3.0,31
222.66949462890625,37.68010711669922,7.536021423339844,1000.0,0.0,-0.3333333333333333,-0.5333333333333333,-5.0,-8.0,3.0,31
196.64971923828125,21.042869567871094,4.208573913574218,1000.0,0.0,-0.3333333333333333,-0.4666666666666667,-5.0,-7.0,3.0,31
183.77317810058594,16.066980361938477,3.2133960723876953,1000.0,0.0,-0.3333333333333333,-0.4,-5.0,-6.0,3.0,31
191.30650329589844,30.69285011291504,6.138570022583008,1000.0,0.0,-0.3333333333333333,-0.3333333333333333,-5.0,-5.0,3.0,31
261.7635803222656,34.875553131103516,6.975110626220703,1000.0,0.0,-0.3333333333333333,-0.26666666666666666,-5.0,-4.0,3.0,31
239.96031188964844,56.8399543762207,11.367990875244141,1000.0,0.0,-0.3333333333333333,-0.2,-5.0,-3.0,3.0,31
272.9534912109375,123.50189971923828,24.700379943847658,1000.0,0.0,-0.3333333333333333,-0.13333333333333333,-5.0,-2.0,3.0,31
376.5612487792969,181.5067901611328,36.30135803222656,1000.0,0.0,-0.3333333333333333,-0.06666666666666667,-5.0,-1.0,3.0,31
227.06231689453125,80.37322998046875,16.07464599609375,1000.0,0.0,-0.3333333333333333,0.0,-5.0,0.0,3.0,31
241.80393981933594,62.22195816040039,12.444391632080078,1000.0,0.0,-0.3333333333333333,0.06666666666666667,-5.0,1.0,3.0,31
205.61489868164062,37.350074768066406,7.470014953613282,1000.0,0.0,-0.3333333333333333,0.13333333333333333,-5.0,2.0,3.0,31
227.3619384765625,49.285362243652344,9.857072448730468,1000.0,0.0,-0.3333333333333333,0.2,-5.0,3.0,3.0,31
192.1943817138672,24.524003982543945,4.904800796508789,1000.0,0.0,-0.3333333333333333,0.26666666666666666,-5.0,4.0,3.0,31
193.3865203857422,23.000612258911133,4.600122451782227,1000.0,0.0,-0.3333333333333333,0.3333333333333333,-5.0,5.0,3.0,31
198.42726135253906,18.894638061523438,3.7789276123046873,1000.0,0.0,-0.3333333333333333,0.4,-5.0,6.0,3.0,31
193.50955200195312,26.571531295776367,5.314306259155273,1000.0,0.0,-0.3333333333333333,0.4666666666666667,-5.0,7.0,3.0,31
206.3382568359375,33.652469635009766,6.7304939270019535,1000.0,0.0,-0.3333333333333333,0.5333333333333333,-5.0,8.0,3.0,31
205.2757568359375,23.158384323120117,4.631676864624024,1000.0,0.0,-0.3333333333333333,0.6,-5.0,9.0,3.0,31
218.0873565673828,44.68242263793945,8.93648452758789,1000.0,0.0,-0.3333333333333333,0.6666666666666666,-5.0,10.0,3.0,31
220.36375427246094,39.20981979370117,7.8419639587402346,1000.0,0.0,-0.3333333333333333,0.7333333333333333,-5.0,11.0,3.0,31
236.94903564453125,46.97096252441406,9.394192504882813,1000.0,0.0,-0.3333333333333333,0.8,-5.0,12.0,3.0,31
233.45889282226562,46.62358474731445,9.324716949462891,1000.0,0.0,-0.3333333333333333,0.8666666666666667,-5.0,13.0,3.0,31
259.7886962890625,52.53837585449219,10.507675170898438,1000.0,0.0,-0.3333333333333333,0.9333333333333333,-5.0,14.0,3.0,31
229.62632751464844,49.93813705444336,9.987627410888672,1000.0,0.0,-0.3333333333333333,1.0,-5.0,15.0,3.0,31
213.85618591308594,46.02018356323242,9.204036712646484,1000.0,0.0,-0.26666666666666666,-1.0,-4.0,-15.0,3.0,31
202.55935668945312,28.618820190429688,5.723764038085937,1000.0,0.0,-0.26666666666666666,-0.9333333333333333,-4.0,-14.0,3.0,31
200.40660095214844,30.759159088134766,6.151831817626953,1000.0,0.0,-0.26666666666666666,-0.8666666666666667,-4.0,-13.0,3.0,31
195.35723876953125,21.558242797851562,4.311648559570313,1000.0,0.0,-0.26666666666666666,-0.8,-4.0,-12.0,3.0,31
191.53335571289062,19.986610412597656,3.9973220825195312,1000.0,0.0,-0.26666666666666666,-0.7333333333333333,-4.0,-11.0,3.0,31
205.18634033203125,36.42722702026367,7.2854454040527346,1000.0,0.0,-0.26666666666666666,-0.6666666666666666,-4.0,-10.0,3.0,31
205.57521057128906,43.08951950073242,8.617903900146484,1000.0,0.0,-0.26666666666666666,-0.6,-4.0,-9.0,3.0,31
228.42556762695312,39.906951904296875,7.981390380859375,1000.0,0.0,-0.26666666666666666,-0.5333333333333333,-4.0,-8.0,3.0,31
245.42774963378906,46.81197738647461,9.362395477294921,1000.0,0.0,-0.26666666666666666,-0.4666666666666667,-4.0,-7.0,3.0,31
261.4751892089844,31.45451545715332,6.290903091430664,1000.0,0.0,-0.26666666666666666,-0.4,-4.0,-6.0,3.0,31
290.3280944824219,38.93622589111328,7.787245178222657,1000.0,0.0,-0.26666666666666666,-0.3333333333333333,-4.0,-5.0,3.0,31
266.4988098144531,56.1395263671875,11.2279052734375,1000.0,0.0,-0.26666666666666666,-0.26666666666666666,-4.0,-4.0,3.0,31
268.3240051269531,75.27664947509766,15.055329895019531,1000.0,0.0,-0.26666666666666666,-0.2,-4.0,-3.0,3.0,31
281.4662170410156,103.77914428710938,20.755828857421875,1000.0,0.0,-0.26666666666666666,-0.13333333333333333,-4.0,-2.0,3.0,31
401.6389465332031,209.09146118164062,41.818292236328126,1000.0,0.0,-0.26666666666666666,-0.06666666666666667,-4.0,-1.0,3.0,31
373.91278076171875,171.80767822265625,34.36153564453125,1000.0,0.0,-0.26666666666666666,0.0,-4.0,0.0,3.0,31
317.5641174316406,125.47132110595703,25.094264221191406,1000.0,0.0,-0.26666666666666666,0.06666666666666667,-4.0,1.0,3.0,31
267.1071472167969,82.9711685180664,16.59423370361328,1000.0,0.0,-0.26666666666666666,0.13333333333333333,-4.0,2.0,3.0,31
215.95884704589844,61.62794876098633,12.325589752197265,1000.0,0.0,-0.26666666666666666,0.2,-4.0,3.0,3.0,31
201.37860107421875,29.85321807861328,5.970643615722656,1000.0,0.0,-0.26666666666666666,0.26666666666666666,-4.0,4.0,3.0,31
210.3853302001953,29.38369369506836,5.876738739013672,1000.0,0.0,-0.26666666666666666,0.3333333333333333,-4.0,5.0,3.0,31
221.55223083496094,38.306312561035156,7.661262512207031,1000.0,0.0,-0.26666666666666666,0.4,-4.0,6.0,3.0,31
200.32553100585938,26.15282440185547,5.230564880371094,1000.0,0.0,-0.26666666666666666,0.4666666666666667,-4.0,7.0,3.0,31
217.13453674316406,36.24872970581055,7.249745941162109,1000.0,0.0,-0.26666666666666666,0.5333333333333333,-4.0,8.0,3.0,31
229.13157653808594,34.252201080322266,6.850440216064453,1000.0,0.0,-0.26666666666666666,0.6,-4.0,9.0,3.0,31
234.92506408691406,43.425045013427734,8.685009002685547,1000.0,0.0,-0.26666666666666666,0.6666666666666666,-4.0,10.0,3.0,31
221.65692138671875,36.61885070800781,7.323770141601562,1000.0,0.0,-0.26666666666666666,0.7333333333333333,-4.0,11.0,3.0,31
234.72935485839844,45.959510803222656,9.191902160644531,1000.0,0.0,-0.26666666666666666,0.8,-4.0,12.0,3.0,31
203.02609252929688,30.673187255859375,6.134637451171875,1000.0,0.0,-0.26666666666666666,0.8666666666666667,-4.0,13.0,3.0,31
226.0269012451172,63.54119110107422,12.708238220214843,1000.0,0.0,-0.26666666666666666,0.9333333333333333,-4.0,14.0,3.0,31
205.86355590820312,33.965484619140625,6.793096923828125,1000.0,0.0,-0.26666666666666666,1.0,-4.0,15.0,3.0,31
219.62045288085938,51.577491760253906,10.315498352050781,1000.0,0.0,-0.2,-1.0,-3.0,-15.0,3.0,31
215.70716857910156,47.32002639770508,9.464005279541016,1000.0,0.0,-0.2,-0.9333333333333333,-3.0,-14.0,3.0,31
240.4736785888672,56.88230514526367,11.376461029052734,1000.0,0.0,-0.2,-0.8666666666666667,-3.0,-13.0,3.0,31
231.12379455566406,57.7722053527832,11.55444107055664,1000.0,0.0,-0.2,-0.8,-3.0,-12.0,3.0,31
206.2715606689453,37.5310173034668,7.506203460693359,1000.0,0.0,-0.2,-0.7333333333333333,-3.0,-11.0,3.0,31
202.51853942871094,32.02212142944336,6.4044242858886715,1000.0,0.0,-0.2,-0.6666666666666666,-3.0,-10.0,3.0,31
206.65647888183594,40.33206558227539,8.066413116455077,1000.0,0.0,-0.2,-0.6,-3.0,-9.0,3.0,31
212.18624877929688,46.663780212402344,9.332756042480469,1000.0,0.0,-0.2,-0.5333333333333333,-3.0,-8.0,3.0,31
252.8899383544922,48.7485466003418,9.749709320068359,1000.0,0.0,-0.2,-0.4666666666666667,-3.0,-7.0,3.0,31
254.08824157714844,39.11358642578125,7.82271728515625,1000.0,0.0,-0.2,-0.4,-3.0,-6.0,3.0,31
264.06085205078125,17.06100082397461,3.412200164794922,1000.0,0.0,-0.2,-0.3333333333333333,-3.0,-5.0,3.0,31
316.34405517578125,23.312164306640625,4.662432861328125,1000.0,0.0,-0.2,-0.26666666666666666,-3.0,-4.0,3.0,31
388.62774658203125,56.88710403442383,11.377420806884766,1000.0,0.0,-0.2,-0.2,-3.0,-3.0,3.0,31
493.0273742675781,172.38340759277344,34.476681518554685,1000.0,0.0,-0.2,-0.13333333333333333,-3.0,-2.0,3.0,31
610.56689453125,267.48114013671875,53.49622802734375,1000.0,0.0,-0.2,-0.06666666666666667,-3.0,-1.0,3.0,31
624.8518676757812,345.03973388671875,69.00794677734375,1000.0,0.0,-0.2,0.0,-3.0,0.0,3.0,31
575.8206787109375,307.2749328613281,61.454986572265625,1000.0,0.0,-0.2,0.06666666666666667,-3.0,1.0,3.0,31
241.2948760986328,71.93785095214844,14.387570190429688,1000.0,0.0,-0.2,0.13333333333333333,-3.0,2.0,3.0,31
248.91676330566406,55.40534210205078,11.081068420410157,1000.0,0.0,-0.2,0.2,-3.0,3.0,3.0,31
242.25912475585938,51.57229232788086,10.314458465576172,1000.0,0.0,-0.2,0.26666666666666666,-3.0,4.0,3.0,31
243.29946899414062,43.662437438964844,8.73248748779297,1000.0,0.0,-0.2,0.3333333333333333,-3.0,5.0,3.0,31
225.29173278808594,40.92314147949219,8.184628295898438,1000.0,0.0,-0.2,0.4,-3.0,6.0,3.0,31
219.09080505371094,43.63827133178711,8.727654266357423,1000.0,0.0,-0.2,0.4666666666666667,-3.0,7.0,3.0,31
246.05274963378906,34.908287048339844,6.981657409667969,1000.0,0.0,-0.2,0.5333333333333333,-3.0,8.0,3.0,31
267.7845458984375,47.70841979980469,9.541683959960938,1000.0,0.0,-0.2,0.6,-3.0,9.0,3.0,31
236.5780487060547,37.735286712646484,7.547057342529297,1000.0,0.0,-0.2,0.6666666666666666,-3.0,10.0,3.0,31
208.78741455078125,31.080036163330078,6.216007232666016,1000.0,0.0,-0.2,0.7333333333333333,-3.0,11.0,3.0,31
223.48095703125,51.42477798461914,10.284955596923828,1000.0,0.0,-0.2,0.8,-3.0,12.0,3.0,31
208.61839294433594,36.899749755859375,7.379949951171875,1000.0,0.0,-0.2,0.8666666666666667,-3.0,13.0,3.0,31
202.4727020263672,29.37935447692871,5.875870895385742,1000.0,0.0,-0.2,0.9333333333333333,-3.0,14.0,3.0,31
219.28514099121094,63.668418884277344,12.733683776855468,1000.0,0.0,-0.2,1.0,-3.0,15.0,3.0,31
226.39671325683594,58.3984260559082,11.67968521118164,1000.0,0.0,-0.13333333333333333,-1.0,-2.0,-15.0,3.0,31
226.2875518798828,51.04456329345703,10.208912658691407,1000.0,0.0,-0.13333333333333333,-0.9333333333333333,-2.0,-14.0,3.0,31
216.91961669921875,43.6791877746582,8.73583755493164,1000.0,0.0,-0.13333333333333333,-0.8666666666666667,-2.0,-13.0,3.0,31
232.36912536621094,57.62670135498047,11.525340270996093,1000.0,0.0,-0.13333333333333333,-0.8,-2.0,-12.0,3.0,31
236.67025756835938,59.41123580932617,11.882247161865234,1000.0,0.0,-0.13333333333333333,-0.7333333333333333,-2.0,-11.0,3.0,31
231.5091552734375,54.48884201049805,10.89776840209961,1000.0,0.0,-0.13333333333333333,-0.6666666666666666,-2.0,-10.0,3.0,31
257.85345458984375,61.26152420043945,12.252304840087891,1000.0,0.0,-0.13333333333333333,-0.6,-2.0,-9.0,3.0,31
253.30288696289062,59.23665237426758,11.847330474853516,1000.0,0.0,-0.13333333333333333,-0.5333333333333333,-2.0,-8.0,3.0,31
269.16375732421875,53.17618179321289,10.635236358642578,1000.0,0.0,-0.13333333333333333,-0.4666666666666667,-2.0,-7.0,3.0,31
221.07846069335938,51.6668701171875,10.3333740234375,1000.0,0.0,-0.13333333333333333,-0.4,-2.0,-6.0,3.0,31
246.2824249267578,26.50074577331543,5.300149154663086,1000.0,0.0,-0.13333333333333333,-0.3333333333333333,-2.0,-5.0,3.0,31
244.53500366210938,16.39031410217285,3.2780628204345703,1000.0,0.0,-0.13333333333333333,-0.26666666666666666,-2.0,-4.0,3.0,31
364.2399597167969,165.77642822265625,33.15528564453125,1000.0,0.0,-0.13333333333333333,-0.2,-2.0,-3.0,3.0,31
631.5394287109375,182.07762145996094,36.415524291992185,1000.0,0.0,-0.13333333333333333,-0.13333333333333333,-2.0,-2.0,3.0,31
900.3445434570312,92.68243408203125,18.53648681640625,1000.0,0.0,-0.13333333333333333,-0.06666666666666667,-2.0,-1.0,3.0,31
934.744384765625,154.6401824951172,30.928036499023438,1000.0,0.0,-0.13333333333333333,0.0,-2.0,0.0,3.0,31
689.6600952148438,388.3183288574219,77.66366577148438,1000.0,0.0,-0.13333333333333333,0.06666666666666667,-2.0,1.0,3.0,31
390.5010986328125,180.42088317871094,36.08417663574219,1000.0,0.0,-0.13333333333333333,0.13333333333333333,-2.0,2.0,3.0,31
194.20388793945312,22.543827056884766,4.508765411376953,1000.0,0.0,-0.13333333333333333,0.2,-2.0,3.0,3.0,31
300.68170166015625,81.82196807861328,16.364393615722655,1000.0,0.0,-0.13333333333333333,0.26666666666666666,-2.0,4.0,3.0,31
226.8162078857422,39.60354995727539,7.9207099914550785,1000.0,0.0,-0.13333333333333333,0.3333333333333333,-2.0,5.0,3.0,31
225.51092529296875,45.11513900756836,9.023027801513672,1000.0,0.0,-0.13333333333333333,0.4,-2.0,6.0,3.0,31
216.40359497070312,40.23476791381836,8.046953582763672,1000.0,0.0,-0.13333333333333333,0.4666666666666667,-2.0,7.0,3.0,31
227.98583984375,61.3102912902832,12.26205825805664,1000.0,0.0,-0.13333333333333333,0.5333333333333333,-2.0,8.0,3.0,31
217.77857971191406,46.76099395751953,9.352198791503906,1000.0,0.0,-0.13333333333333333,0.6,-2.0,9.0,3.0,31
211.1087646484375,33.05025100708008,6.610050201416016,1000.0,0.0,-0.13333333333333333,0.6666666666666666,-2.0,10.0,3.0,31
206.61231994628906,28.939157485961914,5.787831497192383,1000.0,0.0,-0.13333333333333333,0.7333333333333333,-2.0,11.0,3.0,31
205.8563995361328,39.40777587890625,7.88155517578125,1000.0,0.0,-0.13333333333333333,0.8,-2.0,12.0,3.0,31
207.79208374023438,40.11409378051758,8.022818756103515,1000.0,0.0,-0.13333333333333333,0.8666666666666667,-2.0,13.0,3.0,31
194.89569091796875,25.364025115966797,5.072805023193359,1000.0,0.0,-0.13333333333333333,0.9333333333333333,-2.0,14.0,3.0,31
197.0873565673828,36.05543899536133,7.211087799072265,1000.0,0.0,-0.13333333333333333,1.0,-2.0,15.0,3.0,31
207.44149780273438,42.24760437011719,8.449520874023438,1000.0,0.0,-0.06666666666666667,-1.0,-1.0,-15.0,3.0,31
204.8489990234375,38.286865234375,7.657373046875,1000.0,0.0,-0.06666666666666667,-0.9333333333333333,-1.0,-14.0,3.0,31
215.3953094482422,48.33141326904297,9.666282653808594,1000.0,0.0,-0.06666666666666667,-0.8666666666666667,-1.0,-13.0,3.0,31
222.87644958496094,55.37189865112305,11.07437973022461,1000.0,0.0,-0.06666666666666667,-0.8,-1.0,-12.0,3.0,31
237.3837432861328,53.66300964355469,10.732601928710938,1000.0,0.0,-0.06666666666666667,-0.7333333333333333,-1.0,-11.0,3.0,31
232.3784637451172,50.63383483886719,10.126766967773438,1000.0,0.0,-0.06666666666666667,-0.6666666666666666,-1.0,-10.0,3.0,31
245.72726440429688,45.312217712402344,9.06244354248047,1000.0,0.0,-0.06666666666666667,-0.6,-1.0,-9.0,3.0,31
247.9354248046875,49.017147064208984,9.803429412841798,1000.0,0.0,-0.06666666666666667,-0.5333333333333333,-1.0,-8.0,3.0,31
272.9145812988281,43.78726577758789,8.757453155517577,1000.0,0.0,-0.06666666666666667,-0.4666666666666667,-1.0,-7.0,3.0,31
273.49920654296875,55.86420440673828,11.172840881347657,1000.0,0.0,-0.06666666666666667,-0.4,-1.0,-6.0,3.0,31
184.5727996826172,14.551033020019531,2.910206604003906,1000.0,0.0,-0.06666666666666667,-0.3333333333333333,-1.0,-5.0,3.0,31
211.59732055664062,30.77454376220703,6.154908752441406,1000.0,0.0,-0.06666666666666667,-0.26666666666666666,-1.0,-4.0,3.0,31
405.263427734375,111.35050201416016,22.270100402832032,1000.0,0.0,-0.06666666666666667,-0.2,-1.0,-3.0,3.0,31
798.5504760742188,161.87393188476562,32.374786376953125,1000.0,0.0,-0.06666666666666667,-0.13333333333333333,-1.0,-2.0,3.0,31
970.9901733398438,15.763177871704102,3.1526355743408203,1000.0,0.0,-0.06666666666666667,-0.06666666666666667,-1.0,-1.0,3.0,31
979.6549072265625,7.929495811462402,1.5858991622924805,1000.0,0.0,-0.06666666666666667,0.0,-1.0,0.0,3.0,31
665.2725219726562,393.72723388671875,78.74544677734374,1000.0,0.0,-0.06666666666666667,0.06666666666666667,-1.0,1.0,3.0,31
201.1517333984375,23.317604064941406,4.663520812988281,1000.0,0.0,-0.06666666666666667,0.13333333333333333,-1.0,2.0,3.0,31
196.80706787109375,30.61919403076172,6.123838806152344,1000.0,0.0,-0.06666666666666667,0.2,-1.0,3.0,3.0,31
341.6651611328125,103.5073471069336,20.70146942138672,1000.0,0.0,-0.06666666666666667,0.26666666666666666,-1.0,4.0,3.0,31
345.0942077636719,49.19717788696289,9.839435577392578,1000.0,0.0,-0.06666666666666667,0.3333333333333333,-1.0,5.0,3.0,31
292.3675842285156,73.67970275878906,14.735940551757812,1000.0,0.0,-0.06666666666666667,0.4,-1.0,6.0,3.0,31
292.6140441894531,68.41386413574219,13.682772827148437,1000.0,0.0,-0.06666666666666667,0.4666666666666667,-1.0,7.0,3.0,31
228.92755126953125,50.240623474121094,10.048124694824219,1000.0,0.0,-0.06666666666666667,0.5333333333333333,-1.0,8.0,3.0,31
256.485595703125,87.34662628173828,17.469325256347656,1000.0,0.0,-0.06666666666666667,0.6,-1.0,9.0,3.0,31
226.5866241455078,61.427921295166016,12.285584259033204,1000.0,0.0,-0.06666666666666667,0.6666666666666666,-1.0,10.0,3.0,31
203.50088500976562,34.36980438232422,6.873960876464844,1000.0,0.0,-0.06666666666666667,0.7333333333333333,-1.0,11.0,3.0,31
227.28939819335938,71.27532958984375,14.25506591796875,1000.0,0.0,-0.06666666666666667,0.8,-1.0,12.0,3.0,31
198.41629028320312,23.937305450439453,4.7874610900878904,1000.0,0.0,-0.06666666666666667,0.8666666666666667,-1.0,13.0,3.0,31
192.21148681640625,24.00040626525879,4.800081253051758,1000.0,0.0,-0.06666666666666667,0.9333333333333333,-1.0,14.0,3.0,31
214.34666442871094,62.75737380981445,12.55147476196289,1000.0,0.0,-0.06666666666666667,1.0,-1.0,15.0,3.0,31
208.69073486328125,38.6972770690918,7.7394554138183596,1000.0,0.0,0.0,-1.0,0.0,-15.0,3.0,31
211.6540069580078,35.740787506103516,7.1481575012207035,1000.0,0.0,0.0,-0.9333333333333333,0.0,-14.0,3.0,31
216.86476135253906,43.781890869140625,8.756378173828125,1000.0,0.0,0.0,-0.8666666666666667,0.0,-13.0,3.0,31
214.72230529785156,41.928890228271484,8.385778045654297,1000.0,0.0,0.0,-0.8,0.0,-12.0,3.0,31
217.30516052246094,39.53139114379883,7.906278228759765,1000.0,0.0,0.0,-0.7333333333333333,0.0,-11.0,3.0,31
218.19407653808594,52.210723876953125,10.442144775390625,1000.0,0.0,0.0,-0.6666666666666666,0.0,-10.0,3.0,31
221.3232879638672,46.01799011230469,9.203598022460938,1000.0,0.0,0.0,-0.6,0.0,-9.0,3.0,31
269.57635498046875,44.67936706542969,8.935873413085938,1000.0,0.0,0.0,-0.5333333333333333,0.0,-8.0,3.0,31
305.9022521972656,49.749664306640625,9.949932861328126,1000.0,0.0,0.0,-0.4666666666666667,0.0,-7.0,3.0,31
272.210693359375,63.134971618652344,12.626994323730468,1000.0,0.0,0.0,-0.4,0.0,-6.0,3.0,31
254.50802612304688,44.005306243896484,8.801061248779297,1000.0,0.0,0.0,-0.3333333333333333,0.0,-5.0,3.0,31
210.9253387451172,34.91423416137695,6.98284683227539,1000.0,0.0,0.0,-0.26666666666666666,0.0,-4.0,3.0,31
263.4570007324219,50.49472427368164,10.098944854736327,1000.0,0.0,0.0,-0.2,0.0,-3.0,3.0,31
868.1821899414062,120.89974212646484,24.17994842529297,1000.0,0.0,0.0,-0.13333333333333333,0.0,-2.0,3.0,31
979.95751953125,7.113852500915527,1.4227705001831055,1000.0,0.0,0.0,-0.06666666666666667,0.0,-1.0,3.0,31
983.6779174804688,4.6711201667785645,0.9342240333557129,1000.0,0.0,0.0,0.0,0.0,0.0,3.0,31
934.3597412109375,104.74356842041016,20.94871368408203,1000.0,0.0,0.0,0.06666666666666667,0.0,1.0,3.0,31
209.05593872070312,33.4129753112793,6.682595062255859,1000.0,0.0,0.0,0.13333333333333333,0.0,2.0,3.0,31
215.2564239501953,38.588558197021484,7.717711639404297,1000.0,0.0,0.0,0.2,0.0,3.0,3.0,31
244.2375030517578,80.30889129638672,16.061778259277343,1000.0,0.0,0.0,0.26666666666666666,0.0,4.0,3.0,31
277.79315185546875,75.12150573730469,15.024301147460937,1000.0,0.0,0.0,0.3333333333333333,0.0,5.0,3.0,31
272.20709228515625,59.05453872680664,11.810907745361328,1000.0,0.0,0.0,0.4,0.0,6.0,3.0,31
284.9086608886719,84.0369873046875,16.8073974609375,1000.0,0.0,0.0,0.4666666666666667,0.0,7.0,3.0,31
270.1919860839844,92.01535034179688,18.403070068359376,1000.0,0.0,0.0,0.5333333333333333,0.0,8.0,3.0,31
273.9008483886719,110.03770446777344,22.007540893554687,1000.0,0.0,0.0,0.6,0.0,9.0,3.0,31
242.51611328125,80.72535705566406,16.14507141113281,1000.0,0.0,0.0,0.6666666666666666,0.0,10.0,3.0,31
217.9331817626953,59.889312744140625,11.977862548828124,1000.0,0.0,0.0,0.7333333333333333,0.0,11.0,3.0,31
204.84625244140625,41.69779968261719,8.339559936523438,1000.0,0.0,0.0,0.8,0.0,12.0,3.0,31
208.20977783203125,41.9976692199707,8.39953384399414,1000.0,0.0,0.0,0.8666666666666667,0.0,13.0,3.0,31
202.44427490234375,41.022499084472656,8.204499816894531,1000.0,0.0,0.0,0.9333333333333333,0.0,14.0,3.0,31
229.92453002929688,86.36559295654297,17.273118591308595,1000.0,0.0,0.0,1.0,0.0,15.0,3.0,31
296.0694885253906,48.89672088623047,9.779344177246093,1000.0,0.0,0.06666666666666667,-1.0,1.0,-15.0,3.0,31
294.5545349121094,53.23725128173828,10.647450256347657,1000.0,0.0,0.06666666666666667,-0.9333333333333333,1.0,-14.0,3.0,31
286.8343200683594,47.619876861572266,9.523975372314453,1000.0,0.0,0.06666666666666667,-0.8666666666666667,1.0,-13.0,3.0,31
265.23382568359375,37.21251678466797,7.442503356933594,1000.0,0.0,0.06666666666666667,-0.8,1.0,-12.0,3.0,31
258.81011962890625,39.86204147338867,7.972408294677734,1000.0,0.0,0.06666666666666667,-0.7333333333333333,1.0,-11.0,3.0,31
255.14688110351562,44.451847076416016,8.890369415283203,1000.0,0.0,0.06666666666666667,-0.6666666666666666,1.0,-10.0,3.0,31
219.40406799316406,49.941429138183594,9.98828582763672,1000.0,0.0,0.06666666666666667,-0.6,1.0,-9.0,3.0,31
256.2218017578125,63.81020736694336,12.762041473388672,1000.0,0.0,0.06666666666666667,-0.5333333333333333,1.0,-8.0,3.0,31
263.4606628417969,62.44172668457031,12.488345336914062,1000.0,0.0,0.06666666666666667,-0.4666666666666667,1.0,-7.0,3.0,31
280.2527160644531,58.76432418823242,11.752864837646484,1000.0,0.0,0.06666666666666667,-0.4,1.0,-6.0,3.0,31
314.740234375,91.82391357421875,18.36478271484375,1000.0,0.0,0.06666666666666667,-0.3333333333333333,1.0,-5.0,3.0,31
227.40428161621094,52.40602493286133,10.481204986572266,1000.0,0.0,0.06666666666666667,-0.26666666666666666,1.0,-4.0,3.0,31
242.2758331298828,49.06153106689453,9.812306213378907,1000.0,0.0,0.06666666666666667,-0.2,1.0,-3.0,3.0,31
691.1636962890625,232.5196533203125,46.5039306640625,1000.0,0.0,0.06666666666666667,-0.13333333333333333,1.0,-2.0,3.0,31
958.114013671875,24.71681785583496,4.9433635711669925,1000.0,0.0,0.06666666666666667,-0.06666666666666667,1.0,-1.0,3.0,31
980.9568481445312,10.273290634155273,2.054658126831055,1000.0,0.0,0.06666666666666667,0.0,1.0,0.0,3.0,31
529.0772094726562,397.2515563964844,79.45031127929687,1000.0,0.0,0.06666666666666667,0.06666666666666667,1.0,1.0,3.0,31
236.41233825683594,71.67066192626953,14.334132385253906,1000.0,0.0,0.06666666666666667,0.13333333333333333,1.0,2.0,3.0,31
198.74928283691406,35.84769821166992,7.1695396423339846,1000.0,0.0,0.06666666666666667,0.2,1.0,3.0,3.0,31
227.00155639648438,47.536495208740234,9.507299041748047,1000.0,0.0,0.06666666666666667,0.26666666666666666,1.0,4.0,3.0,31
222.45765686035156,34.017967224121094,6.803593444824219,1000.0,0.0,0.06666666666666667,0.3333333333333333,1.0,5.0,3.0,31
281.30047607421875,74.02559661865234,14.80511932373047,1000.0,0.0,0.06666666666666667,0.4,1.0,6.0,3.0,31
332.5306396484375,77.68253326416016,15.536506652832031,1000.0,0.0,0.06666666666666667,0.4666666666666667,1.0,7.0,3.0,31
286.685546875,61.091796875,12.218359375,1000.0,0.0,0.06666666666666667,0.5333333333333333,1.0,8.0,3.0,31
282.869140625,82.60839080810547,16.521678161621093,1000.0,0.0,0.06666666666666667,0.6,1.0,9.0,3.0,31
289.0855712890625,103.47674560546875,20.69534912109375,1000.0,0.0,0.06666666666666667,0.6666666666666666,1.0,10.0,3.0,31
252.90304565429688,78.27953338623047,15.655906677246094,1000.0,0.0,0.06666666666666667,0.7333333333333333,1.0,11.0,3.0,31
243.89926147460938,72.4678726196289,14.493574523925782,1000.0,0.0,0.06666666666666667,0.8,1.0,12.0,3.0,31
224.4739990234375,49.79138946533203,9.958277893066406,1000.0,0.0,0.06666666666666667,0.8666666666666667,1.0,13.0,3.0,31
245.06919860839844,77.07695770263672,15.415391540527343,1000.0,0.0,0.06666666666666667,0.9333333333333333,1.0,14.0,3.0,31
206.36627197265625,42.04833221435547,8.409666442871094,1000.0,0.0,0.06666666666666667,1.0,1.0,15.0,3.0,31
267.67047119140625,47.80243682861328,9.560487365722656,1000.0,0.0,0.13333333333333333,-1.0,2.0,-15.0,3.0,31
263.0735168457031,40.833370208740234,8.166674041748047,1000.0,0.0,0.13333333333333333,-0.9333333333333333,2.0,-14.0,3.0,31
241.60772705078125,35.23879623413086,7.047759246826172,1000.0,0.0,0.13333333333333333,-0.8666666666666667,2.0,-13.0,3.0,31
231.0749969482422,38.553565979003906,7.710713195800781,1000.0,0.0,0.13333333333333333,-0.8,2.0,-12.0,3.0,31
222.75698852539062,47.18303298950195,9.43660659790039,1000.0,0.0,0.13333333333333333,-0.7333333333333333,2.0,-11.0,3.0,31
229.1493377685547,40.45938491821289,8.091876983642578,1000.0,0.0,0.13333333333333333,-0.6666666666666666,2.0,-10.0,3.0,31
231.54751586914062,45.603538513183594,9.120707702636718,1000.0,0.0,0.13333333333333333,-0.6,2.0,-9.0,3.0,31
237.31649780273438,50.97313690185547,10.194627380371093,1000.0,0.0,0.13333333333333333,-0.5333333333333333,2.0,-8.0,3.0,31
226.42689514160156,53.981361389160156,10.796272277832031,1000.0,0.0,0.13333333333333333,-0.4666666666666667,2.0,-7.0,3.0,31
273.3747253417969,76.75651550292969,15.351303100585938,1000.0,0.0,0.13333333333333333,-0.4,2.0,-6.0,3.0,31
287.7015380859375,71.54280090332031,14.308560180664063,1000.0,0.0,0.13333333333333333,-0.3333333333333333,2.0,-5.0,3.0,31
338.7445373535156,43.6157112121582,8.72314224243164,1000.0,0.0,0.13333333333333333,-0.26666666666666666,2.0,-4.0,3.0,31
269.25604248046875,85.14132690429688,17.028265380859374,1000.0,0.0,0.13333333333333333,-0.2,2.0,-3.0,3.0,31
315.37451171875,76.34229278564453,15.268458557128906,1000.0,0.0,0.13333333333333333,-0.13333333333333333,2.0,-2.0,3.0,31
633.2265625,36.396358489990234,7.2792716979980465,1000.0,0.0,0.13333333333333333,-0.06666666666666667,2.0,-1.0,3.0,31
274.77099609375,99.72021484375,19.94404296875,1000.0,0.0,0.13333333333333333,0.0,2.0,0.0,3.0,31
252.0409698486328,108.8363037109375,21.7672607421875,1000.0,0.0,0.13333333333333333,0.06666666666666667,2.0,1.0,3.0,31
207.0345458984375,18.804718017578125,3.760943603515625,1000.0,0.0,0.13333333333333333,0.13333333333333333,2.0,2.0,3.0,31
206.1016845703125,49.10947799682617,9.821895599365234,1000.0,0.0,0.13333333333333333,0.2,2.0,3.0,3.0,31
221.04312133789062,47.297882080078125,9.459576416015626,1000.0,0.0,0.13333333333333333,0.26666666666666666,2.0,4.0,3.0,31
237.4473876953125,39.94708251953125,7.98941650390625,1000.0,0.0,0.13333333333333333,0.3333333333333333,2.0,5.0,3.0,31
262.6936340332031,83.24581146240234,16.64916229248047,1000.0,0.0,0.13333333333333333,0.4,2.0,6.0,3.0,31
258.38677978515625,87.9346694946289,17.586933898925782,1000.0,0.0,0.13333333333333333,0.4666666666666667,2.0,7.0,3.0,31
298.531005859375,92.31949615478516,18.463899230957033,1000.0,0.0,0.13333333333333333,0.5333333333333333,2.0,8.0,3.0,31
325.9736328125,78.74750518798828,15.749501037597657,1000.0,0.0,0.13333333333333333,0.6,2.0,9.0,3.0,31
313.01300048828125,90.39908599853516,18.07981719970703,1000.0,0.0,0.13333333333333333,0.6666666666666666,2.0,10.0,3.0,31
303.0224304199219,88.30189514160156,17.660379028320314,1000.0,0.0,0.13333333333333333,0.7333333333333333,2.0,11.0,3.0,31
308.2142639160156,96.58723449707031,19.317446899414062,1000.0,0.0,0.13333333333333333,0.8,2.0,12.0,3.0,31
329.3258972167969,102.9765853881836,20.595317077636718,1000.0,0.0,0.13333333333333333,0.8666666666666667,2.0,13.0,3.0,31
329.9951171875,124.2868881225586,24.85737762451172,1000.0,0.0,0.13333333333333333,0.9333333333333333,2.0,14.0,3.0,31
309.8487548828125,116.9857406616211,23.39714813232422,1000.0,0.0,0.13333333333333333,1.0,2.0,15.0,3.0,31
218.1646270751953,28.725147247314453,5.745029449462891,1000.0,0.0,0.2,-1.0,3.0,-15.0,3.0,31
217.04843139648438,36.5769157409668,7.3153831481933596,1000.0,0.0,0.2,-0.9333333333333333,3.0,-14.0,3.0,31
218.7150421142578,47.184974670410156,9.436994934082032,1000.0,0.0,0.2,-0.8666666666666667,3.0,-13.0,3.0,31
212.3127899169922,46.53450393676758,9.306900787353516,1000.0,0.0,0.2,-0.8,3.0,-12.0,3.0,31
226.0161895751953,57.061851501464844,11.412370300292968,1000.0,0.0,0.2,-0.7333333333333333,3.0,-11.0,3.0,31
223.4040985107422,60.04146194458008,12.008292388916015,1000.0,0.0,0.2,-0.6666666666666666,3.0,-10.0,3.0,31
226.5242919921875,66.07340240478516,13.214680480957032,1000.0,0.0,0.2,-0.6,3.0,-9.0,3.0,31
223.61557006835938,40.304969787597656,8.060993957519532,1000.0,0.0,0.2,-0.5333333333333333,3.0,-8.0,3.0,31
227.70445251464844,63.31339645385742,12.662679290771484,1000.0,0.0,0.2,-0.4666666666666667,3.0,-7.0,3.0,31
233.0483856201172,69.09042358398438,13.818084716796875,1000.0,0.0,0.2,-0.4,3.0,-6.0,3.0,31
240.6912078857422,80.1233901977539,16.024678039550782,1000.0,0.0,0.2,-0.3333333333333333,3.0,-5.0,3.0,31
329.8612365722656,69.45339965820312,13.890679931640625,1000.0,0.0,0.2,-0.26666666666666666,3.0,-4.0,3.0,31
328.9830322265625,95.68208312988281,19.136416625976562,1000.0,0.0,0.2,-0.2,3.0,-3.0,3.0,31
341.6254577636719,104.39920806884766,20.879841613769532,1000.0,0.0,0.2,-0.13333333333333333,3.0,-2.0,3.0,31
323.8603820800781,100.67871856689453,20.135743713378908,1000.0,0.0,0.2,-0.06666666666666667,3.0,-1.0,3.0,31
237.30337524414062,56.460777282714844,11.292155456542968,1000.0,0.0,0.2,0.0,3.0,0.0,3.0,31
229.1505889892578,56.69386672973633,11.338773345947265,1000.0,0.0,0.2,0.06666666666666667,3.0,1.0,3.0,31
225.61988830566406,44.94953536987305,8.98990707397461,1000.0,0.0,0.2,0.13333333333333333,3.0,2.0,3.0,31
255.9597625732422,73.33100128173828,14.666200256347656,1000.0,0.0,0.2,0.2,3.0,3.0,3.0,31
200.55047607421875,42.16889953613281,8.433779907226562,1000.0,0.0,0.2,0.26666666666666666,3.0,4.0,3.0,31
208.40054321289062,33.90718460083008,6.781436920166016,1000.0,0.0,0.2,0.3333333333333333,3.0,5.0,3.0,31
294.59625244140625,69.64544677734375,13.92908935546875,1000.0,0.0,0.2,0.4,3.0,6.0,3.0,31
285.4376220703125,93.17806243896484,18.63561248779297,1000.0,0.0,0.2,0.4666666666666667,3.0,7.0,3.0,31
267.27130126953125,64.80247497558594,12.960494995117188,1000.0,0.0,0.2,0.5333333333333333,3.0,8.0,3.0,31
281.6959228515625,84.25540924072266,16.85108184814453,1000.0,0.0,0.2,0.6,3.0,9.0,3.0,31
287.022216796875,90.28842163085938,18.057684326171874,1000.0,0.0,0.2,0.6666666666666666,3.0,10.0,3.0,31
264.8218078613281,96.69824981689453,19.339649963378907,1000.0,0.0,0.2,0.7333333333333333,3.0,11.0,3.0,31
241.46710205078125,57.76203536987305,11.55240707397461,1000.0,0.0,0.2,0.8,3.0,12.0,3.0,31
262.4584045410156,92.74701690673828,18.549403381347656,1000.0,0.0,0.2,0.8666666666666667,3.0,13.0,3.0,31
265.26519775390625,100.43892669677734,20.08778533935547,1000.0,0.0,0.2,0.9333333333333333,3.0,14.0,3.0,31
274.5534973144531,88.03722381591797,17.607444763183594,1000.0,0.0,0.2,1.0,3.0,15.0,3.0,31
193.67066955566406,29.276514053344727,5.855302810668945,1000.0,0.0,0.26666666666666666,-1.0,4.0,-15.0,3.0,31
216.26873779296875,46.641929626464844,9.328385925292968,1000.0,0.0,0.26666666666666666,-0.9333333333333333,4.0,-14.0,3.0,31
210.71324157714844,54.48485565185547,10.896971130371094,1000.0,0.0,0.26666666666666666,-0.8666666666666667,4.0,-13.0,3.0,31
217.8308563232422,54.98362731933594,10.996725463867188,1000.0,0.0,0.26666666666666666,-0.8,4.0,-12.0,3.0,31
216.4492950439453,56.7449836730957,11.34899673461914,1000.0,0.0,0.26666666666666666,-0.7333333333333333,4.0,-11.0,3.0,31
219.3859405517578,58.82366180419922,11.764732360839844,1000.0,0.0,0.26666666666666666,-0.6666666666666666,4.0,-10.0,3.0,31
229.54611206054688,62.3776969909668,12.475539398193359,1000.0,0.0,0.26666666666666666,-0.6,4.0,-9.0,3.0,31
254.55810546875,72.25324249267578,14.450648498535156,1000.0,0.0,0.26666666666666666,-0.5333333333333333,4.0,-8.0,3.0,31
228.4482421875,78.49083709716797,15.698167419433593,1000.0,0.0,0.26666666666666666,-0.4666666666666667,4.0,-7.0,3.0,31
249.70054626464844,79.11624908447266,15.823249816894531,1000.0,0.0,0.26666666666666666,-0.4,4.0,-6.0,3.0,31
295.0302734375,71.27106475830078,14.254212951660156,1000.0,0.0,0.26666666666666666,-0.3333333333333333,4.0,-5.0,3.0,31
299.0757141113281,69.02459716796875,13.80491943359375,1000.0,0.0,0.26666666666666666,-0.26666666666666666,4.0,-4.0,3.0,31
399.8178405761719,39.49796676635742,7.899593353271484,1000.0,0.0,0.26666666666666666,-0.2,4.0,-3.0,3.0,31
375.66241455078125,70.64356994628906,14.128713989257813,1000.0,0.0,0.26666666666666666,-0.13333333333333333,4.0,-2.0,3.0,31
301.6160888671875,101.0279312133789,20.205586242675782,1000.0,0.0,0.26666666666666666,-0.06666666666666667,4.0,-1.0,3.0,31
215.06231689453125,40.15982437133789,8.031964874267578,1000.0,0.0,0.26666666666666666,0.0,4.0,0.0,3.0,31
226.71971130371094,65.50048828125,13.10009765625,1000.0,0.0,0.26666666666666666,0.06666666666666667,4.0,1.0,3.0,31
299.0776062011719,72.40164947509766,14.480329895019532,1000.0,0.0,0.26666666666666666,0.13333333333333333,4.0,2.0,3.0,31
302.7130126953125,89.25505828857422,17.851011657714842,1000.0,0.0,0.26666666666666666,0.2,4.0,3.0,3.0,31
223.5984344482422,44.638465881347656,8.927693176269532,1000.0,0.0,0.26666666666666666,0.26666666666666666,4.0,4.0,3.0,31
242.4077606201172,72.23593139648438,14.447186279296876,1000.0,0.0,0.26666666666666666,0.3333333333333333,4.0,5.0,3.0,31
255.9833984375,61.157047271728516,12.231409454345703,1000.0,0.0,0.26666666666666666,0.4,4.0,6.0,3.0,31
249.22174072265625,68.80131530761719,13.760263061523437,1000.0,0.0,0.26666666666666666,0.4666666666666667,4.0,7.0,3.0,31
265.39581298828125,74.62847137451172,14.925694274902344,1000.0,0.0,0.26666666666666666,0.5333333333333333,4.0,8.0,3.0,31
272.3896179199219,77.52520751953125,15.50504150390625,1000.0,0.0,0.26666666666666666,0.6,4.0,9.0,3.0,31
283.1153259277344,120.21633911132812,24.043267822265626,1000.0,0.0,0.26666666666666666,0.6666666666666666,4.0,10.0,3.0,31
239.8264617919922,94.17647552490234,18.835295104980467,1000.0,0.0,0.26666666666666666,0.7333333333333333,4.0,11.0,3.0,31
258.3253173828125,82.31517791748047,16.463035583496094,1000.0,0.0,0.26666666666666666,0.8,4.0,12.0,3.0,31
239.98976135253906,65.7214584350586,13.14429168701172,1000.0,0.0,0.26666666666666666,0.8666666666666667,4.0,13.0,3.0,31
228.09161376953125,66.02864074707031,13.205728149414062,1000.0,0.0,0.26666666666666666,0.9333333333333333,4.0,14.0,3.0,31
235.5801239013672,54.8368034362793,10.967360687255859,1000.0,0.0,0.26666666666666666,1.0,4.0,15.0,3.0,31
208.32943725585938,46.59219741821289,9.318439483642578,1000.0,0.0,0.3333333333333333,-1.0,5.0,-15.0,3.0,31
215.29727172851562,47.351566314697266,9.470313262939452,1000.0,0.0,0.3333333333333333,-0.9333333333333333,5.0,-14.0,3.0,31
210.26683044433594,58.47430419921875,11.69486083984375,1000.0,0.0,0.3333333333333333,-0.8666666666666667,5.0,-13.0,3.0,31
202.82266235351562,40.278255462646484,8.055651092529297,1000.0,0.0,0.3333333333333333,-0.8,5.0,-12.0,3.0,31
213.6659393310547,60.99734878540039,12.199469757080077,1000.0,0.0,0.3333333333333333,-0.7333333333333333,5.0,-11.0,3.0,31
229.7138214111328,68.54942321777344,13.709884643554688,1000.0,0.0,0.3333333333333333,-0.6666666666666666,5.0,-10.0,3.0,31
214.17494201660156,63.20844268798828,12.641688537597656,1000.0,0.0,0.3333333333333333,-0.6,5.0,-9.0,3.0,31
213.67391967773438,59.698970794677734,11.939794158935547,1000.0,0.0,0.3333333333333333,-0.5333333333333333,5.0,-8.0,3.0,31
223.07412719726562,62.790733337402344,12.558146667480468,1000.0,0.0,0.3333333333333333,-0.4666666666666667,5.0,-7.0,3.0,31
220.66180419921875,60.2352409362793,12.047048187255859,1000.0,0.0,0.3333333333333333,-0.4,5.0,-6.0,3.0,31
295.37701416015625,84.15806579589844,16.83161315917969,1000.0,0.0,0.3333333333333333,-0.3333333333333333,5.0,-5.0,3.0,31
331.8950500488281,90.05809020996094,18.011618041992186,1000.0,0.0,0.3333333333333333,-0.26666666666666666,5.0,-4.0,3.0,31
367.905517578125,64.52091979980469,12.904183959960937,1000.0,0.0,0.3333333333333333,-0.2,5.0,-3.0,3.0,31
318.67645263671875,80.06304931640625,16.01260986328125,1000.0,0.0,0.3333333333333333,-0.13333333333333333,5.0,-2.0,3.0,31
310.7197570800781,74.14167022705078,14.828334045410156,1000.0,0.0,0.3333333333333333,-0.06666666666666667,5.0,-1.0,3.0,31
324.588134765625,65.1504898071289,13.030097961425781,1000.0,0.0,0.3333333333333333,0.0,5.0,0.0,3.0,31
395.541259765625,105.03014373779297,21.006028747558595,1000.0,0.0,0.3333333333333333,0.06666666666666667,5.0,1.0,3.0,31
356.1210021972656,110.4726333618164,22.09452667236328,1000.0,0.0,0.3333333333333333,0.13333333333333333,5.0,2.0,3.0,31
289.6092834472656,91.31534576416016,18.26306915283203,1000.0,0.0,0.3333333333333333,0.2,5.0,3.0,3.0,31
230.72451782226562,64.48428344726562,12.896856689453125,1000.0,0.0,0.3333333333333333,0.26666666666666666,5.0,4.0,3.0,31
208.33888244628906,35.38200378417969,7.0764007568359375,1000.0,0.0,0.3333333333333333,0.3333333333333333,5.0,5.0,3.0,31
254.03257751464844,77.47706604003906,15.495413208007813,1000.0,0.0,0.3333333333333333,0.4,5.0,6.0,3.0,31
255.24769592285156,89.296875,17.859375,1000.0,0.0,0.3333333333333333,0.4666666666666667,5.0,7.0,3.0,31
253.3441619873047,74.75817108154297,14.951634216308594,1000.0,0.0,0.3333333333333333,0.5333333333333333,5.0,8.0,3.0,31
254.76309204101562,72.81683349609375,14.56336669921875,1000.0,0.0,0.3333333333333333,0.6,5.0,9.0,3.0,31
252.97509765625,73.82841491699219,14.765682983398438,1000.0,0.0,0.3333333333333333,0.6666666666666666,5.0,10.0,3.0,31
252.91941833496094,74.59459686279297,14.918919372558594,1000.0,0.0,0.3333333333333333,0.7333333333333333,5.0,11.0,3.0,31
253.53262329101562,87.32489776611328,17.464979553222655,1000.0,0.0,0.3333333333333333,0.8,5.0,12.0,3.0,31
240.60293579101562,70.85855865478516,14.171711730957032,1000.0,0.0,0.3333333333333333,0.8666666666666667,5.0,13.0,3.0,31
240.12033081054688,69.14448547363281,13.828897094726562,1000.0,0.0,0.3333333333333333,0.9333333333333333,5.0,14.0,3.0,31
230.87835693359375,71.04597473144531,14.209194946289063,1000.0,0.0,0.3333333333333333,1.0,5.0,15.0,3.0,31
210.08998107910156,52.76014709472656,10.552029418945313,1000.0,0.0,0.4,-1.0,6.0,-15.0,3.0,31
217.1126708984375,58.459651947021484,11.691930389404297,1000.0,0.0,0.4,-0.9333333333333333,6.0,-14.0,3.0,31
220.56573486328125,64.56057739257812,12.912115478515625,1000.0,0.0,0.4,-0.8666666666666667,6.0,-13.0,3.0,31
214.2390594482422,56.419857025146484,11.283971405029297,1000.0,0.0,0.4,-0.8,6.0,-12.0,3.0,31
230.66485595703125,62.526973724365234,12.505394744873048,1000.0,0.0,0.4,-0.7333333333333333,6.0,-11.0,3.0,31
245.9521942138672,74.83369445800781,14.966738891601562,1000.0,0.0,0.4,-0.6666666666666666,6.0,-10.0,3.0,31
232.28460693359375,65.97591400146484,13.195182800292969,1000.0,0.0,0.4,-0.6,6.0,-9.0,3.0,31
232.81991577148438,70.89752197265625,14.17950439453125,1000.0,0.0,0.4,-0.5333333333333333,6.0,-8.0,3.0,31
231.92691040039062,68.53726196289062,13.707452392578125,1000.0,0.0,0.4,-0.4666666666666667,6.0,-7.0,3.0,31
231.93238830566406,50.409278869628906,10.081855773925781,1000.0,0.0,0.4,-0.4,6.0,-6.0,3.0,31
333.47723388671875,93.09526824951172,18.619053649902344,1000.0,0.0,0.4,-0.3333333333333333,6.0,-5.0,3.0,31
329.6922607421875,110.91357421875,22.18271484375,1000.0,0.0,0.4,-0.26666666666666666,6.0,-4.0,3.0,31
302.3598327636719,84.1953353881836,16.83906707763672,1000.0,0.0,0.4,-0.2,6.0,-3.0,3.0,31
270.6165466308594,88.93356323242188,17.786712646484375,1000.0,0.0,0.4,-0.13333333333333333,6.0,-2.0,3.0,31
268.6235656738281,76.11424255371094,15.222848510742187,1000.0,0.0,0.4,-0.06666666666666667,6.0,-1.0,3.0,31
312.466064453125,81.14413452148438,16.228826904296874,1000.0,0.0,0.4,0.0,6.0,0.0,3.0,31
300.46990966796875,80.04097747802734,16.00819549560547,1000.0,0.0,0.4,0.06666666666666667,6.0,1.0,3.0,31
298.8642883300781,102.26268768310547,20.452537536621094,1000.0,0.0,0.4,0.13333333333333333,6.0,2.0,3.0,31
268.6697998046875,93.9023208618164,18.78046417236328,1000.0,0.0,0.4,0.2,6.0,3.0,3.0,31
246.87890625,57.14073944091797,11.428147888183593,1000.0,0.0,0.4,0.26666666666666666,6.0,4.0,3.0,31
213.88670349121094,42.01718521118164,8.403437042236328,1000.0,0.0,0.4,0.3333333333333333,6.0,5.0,3.0,31
232.22103881835938,54.45672607421875,10.89134521484375,1000.0,0.0,0.4,0.4,6.0,6.0,3.0,31
262.2849426269531,81.2242202758789,16.244844055175783,1000.0,0.0,0.4,0.4666666666666667,6.0,7.0,3.0,31
264.8570556640625,89.32276916503906,17.86455383300781,1000.0,0.0,0.4,0.5333333333333333,6.0,8.0,3.0,31
255.1239471435547,72.50918579101562,14.501837158203125,1000.0,0.0,0.4,0.6,6.0,9.0,3.0,31
253.87477111816406,53.071571350097656,10.61431427001953,1000.0,0.0,0.4,0.6666666666666666,6.0,10.0,3.0,31
236.96792602539062,69.11870574951172,13.823741149902343,1000.0,0.0,0.4,0.7333333333333333,6.0,11.0,3.0,31
241.42254638671875,57.0394401550293,11.407888031005859,1000.0,0.0,0.4,0.8,6.0,12.0,3.0,31
224.10865783691406,50.250526428222656,10.05010528564453,1000.0,0.0,0.4,0.8666666666666667,6.0,13.0,3.0,31
257.8289794921875,64.06366729736328,12.812733459472657,1000.0,0.0,0.4,0.9333333333333333,6.0,14.0,3.0,31
244.05404663085938,76.45087432861328,15.290174865722657,1000.0,0.0,0.4,1.0,6.0,15.0,3.0,31
214.31492614746094,66.06053924560547,13.212107849121093,1000.0,0.0,0.4666666666666667,-1.0,7.0,-15.0,3.0,31
205.67413330078125,51.58590316772461,10.317180633544922,1000.0,0.0,0.4666666666666667,-0.9333333333333333,7.0,-14.0,3.0,31
224.46994018554688,66.52680969238281,13.305361938476562,1000.0,0.0,0.4666666666666667,-0.8666666666666667,7.0,-13.0,3.0,31
231.71542358398438,75.754638671875,15.150927734375,1000.0,0.0,0.4666666666666667,-0.8,7.0,-12.0,3.0,31
248.86131286621094,82.09880065917969,16.419760131835936,1000.0,0.0,0.4666666666666667,-0.7333333333333333,7.0,-11.0,3.0,31
263.3887023925781,88.0575180053711,17.61150360107422,1000.0,0.0,0.4666666666666667,-0.6666666666666666,7.0,-10.0,3.0,31
253.4403076171875,88.3214340209961,17.664286804199218,1000.0,0.0,0.4666666666666667,-0.6,7.0,-9.0,3.0,31
241.1837921142578,85.34943389892578,17.069886779785158,1000.0,0.0,0.4666666666666667,-0.5333333333333333,7.0,-8.0,3.0,31
267.99700927734375,86.43128967285156,17.286257934570312,1000.0,0.0,0.4666666666666667,-0.4666666666666667,7.0,-7.0,3.0,31
276.1112976074219,102.87147521972656,20.574295043945312,1000.0,0.0,0.4666666666666667,-0.4,7.0,-6.0,3.0,31
292.3074645996094,83.39749145507812,16.679498291015626,1000.0,0.0,0.4666666666666667,-0.3333333333333333,7.0,-5.0,3.0,31
271.8944396972656,74.84549713134766,14.969099426269532,1000.0,0.0,0.4666666666666667,-0.26666666666666666,7.0,-4.0,3.0,31
294.1875305175781,76.54045867919922,15.308091735839843,1000.0,0.0,0.4666666666666667,-0.2,7.0,-3.0,3.0,31
262.69964599609375,61.40557098388672,12.281114196777343,1000.0,0.0,0.4666666666666667,-0.13333333333333333,7.0,-2.0,3.0,31
249.34625244140625,63.0242919921875,12.6048583984375,1000.0,0.0,0.4666666666666667,-0.06666666666666667,7.0,-1.0,3.0,31
285.50469970703125,77.83029174804688,15.566058349609374,1000.0,0.0,0.4666666666666667,0.0,7.0,0.0,3.0,31
251.80052185058594,54.00495529174805,10.80099105834961,1000.0,0.0,0.4666666666666667,0.06666666666666667,7.0,1.0,3.0,31
215.23358154296875,43.51927947998047,8.703855895996094,1000.0,0.0,0.4666666666666667,0.13333333333333333,7.0,2.0,3.0,31
251.00669860839844,91.70565032958984,18.34113006591797,1000.0,0.0,0.4666666666666667,0.2,7.0,3.0,3.0,31
280.2012939453125,107.69637298583984,21.539274597167967,1000.0,0.0,0.4666666666666667,0.26666666666666666,7.0,4.0,3.0,31
215.10643005371094,45.192832946777344,9.038566589355469,1000.0,0.0,0.4666666666666667,0.3333333333333333,7.0,5.0,3.0,31
247.8008575439453,63.654964447021484,12.730992889404297,1000.0,0.0,0.4666666666666667,0.4,7.0,6.0,3.0,31
241.3867645263672,71.06227111816406,14.212454223632813,1000.0,0.0,0.4666666666666667,0.4666666666666667,7.0,7.0,3.0,31
249.1960906982422,83.05925750732422,16.611851501464844,1000.0,0.0,0.4666666666666667,0.5333333333333333,7.0,8.0,3.0,31
247.74691772460938,78.43611907958984,15.687223815917969,1000.0,0.0,0.4666666666666667,0.6,7.0,9.0,3.0,31
217.84095764160156,37.48334503173828,7.496669006347656,1000.0,0.0,0.4666666666666667,0.6666666666666666,7.0,10.0,3.0,31
231.84384155273438,47.53460693359375,9.50692138671875,1000.0,0.0,0.4666666666666667,0.7333333333333333,7.0,11.0,3.0,31
239.6477508544922,66.75819396972656,13.351638793945312,1000.0,0.0,0.4666666666666667,0.8,7.0,12.0,3.0,31
244.37013244628906,75.29756164550781,15.059512329101562,1000.0,0.0,0.4666666666666667,0.8666666666666667,7.0,13.0,3.0,31
243.44683837890625,63.79969787597656,12.759939575195313,1000.0,0.0,0.4666666666666667,0.9333333333333333,7.0,14.0,3.0,31
234.0433349609375,63.766563415527344,12.753312683105468,1000.0,0.0,0.4666666666666667,1.0,7.0,15.0,3.0,31
232.5666046142578,63.68017578125,12.73603515625,1000.0,0.0,0.5333333333333333,-1.0,8.0,-15.0,3.0,31
216.7642822265625,62.82175827026367,12.564351654052734,1000.0,0.0,0.5333333333333333,-0.9333333333333333,8.0,-14.0,3.0,31
233.28640747070312,78.61902618408203,15.723805236816407,1000.0,0.0,0.5333333333333333,-0.8666666666666667,8.0,-13.0,3.0,31
237.50306701660156,87.64147186279297,17.528294372558594,1000.0,0.0,0.5333333333333333,-0.8,8.0,-12.0,3.0,31
262.204345703125,94.65543365478516,18.93108673095703,1000.0,0.0,0.5333333333333333,-0.7333333333333333,8.0,-11.0,3.0,31
276.187255859375,96.20333099365234,19.24066619873047,1000.0,0.0,0.5333333333333333,-0.6666666666666666,8.0,-10.0,3.0,31
225.88401794433594,50.196868896484375,10.039373779296875,1000.0,0.0,0.5333333333333333,-0.6,8.0,-9.0,3.0,31
212.82667541503906,58.52704620361328,11.705409240722656,1000.0,0.0,0.5333333333333333,-0.5333333333333333,8.0,-8.0,3.0,31
227.8897247314453,64.7013931274414,12.940278625488281,1000.0,0.0,0.5333333333333333,-0.4666666666666667,8.0,-7.0,3.0,31
240.89649963378906,48.38663864135742,9.677327728271484,1000.0,0.0,0.5333333333333333,-0.4,8.0,-6.0,3.0,31
235.39913940429688,47.20850372314453,9.441700744628907,1000.0,0.0,0.5333333333333333,-0.3333333333333333,8.0,-5.0,3.0,31
289.6637268066406,41.79487609863281,8.358975219726563,1000.0,0.0,0.5333333333333333,-0.26666666666666666,8.0,-4.0,3.0,31
294.4585876464844,64.52417755126953,12.904835510253907,1000.0,0.0,0.5333333333333333,-0.2,8.0,-3.0,3.0,31
268.357177734375,77.46150970458984,15.492301940917969,1000.0,0.0,0.5333333333333333,-0.13333333333333333,8.0,-2.0,3.0,31
235.0321044921875,56.138450622558594,11.227690124511719,1000.0,0.0,0.5333333333333333,-0.06666666666666667,8.0,-1.0,3.0,31
257.00946044921875,67.74535369873047,13.549070739746094,1000.0,0.0,0.5333333333333333,0.0,8.0,0.0,3.0,31
214.07925415039062,45.55398941040039,9.110797882080078,1000.0,0.0,0.5333333333333333,0.06666666666666667,8.0,1.0,3.0,31
210.99143981933594,62.639896392822266,12.527979278564453,1000.0,0.0,0.5333333333333333,0.13333333333333333,8.0,2.0,3.0,31
212.6680145263672,51.13800811767578,10.227601623535156,1000.0,0.0,0.5333333333333333,0.2,8.0,3.0,3.0,31
278.46551513671875,110.13152313232422,22.026304626464842,1000.0,0.0,0.5333333333333333,0.26666666666666666,8.0,4.0,3.0,31
234.8947296142578,78.52518463134766,15.705036926269532,1000.0,0.0,0.5333333333333333,0.3333333333333333,8.0,5.0,3.0,31
232.17034912109375,55.420528411865234,11.084105682373046,1000.0,0.0,0.5333333333333333,0.4,8.0,6.0,3.0,31
232.32408142089844,54.69218063354492,10.938436126708984,1000.0,0.0,0.5333333333333333,0.4666666666666667,8.0,7.0,3.0,31
220.71841430664062,44.51371383666992,8.902742767333985,1000.0,0.0,0.5333333333333333,0.5333333333333333,8.0,8.0,3.0,31
261.5237731933594,60.15134048461914,12.030268096923828,1000.0,0.0,0.5333333333333333,0.6,8.0,9.0,3.0,31
229.41929626464844,38.262081146240234,7.652416229248047,1000.0,0.0,0.5333333333333333,0.6666666666666666,8.0,10.0,3.0,31
262.09100341796875,55.244873046875,11.048974609375,1000.0,0.0,0.5333333333333333,0.7333333333333333,8.0,11.0,3.0,31
276.1433410644531,59.316280364990234,11.863256072998047,1000.0,0.0,0.5333333333333333,0.8,8.0,12.0,3.0,31
256.7917175292969,80.58296966552734,16.11659393310547,1000.0,0.0,0.5333333333333333,0.8666666666666667,8.0,13.0,3.0,31
234.6824188232422,55.317665100097656,11.06353302001953,1000.0,0.0,0.5333333333333333,0.9333333333333333,8.0,14.0,3.0,31
228.7769775390625,47.78282928466797,9.556565856933593,1000.0,0.0,0.5333333333333333,1.0,8.0,15.0,3.0,31
231.02572631835938,77.28636169433594,15.457272338867188,1000.0,0.0,0.6,-1.0,9.0,-15.0,3.0,31
261.8234558105469,99.31660461425781,19.863320922851564,1000.0,0.0,0.6,-0.9333333333333333,9.0,-14.0,3.0,31
255.72613525390625,84.65314483642578,16.930628967285156,1000.0,0.0,0.6,-0.8666666666666667,9.0,-13.0,3.0,31
245.6115264892578,91.75687408447266,18.35137481689453,1000.0,0.0,0.6,-0.8,9.0,-12.0,3.0,31
267.7156677246094,98.95674896240234,19.791349792480467,1000.0,0.0,0.6,-0.7333333333333333,9.0,-11.0,3.0,31
235.69068908691406,59.19887924194336,11.839775848388673,1000.0,0.0,0.6,-0.6666666666666666,9.0,-10.0,3.0,31
225.85113525390625,55.02826690673828,11.005653381347656,1000.0,0.0,0.6,-0.6,9.0,-9.0,3.0,31
236.48411560058594,60.80242156982422,12.160484313964844,1000.0,0.0,0.6,-0.5333333333333333,9.0,-8.0,3.0,31
216.88092041015625,45.866432189941406,9.173286437988281,1000.0,0.0,0.6,-0.4666666666666667,9.0,-7.0,3.0,31
190.63609313964844,21.82051658630371,4.364103317260742,1000.0,0.0,0.6,-0.4,9.0,-6.0,3.0,31
203.0955810546875,36.02995300292969,7.205990600585937,1000.0,0.0,0.6,-0.3333333333333333,9.0,-5.0,3.0,31
267.0566711425781,43.418277740478516,8.683655548095704,1000.0,0.0,0.6,-0.26666666666666666,9.0,-4.0,3.0,31
234.9564208984375,45.680294036865234,9.136058807373047,1000.0,0.0,0.6,-0.2,9.0,-3.0,3.0,31
222.0723114013672,48.284576416015625,9.656915283203125,1000.0,0.0,0.6,-0.13333333333333333,9.0,-2.0,3.0,31
238.89768981933594,46.576412200927734,9.315282440185547,1000.0,0.0,0.6,-0.06666666666666667,9.0,-1.0,3.0,31
242.09564208984375,55.784400939941406,11.156880187988282,1000.0,0.0,0.6,0.0,9.0,0.0,3.0,31
214.6903076171875,38.08204650878906,7.6164093017578125,1000.0,0.0,0.6,0.06666666666666667,9.0,1.0,3.0,31
200.87811279296875,38.50752639770508,7.701505279541015,1000.0,0.0,0.6,0.13333333333333333,9.0,2.0,3.0,31
207.45849609375,38.87916946411133,7.7758338928222654,1000.0,0.0,0.6,0.2,9.0,3.0,3.0,31
264.31658935546875,93.49169921875,18.69833984375,1000.0,0.0,0.6,0.26666666666666666,9.0,4.0,3.0,31
230.4111328125,62.67573547363281,12.535147094726563,1000.0,0.0,0.6,0.3333333333333333,9.0,5.0,3.0,31
220.20132446289062,48.88582229614258,9.777164459228516,1000.0,0.0,0.6,0.4,9.0,6.0,3.0,31
217.99610900878906,47.223941802978516,9.444788360595703,1000.0,0.0,0.6,0.4666666666666667,9.0,7.0,3.0,31
241.6326904296875,55.49100112915039,11.098200225830078,1000.0,0.0,0.6,0.5333333333333333,9.0,8.0,3.0,31
221.90150451660156,47.43118667602539,9.486237335205079,1000.0,0.0,0.6,0.6,9.0,9.0,3.0,31
243.7168731689453,56.322818756103516,11.264563751220702,1000.0,0.0,0.6,0.6666666666666666,9.0,10.0,3.0,31
237.97242736816406,52.524532318115234,10.504906463623048,1000.0,0.0,0.6,0.7333333333333333,9.0,11.0,3.0,31
247.07559204101562,58.96150207519531,11.792300415039062,1000.0,0.0,0.6,0.8,9.0,12.0,3.0,31
235.32615661621094,57.015682220458984,11.403136444091796,1000.0,0.0,0.6,0.8666666666666667,9.0,13.0,3.0,31
228.76669311523438,69.15996551513672,13.831993103027344,1000.0,0.0,0.6,0.9333333333333333,9.0,14.0,3.0,31
225.9618377685547,53.11800765991211,10.623601531982422,1000.0,0.0,0.6,1.0,9.0,15.0,3.0,31
229.8500518798828,75.52886199951172,15.105772399902344,1000.0,0.0,0.6666666666666666,-1.0,10.0,-15.0,3.0,31
244.59286499023438,83.99668884277344,16.799337768554686,1000.0,0.0,0.6666666666666666,-0.9333333333333333,10.0,-14.0,3.0,31
250.85218811035156,92.1883316040039,18.43766632080078,1000.0,0.0,0.6666666666666666,-0.8666666666666667,10.0,-13.0,3.0,31
230.74740600585938,74.25358581542969,14.850717163085937,1000.0,0.0,0.6666666666666666,-0.8,10.0,-12.0,3.0,31
247.58538818359375,80.2661361694336,16.05322723388672,1000.0,0.0,0.6666666666666666,-0.7333333333333333,10.0,-11.0,3.0,31
240.41091918945312,80.32415008544922,16.064830017089843,1000.0,0.0,0.6666666666666666,-0.6666666666666666,10.0,-10.0,3.0,31
215.57247924804688,43.34718704223633,8.669437408447266,1000.0,0.0,0.6666666666666666,-0.6,10.0,-9.0,3.0,31
202.25601196289062,35.81967544555664,7.1639350891113285,1000.0,0.0,0.6666666666666666,-0.5333333333333333,10.0,-8.0,3.0,31
201.37832641601562,32.937870025634766,6.587574005126953,1000.0,0.0,0.6666666666666666,-0.4666666666666667,10.0,-7.0,3.0,31
203.98883056640625,28.13361930847168,5.626723861694336,1000.0,0.0,0.6666666666666666,-0.4,10.0,-6.0,3.0,31
196.4936065673828,37.37580871582031,7.475161743164063,1000.0,0.0,0.6666666666666666,-0.3333333333333333,10.0,-5.0,3.0,31
235.3057403564453,41.49873352050781,8.299746704101562,1000.0,0.0,0.6666666666666666,-0.26666666666666666,10.0,-4.0,3.0,31
225.02337646484375,33.512046813964844,6.702409362792968,1000.0,0.0,0.6666666666666666,-0.2,10.0,-3.0,3.0,31
232.56715393066406,48.44313049316406,9.688626098632813,1000.0,0.0,0.6666666666666666,-0.13333333333333333,10.0,-2.0,3.0,31
236.42486572265625,53.4010124206543,10.68020248413086,1000.0,0.0,0.6666666666666666,-0.06666666666666667,10.0,-1.0,3.0,31
252.63380432128906,61.10670471191406,12.221340942382813,1000.0,0.0,0.6666666666666666,0.0,10.0,0.0,3.0,31
221.09579467773438,61.38960266113281,12.277920532226563,1000.0,0.0,0.6666666666666666,0.06666666666666667,10.0,1.0,3.0,31
198.38247680664062,26.646772384643555,5.329354476928711,1000.0,0.0,0.6666666666666666,0.13333333333333333,10.0,2.0,3.0,31
195.63882446289062,26.980697631835938,5.396139526367188,1000.0,0.0,0.6666666666666666,0.2,10.0,3.0,3.0,31
203.4595184326172,40.61027908325195,8.122055816650391,1000.0,0.0,0.6666666666666666,0.26666666666666666,10.0,4.0,3.0,31
228.77435302734375,74.95022583007812,14.990045166015625,1000.0,0.0,0.6666666666666666,0.3333333333333333,10.0,5.0,3.0,31
216.6156005859375,45.298004150390625,9.059600830078125,1000.0,0.0,0.6666666666666666,0.4,10.0,6.0,3.0,31
210.8025360107422,43.18299102783203,8.636598205566406,1000.0,0.0,0.6666666666666666,0.4666666666666667,10.0,7.0,3.0,31
210.18199157714844,39.49500274658203,7.899000549316407,1000.0,0.0,0.6666666666666666,0.5333333333333333,10.0,8.0,3.0,31
235.3577117919922,69.1124038696289,13.822480773925781,1000.0,0.0,0.6666666666666666,0.6,10.0,9.0,3.0,31
242.2236785888672,69.26749420166016,13.853498840332032,1000.0,0.0,0.6666666666666666,0.6666666666666666,10.0,10.0,3.0,31
223.5658721923828,49.57426452636719,9.914852905273438,1000.0,0.0,0.6666666666666666,0.7333333333333333,10.0,11.0,3.0,31
257.23223876953125,71.31771087646484,14.263542175292969,1000.0,0.0,0.6666666666666666,0.8,10.0,12.0,3.0,31
250.5022430419922,75.54246520996094,15.108493041992187,1000.0,0.0,0.6666666666666666,0.8666666666666667,10.0,13.0,3.0,31
242.8791046142578,60.325660705566406,12.065132141113281,1000.0,0.0,0.6666666666666666,0.9333333333333333,10.0,14.0,3.0,31
234.08790588378906,65.8525619506836,13.170512390136718,1000.0,0.0,0.6666666666666666,1.0,10.0,15.0,3.0,31
226.11660766601562,78.68639373779297,15.737278747558594,1000.0,0.0,0.7333333333333333,-1.0,11.0,-15.0,3.0,31
223.36019897460938,72.60176086425781,14.520352172851563,1000.0,0.0,0.7333333333333333,-0.9333333333333333,11.0,-14.0,3.0,31
235.9385223388672,75.20694732666016,15.041389465332031,1000.0,0.0,0.7333333333333333,-0.8666666666666667,11.0,-13.0,3.0,31
239.5786590576172,79.4400634765625,15.8880126953125,1000.0,0.0,0.7333333333333333,-0.8,11.0,-12.0,3.0,31
222.58424377441406,64.67828369140625,12.93565673828125,1000.0,0.0,0.7333333333333333,-0.7333333333333333,11.0,-11.0,3.0,31
202.90704345703125,32.3134765625,6.4626953125,1000.0,0.0,0.7333333333333333,-0.6666666666666666,11.0,-10.0,3.0,31
195.37791442871094,23.70821762084961,4.7416435241699215,1000.0,0.0,0.7333333333333333,-0.6,11.0,-9.0,3.0,31
203.2377471923828,30.89297103881836,6.1785942077636715,1000.0,0.0,0.7333333333333333,-0.5333333333333333,11.0,-8.0,3.0,31
194.85858154296875,28.50306510925293,5.700613021850586,1000.0,0.0,0.7333333333333333,-0.4666666666666667,11.0,-7.0,3.0,31
207.22341918945312,28.170604705810547,5.634120941162109,1000.0,0.0,0.7333333333333333,-0.4,11.0,-6.0,3.0,31
210.2641143798828,22.20559310913086,4.441118621826172,1000.0,0.0,0.7333333333333333,-0.3333333333333333,11.0,-5.0,3.0,31
232.7512664794922,45.439476013183594,9.08789520263672,1000.0,0.0,0.7333333333333333,-0.26666666666666666,11.0,-4.0,3.0,31
219.8837890625,39.242164611816406,7.848432922363282,1000.0,0.0,0.7333333333333333,-0.2,11.0,-3.0,3.0,31
227.29478454589844,51.187862396240234,10.237572479248048,1000.0,0.0,0.7333333333333333,-0.13333333333333333,11.0,-2.0,3.0,31
236.11500549316406,49.347137451171875,9.869427490234376,1000.0,0.0,0.7333333333333333,-0.06666666666666667,11.0,-1.0,3.0,31
252.91603088378906,47.5072135925293,9.50144271850586,1000.0,0.0,0.7333333333333333,0.0,11.0,0.0,3.0,31
214.23631286621094,51.430091857910156,10.286018371582031,1000.0,0.0,0.7333333333333333,0.06666666666666667,11.0,1.0,3.0,31
205.84970092773438,35.23496627807617,7.046993255615234,1000.0,0.0,0.7333333333333333,0.13333333333333333,11.0,2.0,3.0,31
200.1691436767578,34.025726318359375,6.805145263671875,1000.0,0.0,0.7333333333333333,0.2,11.0,3.0,3.0,31
201.51332092285156,37.61360549926758,7.5227210998535154,1000.0,0.0,0.7333333333333333,0.26666666666666666,11.0,4.0,3.0,31
217.35928344726562,76.50703430175781,15.301406860351562,1000.0,0.0,0.7333333333333333,0.3333333333333333,11.0,5.0,3.0,31
235.46165466308594,79.70662689208984,15.941325378417968,1000.0,0.0,0.7333333333333333,0.4,11.0,6.0,3.0,31
205.26602172851562,40.081363677978516,8.016272735595702,1000.0,0.0,0.7333333333333333,0.4666666666666667,11.0,7.0,3.0,31
204.7549591064453,33.36570739746094,6.6731414794921875,1000.0,0.0,0.7333333333333333,0.5333333333333333,11.0,8.0,3.0,31
238.1935577392578,59.88494873046875,11.97698974609375,1000.0,0.0,0.7333333333333333,0.6,11.0,9.0,3.0,31
262.4563903808594,76.86810302734375,15.37362060546875,1000.0,0.0,0.7333333333333333,0.6666666666666666,11.0,10.0,3.0,31
241.47039794921875,77.90182495117188,15.580364990234376,1000.0,0.0,0.7333333333333333,0.7333333333333333,11.0,11.0,3.0,31
287.60968017578125,92.82015228271484,18.56403045654297,1000.0,0.0,0.7333333333333333,0.8,11.0,12.0,3.0,31
272.9058837890625,73.07653045654297,14.615306091308593,1000.0,0.0,0.7333333333333333,0.8666666666666667,11.0,13.0,3.0,31
234.73500061035156,67.35832977294922,13.471665954589843,1000.0,0.0,0.7333333333333333,0.9333333333333333,11.0,14.0,3.0,31
231.7991943359375,67.61809539794922,13.523619079589844,1000.0,0.0,0.7333333333333333,1.0,11.0,15.0,3.0,31
205.01513671875,55.771759033203125,11.154351806640625,1000.0,0.0,0.8,-1.0,12.0,-15.0,3.0,31
214.93276977539062,65.77873229980469,13.155746459960938,1000.0,0.0,0.8,-0.9333333333333333,12.0,-14.0,3.0,31
222.0962677001953,66.9054183959961,13.381083679199218,1000.0,0.0,0.8,-0.8666666666666667,12.0,-13.0,3.0,31
223.04185485839844,54.23259353637695,10.84651870727539,1000.0,0.0,0.8,-0.8,12.0,-12.0,3.0,31
200.6927947998047,40.968536376953125,8.193707275390626,1000.0,0.0,0.8,-0.7333333333333333,12.0,-11.0,3.0,31
194.03750610351562,25.770444869995117,5.154088973999023,1000.0,0.0,0.8,-0.6666666666666666,12.0,-10.0,3.0,31
199.27822875976562,28.974353790283203,5.794870758056641,1000.0,0.0,0.8,-0.6,12.0,-9.0,3.0,31
189.15045166015625,19.712051391601562,3.9424102783203123,1000.0,0.0,0.8,-0.5333333333333333,12.0,-8.0,3.0,31
191.37840270996094,21.479690551757812,4.295938110351562,1000.0,0.0,0.8,-0.4666666666666667,12.0,-7.0,3.0,31
191.1737060546875,18.989009857177734,3.797801971435547,1000.0,0.0,0.8,-0.4,12.0,-6.0,3.0,31
209.2307586669922,26.96650505065918,5.393301010131836,1000.0,0.0,0.8,-0.3333333333333333,12.0,-5.0,3.0,31
216.6361541748047,39.480342864990234,7.896068572998047,1000.0,0.0,0.8,-0.26666666666666666,12.0,-4.0,3.0,31
207.96937561035156,27.625944137573242,5.525188827514649,1000.0,0.0,0.8,-0.2,12.0,-3.0,3.0,31
200.76380920410156,26.007295608520508,5.201459121704102,1000.0,0.0,0.8,-0.13333333333333333,12.0,-2.0,3.0,31
212.5996856689453,37.60318374633789,7.520636749267578,1000.0,0.0,0.8,-0.06666666666666667,12.0,-1.0,3.0,31
241.98544311523438,59.65688705444336,11.931377410888672,1000.0,0.0,0.8,0.0,12.0,0.0,3.0,31
220.00389099121094,37.38283157348633,7.476566314697266,1000.0,0.0,0.8,0.06666666666666667,12.0,1.0,3.0,31
197.73193359375,30.727294921875,6.145458984375,1000.0,0.0,0.8,0.13333333333333333,12.0,2.0,3.0,31
191.76290893554688,21.49614715576172,4.299229431152344,1000.0,0.0,0.8,0.2,12.0,3.0,3.0,31
192.35650634765625,34.9672737121582,6.9934547424316404,1000.0,0.0,0.8,0.26666666666666666,12.0,4.0,3.0,31
205.45285034179688,42.037593841552734,8.407518768310547,1000.0,0.0,0.8,0.3333333333333333,12.0,5.0,3.0,31
228.5635986328125,63.290462493896484,12.658092498779297,1000.0,0.0,0.8,0.4,12.0,6.0,3.0,31
230.67813110351562,58.467979431152344,11.693595886230469,1000.0,0.0,0.8,0.4666666666666667,12.0,7.0,3.0,31
258.049560546875,95.47501373291016,19.095002746582033,1000.0,0.0,0.8,0.5333333333333333,12.0,8.0,3.0,31
247.42308044433594,74.18550109863281,14.837100219726562,1000.0,0.0,0.8,0.6,12.0,9.0,3.0,31
288.6327819824219,79.73942565917969,15.947885131835937,1000.0,0.0,0.8,0.6666666666666666,12.0,10.0,3.0,31
239.04922485351562,67.19393157958984,13.43878631591797,1000.0,0.0,0.8,0.7333333333333333,12.0,11.0,3.0,31
276.5794372558594,86.47772216796875,17.29554443359375,1000.0,0.0,0.8,0.8,12.0,12.0,3.0,31
259.80072021484375,82.63360595703125,16.52672119140625,1000.0,0.0,0.8,0.8666666666666667,12.0,13.0,3.0,31
260.0638732910156,74.18212890625,14.83642578125,1000.0,0.0,0.8,0.9333333333333333,12.0,14.0,3.0,31
248.47030639648438,72.197021484375,14.439404296875,1000.0,0.0,0.8,1.0,12.0,15.0,3.0,31
222.39620971679688,61.62486267089844,12.324972534179688,1000.0,0.0,0.8666666666666667,-1.0,13.0,-15.0,3.0,31
218.20834350585938,56.15091323852539,11.230182647705078,1000.0,0.0,0.8666666666666667,-0.9333333333333333,13.0,-14.0,3.0,31
208.0155029296875,47.773231506347656,9.554646301269532,1000.0,0.0,0.8666666666666667,-0.8666666666666667,13.0,-13.0,3.0,31
196.16738891601562,33.43871307373047,6.687742614746094,1000.0,0.0,0.8666666666666667,-0.8,13.0,-12.0,3.0,31
199.31607055664062,33.029876708984375,6.605975341796875,1000.0,0.0,0.8666666666666667,-0.7333333333333333,13.0,-11.0,3.0,31
199.06661987304688,26.957170486450195,5.391434097290039,1000.0,0.0,0.8666666666666667,-0.6666666666666666,13.0,-10.0,3.0,31
197.60818481445312,29.678821563720703,5.935764312744141,1000.0,0.0,0.8666666666666667,-0.6,13.0,-9.0,3.0,31
186.23675537109375,18.883892059326172,3.7767784118652346,1000.0,0.0,0.8666666666666667,-0.5333333333333333,13.0,-8.0,3.0,31
201.84571838378906,27.192272186279297,5.438454437255859,1000.0,0.0,0.8666666666666667,-0.4666666666666667,13.0,-7.0,3.0,31
194.84808349609375,18.12352752685547,3.624705505371094,1000.0,0.0,0.8666666666666667,-0.4,13.0,-6.0,3.0,31
203.21017456054688,26.986867904663086,5.3973735809326175,1000.0,0.0,0.8666666666666667,-0.3333333333333333,13.0,-5.0,3.0,31
204.1254425048828,35.484642028808594,7.096928405761719,1000.0,0.0,0.8666666666666667,-0.26666666666666666,13.0,-4.0,3.0,31
206.53158569335938,31.21704864501953,6.243409729003906,1000.0,0.0,0.8666666666666667,-0.2,13.0,-3.0,3.0,31
200.2242431640625,25.806472778320312,5.161294555664062,1000.0,0.0,0.8666666666666667,-0.13333333333333333,13.0,-2.0,3.0,31
202.5468292236328,31.53245735168457,6.306491470336914,1000.0,0.0,0.8666666666666667,-0.06666666666666667,13.0,-1.0,3.0,31
217.4859619140625,38.70391845703125,7.74078369140625,1000.0,0.0,0.8666666666666667,0.0,13.0,0.0,3.0,31
214.61590576171875,29.079416275024414,5.8158832550048825,1000.0,0.0,0.8666666666666667,0.06666666666666667,13.0,1.0,3.0,31
202.6015625,34.79246520996094,6.958493041992187,1000.0,0.0,0.8666666666666667,0.13333333333333333,13.0,2.0,3.0,31
195.25929260253906,24.456985473632812,4.891397094726562,1000.0,0.0,0.8666666666666667,0.2,13.0,3.0,3.0,31
199.31236267089844,30.22261619567871,6.044523239135742,1000.0,0.0,0.8666666666666667,0.26666666666666666,13.0,4.0,3.0,31
203.79891967773438,39.07958984375,7.81591796875,1000.0,0.0,0.8666666666666667,0.3333333333333333,13.0,5.0,3.0,31
214.51222229003906,55.23940658569336,11.047881317138671,1000.0,0.0,0.8666666666666667,0.4,13.0,6.0,3.0,31
234.3862762451172,61.52521896362305,12.305043792724609,1000.0,0.0,0.8666666666666667,0.4666666666666667,13.0,7.0,3.0,31
253.9208526611328,72.63164520263672,14.526329040527344,1000.0,0.0,0.8666666666666667,0.5333333333333333,13.0,8.0,3.0,31
249.24400329589844,76.27002716064453,15.254005432128906,1000.0,0.0,0.8666666666666667,0.6,13.0,9.0,3.0,31
249.8075714111328,69.12535095214844,13.825070190429688,1000.0,0.0,0.8666666666666667,0.6666666666666666,13.0,10.0,3.0,31
256.3902587890625,80.2446517944336,16.048930358886718,1000.0,0.0,0.8666666666666667,0.7333333333333333,13.0,11.0,3.0,31
256.2188720703125,85.93480682373047,17.186961364746093,1000.0,0.0,0.8666666666666667,0.8,13.0,12.0,3.0,31
262.0362854003906,87.02625274658203,17.405250549316406,1000.0,0.0,0.8666666666666667,0.8666666666666667,13.0,13.0,3.0,31
260.27374267578125,80.42619323730469,16.085238647460937,1000.0,0.0,0.8666666666666667,0.9333333333333333,13.0,14.0,3.0,31
265.2803039550781,90.47869873046875,18.09573974609375,1000.0,0.0,0.8666666666666667,1.0,13.0,15.0,3.0,31
207.6053466796875,50.19237518310547,10.038475036621094,1000.0,0.0,0.9333333333333333,-1.0,14.0,-15.0,3.0,31
197.22312927246094,33.147220611572266,6.629444122314453,1000.0,0.0,0.9333333333333333,-0.9333333333333333,14.0,-14.0,3.0,31
195.05419921875,33.63347244262695,6.726694488525391,1000.0,0.0,0.9333333333333333,-0.8666666666666667,14.0,-13.0,3.0,31
187.6233367919922,19.463886260986328,3.8927772521972654,1000.0,0.0,0.9333333333333333,-0.8,14.0,-12.0,3.0,31
191.31320190429688,25.812501907348633,5.162500381469727,1000.0,0.0,0.9333333333333333,-0.7333333333333333,14.0,-11.0,3.0,31
197.9761962890625,37.90816879272461,7.581633758544922,1000.0,0.0,0.9333333333333333,-0.6666666666666666,14.0,-10.0,3.0,31
189.2113800048828,20.178083419799805,4.035616683959961,1000.0,0.0,0.9333333333333333,-0.6,14.0,-9.0,3.0,31
190.34080505371094,17.012638092041016,3.402527618408203,1000.0,0.0,0.9333333333333333,-0.5333333333333333,14.0,-8.0,3.0,31
202.6415252685547,18.73622703552246,3.7472454071044923,1000.0,0.0,0.9333333333333333,-0.4666666666666667,14.0,-7.0,3.0,31
194.96719360351562,21.362369537353516,4.272473907470703,1000.0,0.0,0.9333333333333333,-0.4,14.0,-6.0,3.0,31
200.5328369140625,28.135995864868164,5.627199172973633,1000.0,0.0,0.9333333333333333,-0.3333333333333333,14.0,-5.0,3.0,31
216.32643127441406,39.684120178222656,7.936824035644531,1000.0,0.0,0.9333333333333333,-0.26666666666666666,14.0,-4.0,3.0,31
212.77716064453125,36.911746978759766,7.3823493957519535,1000.0,0.0,0.9333333333333333,-0.2,14.0,-3.0,3.0,31
202.2795867919922,30.940948486328125,6.188189697265625,1000.0,0.0,0.9333333333333333,-0.13333333333333333,14.0,-2.0,3.0,31
206.92440795898438,37.27987289428711,7.455974578857422,1000.0,0.0,0.9333333333333333,-0.06666666666666667,14.0,-1.0,3.0,31
221.4236297607422,39.733821868896484,7.946764373779297,1000.0,0.0,0.9333333333333333,0.0,14.0,0.0,3.0,31
208.7480010986328,30.36031150817871,6.072062301635742,1000.0,0.0,0.9333333333333333,0.06666666666666667,14.0,1.0,3.0,31
206.33685302734375,31.932497024536133,6.386499404907227,1000.0,0.0,0.9333333333333333,0.13333333333333333,14.0,2.0,3.0,31
196.71214294433594,38.53792953491211,7.7075859069824215,1000.0,0.0,0.9333333333333333,0.2,14.0,3.0,3.0,31
199.47915649414062,41.61331558227539,8.322663116455079,1000.0,0.0,0.9333333333333333,0.26666666666666666,14.0,4.0,3.0,31
200.775390625,34.629547119140625,6.925909423828125,1000.0,0.0,0.9333333333333333,0.3333333333333333,14.0,5.0,3.0,31
209.7812957763672,44.46262741088867,8.892525482177735,1000.0,0.0,0.9333333333333333,0.4,14.0,6.0,3.0,31
221.58021545410156,38.410274505615234,7.682054901123047,1000.0,0.0,0.9333333333333333,0.4666666666666667,14.0,7.0,3.0,31
249.0728302001953,85.90174865722656,17.18034973144531,1000.0,0.0,0.9333333333333333,0.5333333333333333,14.0,8.0,3.0,31
230.01873779296875,74.65782165527344,14.931564331054688,1000.0,0.0,0.9333333333333333,0.6,14.0,9.0,3.0,31
252.9833526611328,81.18122100830078,16.236244201660156,1000.0,0.0,0.9333333333333333,0.6666666666666666,14.0,10.0,3.0,31
249.78118896484375,73.32221221923828,14.664442443847657,1000.0,0.0,0.9333333333333333,0.7333333333333333,14.0,11.0,3.0,31
260.3076171875,76.31610870361328,15.263221740722656,1000.0,0.0,0.9333333333333333,0.8,14.0,12.0,3.0,31
234.2435302734375,79.46123504638672,15.892247009277344,1000.0,0.0,0.9333333333333333,0.8666666666666667,14.0,13.0,3.0,31
249.94085693359375,86.05496215820312,17.210992431640626,1000.0,0.0,0.9333333333333333,0.9333333333333333,14.0,14.0,3.0,31
272.8001403808594,92.59606170654297,18.519212341308595,1000.0,0.0,0.9333333333333333,1.0,14.0,15.0,3.0,31
204.90965270996094,45.5559196472168,9.11118392944336,1000.0,0.0,1.0,-1.0,15.0,-15.0,3.0,31
196.4595947265625,28.810155868530273,5.762031173706054,1000.0,0.0,1.0,-0.9333333333333333,15.0,-14.0,3.0,31
194.82073974609375,23.231372833251953,4.646274566650391,1000.0,0.0,1.0,-0.8666666666666667,15.0,-13.0,3.0,31
202.01473999023438,30.994321823120117,6.198864364624024,1000.0,0.0,1.0,-0.8,15.0,-12.0,3.0,31
190.4979248046875,23.11573028564453,4.623146057128906,1000.0,0.0,1.0,-0.7333333333333333,15.0,-11.0,3.0,31
196.7910614013672,24.448699951171875,4.889739990234375,1000.0,0.0,1.0,-0.6666666666666666,15.0,-10.0,3.0,31
199.9014129638672,23.160486221313477,4.632097244262695,1000.0,0.0,1.0,-0.6,15.0,-9.0,3.0,31
210.15602111816406,29.18248748779297,5.836497497558594,1000.0,0.0,1.0,-0.5333333333333333,15.0,-8.0,3.0,31
194.92266845703125,23.035415649414062,4.607083129882812,1000.0,0.0,1.0,-0.4666666666666667,15.0,-7.0,3.0,31
200.51065063476562,24.359453201293945,4.871890640258789,1000.0,0.0,1.0,-0.4,15.0,-6.0,3.0,31
201.48800659179688,33.940731048583984,6.788146209716797,1000.0,0.0,1.0,-0.3333333333333333,15.0,-5.0,3.0,31
209.8235321044922,24.21481704711914,4.842963409423828,1000.0,0.0,1.0,-0.26666666666666666,15.0,-4.0,3.0,31
201.4155731201172,27.39200210571289,5.478400421142578,1000.0,0.0,1.0,-0.2,15.0,-3.0,3.0,31
202.26239013671875,29.15418243408203,5.830836486816406,1000.0,0.0,1.0,-0.13333333333333333,15.0,-2.0,3.0,31
209.93331909179688,36.77122497558594,7.354244995117187,1000.0,0.0,1.0,-0.06666666666666667,15.0,-1.0,3.0,31
212.18873596191406,42.27056884765625,8.45411376953125,1000.0,0.0,1.0,0.0,15.0,0.0,3.0,31
219.73023986816406,40.08314514160156,8.016629028320313,1000.0,0.0,1.0,0.06666666666666667,15.0,1.0,3.0,31
213.8170166015625,41.61549758911133,8.323099517822266,1000.0,0.0,1.0,0.13333333333333333,15.0,2.0,3.0,31
207.58212280273438,36.096797943115234,7.219359588623047,1000.0,0.0,1.0,0.2,15.0,3.0,3.0,31
204.80162048339844,35.9840202331543,7.196804046630859,1000.0,0.0,1.0,0.26666666666666666,15.0,4.0,3.0,31
198.2412109375,37.73419952392578,7.546839904785156,1000.0,0.0,1.0,0.3333333333333333,15.0,5.0,3.0,31
214.8224639892578,48.9895133972168,9.797902679443359,1000.0,0.0,1.0,0.4,15.0,6.0,3.0,31
211.5658721923828,44.56758499145508,8.913516998291016,1000.0,0.0,1.0,0.4666666666666667,15.0,7.0,3.0,31
217.84893798828125,50.8538818359375,10.1707763671875,1000.0,0.0,1.0,0.5333333333333333,15.0,8.0,3.0,31
225.6769561767578,64.8314437866211,12.966288757324218,1000.0,0.0,1.0,0.6,15.0,9.0,3.0,31
233.01571655273438,75.73959350585938,15.147918701171875,1000.0,0.0,1.0,0.6666666666666666,15.0,10.0,3.0,31
258.9986267089844,88.4056625366211,17.681132507324218,1000.0,0.0,1.0,0.7333333333333333,15.0,11.0,3.0,31
254.71542358398438,84.68025970458984,16.93605194091797,1000.0,0.0,1.0,0.8,15.0,12.0,3.0,31
236.82888793945312,74.01996612548828,14.803993225097656,1000.0,0.0,1.0,0.8666666666666667,15.0,13.0,3.0,31
233.5496063232422,68.90027618408203,13.780055236816406,1000.0,0.0,1.0,0.9333333333333333,15.0,14.0,3.0,31
242.72406005859375,67.97990417480469,13.595980834960937,1000.0,0.0,1.0,1.0,15.0,15.0,3.0,31
