episode_rewards,episode_std_rewards,episode_stderr_rewards,episode_avg_len,episode_std_avg_len,dim0,dim1,offset1,offset2,magnitude,grid_size
215.2461700439453,70.93325805664062,14.186651611328125,1000.0,0.0,-1.0,-1.0,-15.0,-15.0,3.0,31
206.38192749023438,53.416561126708984,10.683312225341798,1000.0,0.0,-1.0,-0.9333333333333333,-15.0,-14.0,3.0,31
200.62521362304688,44.74135971069336,8.948271942138671,1000.0,0.0,-1.0,-0.8666666666666667,-15.0,-13.0,3.0,31
203.07705688476562,44.151817321777344,8.830363464355468,1000.0,0.0,-1.0,-0.8,-15.0,-12.0,3.0,31
191.50816345214844,34.03456497192383,6.806912994384765,1000.0,0.0,-1.0,-0.7333333333333333,-15.0,-11.0,3.0,31
191.38946533203125,36.43224334716797,7.286448669433594,1000.0,0.0,-1.0,-0.6666666666666666,-15.0,-10.0,3.0,31
199.0233612060547,42.29981994628906,8.459963989257812,1000.0,0.0,-1.0,-0.6,-15.0,-9.0,3.0,31
206.87632751464844,60.51579666137695,12.103159332275391,1000.0,0.0,-1.0,-0.5333333333333333,-15.0,-8.0,3.0,31
211.19476318359375,55.54853820800781,11.109707641601563,1000.0,0.0,-1.0,-0.4666666666666667,-15.0,-7.0,3.0,31
222.69361877441406,59.80301284790039,11.960602569580079,1000.0,0.0,-1.0,-0.4,-15.0,-6.0,3.0,31
220.7330322265625,49.225467681884766,9.845093536376954,1000.0,0.0,-1.0,-0.3333333333333333,-15.0,-5.0,3.0,31
219.08819580078125,44.823280334472656,8.96465606689453,1000.0,0.0,-1.0,-0.26666666666666666,-15.0,-4.0,3.0,31
215.6473846435547,47.237056732177734,9.447411346435548,1000.0,0.0,-1.0,-0.2,-15.0,-3.0,3.0,31
229.85708618164062,50.921791076660156,10.184358215332031,1000.0,0.0,-1.0,-0.13333333333333333,-15.0,-2.0,3.0,31
231.47747802734375,58.30141067504883,11.660282135009766,1000.0,0.0,-1.0,-0.06666666666666667,-15.0,-1.0,3.0,31
226.8648223876953,55.088138580322266,11.017627716064453,1000.0,0.0,-1.0,0.0,-15.0,0.0,3.0,31
229.9951629638672,53.54911804199219,10.709823608398438,1000.0,0.0,-1.0,0.06666666666666667,-15.0,1.0,3.0,31
214.86940002441406,43.42983627319336,8.685967254638673,1000.0,0.0,-1.0,0.13333333333333333,-15.0,2.0,3.0,31
203.77676391601562,38.51765060424805,7.703530120849609,1000.0,0.0,-1.0,0.2,-15.0,3.0,3.0,31
198.48504638671875,33.398983001708984,6.679796600341797,1000.0,0.0,-1.0,0.26666666666666666,-15.0,4.0,3.0,31
197.50021362304688,33.788841247558594,6.757768249511718,1000.0,0.0,-1.0,0.3333333333333333,-15.0,5.0,3.0,31
210.8477020263672,40.855979919433594,8.171195983886719,1000.0,0.0,-1.0,0.4,-15.0,6.0,3.0,31
206.61843872070312,37.231361389160156,7.446272277832032,1000.0,0.0,-1.0,0.4666666666666667,-15.0,7.0,3.0,31
204.74041748046875,31.59781837463379,6.319563674926758,1000.0,0.0,-1.0,0.5333333333333333,-15.0,8.0,3.0,31
199.33985900878906,24.30384063720703,4.860768127441406,1000.0,0.0,-1.0,0.6,-15.0,9.0,3.0,31
203.90951538085938,28.225194931030273,5.645038986206055,1000.0,0.0,-1.0,0.6666666666666666,-15.0,10.0,3.0,31
250.15780639648438,43.385101318359375,8.677020263671874,1000.0,0.0,-1.0,0.7333333333333333,-15.0,11.0,3.0,31
251.44833374023438,48.05315017700195,9.61063003540039,1000.0,0.0,-1.0,0.8,-15.0,12.0,3.0,31
225.82284545898438,29.967496871948242,5.993499374389648,1000.0,0.0,-1.0,0.8666666666666667,-15.0,13.0,3.0,31
199.47601318359375,17.22025489807129,3.444050979614258,1000.0,0.0,-1.0,0.9333333333333333,-15.0,14.0,3.0,31
195.2407684326172,14.637242317199707,2.9274484634399416,1000.0,0.0,-1.0,1.0,-15.0,15.0,3.0,31
259.57470703125,90.48682403564453,18.097364807128905,1000.0,0.0,-0.9333333333333333,-1.0,-14.0,-15.0,3.0,31
201.81283569335938,47.818363189697266,9.563672637939453,1000.0,0.0,-0.9333333333333333,-0.9333333333333333,-14.0,-14.0,3.0,31
202.49757385253906,51.5338134765625,10.3067626953125,1000.0,0.0,-0.9333333333333333,-0.8666666666666667,-14.0,-13.0,3.0,31
199.10931396484375,48.937870025634766,9.787574005126952,1000.0,0.0,-0.9333333333333333,-0.8,-14.0,-12.0,3.0,31
193.53262329101562,30.725439071655273,6.145087814331054,1000.0,0.0,-0.9333333333333333,-0.7333333333333333,-14.0,-11.0,3.0,31
208.36398315429688,56.90763854980469,11.381527709960938,1000.0,0.0,-0.9333333333333333,-0.6666666666666666,-14.0,-10.0,3.0,31
191.9456024169922,33.94066619873047,6.788133239746093,1000.0,0.0,-0.9333333333333333,-0.6,-14.0,-9.0,3.0,31
198.80197143554688,38.34709167480469,7.6694183349609375,1000.0,0.0,-0.9333333333333333,-0.5333333333333333,-14.0,-8.0,3.0,31
210.3711700439453,51.75264358520508,10.350528717041016,1000.0,0.0,-0.9333333333333333,-0.4666666666666667,-14.0,-7.0,3.0,31
214.59815979003906,54.959228515625,10.991845703125,1000.0,0.0,-0.9333333333333333,-0.4,-14.0,-6.0,3.0,31
227.5434112548828,51.50307083129883,10.300614166259766,1000.0,0.0,-0.9333333333333333,-0.3333333333333333,-14.0,-5.0,3.0,31
214.76332092285156,48.08283233642578,9.616566467285157,1000.0,0.0,-0.9333333333333333,-0.26666666666666666,-14.0,-4.0,3.0,31
217.4044952392578,47.57635498046875,9.51527099609375,1000.0,0.0,-0.9333333333333333,-0.2,-14.0,-3.0,3.0,31
220.8788604736328,51.34994125366211,10.269988250732421,1000.0,0.0,-0.9333333333333333,-0.13333333333333333,-14.0,-2.0,3.0,31
230.82798767089844,60.749691009521484,12.149938201904297,1000.0,0.0,-0.9333333333333333,-0.06666666666666667,-14.0,-1.0,3.0,31
222.9379119873047,51.5451774597168,10.309035491943359,1000.0,0.0,-0.9333333333333333,0.0,-14.0,0.0,3.0,31
226.5189666748047,55.15459060668945,11.03091812133789,1000.0,0.0,-0.9333333333333333,0.06666666666666667,-14.0,1.0,3.0,31
217.9945831298828,51.925933837890625,10.385186767578125,1000.0,0.0,-0.9333333333333333,0.13333333333333333,-14.0,2.0,3.0,31
209.55274963378906,39.03813934326172,7.807627868652344,1000.0,0.0,-0.9333333333333333,0.2,-14.0,3.0,3.0,31
199.60476684570312,34.71949005126953,6.943898010253906,1000.0,0.0,-0.9333333333333333,0.26666666666666666,-14.0,4.0,3.0,31
203.27886962890625,41.437408447265625,8.287481689453125,1000.0,0.0,-0.9333333333333333,0.3333333333333333,-14.0,5.0,3.0,31
220.61160278320312,39.89720916748047,7.979441833496094,1000.0,0.0,-0.9333333333333333,0.4,-14.0,6.0,3.0,31
214.8048095703125,35.05796432495117,7.011592864990234,1000.0,0.0,-0.9333333333333333,0.4666666666666667,-14.0,7.0,3.0,31
205.63624572753906,26.080018997192383,5.216003799438477,1000.0,0.0,-0.9333333333333333,0.5333333333333333,-14.0,8.0,3.0,31
196.1947021484375,22.9302978515625,4.5860595703125,1000.0,0.0,-0.9333333333333333,0.6,-14.0,9.0,3.0,31
229.62460327148438,44.98774719238281,8.997549438476563,1000.0,0.0,-0.9333333333333333,0.6666666666666666,-14.0,10.0,3.0,31
258.2144470214844,37.229881286621094,7.445976257324219,1000.0,0.0,-0.9333333333333333,0.7333333333333333,-14.0,11.0,3.0,31
238.5903778076172,31.499624252319336,6.299924850463867,1000.0,0.0,-0.9333333333333333,0.8,-14.0,12.0,3.0,31
210.57064819335938,15.48622989654541,3.097245979309082,1000.0,0.0,-0.9333333333333333,0.8666666666666667,-14.0,13.0,3.0,31
189.21339416503906,20.359514236450195,4.071902847290039,1000.0,0.0,-0.9333333333333333,0.9333333333333333,-14.0,14.0,3.0,31
185.88136291503906,21.887100219726562,4.377420043945312,1000.0,0.0,-0.9333333333333333,1.0,-14.0,15.0,3.0,31
198.5651397705078,20.58539390563965,4.11707878112793,1000.0,0.0,-0.8666666666666667,-1.0,-13.0,-15.0,3.0,31
250.06227111816406,76.48365783691406,15.296731567382812,1000.0,0.0,-0.8666666666666667,-0.9333333333333333,-13.0,-14.0,3.0,31
212.96035766601562,54.384761810302734,10.876952362060546,1000.0,0.0,-0.8666666666666667,-0.8666666666666667,-13.0,-13.0,3.0,31
212.59576416015625,63.73161315917969,12.746322631835938,1000.0,0.0,-0.8666666666666667,-0.8,-13.0,-12.0,3.0,31
196.4620361328125,37.75877380371094,7.551754760742187,1000.0,0.0,-0.8666666666666667,-0.7333333333333333,-13.0,-11.0,3.0,31
199.2456512451172,38.52930450439453,7.705860900878906,1000.0,0.0,-0.8666666666666667,-0.6666666666666666,-13.0,-10.0,3.0,31
197.00189208984375,39.94919204711914,7.989838409423828,1000.0,0.0,-0.8666666666666667,-0.6,-13.0,-9.0,3.0,31
190.876953125,27.227127075195312,5.445425415039063,1000.0,0.0,-0.8666666666666667,-0.5333333333333333,-13.0,-8.0,3.0,31
202.21490478515625,44.4833984375,8.8966796875,1000.0,0.0,-0.8666666666666667,-0.4666666666666667,-13.0,-7.0,3.0,31
210.6815185546875,46.11326217651367,9.222652435302734,1000.0,0.0,-0.8666666666666667,-0.4,-13.0,-6.0,3.0,31
225.9319305419922,55.99540328979492,11.199080657958984,1000.0,0.0,-0.8666666666666667,-0.3333333333333333,-13.0,-5.0,3.0,31
213.78866577148438,47.9064826965332,9.58129653930664,1000.0,0.0,-0.8666666666666667,-0.26666666666666666,-13.0,-4.0,3.0,31
222.93804931640625,49.818363189697266,9.963672637939453,1000.0,0.0,-0.8666666666666667,-0.2,-13.0,-3.0,3.0,31
235.1289825439453,51.31039810180664,10.262079620361328,1000.0,0.0,-0.8666666666666667,-0.13333333333333333,-13.0,-2.0,3.0,31
240.64501953125,53.820743560791016,10.764148712158203,1000.0,0.0,-0.8666666666666667,-0.06666666666666667,-13.0,-1.0,3.0,31
223.4761505126953,59.998416900634766,11.999683380126953,1000.0,0.0,-0.8666666666666667,0.0,-13.0,0.0,3.0,31
221.77232360839844,57.552310943603516,11.510462188720703,1000.0,0.0,-0.8666666666666667,0.06666666666666667,-13.0,1.0,3.0,31
206.32550048828125,45.77213668823242,9.154427337646485,1000.0,0.0,-0.8666666666666667,0.13333333333333333,-13.0,2.0,3.0,31
190.5078582763672,31.329753875732422,6.265950775146484,1000.0,0.0,-0.8666666666666667,0.2,-13.0,3.0,3.0,31
201.24383544921875,37.11043930053711,7.422087860107422,1000.0,0.0,-0.8666666666666667,0.26666666666666666,-13.0,4.0,3.0,31
221.33673095703125,45.35517883300781,9.071035766601563,1000.0,0.0,-0.8666666666666667,0.3333333333333333,-13.0,5.0,3.0,31
236.79074096679688,43.797000885009766,8.759400177001954,1000.0,0.0,-0.8666666666666667,0.4,-13.0,6.0,3.0,31
202.50503540039062,18.786067962646484,3.757213592529297,1000.0,0.0,-0.8666666666666667,0.4666666666666667,-13.0,7.0,3.0,31
201.63287353515625,20.5734920501709,4.11469841003418,1000.0,0.0,-0.8666666666666667,0.5333333333333333,-13.0,8.0,3.0,31
209.00076293945312,36.07088851928711,7.2141777038574215,1000.0,0.0,-0.8666666666666667,0.6,-13.0,9.0,3.0,31
220.8394317626953,39.08767318725586,7.817534637451172,1000.0,0.0,-0.8666666666666667,0.6666666666666666,-13.0,10.0,3.0,31
203.31417846679688,38.09398651123047,7.618797302246094,1000.0,0.0,-0.8666666666666667,0.7333333333333333,-13.0,11.0,3.0,31
194.0023956298828,26.406572341918945,5.281314468383789,1000.0,0.0,-0.8666666666666667,0.8,-13.0,12.0,3.0,31
194.76885986328125,20.143884658813477,4.028776931762695,1000.0,0.0,-0.8666666666666667,0.8666666666666667,-13.0,13.0,3.0,31
181.3123016357422,17.019065856933594,3.4038131713867186,1000.0,0.0,-0.8666666666666667,0.9333333333333333,-13.0,14.0,3.0,31
184.08843994140625,18.215784072875977,3.643156814575195,1000.0,0.0,-0.8666666666666667,1.0,-13.0,15.0,3.0,31
212.6885986328125,34.354671478271484,6.870934295654297,1000.0,0.0,-0.8,-1.0,-12.0,-15.0,3.0,31
205.1034698486328,25.646907806396484,5.129381561279297,1000.0,0.0,-0.8,-0.9333333333333333,-12.0,-14.0,3.0,31
246.36856079101562,76.17085266113281,15.234170532226562,1000.0,0.0,-0.8,-0.8666666666666667,-12.0,-13.0,3.0,31
220.5643310546875,53.9784049987793,10.79568099975586,1000.0,0.0,-0.8,-0.8,-12.0,-12.0,3.0,31
191.8552703857422,35.89311981201172,7.178623962402344,1000.0,0.0,-0.8,-0.7333333333333333,-12.0,-11.0,3.0,31
190.10440063476562,28.55478286743164,5.710956573486328,1000.0,0.0,-0.8,-0.6666666666666666,-12.0,-10.0,3.0,31
191.59425354003906,35.1135368347168,7.02270736694336,1000.0,0.0,-0.8,-0.6,-12.0,-9.0,3.0,31
197.0454559326172,41.19191360473633,8.238382720947266,1000.0,0.0,-0.8,-0.5333333333333333,-12.0,-8.0,3.0,31
200.11300659179688,46.24473571777344,9.248947143554688,1000.0,0.0,-0.8,-0.4666666666666667,-12.0,-7.0,3.0,31
203.38052368164062,43.328330993652344,8.665666198730468,1000.0,0.0,-0.8,-0.4,-12.0,-6.0,3.0,31
218.8387908935547,48.72649383544922,9.745298767089844,1000.0,0.0,-0.8,-0.3333333333333333,-12.0,-5.0,3.0,31
231.3089599609375,48.7692756652832,9.753855133056641,1000.0,0.0,-0.8,-0.26666666666666666,-12.0,-4.0,3.0,31
220.70697021484375,49.94698715209961,9.989397430419922,1000.0,0.0,-0.8,-0.2,-12.0,-3.0,3.0,31
234.8793487548828,50.66638946533203,10.133277893066406,1000.0,0.0,-0.8,-0.13333333333333333,-12.0,-2.0,3.0,31
242.28932189941406,55.34016799926758,11.068033599853516,1000.0,0.0,-0.8,-0.06666666666666667,-12.0,-1.0,3.0,31
223.3705291748047,54.60806655883789,10.921613311767578,1000.0,0.0,-0.8,0.0,-12.0,0.0,3.0,31
203.32838439941406,42.89613342285156,8.579226684570312,1000.0,0.0,-0.8,0.06666666666666667,-12.0,1.0,3.0,31
197.65985107421875,41.705894470214844,8.341178894042969,1000.0,0.0,-0.8,0.13333333333333333,-12.0,2.0,3.0,31
191.51449584960938,38.73467254638672,7.746934509277343,1000.0,0.0,-0.8,0.2,-12.0,3.0,3.0,31
198.02615356445312,33.897640228271484,6.779528045654297,1000.0,0.0,-0.8,0.26666666666666666,-12.0,4.0,3.0,31
250.59059143066406,58.90253448486328,11.780506896972657,1000.0,0.0,-0.8,0.3333333333333333,-12.0,5.0,3.0,31
199.22500610351562,19.405527114868164,3.881105422973633,1000.0,0.0,-0.8,0.4,-12.0,6.0,3.0,31
192.7147216796875,20.457958221435547,4.091591644287109,1000.0,0.0,-0.8,0.4666666666666667,-12.0,7.0,3.0,31
186.1016845703125,16.438579559326172,3.2877159118652344,1000.0,0.0,-0.8,0.5333333333333333,-12.0,8.0,3.0,31
179.2704620361328,9.271123886108398,1.8542247772216798,1000.0,0.0,-0.8,0.6,-12.0,9.0,3.0,31
197.2432861328125,28.816728591918945,5.763345718383789,1000.0,0.0,-0.8,0.6666666666666666,-12.0,10.0,3.0,31
198.28402709960938,27.834796905517578,5.566959381103516,1000.0,0.0,-0.8,0.7333333333333333,-12.0,11.0,3.0,31
189.78988647460938,21.033235549926758,4.206647109985352,1000.0,0.0,-0.8,0.8,-12.0,12.0,3.0,31
193.81109619140625,23.271678924560547,4.654335784912109,1000.0,0.0,-0.8,0.8666666666666667,-12.0,13.0,3.0,31
181.8843994140625,12.649145126342773,2.5298290252685547,1000.0,0.0,-0.8,0.9333333333333333,-12.0,14.0,3.0,31
181.54119873046875,10.504077911376953,2.1008155822753904,1000.0,0.0,-0.8,1.0,-12.0,15.0,3.0,31
226.8325958251953,47.835628509521484,9.567125701904297,1000.0,0.0,-0.7333333333333333,-1.0,-11.0,-15.0,3.0,31
212.32107543945312,32.074275970458984,6.414855194091797,1000.0,0.0,-0.7333333333333333,-0.9333333333333333,-11.0,-14.0,3.0,31
239.85675048828125,53.107608795166016,10.621521759033204,1000.0,0.0,-0.7333333333333333,-0.8666666666666667,-11.0,-13.0,3.0,31
238.61158752441406,67.50659942626953,13.501319885253906,1000.0,0.0,-0.7333333333333333,-0.8,-11.0,-12.0,3.0,31
227.33323669433594,55.826171875,11.165234375,1000.0,0.0,-0.7333333333333333,-0.7333333333333333,-11.0,-11.0,3.0,31
222.25537109375,55.65272903442383,11.130545806884765,1000.0,0.0,-0.7333333333333333,-0.6666666666666666,-11.0,-10.0,3.0,31
221.27352905273438,52.334938049316406,10.466987609863281,1000.0,0.0,-0.7333333333333333,-0.6,-11.0,-9.0,3.0,31
201.08056640625,47.86323165893555,9.572646331787109,1000.0,0.0,-0.7333333333333333,-0.5333333333333333,-11.0,-8.0,3.0,31
204.69985961914062,51.032188415527344,10.206437683105468,1000.0,0.0,-0.7333333333333333,-0.4666666666666667,-11.0,-7.0,3.0,31
195.3954315185547,31.9127197265625,6.3825439453125,1000.0,0.0,-0.7333333333333333,-0.4,-11.0,-6.0,3.0,31
214.6581268310547,40.725650787353516,8.145130157470703,1000.0,0.0,-0.7333333333333333,-0.3333333333333333,-11.0,-5.0,3.0,31
227.57493591308594,49.338191986083984,9.867638397216798,1000.0,0.0,-0.7333333333333333,-0.26666666666666666,-11.0,-4.0,3.0,31
229.6853485107422,51.24774169921875,10.24954833984375,1000.0,0.0,-0.7333333333333333,-0.2,-11.0,-3.0,3.0,31
243.14649963378906,51.32466125488281,10.264932250976562,1000.0,0.0,-0.7333333333333333,-0.13333333333333333,-11.0,-2.0,3.0,31
239.984375,53.88319396972656,10.776638793945313,1000.0,0.0,-0.7333333333333333,-0.06666666666666667,-11.0,-1.0,3.0,31
204.4154052734375,47.440616607666016,9.488123321533203,1000.0,0.0,-0.7333333333333333,0.0,-11.0,0.0,3.0,31
205.23257446289062,44.89898681640625,8.97979736328125,1000.0,0.0,-0.7333333333333333,0.06666666666666667,-11.0,1.0,3.0,31
186.41644287109375,29.89386749267578,5.978773498535157,1000.0,0.0,-0.7333333333333333,0.13333333333333333,-11.0,2.0,3.0,31
185.01596069335938,20.97511100769043,4.195022201538086,1000.0,0.0,-0.7333333333333333,0.2,-11.0,3.0,3.0,31
188.13693237304688,26.902742385864258,5.380548477172852,1000.0,0.0,-0.7333333333333333,0.26666666666666666,-11.0,4.0,3.0,31
186.46607971191406,16.745634078979492,3.3491268157958984,1000.0,0.0,-0.7333333333333333,0.3333333333333333,-11.0,5.0,3.0,31
213.2004852294922,32.19672775268555,6.4393455505371096,1000.0,0.0,-0.7333333333333333,0.4,-11.0,6.0,3.0,31
185.6592559814453,19.719724655151367,3.9439449310302734,1000.0,0.0,-0.7333333333333333,0.4666666666666667,-11.0,7.0,3.0,31
177.96456909179688,9.520905494689941,1.9041810989379884,1000.0,0.0,-0.7333333333333333,0.5333333333333333,-11.0,8.0,3.0,31
176.1297607421875,7.851729393005371,1.5703458786010742,1000.0,0.0,-0.7333333333333333,0.6,-11.0,9.0,3.0,31
180.21658325195312,12.418387413024902,2.4836774826049806,1000.0,0.0,-0.7333333333333333,0.6666666666666666,-11.0,10.0,3.0,31
197.69508361816406,29.5555419921875,5.9111083984375,1000.0,0.0,-0.7333333333333333,0.7333333333333333,-11.0,11.0,3.0,31
192.73809814453125,25.074323654174805,5.014864730834961,1000.0,0.0,-0.7333333333333333,0.8,-11.0,12.0,3.0,31
203.5711669921875,30.12894630432129,6.025789260864258,1000.0,0.0,-0.7333333333333333,0.8666666666666667,-11.0,13.0,3.0,31
186.47048950195312,19.903390884399414,3.980678176879883,1000.0,0.0,-0.7333333333333333,0.9333333333333333,-11.0,14.0,3.0,31
187.1070098876953,17.382949829101562,3.4765899658203123,1000.0,0.0,-0.7333333333333333,1.0,-11.0,15.0,3.0,31
230.63363647460938,51.39885330200195,10.279770660400391,1000.0,0.0,-0.6666666666666666,-1.0,-10.0,-15.0,3.0,31
224.5234375,49.94572067260742,9.989144134521485,1000.0,0.0,-0.6666666666666666,-0.9333333333333333,-10.0,-14.0,3.0,31
206.76327514648438,30.958703994750977,6.191740798950195,1000.0,0.0,-0.6666666666666666,-0.8666666666666667,-10.0,-13.0,3.0,31
244.5532989501953,55.15065002441406,11.030130004882812,1000.0,0.0,-0.6666666666666666,-0.8,-10.0,-12.0,3.0,31
221.41055297851562,56.850486755371094,11.370097351074218,1000.0,0.0,-0.6666666666666666,-0.7333333333333333,-10.0,-11.0,3.0,31
229.02923583984375,57.59806442260742,11.519612884521484,1000.0,0.0,-0.6666666666666666,-0.6666666666666666,-10.0,-10.0,3.0,31
213.0018768310547,48.670814514160156,9.734162902832031,1000.0,0.0,-0.6666666666666666,-0.6,-10.0,-9.0,3.0,31
213.3931427001953,52.471153259277344,10.494230651855469,1000.0,0.0,-0.6666666666666666,-0.5333333333333333,-10.0,-8.0,3.0,31
204.6798858642578,46.283782958984375,9.256756591796876,1000.0,0.0,-0.6666666666666666,-0.4666666666666667,-10.0,-7.0,3.0,31
200.31039428710938,37.20323181152344,7.440646362304688,1000.0,0.0,-0.6666666666666666,-0.4,-10.0,-6.0,3.0,31
206.06997680664062,36.0390739440918,7.207814788818359,1000.0,0.0,-0.6666666666666666,-0.3333333333333333,-10.0,-5.0,3.0,31
225.80104064941406,44.01914978027344,8.803829956054688,1000.0,0.0,-0.6666666666666666,-0.26666666666666666,-10.0,-4.0,3.0,31
247.89454650878906,46.473899841308594,9.294779968261718,1000.0,0.0,-0.6666666666666666,-0.2,-10.0,-3.0,3.0,31
248.0623779296875,53.82286071777344,10.764572143554688,1000.0,0.0,-0.6666666666666666,-0.13333333333333333,-10.0,-2.0,3.0,31
251.31271362304688,57.902828216552734,11.580565643310546,1000.0,0.0,-0.6666666666666666,-0.06666666666666667,-10.0,-1.0,3.0,31
217.31105041503906,54.7068977355957,10.94137954711914,1000.0,0.0,-0.6666666666666666,0.0,-10.0,0.0,3.0,31
203.68618774414062,37.00333023071289,7.400666046142578,1000.0,0.0,-0.6666666666666666,0.06666666666666667,-10.0,1.0,3.0,31
197.4111785888672,38.72354507446289,7.744709014892578,1000.0,0.0,-0.6666666666666666,0.13333333333333333,-10.0,2.0,3.0,31
192.31988525390625,30.891183853149414,6.178236770629883,1000.0,0.0,-0.6666666666666666,0.2,-10.0,3.0,3.0,31
188.5594482421875,23.03130531311035,4.60626106262207,1000.0,0.0,-0.6666666666666666,0.26666666666666666,-10.0,4.0,3.0,31
182.18881225585938,13.540438652038574,2.7080877304077147,1000.0,0.0,-0.6666666666666666,0.3333333333333333,-10.0,5.0,3.0,31
180.1031036376953,9.234918594360352,1.8469837188720704,1000.0,0.0,-0.6666666666666666,0.4,-10.0,6.0,3.0,31
178.2611846923828,7.670491695404053,1.5340983390808105,1000.0,0.0,-0.6666666666666666,0.4666666666666667,-10.0,7.0,3.0,31
178.73358154296875,14.034968376159668,2.8069936752319338,1000.0,0.0,-0.6666666666666666,0.5333333333333333,-10.0,8.0,3.0,31
179.8931884765625,11.494606018066406,2.2989212036132813,1000.0,0.0,-0.6666666666666666,0.6,-10.0,9.0,3.0,31
182.42279052734375,13.65885066986084,2.731770133972168,1000.0,0.0,-0.6666666666666666,0.6666666666666666,-10.0,10.0,3.0,31
191.50067138671875,22.041996002197266,4.408399200439453,1000.0,0.0,-0.6666666666666666,0.7333333333333333,-10.0,11.0,3.0,31
202.75869750976562,31.525283813476562,6.305056762695313,1000.0,0.0,-0.6666666666666666,0.8,-10.0,12.0,3.0,31
202.2894287109375,29.94921875,5.98984375,1000.0,0.0,-0.6666666666666666,0.8666666666666667,-10.0,13.0,3.0,31
211.02923583984375,35.68538284301758,7.137076568603516,1000.0,0.0,-0.6666666666666666,0.9333333333333333,-10.0,14.0,3.0,31
190.3646240234375,29.14058494567871,5.828116989135742,1000.0,0.0,-0.6666666666666666,1.0,-10.0,15.0,3.0,31
232.29156494140625,54.45204544067383,10.890409088134765,1000.0,0.0,-0.6,-1.0,-9.0,-15.0,3.0,31
223.79547119140625,49.41094970703125,9.88218994140625,1000.0,0.0,-0.6,-0.9333333333333333,-9.0,-14.0,3.0,31
225.27703857421875,52.522132873535156,10.504426574707031,1000.0,0.0,-0.6,-0.8666666666666667,-9.0,-13.0,3.0,31
215.28306579589844,36.10279083251953,7.220558166503906,1000.0,0.0,-0.6,-0.8,-9.0,-12.0,3.0,31
233.97161865234375,41.77871322631836,8.355742645263671,1000.0,0.0,-0.6,-0.7333333333333333,-9.0,-11.0,3.0,31
224.32107543945312,53.1638069152832,10.632761383056641,1000.0,0.0,-0.6,-0.6666666666666666,-9.0,-10.0,3.0,31
210.90185546875,45.26112747192383,9.052225494384766,1000.0,0.0,-0.6,-0.6,-9.0,-9.0,3.0,31
203.51930236816406,35.73933792114258,7.147867584228516,1000.0,0.0,-0.6,-0.5333333333333333,-9.0,-8.0,3.0,31
205.68270874023438,38.10790252685547,7.621580505371094,1000.0,0.0,-0.6,-0.4666666666666667,-9.0,-7.0,3.0,31
206.7093505859375,44.66290283203125,8.93258056640625,1000.0,0.0,-0.6,-0.4,-9.0,-6.0,3.0,31
196.7532196044922,35.792781829833984,7.158556365966797,1000.0,0.0,-0.6,-0.3333333333333333,-9.0,-5.0,3.0,31
249.79978942871094,43.16899871826172,8.633799743652343,1000.0,0.0,-0.6,-0.26666666666666666,-9.0,-4.0,3.0,31
279.8704833984375,43.367061614990234,8.673412322998047,1000.0,0.0,-0.6,-0.2,-9.0,-3.0,3.0,31
300.8013610839844,24.551862716674805,4.910372543334961,1000.0,0.0,-0.6,-0.13333333333333333,-9.0,-2.0,3.0,31
232.61976623535156,60.64712142944336,12.129424285888671,1000.0,0.0,-0.6,-0.06666666666666667,-9.0,-1.0,3.0,31
236.1036376953125,57.7296257019043,11.54592514038086,1000.0,0.0,-0.6,0.0,-9.0,0.0,3.0,31
199.67543029785156,28.897092819213867,5.779418563842773,1000.0,0.0,-0.6,0.06666666666666667,-9.0,1.0,3.0,31
198.99496459960938,35.84373092651367,7.1687461853027346,1000.0,0.0,-0.6,0.13333333333333333,-9.0,2.0,3.0,31
185.93638610839844,17.39424705505371,3.478849411010742,1000.0,0.0,-0.6,0.2,-9.0,3.0,3.0,31
196.2548828125,42.6165657043457,8.52331314086914,1000.0,0.0,-0.6,0.26666666666666666,-9.0,4.0,3.0,31
175.06109619140625,7.034713268280029,1.406942653656006,1000.0,0.0,-0.6,0.3333333333333333,-9.0,5.0,3.0,31
175.24569702148438,8.230088233947754,1.6460176467895509,1000.0,0.0,-0.6,0.4,-9.0,6.0,3.0,31
175.5049591064453,7.004281997680664,1.4008563995361327,1000.0,0.0,-0.6,0.4666666666666667,-9.0,7.0,3.0,31
181.24234008789062,13.88339900970459,2.776679801940918,1000.0,0.0,-0.6,0.5333333333333333,-9.0,8.0,3.0,31
181.72613525390625,10.422358512878418,2.0844717025756836,1000.0,0.0,-0.6,0.6,-9.0,9.0,3.0,31
197.74037170410156,30.356643676757812,6.071328735351562,1000.0,0.0,-0.6,0.6666666666666666,-9.0,10.0,3.0,31
196.61766052246094,28.795873641967773,5.759174728393555,1000.0,0.0,-0.6,0.7333333333333333,-9.0,11.0,3.0,31
197.55133056640625,28.982620239257812,5.7965240478515625,1000.0,0.0,-0.6,0.8,-9.0,12.0,3.0,31
202.39566040039062,33.417659759521484,6.683531951904297,1000.0,0.0,-0.6,0.8666666666666667,-9.0,13.0,3.0,31
185.65301513671875,21.505186080932617,4.301037216186524,1000.0,0.0,-0.6,0.9333333333333333,-9.0,14.0,3.0,31
194.9409637451172,41.15643310546875,8.23128662109375,1000.0,0.0,-0.6,1.0,-9.0,15.0,3.0,31
230.68341064453125,44.50054931640625,8.90010986328125,1000.0,0.0,-0.5333333333333333,-1.0,-8.0,-15.0,3.0,31
229.8700408935547,55.2188835144043,11.043776702880859,1000.0,0.0,-0.5333333333333333,-0.9333333333333333,-8.0,-14.0,3.0,31
231.45883178710938,55.383811950683594,11.076762390136718,1000.0,0.0,-0.5333333333333333,-0.8666666666666667,-8.0,-13.0,3.0,31
222.5238494873047,50.42030715942383,10.084061431884766,1000.0,0.0,-0.5333333333333333,-0.8,-8.0,-12.0,3.0,31
213.4396514892578,29.746280670166016,5.949256134033203,1000.0,0.0,-0.5333333333333333,-0.7333333333333333,-8.0,-11.0,3.0,31
232.02748107910156,48.78076934814453,9.756153869628907,1000.0,0.0,-0.5333333333333333,-0.6666666666666666,-8.0,-10.0,3.0,31
225.55662536621094,44.41928482055664,8.883856964111327,1000.0,0.0,-0.5333333333333333,-0.6,-8.0,-9.0,3.0,31
214.6845245361328,46.60478210449219,9.320956420898437,1000.0,0.0,-0.5333333333333333,-0.5333333333333333,-8.0,-8.0,3.0,31
208.90219116210938,35.57810974121094,7.115621948242188,1000.0,0.0,-0.5333333333333333,-0.4666666666666667,-8.0,-7.0,3.0,31
197.70004272460938,30.924894332885742,6.184978866577149,1000.0,0.0,-0.5333333333333333,-0.4,-8.0,-6.0,3.0,31
215.15567016601562,45.77125549316406,9.154251098632812,1000.0,0.0,-0.5333333333333333,-0.3333333333333333,-8.0,-5.0,3.0,31
261.451171875,42.125022888183594,8.425004577636718,1000.0,0.0,-0.5333333333333333,-0.26666666666666666,-8.0,-4.0,3.0,31
288.9151306152344,38.70197296142578,7.740394592285156,1000.0,0.0,-0.5333333333333333,-0.2,-8.0,-3.0,3.0,31
286.2197265625,52.30831527709961,10.461663055419923,1000.0,0.0,-0.5333333333333333,-0.13333333333333333,-8.0,-2.0,3.0,31
298.4942321777344,61.866641998291016,12.373328399658202,1000.0,0.0,-0.5333333333333333,-0.06666666666666667,-8.0,-1.0,3.0,31
242.69190979003906,64.08775329589844,12.817550659179688,1000.0,0.0,-0.5333333333333333,0.0,-8.0,0.0,3.0,31
216.68984985351562,47.626708984375,9.525341796875,1000.0,0.0,-0.5333333333333333,0.06666666666666667,-8.0,1.0,3.0,31
201.00955200195312,41.00410079956055,8.200820159912109,1000.0,0.0,-0.5333333333333333,0.13333333333333333,-8.0,2.0,3.0,31
183.24346923828125,18.185211181640625,3.637042236328125,1000.0,0.0,-0.5333333333333333,0.2,-8.0,3.0,3.0,31
180.54071044921875,9.31824779510498,1.863649559020996,1000.0,0.0,-0.5333333333333333,0.26666666666666666,-8.0,4.0,3.0,31
176.53858947753906,10.174734115600586,2.034946823120117,1000.0,0.0,-0.5333333333333333,0.3333333333333333,-8.0,5.0,3.0,31
179.5394744873047,14.913464546203613,2.982692909240723,1000.0,0.0,-0.5333333333333333,0.4,-8.0,6.0,3.0,31
177.30943298339844,9.488319396972656,1.8976638793945313,1000.0,0.0,-0.5333333333333333,0.4666666666666667,-8.0,7.0,3.0,31
178.07420349121094,9.875412940979004,1.9750825881958007,1000.0,0.0,-0.5333333333333333,0.5333333333333333,-8.0,8.0,3.0,31
179.4954833984375,10.408103942871094,2.081620788574219,1000.0,0.0,-0.5333333333333333,0.6,-8.0,9.0,3.0,31
185.50816345214844,15.641971588134766,3.1283943176269533,1000.0,0.0,-0.5333333333333333,0.6666666666666666,-8.0,10.0,3.0,31
204.85350036621094,25.461610794067383,5.092322158813476,1000.0,0.0,-0.5333333333333333,0.7333333333333333,-8.0,11.0,3.0,31
210.2777862548828,38.473060607910156,7.694612121582031,1000.0,0.0,-0.5333333333333333,0.8,-8.0,12.0,3.0,31
222.85618591308594,48.727821350097656,9.745564270019532,1000.0,0.0,-0.5333333333333333,0.8666666666666667,-8.0,13.0,3.0,31
191.73080444335938,25.19823455810547,5.039646911621094,1000.0,0.0,-0.5333333333333333,0.9333333333333333,-8.0,14.0,3.0,31
202.53810119628906,32.35105895996094,6.470211791992187,1000.0,0.0,-0.5333333333333333,1.0,-8.0,15.0,3.0,31
222.0205841064453,55.18894577026367,11.037789154052735,1000.0,0.0,-0.4666666666666667,-1.0,-7.0,-15.0,3.0,31
224.80972290039062,54.97263717651367,10.994527435302734,1000.0,0.0,-0.4666666666666667,-0.9333333333333333,-7.0,-14.0,3.0,31
234.6162109375,59.0571174621582,11.81142349243164,1000.0,0.0,-0.4666666666666667,-0.8666666666666667,-7.0,-13.0,3.0,31
228.9123992919922,57.102394104003906,11.420478820800781,1000.0,0.0,-0.4666666666666667,-0.8,-7.0,-12.0,3.0,31
216.43331909179688,49.93490982055664,9.986981964111328,1000.0,0.0,-0.4666666666666667,-0.7333333333333333,-7.0,-11.0,3.0,31
200.83396911621094,38.66249084472656,7.7324981689453125,1000.0,0.0,-0.4666666666666667,-0.6666666666666666,-7.0,-10.0,3.0,31
230.41783142089844,44.08281707763672,8.816563415527344,1000.0,0.0,-0.4666666666666667,-0.6,-7.0,-9.0,3.0,31
218.69126892089844,48.502689361572266,9.700537872314452,1000.0,0.0,-0.4666666666666667,-0.5333333333333333,-7.0,-8.0,3.0,31
215.6947784423828,39.75046157836914,7.950092315673828,1000.0,0.0,-0.4666666666666667,-0.4666666666666667,-7.0,-7.0,3.0,31
216.2147674560547,29.502185821533203,5.9004371643066404,1000.0,0.0,-0.4666666666666667,-0.4,-7.0,-6.0,3.0,31
237.4930877685547,41.5839729309082,8.31679458618164,1000.0,0.0,-0.4666666666666667,-0.3333333333333333,-7.0,-5.0,3.0,31
283.1122741699219,48.830909729003906,9.766181945800781,1000.0,0.0,-0.4666666666666667,-0.26666666666666666,-7.0,-4.0,3.0,31
280.46661376953125,55.13556671142578,11.027113342285157,1000.0,0.0,-0.4666666666666667,-0.2,-7.0,-3.0,3.0,31
266.6822509765625,55.53243637084961,11.106487274169922,1000.0,0.0,-0.4666666666666667,-0.13333333333333333,-7.0,-2.0,3.0,31
250.94540405273438,52.54125213623047,10.508250427246093,1000.0,0.0,-0.4666666666666667,-0.06666666666666667,-7.0,-1.0,3.0,31
244.64064025878906,59.65671920776367,11.931343841552735,1000.0,0.0,-0.4666666666666667,0.0,-7.0,0.0,3.0,31
243.96658325195312,59.109657287597656,11.821931457519531,1000.0,0.0,-0.4666666666666667,0.06666666666666667,-7.0,1.0,3.0,31
200.3141632080078,36.26164245605469,7.252328491210937,1000.0,0.0,-0.4666666666666667,0.13333333333333333,-7.0,2.0,3.0,31
180.77676391601562,18.206623077392578,3.6413246154785157,1000.0,0.0,-0.4666666666666667,0.2,-7.0,3.0,3.0,31
187.24774169921875,16.938932418823242,3.3877864837646485,1000.0,0.0,-0.4666666666666667,0.26666666666666666,-7.0,4.0,3.0,31
201.99322509765625,27.75511360168457,5.551022720336914,1000.0,0.0,-0.4666666666666667,0.3333333333333333,-7.0,5.0,3.0,31
177.78207397460938,12.707335472106934,2.5414670944213866,1000.0,0.0,-0.4666666666666667,0.4,-7.0,6.0,3.0,31
176.60862731933594,10.151361465454102,2.03027229309082,1000.0,0.0,-0.4666666666666667,0.4666666666666667,-7.0,7.0,3.0,31
176.86878967285156,6.5440826416015625,1.3088165283203126,1000.0,0.0,-0.4666666666666667,0.5333333333333333,-7.0,8.0,3.0,31
190.2661590576172,26.593347549438477,5.3186695098876955,1000.0,0.0,-0.4666666666666667,0.6,-7.0,9.0,3.0,31
184.28941345214844,14.79632568359375,2.95926513671875,1000.0,0.0,-0.4666666666666667,0.6666666666666666,-7.0,10.0,3.0,31
200.44686889648438,28.422597885131836,5.684519577026367,1000.0,0.0,-0.4666666666666667,0.7333333333333333,-7.0,11.0,3.0,31
217.77195739746094,45.16323471069336,9.032646942138673,1000.0,0.0,-0.4666666666666667,0.8,-7.0,12.0,3.0,31
233.1031494140625,50.88381576538086,10.176763153076172,1000.0,0.0,-0.4666666666666667,0.8666666666666667,-7.0,13.0,3.0,31
192.53831481933594,27.74765396118164,5.549530792236328,1000.0,0.0,-0.4666666666666667,0.9333333333333333,-7.0,14.0,3.0,31
185.4429168701172,19.772951126098633,3.9545902252197265,1000.0,0.0,-0.4666666666666667,1.0,-7.0,15.0,3.0,31
218.48126220703125,45.28124237060547,9.056248474121094,1000.0,0.0,-0.4,-1.0,-6.0,-15.0,3.0,31
217.59295654296875,51.35987091064453,10.271974182128906,1000.0,0.0,-0.4,-0.9333333333333333,-6.0,-14.0,3.0,31
221.55084228515625,51.70242691040039,10.340485382080079,1000.0,0.0,-0.4,-0.8666666666666667,-6.0,-13.0,3.0,31
228.52825927734375,53.11297607421875,10.62259521484375,1000.0,0.0,-0.4,-0.8,-6.0,-12.0,3.0,31
235.33251953125,58.900848388671875,11.780169677734374,1000.0,0.0,-0.4,-0.7333333333333333,-6.0,-11.0,3.0,31
234.6394500732422,59.95347213745117,11.990694427490235,1000.0,0.0,-0.4,-0.6666666666666666,-6.0,-10.0,3.0,31
239.15025329589844,45.73762130737305,9.14752426147461,1000.0,0.0,-0.4,-0.6,-6.0,-9.0,3.0,31
226.15660095214844,23.145023345947266,4.629004669189453,1000.0,0.0,-0.4,-0.5333333333333333,-6.0,-8.0,3.0,31
252.02293395996094,35.99694061279297,7.199388122558593,1000.0,0.0,-0.4,-0.4666666666666667,-6.0,-7.0,3.0,31
243.6199951171875,26.287004470825195,5.257400894165039,1000.0,0.0,-0.4,-0.4,-6.0,-6.0,3.0,31
263.71197509765625,33.56810760498047,6.713621520996094,1000.0,0.0,-0.4,-0.3333333333333333,-6.0,-5.0,3.0,31
280.0227355957031,47.86760330200195,9.57352066040039,1000.0,0.0,-0.4,-0.26666666666666666,-6.0,-4.0,3.0,31
245.48345947265625,62.12116622924805,12.42423324584961,1000.0,0.0,-0.4,-0.2,-6.0,-3.0,3.0,31
264.6800231933594,67.7137451171875,13.5427490234375,1000.0,0.0,-0.4,-0.13333333333333333,-6.0,-2.0,3.0,31
267.3865661621094,83.43364715576172,16.686729431152344,1000.0,0.0,-0.4,-0.06666666666666667,-6.0,-1.0,3.0,31
244.04437255859375,67.43864440917969,13.487728881835938,1000.0,0.0,-0.4,0.0,-6.0,0.0,3.0,31
243.8419189453125,61.040000915527344,12.208000183105469,1000.0,0.0,-0.4,0.06666666666666667,-6.0,1.0,3.0,31
207.92893981933594,45.38438415527344,9.076876831054687,1000.0,0.0,-0.4,0.13333333333333333,-6.0,2.0,3.0,31
204.88525390625,38.445247650146484,7.689049530029297,1000.0,0.0,-0.4,0.2,-6.0,3.0,3.0,31
211.0100555419922,51.078330993652344,10.215666198730469,1000.0,0.0,-0.4,0.26666666666666666,-6.0,4.0,3.0,31
194.21856689453125,22.354673385620117,4.470934677124023,1000.0,0.0,-0.4,0.3333333333333333,-6.0,5.0,3.0,31
198.2728271484375,27.405149459838867,5.481029891967774,1000.0,0.0,-0.4,0.4,-6.0,6.0,3.0,31
179.23886108398438,10.181363105773926,2.0362726211547852,1000.0,0.0,-0.4,0.4666666666666667,-6.0,7.0,3.0,31
178.73826599121094,10.043879508972168,2.0087759017944338,1000.0,0.0,-0.4,0.5333333333333333,-6.0,8.0,3.0,31
178.75494384765625,9.435749053955078,1.8871498107910156,1000.0,0.0,-0.4,0.6,-6.0,9.0,3.0,31
179.63009643554688,10.843119621276855,2.168623924255371,1000.0,0.0,-0.4,0.6666666666666666,-6.0,10.0,3.0,31
200.8683624267578,27.451358795166016,5.490271759033203,1000.0,0.0,-0.4,0.7333333333333333,-6.0,11.0,3.0,31
218.55029296875,33.51399230957031,6.702798461914062,1000.0,0.0,-0.4,0.8,-6.0,12.0,3.0,31
224.98446655273438,43.78484344482422,8.756968688964843,1000.0,0.0,-0.4,0.8666666666666667,-6.0,13.0,3.0,31
199.76849365234375,32.54808807373047,6.509617614746094,1000.0,0.0,-0.4,0.9333333333333333,-6.0,14.0,3.0,31
210.2938232421875,41.583595275878906,8.316719055175781,1000.0,0.0,-0.4,1.0,-6.0,15.0,3.0,31
194.77130126953125,29.24618911743164,5.8492378234863285,1000.0,0.0,-0.3333333333333333,-1.0,-5.0,-15.0,3.0,31
210.74252319335938,46.185035705566406,9.237007141113281,1000.0,0.0,-0.3333333333333333,-0.9333333333333333,-5.0,-14.0,3.0,31
222.68939208984375,47.5908317565918,9.51816635131836,1000.0,0.0,-0.3333333333333333,-0.8666666666666667,-5.0,-13.0,3.0,31
230.95738220214844,55.06371307373047,11.012742614746093,1000.0,0.0,-0.3333333333333333,-0.8,-5.0,-12.0,3.0,31
230.1102294921875,54.47372817993164,10.894745635986329,1000.0,0.0,-0.3333333333333333,-0.7333333333333333,-5.0,-11.0,3.0,31
230.10324096679688,55.10383605957031,11.020767211914062,1000.0,0.0,-0.3333333333333333,-0.6666666666666666,-5.0,-10.0,3.0,31
235.1204071044922,59.286258697509766,11.857251739501953,1000.0,0.0,-0.3333333333333333,-0.6,-5.0,-9.0,3.0,31
258.49755859375,48.852169036865234,9.770433807373047,1000.0,0.0,-0.3333333333333333,-0.5333333333333333,-5.0,-8.0,3.0,31
231.93743896484375,31.977046966552734,6.395409393310547,1000.0,0.0,-0.3333333333333333,-0.4666666666666667,-5.0,-7.0,3.0,31
253.4482421875,46.158172607421875,9.231634521484375,1000.0,0.0,-0.3333333333333333,-0.4,-5.0,-6.0,3.0,31
238.86337280273438,32.168861389160156,6.433772277832031,1000.0,0.0,-0.3333333333333333,-0.3333333333333333,-5.0,-5.0,3.0,31
240.90704345703125,64.89325714111328,12.978651428222657,1000.0,0.0,-0.3333333333333333,-0.26666666666666666,-5.0,-4.0,3.0,31
219.7387237548828,56.719146728515625,11.343829345703124,1000.0,0.0,-0.3333333333333333,-0.2,-5.0,-3.0,3.0,31
261.7817687988281,63.21866989135742,12.643733978271484,1000.0,0.0,-0.3333333333333333,-0.13333333333333333,-5.0,-2.0,3.0,31
280.8219299316406,44.678470611572266,8.935694122314453,1000.0,0.0,-0.3333333333333333,-0.06666666666666667,-5.0,-1.0,3.0,31
252.51797485351562,66.87720489501953,13.375440979003907,1000.0,0.0,-0.3333333333333333,0.0,-5.0,0.0,3.0,31
230.30589294433594,50.74468231201172,10.148936462402343,1000.0,0.0,-0.3333333333333333,0.06666666666666667,-5.0,1.0,3.0,31
211.21653747558594,60.44664001464844,12.089328002929687,1000.0,0.0,-0.3333333333333333,0.13333333333333333,-5.0,2.0,3.0,31
212.28451538085938,45.917118072509766,9.183423614501953,1000.0,0.0,-0.3333333333333333,0.2,-5.0,3.0,3.0,31
199.3037567138672,47.42313003540039,9.484626007080077,1000.0,0.0,-0.3333333333333333,0.26666666666666666,-5.0,4.0,3.0,31
190.8524627685547,25.36409568786621,5.0728191375732425,1000.0,0.0,-0.3333333333333333,0.3333333333333333,-5.0,5.0,3.0,31
184.79086303710938,15.285502433776855,3.0571004867553713,1000.0,0.0,-0.3333333333333333,0.4,-5.0,6.0,3.0,31
181.15135192871094,10.331457138061523,2.0662914276123048,1000.0,0.0,-0.3333333333333333,0.4666666666666667,-5.0,7.0,3.0,31
182.69857788085938,22.06842041015625,4.41368408203125,1000.0,0.0,-0.3333333333333333,0.5333333333333333,-5.0,8.0,3.0,31
179.2781219482422,10.868459701538086,2.1736919403076174,1000.0,0.0,-0.3333333333333333,0.6,-5.0,9.0,3.0,31
180.44400024414062,8.312710762023926,1.6625421524047852,1000.0,0.0,-0.3333333333333333,0.6666666666666666,-5.0,10.0,3.0,31
190.6028289794922,21.04743194580078,4.209486389160157,1000.0,0.0,-0.3333333333333333,0.7333333333333333,-5.0,11.0,3.0,31
211.06932067871094,31.874183654785156,6.374836730957031,1000.0,0.0,-0.3333333333333333,0.8,-5.0,12.0,3.0,31
216.91636657714844,60.273109436035156,12.05462188720703,1000.0,0.0,-0.3333333333333333,0.8666666666666667,-5.0,13.0,3.0,31
214.5962677001953,62.06133270263672,12.412266540527344,1000.0,0.0,-0.3333333333333333,0.9333333333333333,-5.0,14.0,3.0,31
208.6391143798828,47.18235397338867,9.436470794677735,1000.0,0.0,-0.3333333333333333,1.0,-5.0,15.0,3.0,31
177.7270050048828,11.137889862060547,2.227577972412109,1000.0,0.0,-0.26666666666666666,-1.0,-4.0,-15.0,3.0,31
203.90478515625,38.936561584472656,7.787312316894531,1000.0,0.0,-0.26666666666666666,-0.9333333333333333,-4.0,-14.0,3.0,31
208.43190002441406,41.11039352416992,8.222078704833985,1000.0,0.0,-0.26666666666666666,-0.8666666666666667,-4.0,-13.0,3.0,31
204.89614868164062,36.76642990112305,7.3532859802246096,1000.0,0.0,-0.26666666666666666,-0.8,-4.0,-12.0,3.0,31
224.07080078125,43.203285217285156,8.640657043457031,1000.0,0.0,-0.26666666666666666,-0.7333333333333333,-4.0,-11.0,3.0,31
223.27078247070312,47.71562576293945,9.54312515258789,1000.0,0.0,-0.26666666666666666,-0.6666666666666666,-4.0,-10.0,3.0,31
233.51039123535156,55.66744613647461,11.133489227294922,1000.0,0.0,-0.26666666666666666,-0.6,-4.0,-9.0,3.0,31
249.7032012939453,52.959774017333984,10.591954803466797,1000.0,0.0,-0.26666666666666666,-0.5333333333333333,-4.0,-8.0,3.0,31
249.27761840820312,38.88711929321289,7.777423858642578,1000.0,0.0,-0.26666666666666666,-0.4666666666666667,-4.0,-7.0,3.0,31
236.26382446289062,40.786720275878906,8.15734405517578,1000.0,0.0,-0.26666666666666666,-0.4,-4.0,-6.0,3.0,31
196.1136474609375,21.20465660095215,4.2409313201904295,1000.0,0.0,-0.26666666666666666,-0.3333333333333333,-4.0,-5.0,3.0,31
223.86688232421875,47.88209915161133,9.576419830322266,1000.0,0.0,-0.26666666666666666,-0.26666666666666666,-4.0,-4.0,3.0,31
216.6708221435547,42.29777526855469,8.459555053710938,1000.0,0.0,-0.26666666666666666,-0.2,-4.0,-3.0,3.0,31
201.17213439941406,39.29547882080078,7.859095764160156,1000.0,0.0,-0.26666666666666666,-0.13333333333333333,-4.0,-2.0,3.0,31
215.93609619140625,45.857784271240234,9.171556854248047,1000.0,0.0,-0.26666666666666666,-0.06666666666666667,-4.0,-1.0,3.0,31
196.25820922851562,28.44736671447754,5.689473342895508,1000.0,0.0,-0.26666666666666666,0.0,-4.0,0.0,3.0,31
185.65252685546875,19.011064529418945,3.8022129058837892,1000.0,0.0,-0.26666666666666666,0.06666666666666667,-4.0,1.0,3.0,31
190.9825439453125,25.136201858520508,5.027240371704101,1000.0,0.0,-0.26666666666666666,0.13333333333333333,-4.0,2.0,3.0,31
194.01246643066406,28.504756927490234,5.700951385498047,1000.0,0.0,-0.26666666666666666,0.2,-4.0,3.0,3.0,31
214.0906982421875,54.27173614501953,10.854347229003906,1000.0,0.0,-0.26666666666666666,0.26666666666666666,-4.0,4.0,3.0,31
191.02894592285156,23.990087509155273,4.798017501831055,1000.0,0.0,-0.26666666666666666,0.3333333333333333,-4.0,5.0,3.0,31
184.3646240234375,16.08778190612793,3.217556381225586,1000.0,0.0,-0.26666666666666666,0.4,-4.0,6.0,3.0,31
183.0143585205078,13.142987251281738,2.628597450256348,1000.0,0.0,-0.26666666666666666,0.4666666666666667,-4.0,7.0,3.0,31
179.71347045898438,12.120821952819824,2.424164390563965,1000.0,0.0,-0.26666666666666666,0.5333333333333333,-4.0,8.0,3.0,31
182.0915985107422,11.264662742614746,2.252932548522949,1000.0,0.0,-0.26666666666666666,0.6,-4.0,9.0,3.0,31
186.68853759765625,14.432616233825684,2.8865232467651367,1000.0,0.0,-0.26666666666666666,0.6666666666666666,-4.0,10.0,3.0,31
187.04037475585938,15.021280288696289,3.0042560577392576,1000.0,0.0,-0.26666666666666666,0.7333333333333333,-4.0,11.0,3.0,31
184.5125732421875,19.603734970092773,3.920746994018555,1000.0,0.0,-0.26666666666666666,0.8,-4.0,12.0,3.0,31
215.3742218017578,38.583641052246094,7.716728210449219,1000.0,0.0,-0.26666666666666666,0.8666666666666667,-4.0,13.0,3.0,31
225.279296875,70.19841003417969,14.039682006835937,1000.0,0.0,-0.26666666666666666,0.9333333333333333,-4.0,14.0,3.0,31
193.64382934570312,30.27211570739746,6.054423141479492,1000.0,0.0,-0.26666666666666666,1.0,-4.0,15.0,3.0,31
186.2038116455078,12.731781959533691,2.5463563919067385,1000.0,0.0,-0.2,-1.0,-3.0,-15.0,3.0,31
190.15829467773438,17.380924224853516,3.476184844970703,1000.0,0.0,-0.2,-0.9333333333333333,-3.0,-14.0,3.0,31
197.01980590820312,19.198633193969727,3.8397266387939455,1000.0,0.0,-0.2,-0.8666666666666667,-3.0,-13.0,3.0,31
199.01564025878906,27.414682388305664,5.4829364776611325,1000.0,0.0,-0.2,-0.8,-3.0,-12.0,3.0,31
202.2574005126953,29.899728775024414,5.9799457550048825,1000.0,0.0,-0.2,-0.7333333333333333,-3.0,-11.0,3.0,31
213.57957458496094,33.02354431152344,6.604708862304688,1000.0,0.0,-0.2,-0.6666666666666666,-3.0,-10.0,3.0,31
217.7743682861328,38.11079788208008,7.622159576416015,1000.0,0.0,-0.2,-0.6,-3.0,-9.0,3.0,31
248.15431213378906,35.330413818359375,7.066082763671875,1000.0,0.0,-0.2,-0.5333333333333333,-3.0,-8.0,3.0,31
241.42124938964844,31.902790069580078,6.380558013916016,1000.0,0.0,-0.2,-0.4666666666666667,-3.0,-7.0,3.0,31
220.67510986328125,29.297561645507812,5.8595123291015625,1000.0,0.0,-0.2,-0.4,-3.0,-6.0,3.0,31
214.88429260253906,33.38092803955078,6.676185607910156,1000.0,0.0,-0.2,-0.3333333333333333,-3.0,-5.0,3.0,31
185.6056671142578,25.605180740356445,5.121036148071289,1000.0,0.0,-0.2,-0.26666666666666666,-3.0,-4.0,3.0,31
209.65158081054688,24.667526245117188,4.933505249023438,1000.0,0.0,-0.2,-0.2,-3.0,-3.0,3.0,31
192.82754516601562,13.928314208984375,2.785662841796875,1000.0,0.0,-0.2,-0.13333333333333333,-3.0,-2.0,3.0,31
204.2772674560547,12.229520797729492,2.4459041595458983,1000.0,0.0,-0.2,-0.06666666666666667,-3.0,-1.0,3.0,31
201.1411895751953,18.33106231689453,3.666212463378906,1000.0,0.0,-0.2,0.0,-3.0,0.0,3.0,31
176.42251586914062,7.22671365737915,1.44534273147583,1000.0,0.0,-0.2,0.06666666666666667,-3.0,1.0,3.0,31
181.77687072753906,15.742711067199707,3.1485422134399412,1000.0,0.0,-0.2,0.13333333333333333,-3.0,2.0,3.0,31
206.7880859375,28.31846046447754,5.6636920928955075,1000.0,0.0,-0.2,0.2,-3.0,3.0,3.0,31
212.0117950439453,49.7061767578125,9.9412353515625,1000.0,0.0,-0.2,0.26666666666666666,-3.0,4.0,3.0,31
198.9230499267578,34.725677490234375,6.945135498046875,1000.0,0.0,-0.2,0.3333333333333333,-3.0,5.0,3.0,31
201.19351196289062,49.343360900878906,9.868672180175782,1000.0,0.0,-0.2,0.4,-3.0,6.0,3.0,31
182.03921508789062,13.27265739440918,2.654531478881836,1000.0,0.0,-0.2,0.4666666666666667,-3.0,7.0,3.0,31
192.88914489746094,19.652862548828125,3.930572509765625,1000.0,0.0,-0.2,0.5333333333333333,-3.0,8.0,3.0,31
184.5291748046875,15.311982154846191,3.062396430969238,1000.0,0.0,-0.2,0.6,-3.0,9.0,3.0,31
188.0259552001953,22.156444549560547,4.4312889099121096,1000.0,0.0,-0.2,0.6666666666666666,-3.0,10.0,3.0,31
181.5308837890625,10.495953559875488,2.0991907119750977,1000.0,0.0,-0.2,0.7333333333333333,-3.0,11.0,3.0,31
194.1768341064453,38.7692985534668,7.7538597106933596,1000.0,0.0,-0.2,0.8,-3.0,12.0,3.0,31
197.33163452148438,32.70805358886719,6.5416107177734375,1000.0,0.0,-0.2,0.8666666666666667,-3.0,13.0,3.0,31
204.24380493164062,42.363250732421875,8.472650146484375,1000.0,0.0,-0.2,0.9333333333333333,-3.0,14.0,3.0,31
191.8730926513672,25.62546730041504,5.125093460083008,1000.0,0.0,-0.2,1.0,-3.0,15.0,3.0,31
196.1639862060547,24.707033157348633,4.941406631469727,1000.0,0.0,-0.13333333333333333,-1.0,-2.0,-15.0,3.0,31
204.05255126953125,27.499521255493164,5.4999042510986325,1000.0,0.0,-0.13333333333333333,-0.9333333333333333,-2.0,-14.0,3.0,31
199.55796813964844,20.715497970581055,4.143099594116211,1000.0,0.0,-0.13333333333333333,-0.8666666666666667,-2.0,-13.0,3.0,31
195.70474243164062,21.327655792236328,4.265531158447265,1000.0,0.0,-0.13333333333333333,-0.8,-2.0,-12.0,3.0,31
192.66473388671875,17.47201919555664,3.494403839111328,1000.0,0.0,-0.13333333333333333,-0.7333333333333333,-2.0,-11.0,3.0,31
198.4532012939453,19.84139060974121,3.9682781219482424,1000.0,0.0,-0.13333333333333333,-0.6666666666666666,-2.0,-10.0,3.0,31
208.48471069335938,21.20458221435547,4.240916442871094,1000.0,0.0,-0.13333333333333333,-0.6,-2.0,-9.0,3.0,31
219.00169372558594,21.53566551208496,4.3071331024169925,1000.0,0.0,-0.13333333333333333,-0.5333333333333333,-2.0,-8.0,3.0,31
241.77676391601562,31.12996482849121,6.225992965698242,1000.0,0.0,-0.13333333333333333,-0.4666666666666667,-2.0,-7.0,3.0,31
228.40292358398438,21.130626678466797,4.226125335693359,1000.0,0.0,-0.13333333333333333,-0.4,-2.0,-6.0,3.0,31
214.3406982421875,20.103515625,4.020703125,1000.0,0.0,-0.13333333333333333,-0.3333333333333333,-2.0,-5.0,3.0,31
197.8146514892578,25.70022964477539,5.140045928955078,1000.0,0.0,-0.13333333333333333,-0.26666666666666666,-2.0,-4.0,3.0,31
210.3217315673828,45.351036071777344,9.070207214355468,1000.0,0.0,-0.13333333333333333,-0.2,-2.0,-3.0,3.0,31
193.15170288085938,15.29052734375,3.05810546875,1000.0,0.0,-0.13333333333333333,-0.13333333333333333,-2.0,-2.0,3.0,31
181.36941528320312,12.840916633605957,2.5681833267211913,1000.0,0.0,-0.13333333333333333,-0.06666666666666667,-2.0,-1.0,3.0,31
180.1536865234375,13.255959510803223,2.6511919021606447,1000.0,0.0,-0.13333333333333333,0.0,-2.0,0.0,3.0,31
176.77923583984375,12.121956825256348,2.4243913650512696,1000.0,0.0,-0.13333333333333333,0.06666666666666667,-2.0,1.0,3.0,31
177.5386505126953,14.196549415588379,2.839309883117676,1000.0,0.0,-0.13333333333333333,0.13333333333333333,-2.0,2.0,3.0,31
192.12808227539062,18.03266143798828,3.6065322875976564,1000.0,0.0,-0.13333333333333333,0.2,-2.0,3.0,3.0,31
181.1488037109375,9.311137199401855,1.862227439880371,1000.0,0.0,-0.13333333333333333,0.26666666666666666,-2.0,4.0,3.0,31
182.74896240234375,10.54522705078125,2.10904541015625,1000.0,0.0,-0.13333333333333333,0.3333333333333333,-2.0,5.0,3.0,31
188.49952697753906,30.089736938476562,6.017947387695313,1000.0,0.0,-0.13333333333333333,0.4,-2.0,6.0,3.0,31
210.2465362548828,44.46952819824219,8.893905639648438,1000.0,0.0,-0.13333333333333333,0.4666666666666667,-2.0,7.0,3.0,31
196.92343139648438,31.11001205444336,6.222002410888672,1000.0,0.0,-0.13333333333333333,0.5333333333333333,-2.0,8.0,3.0,31
190.1299591064453,25.555774688720703,5.111154937744141,1000.0,0.0,-0.13333333333333333,0.6,-2.0,9.0,3.0,31
187.91177368164062,14.871121406555176,2.9742242813110353,1000.0,0.0,-0.13333333333333333,0.6666666666666666,-2.0,10.0,3.0,31
210.02037048339844,48.59111404418945,9.71822280883789,1000.0,0.0,-0.13333333333333333,0.7333333333333333,-2.0,11.0,3.0,31
210.79978942871094,52.66053009033203,10.532106018066406,1000.0,0.0,-0.13333333333333333,0.8,-2.0,12.0,3.0,31
202.9927978515625,27.006572723388672,5.401314544677734,1000.0,0.0,-0.13333333333333333,0.8666666666666667,-2.0,13.0,3.0,31
207.93064880371094,41.31891632080078,8.263783264160157,1000.0,0.0,-0.13333333333333333,0.9333333333333333,-2.0,14.0,3.0,31
204.59361267089844,45.58141326904297,9.116282653808593,1000.0,0.0,-0.13333333333333333,1.0,-2.0,15.0,3.0,31
206.99578857421875,33.717552185058594,6.743510437011719,1000.0,0.0,-0.06666666666666667,-1.0,-1.0,-15.0,3.0,31
205.52906799316406,37.4559440612793,7.491188812255859,1000.0,0.0,-0.06666666666666667,-0.9333333333333333,-1.0,-14.0,3.0,31
199.82394409179688,31.583364486694336,6.316672897338867,1000.0,0.0,-0.06666666666666667,-0.8666666666666667,-1.0,-13.0,3.0,31
197.94432067871094,32.00424575805664,6.400849151611328,1000.0,0.0,-0.06666666666666667,-0.8,-1.0,-12.0,3.0,31
195.42076110839844,28.546390533447266,5.709278106689453,1000.0,0.0,-0.06666666666666667,-0.7333333333333333,-1.0,-11.0,3.0,31
200.3873291015625,29.32715606689453,5.865431213378907,1000.0,0.0,-0.06666666666666667,-0.6666666666666666,-1.0,-10.0,3.0,31
211.45556640625,23.730981826782227,4.746196365356445,1000.0,0.0,-0.06666666666666667,-0.6,-1.0,-9.0,3.0,31
234.5377960205078,23.323707580566406,4.664741516113281,1000.0,0.0,-0.06666666666666667,-0.5333333333333333,-1.0,-8.0,3.0,31
213.4298095703125,19.919267654418945,3.9838535308837892,1000.0,0.0,-0.06666666666666667,-0.4666666666666667,-1.0,-7.0,3.0,31
206.7846221923828,16.235403060913086,3.247080612182617,1000.0,0.0,-0.06666666666666667,-0.4,-1.0,-6.0,3.0,31
201.07484436035156,33.23469543457031,6.646939086914062,1000.0,0.0,-0.06666666666666667,-0.3333333333333333,-1.0,-5.0,3.0,31
243.42124938964844,144.7570343017578,28.95140686035156,1000.0,0.0,-0.06666666666666667,-0.26666666666666666,-1.0,-4.0,3.0,31
202.61402893066406,78.21715545654297,15.643431091308594,1000.0,0.0,-0.06666666666666667,-0.2,-1.0,-3.0,3.0,31
224.29766845703125,82.3860855102539,16.47721710205078,1000.0,0.0,-0.06666666666666667,-0.13333333333333333,-1.0,-2.0,3.0,31
191.24050903320312,26.979095458984375,5.395819091796875,1000.0,0.0,-0.06666666666666667,-0.06666666666666667,-1.0,-1.0,3.0,31
189.83775329589844,18.90631103515625,3.78126220703125,1000.0,0.0,-0.06666666666666667,0.0,-1.0,0.0,3.0,31
192.92758178710938,25.858928680419922,5.171785736083985,1000.0,0.0,-0.06666666666666667,0.06666666666666667,-1.0,1.0,3.0,31
265.5787353515625,126.29680633544922,25.259361267089844,1000.0,0.0,-0.06666666666666667,0.13333333333333333,-1.0,2.0,3.0,31
228.39427185058594,82.2208251953125,16.4441650390625,1000.0,0.0,-0.06666666666666667,0.2,-1.0,3.0,3.0,31
181.0113067626953,13.86145305633545,2.7722906112670898,1000.0,0.0,-0.06666666666666667,0.26666666666666666,-1.0,4.0,3.0,31
179.01576232910156,11.827142715454102,2.3654285430908204,1000.0,0.0,-0.06666666666666667,0.3333333333333333,-1.0,5.0,3.0,31
177.63043212890625,9.466217994689941,1.8932435989379883,1000.0,0.0,-0.06666666666666667,0.4,-1.0,6.0,3.0,31
181.73316955566406,21.38494300842285,4.27698860168457,1000.0,0.0,-0.06666666666666667,0.4666666666666667,-1.0,7.0,3.0,31
198.05322265625,49.364253997802734,9.872850799560547,1000.0,0.0,-0.06666666666666667,0.5333333333333333,-1.0,8.0,3.0,31
197.6263885498047,47.76266098022461,9.552532196044922,1000.0,0.0,-0.06666666666666667,0.6,-1.0,9.0,3.0,31
204.61605834960938,66.05470275878906,13.210940551757812,1000.0,0.0,-0.06666666666666667,0.6666666666666666,-1.0,10.0,3.0,31
197.9707489013672,56.5356559753418,11.30713119506836,1000.0,0.0,-0.06666666666666667,0.7333333333333333,-1.0,11.0,3.0,31
188.67837524414062,24.20066261291504,4.840132522583008,1000.0,0.0,-0.06666666666666667,0.8,-1.0,12.0,3.0,31
227.08926391601562,41.78191375732422,8.356382751464844,1000.0,0.0,-0.06666666666666667,0.8666666666666667,-1.0,13.0,3.0,31
227.76742553710938,57.38145065307617,11.476290130615235,1000.0,0.0,-0.06666666666666667,0.9333333333333333,-1.0,14.0,3.0,31
219.14181518554688,43.89907455444336,8.779814910888671,1000.0,0.0,-0.06666666666666667,1.0,-1.0,15.0,3.0,31
200.99151611328125,40.775333404541016,8.155066680908202,1000.0,0.0,0.0,-1.0,0.0,-15.0,3.0,31
205.1778106689453,40.5488395690918,8.10976791381836,1000.0,0.0,0.0,-0.9333333333333333,0.0,-14.0,3.0,31
202.89559936523438,38.22626495361328,7.645252990722656,1000.0,0.0,0.0,-0.8666666666666667,0.0,-13.0,3.0,31
202.38951110839844,36.69855880737305,7.339711761474609,1000.0,0.0,0.0,-0.8,0.0,-12.0,3.0,31
202.9799041748047,35.52616500854492,7.105233001708984,1000.0,0.0,0.0,-0.7333333333333333,0.0,-11.0,3.0,31
210.83917236328125,40.99001693725586,8.198003387451172,1000.0,0.0,0.0,-0.6666666666666666,0.0,-10.0,3.0,31
219.10511779785156,41.59412384033203,8.318824768066406,1000.0,0.0,0.0,-0.6,0.0,-9.0,3.0,31
261.893798828125,67.75279998779297,13.550559997558594,1000.0,0.0,0.0,-0.5333333333333333,0.0,-8.0,3.0,31
220.71896362304688,24.523487091064453,4.904697418212891,1000.0,0.0,0.0,-0.4666666666666667,0.0,-7.0,3.0,31
213.6060333251953,20.493440628051758,4.098688125610352,1000.0,0.0,0.0,-0.4,0.0,-6.0,3.0,31
181.77008056640625,17.699583053588867,3.5399166107177735,1000.0,0.0,0.0,-0.3333333333333333,0.0,-5.0,3.0,31
239.3023681640625,129.6533966064453,25.930679321289062,1000.0,0.0,0.0,-0.26666666666666666,0.0,-4.0,3.0,31
202.6416015625,75.9997787475586,15.19995574951172,1000.0,0.0,0.0,-0.2,0.0,-3.0,3.0,31
179.41183471679688,17.661447525024414,3.532289505004883,1000.0,0.0,0.0,-0.13333333333333333,0.0,-2.0,3.0,31
190.16644287109375,25.36833953857422,5.073667907714844,1000.0,0.0,0.0,-0.06666666666666667,0.0,-1.0,3.0,31
240.59080505371094,31.464889526367188,6.292977905273437,1000.0,0.0,0.0,0.0,0.0,0.0,3.0,31
259.580078125,48.84754180908203,9.769508361816406,1000.0,0.0,0.0,0.06666666666666667,0.0,1.0,3.0,31
297.5189514160156,54.157081604003906,10.83141632080078,1000.0,0.0,0.0,0.13333333333333333,0.0,2.0,3.0,31
197.9296417236328,24.100122451782227,4.820024490356445,1000.0,0.0,0.0,0.2,0.0,3.0,3.0,31
183.98318481445312,14.294689178466797,2.8589378356933595,1000.0,0.0,0.0,0.26666666666666666,0.0,4.0,3.0,31
178.47496032714844,7.014623641967773,1.4029247283935546,1000.0,0.0,0.0,0.3333333333333333,0.0,5.0,3.0,31
177.08624267578125,10.350319862365723,2.0700639724731444,1000.0,0.0,0.0,0.4,0.0,6.0,3.0,31
178.8708953857422,15.657299995422363,3.1314599990844725,1000.0,0.0,0.0,0.4666666666666667,0.0,7.0,3.0,31
182.76173400878906,20.257587432861328,4.051517486572266,1000.0,0.0,0.0,0.5333333333333333,0.0,8.0,3.0,31
192.35699462890625,31.224634170532227,6.244926834106446,1000.0,0.0,0.0,0.6,0.0,9.0,3.0,31
207.97412109375,45.534420013427734,9.106884002685547,1000.0,0.0,0.0,0.6666666666666666,0.0,10.0,3.0,31
222.4458465576172,68.02030181884766,13.60406036376953,1000.0,0.0,0.0,0.7333333333333333,0.0,11.0,3.0,31
201.6701202392578,37.061744689941406,7.412348937988281,1000.0,0.0,0.0,0.8,0.0,12.0,3.0,31
191.62672424316406,19.74609375,3.94921875,1000.0,0.0,0.0,0.8666666666666667,0.0,13.0,3.0,31
236.3961944580078,54.72446823120117,10.944893646240235,1000.0,0.0,0.0,0.9333333333333333,0.0,14.0,3.0,31
232.16896057128906,54.94378662109375,10.98875732421875,1000.0,0.0,0.0,1.0,0.0,15.0,3.0,31
206.2882080078125,41.64896011352539,8.329792022705078,1000.0,0.0,0.06666666666666667,-1.0,1.0,-15.0,3.0,31
197.67739868164062,30.1827449798584,6.03654899597168,1000.0,0.0,0.06666666666666667,-0.9333333333333333,1.0,-14.0,3.0,31
201.07794189453125,37.65629959106445,7.531259918212891,1000.0,0.0,0.06666666666666667,-0.8666666666666667,1.0,-13.0,3.0,31
201.84490966796875,36.67973709106445,7.335947418212891,1000.0,0.0,0.06666666666666667,-0.8,1.0,-12.0,3.0,31
207.3175048828125,42.41354751586914,8.482709503173828,1000.0,0.0,0.06666666666666667,-0.7333333333333333,1.0,-11.0,3.0,31
206.10958862304688,39.56983184814453,7.913966369628906,1000.0,0.0,0.06666666666666667,-0.6666666666666666,1.0,-10.0,3.0,31
216.64646911621094,46.236289978027344,9.24725799560547,1000.0,0.0,0.06666666666666667,-0.6,1.0,-9.0,3.0,31
242.20193481445312,44.51700210571289,8.903400421142578,1000.0,0.0,0.06666666666666667,-0.5333333333333333,1.0,-8.0,3.0,31
251.5756072998047,34.81199264526367,6.962398529052734,1000.0,0.0,0.06666666666666667,-0.4666666666666667,1.0,-7.0,3.0,31
239.65367126464844,18.677152633666992,3.7354305267333983,1000.0,0.0,0.06666666666666667,-0.4,1.0,-6.0,3.0,31
215.24607849121094,38.40098571777344,7.680197143554688,1000.0,0.0,0.06666666666666667,-0.3333333333333333,1.0,-5.0,3.0,31
196.1888885498047,83.08657836914062,16.617315673828124,1000.0,0.0,0.06666666666666667,-0.26666666666666666,1.0,-4.0,3.0,31
231.56607055664062,130.98074340820312,26.196148681640626,1000.0,0.0,0.06666666666666667,-0.2,1.0,-3.0,3.0,31
205.62925720214844,49.88228988647461,9.976457977294922,1000.0,0.0,0.06666666666666667,-0.13333333333333333,1.0,-2.0,3.0,31
222.1119384765625,132.18588256835938,26.437176513671876,1000.0,0.0,0.06666666666666667,-0.06666666666666667,1.0,-1.0,3.0,31
213.98544311523438,21.40644073486328,4.281288146972656,1000.0,0.0,0.06666666666666667,0.0,1.0,0.0,3.0,31
361.9842529296875,86.10171508789062,17.220343017578124,1000.0,0.0,0.06666666666666667,0.06666666666666667,1.0,1.0,3.0,31
253.48858642578125,51.816917419433594,10.363383483886718,1000.0,0.0,0.06666666666666667,0.13333333333333333,1.0,2.0,3.0,31
219.5746307373047,35.92060470581055,7.184120941162109,1000.0,0.0,0.06666666666666667,0.2,1.0,3.0,3.0,31
195.1747589111328,49.539695739746094,9.907939147949218,1000.0,0.0,0.06666666666666667,0.26666666666666666,1.0,4.0,3.0,31
185.23208618164062,14.263795852661133,2.8527591705322264,1000.0,0.0,0.06666666666666667,0.3333333333333333,1.0,5.0,3.0,31
186.28822326660156,21.473011016845703,4.2946022033691404,1000.0,0.0,0.06666666666666667,0.4,1.0,6.0,3.0,31
186.9906463623047,21.07119369506836,4.2142387390136715,1000.0,0.0,0.06666666666666667,0.4666666666666667,1.0,7.0,3.0,31
186.34243774414062,16.85692024230957,3.371384048461914,1000.0,0.0,0.06666666666666667,0.5333333333333333,1.0,8.0,3.0,31
182.27239990234375,15.900308609008789,3.1800617218017577,1000.0,0.0,0.06666666666666667,0.6,1.0,9.0,3.0,31
190.71728515625,23.943239212036133,4.788647842407227,1000.0,0.0,0.06666666666666667,0.6666666666666666,1.0,10.0,3.0,31
199.99749755859375,42.471031188964844,8.49420623779297,1000.0,0.0,0.06666666666666667,0.7333333333333333,1.0,11.0,3.0,31
217.35165405273438,53.13352584838867,10.626705169677734,1000.0,0.0,0.06666666666666667,0.8,1.0,12.0,3.0,31
202.55943298339844,47.232566833496094,9.446513366699218,1000.0,0.0,0.06666666666666667,0.8666666666666667,1.0,13.0,3.0,31
233.3542938232422,53.242130279541016,10.648426055908203,1000.0,0.0,0.06666666666666667,0.9333333333333333,1.0,14.0,3.0,31
220.7173614501953,48.20955276489258,9.641910552978516,1000.0,0.0,0.06666666666666667,1.0,1.0,15.0,3.0,31
189.3627166748047,28.008255004882812,5.601651000976562,1000.0,0.0,0.13333333333333333,-1.0,2.0,-15.0,3.0,31
203.9897918701172,35.862789154052734,7.172557830810547,1000.0,0.0,0.13333333333333333,-0.9333333333333333,2.0,-14.0,3.0,31
199.17898559570312,35.57037353515625,7.11407470703125,1000.0,0.0,0.13333333333333333,-0.8666666666666667,2.0,-13.0,3.0,31
197.51727294921875,34.97779846191406,6.9955596923828125,1000.0,0.0,0.13333333333333333,-0.8,2.0,-12.0,3.0,31
208.1848602294922,39.299644470214844,7.859928894042969,1000.0,0.0,0.13333333333333333,-0.7333333333333333,2.0,-11.0,3.0,31
208.50918579101562,39.9564094543457,7.991281890869141,1000.0,0.0,0.13333333333333333,-0.6666666666666666,2.0,-10.0,3.0,31
224.52499389648438,44.98576736450195,8.99715347290039,1000.0,0.0,0.13333333333333333,-0.6,2.0,-9.0,3.0,31
277.0097961425781,71.22142028808594,14.244284057617188,1000.0,0.0,0.13333333333333333,-0.5333333333333333,2.0,-8.0,3.0,31
244.36483764648438,27.883800506591797,5.576760101318359,1000.0,0.0,0.13333333333333333,-0.4666666666666667,2.0,-7.0,3.0,31
230.45828247070312,18.781103134155273,3.7562206268310545,1000.0,0.0,0.13333333333333333,-0.4,2.0,-6.0,3.0,31
237.05979919433594,17.47376251220703,3.4947525024414063,1000.0,0.0,0.13333333333333333,-0.3333333333333333,2.0,-5.0,3.0,31
211.09832763671875,61.012916564941406,12.202583312988281,1000.0,0.0,0.13333333333333333,-0.26666666666666666,2.0,-4.0,3.0,31
226.76170349121094,84.00761413574219,16.80152282714844,1000.0,0.0,0.13333333333333333,-0.2,2.0,-3.0,3.0,31
202.53924560546875,58.506229400634766,11.701245880126953,1000.0,0.0,0.13333333333333333,-0.13333333333333333,2.0,-2.0,3.0,31
213.21849060058594,48.30906295776367,9.661812591552735,1000.0,0.0,0.13333333333333333,-0.06666666666666667,2.0,-1.0,3.0,31
215.14654541015625,45.23179626464844,9.046359252929687,1000.0,0.0,0.13333333333333333,0.0,2.0,0.0,3.0,31
300.3960266113281,210.1671905517578,42.03343811035156,1000.0,0.0,0.13333333333333333,0.06666666666666667,2.0,1.0,3.0,31
273.03009033203125,109.73413848876953,21.946827697753907,1000.0,0.0,0.13333333333333333,0.13333333333333333,2.0,2.0,3.0,31
223.43865966796875,46.7446174621582,9.348923492431641,1000.0,0.0,0.13333333333333333,0.2,2.0,3.0,3.0,31
204.14077758789062,31.663633346557617,6.332726669311524,1000.0,0.0,0.13333333333333333,0.26666666666666666,2.0,4.0,3.0,31
190.04080200195312,24.024375915527344,4.804875183105469,1000.0,0.0,0.13333333333333333,0.3333333333333333,2.0,5.0,3.0,31
187.35311889648438,15.206719398498535,3.041343879699707,1000.0,0.0,0.13333333333333333,0.4,2.0,6.0,3.0,31
180.37548828125,12.104666709899902,2.4209333419799806,1000.0,0.0,0.13333333333333333,0.4666666666666667,2.0,7.0,3.0,31
187.69857788085938,21.42122459411621,4.2842449188232425,1000.0,0.0,0.13333333333333333,0.5333333333333333,2.0,8.0,3.0,31
179.85226440429688,14.085700988769531,2.8171401977539063,1000.0,0.0,0.13333333333333333,0.6,2.0,9.0,3.0,31
179.39697265625,12.615006446838379,2.523001289367676,1000.0,0.0,0.13333333333333333,0.6666666666666666,2.0,10.0,3.0,31
185.54019165039062,21.849536895751953,4.369907379150391,1000.0,0.0,0.13333333333333333,0.7333333333333333,2.0,11.0,3.0,31
204.51226806640625,33.79105758666992,6.758211517333985,1000.0,0.0,0.13333333333333333,0.8,2.0,12.0,3.0,31
234.12149047851562,54.09679412841797,10.819358825683594,1000.0,0.0,0.13333333333333333,0.8666666666666667,2.0,13.0,3.0,31
249.17095947265625,63.577049255371094,12.715409851074218,1000.0,0.0,0.13333333333333333,0.9333333333333333,2.0,14.0,3.0,31
240.09927368164062,61.73483657836914,12.346967315673828,1000.0,0.0,0.13333333333333333,1.0,2.0,15.0,3.0,31
198.39535522460938,31.482681274414062,6.296536254882812,1000.0,0.0,0.2,-1.0,3.0,-15.0,3.0,31
195.00518798828125,30.634775161743164,6.126955032348633,1000.0,0.0,0.2,-0.9333333333333333,3.0,-14.0,3.0,31
199.42120361328125,36.41501998901367,7.2830039978027346,1000.0,0.0,0.2,-0.8666666666666667,3.0,-13.0,3.0,31
195.71441650390625,32.85803985595703,6.571607971191407,1000.0,0.0,0.2,-0.8,3.0,-12.0,3.0,31
209.0308380126953,45.098697662353516,9.019739532470703,1000.0,0.0,0.2,-0.7333333333333333,3.0,-11.0,3.0,31
209.48858642578125,45.03362274169922,9.006724548339843,1000.0,0.0,0.2,-0.6666666666666666,3.0,-10.0,3.0,31
222.189453125,52.94639205932617,10.589278411865234,1000.0,0.0,0.2,-0.6,3.0,-9.0,3.0,31
245.43748474121094,55.41876220703125,11.08375244140625,1000.0,0.0,0.2,-0.5333333333333333,3.0,-8.0,3.0,31
213.9202880859375,31.600505828857422,6.320101165771485,1000.0,0.0,0.2,-0.4666666666666667,3.0,-7.0,3.0,31
185.47036743164062,18.805051803588867,3.7610103607177736,1000.0,0.0,0.2,-0.4,3.0,-6.0,3.0,31
249.20481872558594,8.566067695617676,1.7132135391235352,1000.0,0.0,0.2,-0.3333333333333333,3.0,-5.0,3.0,31
234.40292358398438,26.55078887939453,5.310157775878906,1000.0,0.0,0.2,-0.26666666666666666,3.0,-4.0,3.0,31
178.86260986328125,15.932320594787598,3.1864641189575194,1000.0,0.0,0.2,-0.2,3.0,-3.0,3.0,31
214.00704956054688,33.52008056640625,6.70401611328125,1000.0,0.0,0.2,-0.13333333333333333,3.0,-2.0,3.0,31
203.70960998535156,52.035797119140625,10.407159423828125,1000.0,0.0,0.2,-0.06666666666666667,3.0,-1.0,3.0,31
227.85079956054688,74.99224090576172,14.998448181152344,1000.0,0.0,0.2,0.0,3.0,0.0,3.0,31
265.5030822753906,154.27838134765625,30.85567626953125,1000.0,0.0,0.2,0.06666666666666667,3.0,1.0,3.0,31
221.54608154296875,53.0592041015625,10.6118408203125,1000.0,0.0,0.2,0.13333333333333333,3.0,2.0,3.0,31
235.65646362304688,22.79135513305664,4.558271026611328,1000.0,0.0,0.2,0.2,3.0,3.0,3.0,31
206.67303466796875,36.997528076171875,7.399505615234375,1000.0,0.0,0.2,0.26666666666666666,3.0,4.0,3.0,31
254.33656311035156,45.39476013183594,9.078952026367187,1000.0,0.0,0.2,0.3333333333333333,3.0,5.0,3.0,31
199.77157592773438,31.7412109375,6.3482421875,1000.0,0.0,0.2,0.4,3.0,6.0,3.0,31
184.02342224121094,17.538238525390625,3.507647705078125,1000.0,0.0,0.2,0.4666666666666667,3.0,7.0,3.0,31
180.99095153808594,18.16281509399414,3.632563018798828,1000.0,0.0,0.2,0.5333333333333333,3.0,8.0,3.0,31
183.93814086914062,19.6566219329834,3.9313243865966796,1000.0,0.0,0.2,0.6,3.0,9.0,3.0,31
185.55979919433594,22.689678192138672,4.537935638427735,1000.0,0.0,0.2,0.6666666666666666,3.0,10.0,3.0,31
182.46694946289062,18.502532958984375,3.700506591796875,1000.0,0.0,0.2,0.7333333333333333,3.0,11.0,3.0,31
191.95359802246094,35.57845687866211,7.115691375732422,1000.0,0.0,0.2,0.8,3.0,12.0,3.0,31
181.33567810058594,19.172094345092773,3.8344188690185548,1000.0,0.0,0.2,0.8666666666666667,3.0,13.0,3.0,31
193.05752563476562,20.946495056152344,4.189299011230469,1000.0,0.0,0.2,0.9333333333333333,3.0,14.0,3.0,31
222.91539001464844,39.2760124206543,7.855202484130859,1000.0,0.0,0.2,1.0,3.0,15.0,3.0,31
191.91265869140625,23.53861427307129,4.707722854614258,1000.0,0.0,0.26666666666666666,-1.0,4.0,-15.0,3.0,31
195.1014862060547,31.02470588684082,6.204941177368164,1000.0,0.0,0.26666666666666666,-0.9333333333333333,4.0,-14.0,3.0,31
195.29954528808594,30.581642150878906,6.116328430175781,1000.0,0.0,0.26666666666666666,-0.8666666666666667,4.0,-13.0,3.0,31
194.77523803710938,37.514129638671875,7.502825927734375,1000.0,0.0,0.26666666666666666,-0.8,4.0,-12.0,3.0,31
209.99903869628906,45.3486213684082,9.06972427368164,1000.0,0.0,0.26666666666666666,-0.7333333333333333,4.0,-11.0,3.0,31
218.79017639160156,48.37076950073242,9.674153900146484,1000.0,0.0,0.26666666666666666,-0.6666666666666666,4.0,-10.0,3.0,31
227.6918487548828,53.60526657104492,10.721053314208984,1000.0,0.0,0.26666666666666666,-0.6,4.0,-9.0,3.0,31
223.80706787109375,43.78092956542969,8.756185913085938,1000.0,0.0,0.26666666666666666,-0.5333333333333333,4.0,-8.0,3.0,31
211.44161987304688,37.808189392089844,7.561637878417969,1000.0,0.0,0.26666666666666666,-0.4666666666666667,4.0,-7.0,3.0,31
190.52810668945312,35.51374816894531,7.102749633789062,1000.0,0.0,0.26666666666666666,-0.4,4.0,-6.0,3.0,31
263.446533203125,30.642868041992188,6.128573608398438,1000.0,0.0,0.26666666666666666,-0.3333333333333333,4.0,-5.0,3.0,31
251.0879669189453,50.51772689819336,10.103545379638671,1000.0,0.0,0.26666666666666666,-0.26666666666666666,4.0,-4.0,3.0,31
220.13783264160156,35.50358963012695,7.100717926025391,1000.0,0.0,0.26666666666666666,-0.2,4.0,-3.0,3.0,31
193.64974975585938,43.130615234375,8.626123046875,1000.0,0.0,0.26666666666666666,-0.13333333333333333,4.0,-2.0,3.0,31
186.07875061035156,20.730876922607422,4.146175384521484,1000.0,0.0,0.26666666666666666,-0.06666666666666667,4.0,-1.0,3.0,31
193.9630126953125,25.502714157104492,5.100542831420898,1000.0,0.0,0.26666666666666666,0.0,4.0,0.0,3.0,31
267.14569091796875,123.11968231201172,24.623936462402344,1000.0,0.0,0.26666666666666666,0.06666666666666667,4.0,1.0,3.0,31
269.2397155761719,88.65347290039062,17.730694580078126,1000.0,0.0,0.26666666666666666,0.13333333333333333,4.0,2.0,3.0,31
238.39083862304688,54.56416702270508,10.912833404541015,1000.0,0.0,0.26666666666666666,0.2,4.0,3.0,3.0,31
213.3781280517578,29.027145385742188,5.805429077148437,1000.0,0.0,0.26666666666666666,0.26666666666666666,4.0,4.0,3.0,31
193.99098205566406,20.846223831176758,4.169244766235352,1000.0,0.0,0.26666666666666666,0.3333333333333333,4.0,5.0,3.0,31
198.5545654296875,28.050317764282227,5.610063552856445,1000.0,0.0,0.26666666666666666,0.4,4.0,6.0,3.0,31
227.0380096435547,66.8184814453125,13.3636962890625,1000.0,0.0,0.26666666666666666,0.4666666666666667,4.0,7.0,3.0,31
181.17706298828125,16.123348236083984,3.224669647216797,1000.0,0.0,0.26666666666666666,0.5333333333333333,4.0,8.0,3.0,31
181.22543334960938,13.387452125549316,2.6774904251098635,1000.0,0.0,0.26666666666666666,0.6,4.0,9.0,3.0,31
189.44998168945312,34.04619598388672,6.809239196777344,1000.0,0.0,0.26666666666666666,0.6666666666666666,4.0,10.0,3.0,31
183.14617919921875,25.107952117919922,5.0215904235839846,1000.0,0.0,0.26666666666666666,0.7333333333333333,4.0,11.0,3.0,31
189.52651977539062,25.200353622436523,5.040070724487305,1000.0,0.0,0.26666666666666666,0.8,4.0,12.0,3.0,31
187.35128784179688,27.10431480407715,5.4208629608154295,1000.0,0.0,0.26666666666666666,0.8666666666666667,4.0,13.0,3.0,31
190.78201293945312,26.17670249938965,5.23534049987793,1000.0,0.0,0.26666666666666666,0.9333333333333333,4.0,14.0,3.0,31
192.73577880859375,29.635705947875977,5.927141189575195,1000.0,0.0,0.26666666666666666,1.0,4.0,15.0,3.0,31
189.83934020996094,26.307952880859375,5.261590576171875,1000.0,0.0,0.3333333333333333,-1.0,5.0,-15.0,3.0,31
191.80929565429688,35.6330680847168,7.126613616943359,1000.0,0.0,0.3333333333333333,-0.9333333333333333,5.0,-14.0,3.0,31
194.4971923828125,34.945213317871094,6.989042663574219,1000.0,0.0,0.3333333333333333,-0.8666666666666667,5.0,-13.0,3.0,31
199.2117156982422,32.576324462890625,6.515264892578125,1000.0,0.0,0.3333333333333333,-0.8,5.0,-12.0,3.0,31
197.80300903320312,33.35969161987305,6.67193832397461,1000.0,0.0,0.3333333333333333,-0.7333333333333333,5.0,-11.0,3.0,31
200.04336547851562,33.36287307739258,6.672574615478515,1000.0,0.0,0.3333333333333333,-0.6666666666666666,5.0,-10.0,3.0,31
223.2316436767578,53.63432312011719,10.726864624023438,1000.0,0.0,0.3333333333333333,-0.6,5.0,-9.0,3.0,31
218.67396545410156,36.83110046386719,7.366220092773437,1000.0,0.0,0.3333333333333333,-0.5333333333333333,5.0,-8.0,3.0,31
252.22796630859375,47.95841979980469,9.591683959960937,1000.0,0.0,0.3333333333333333,-0.4666666666666667,5.0,-7.0,3.0,31
218.4897918701172,39.84903335571289,7.969806671142578,1000.0,0.0,0.3333333333333333,-0.4,5.0,-6.0,3.0,31
277.17095947265625,59.466064453125,11.893212890625,1000.0,0.0,0.3333333333333333,-0.3333333333333333,5.0,-5.0,3.0,31
264.5821228027344,54.61329650878906,10.922659301757813,1000.0,0.0,0.3333333333333333,-0.26666666666666666,5.0,-4.0,3.0,31
178.39158630371094,18.91230010986328,3.782460021972656,1000.0,0.0,0.3333333333333333,-0.2,5.0,-3.0,3.0,31
210.71444702148438,65.1920394897461,13.038407897949218,1000.0,0.0,0.3333333333333333,-0.13333333333333333,5.0,-2.0,3.0,31
209.88003540039062,49.75606155395508,9.951212310791016,1000.0,0.0,0.3333333333333333,-0.06666666666666667,5.0,-1.0,3.0,31
215.3472900390625,47.03449630737305,9.40689926147461,1000.0,0.0,0.3333333333333333,0.0,5.0,0.0,3.0,31
263.63604736328125,89.72632598876953,17.945265197753905,1000.0,0.0,0.3333333333333333,0.06666666666666667,5.0,1.0,3.0,31
267.7481994628906,66.80267333984375,13.36053466796875,1000.0,0.0,0.3333333333333333,0.13333333333333333,5.0,2.0,3.0,31
205.51156616210938,38.227413177490234,7.6454826354980465,1000.0,0.0,0.3333333333333333,0.2,5.0,3.0,3.0,31
192.5057830810547,21.50682258605957,4.301364517211914,1000.0,0.0,0.3333333333333333,0.26666666666666666,5.0,4.0,3.0,31
184.17543029785156,20.911842346191406,4.182368469238281,1000.0,0.0,0.3333333333333333,0.3333333333333333,5.0,5.0,3.0,31
188.71670532226562,22.651628494262695,4.530325698852539,1000.0,0.0,0.3333333333333333,0.4,5.0,6.0,3.0,31
216.81866455078125,66.43576049804688,13.287152099609376,1000.0,0.0,0.3333333333333333,0.4666666666666667,5.0,7.0,3.0,31
231.66993713378906,65.60474395751953,13.120948791503906,1000.0,0.0,0.3333333333333333,0.5333333333333333,5.0,8.0,3.0,31
206.22152709960938,33.2537841796875,6.6507568359375,1000.0,0.0,0.3333333333333333,0.6,5.0,9.0,3.0,31
196.54563903808594,27.93576431274414,5.5871528625488285,1000.0,0.0,0.3333333333333333,0.6666666666666666,5.0,10.0,3.0,31
190.9828643798828,18.674072265625,3.734814453125,1000.0,0.0,0.3333333333333333,0.7333333333333333,5.0,11.0,3.0,31
192.7215576171875,29.016597747802734,5.8033195495605465,1000.0,0.0,0.3333333333333333,0.8,5.0,12.0,3.0,31
183.70645141601562,14.308883666992188,2.8617767333984374,1000.0,0.0,0.3333333333333333,0.8666666666666667,5.0,13.0,3.0,31
191.33782958984375,21.384201049804688,4.2768402099609375,1000.0,0.0,0.3333333333333333,0.9333333333333333,5.0,14.0,3.0,31
187.49099731445312,19.723623275756836,3.9447246551513673,1000.0,0.0,0.3333333333333333,1.0,5.0,15.0,3.0,31
187.08926391601562,21.133819580078125,4.226763916015625,1000.0,0.0,0.4,-1.0,6.0,-15.0,3.0,31
193.4725341796875,29.884765625,5.976953125,1000.0,0.0,0.4,-0.9333333333333333,6.0,-14.0,3.0,31
191.61660766601562,26.336854934692383,5.267370986938476,1000.0,0.0,0.4,-0.8666666666666667,6.0,-13.0,3.0,31
195.5290069580078,32.48875045776367,6.497750091552734,1000.0,0.0,0.4,-0.8,6.0,-12.0,3.0,31
202.78781127929688,40.15788269042969,8.031576538085938,1000.0,0.0,0.4,-0.7333333333333333,6.0,-11.0,3.0,31
189.46847534179688,21.676311492919922,4.335262298583984,1000.0,0.0,0.4,-0.6666666666666666,6.0,-10.0,3.0,31
215.17218017578125,43.47821044921875,8.69564208984375,1000.0,0.0,0.4,-0.6,6.0,-9.0,3.0,31
256.47161865234375,52.051177978515625,10.410235595703124,1000.0,0.0,0.4,-0.5333333333333333,6.0,-8.0,3.0,31
253.7197265625,67.35497283935547,13.470994567871093,1000.0,0.0,0.4,-0.4666666666666667,6.0,-7.0,3.0,31
292.8055419921875,79.66484832763672,15.932969665527343,1000.0,0.0,0.4,-0.4,6.0,-6.0,3.0,31
276.57733154296875,55.37651824951172,11.075303649902343,1000.0,0.0,0.4,-0.3333333333333333,6.0,-5.0,3.0,31
190.2700958251953,20.53724479675293,4.107448959350586,1000.0,0.0,0.4,-0.26666666666666666,6.0,-4.0,3.0,31
187.2932586669922,25.35134506225586,5.070269012451172,1000.0,0.0,0.4,-0.2,6.0,-3.0,3.0,31
207.80738830566406,52.893890380859375,10.578778076171876,1000.0,0.0,0.4,-0.13333333333333333,6.0,-2.0,3.0,31
208.99453735351562,47.91716766357422,9.583433532714844,1000.0,0.0,0.4,-0.06666666666666667,6.0,-1.0,3.0,31
211.71075439453125,37.976627349853516,7.595325469970703,1000.0,0.0,0.4,0.0,6.0,0.0,3.0,31
208.97789001464844,32.2806510925293,6.4561302185058596,1000.0,0.0,0.4,0.06666666666666667,6.0,1.0,3.0,31
212.55197143554688,40.89683151245117,8.179366302490234,1000.0,0.0,0.4,0.13333333333333333,6.0,2.0,3.0,31
211.14222717285156,39.19853210449219,7.8397064208984375,1000.0,0.0,0.4,0.2,6.0,3.0,3.0,31
196.33163452148438,30.73950958251953,6.147901916503907,1000.0,0.0,0.4,0.26666666666666666,6.0,4.0,3.0,31
196.05160522460938,22.80579948425293,4.561159896850586,1000.0,0.0,0.4,0.3333333333333333,6.0,5.0,3.0,31
188.4520721435547,16.660795211791992,3.3321590423583984,1000.0,0.0,0.4,0.4,6.0,6.0,3.0,31
187.7144775390625,25.324420928955078,5.064884185791016,1000.0,0.0,0.4,0.4666666666666667,6.0,7.0,3.0,31
202.3050994873047,44.29861831665039,8.859723663330078,1000.0,0.0,0.4,0.5333333333333333,6.0,8.0,3.0,31
198.89279174804688,41.20262145996094,8.240524291992188,1000.0,0.0,0.4,0.6,6.0,9.0,3.0,31
207.89747619628906,40.02448654174805,8.004897308349609,1000.0,0.0,0.4,0.6666666666666666,6.0,10.0,3.0,31
215.40023803710938,43.60721969604492,8.721443939208985,1000.0,0.0,0.4,0.7333333333333333,6.0,11.0,3.0,31
217.40274047851562,46.83488082885742,9.366976165771485,1000.0,0.0,0.4,0.8,6.0,12.0,3.0,31
233.0624237060547,57.82352066040039,11.564704132080077,1000.0,0.0,0.4,0.8666666666666667,6.0,13.0,3.0,31
242.21575927734375,68.15705108642578,13.631410217285156,1000.0,0.0,0.4,0.9333333333333333,6.0,14.0,3.0,31
211.45289611816406,41.875362396240234,8.375072479248047,1000.0,0.0,0.4,1.0,6.0,15.0,3.0,31
188.31924438476562,20.942890167236328,4.188578033447266,1000.0,0.0,0.4666666666666667,-1.0,7.0,-15.0,3.0,31
187.8202667236328,21.0350341796875,4.2070068359375,1000.0,0.0,0.4666666666666667,-0.9333333333333333,7.0,-14.0,3.0,31
193.50418090820312,27.134260177612305,5.426852035522461,1000.0,0.0,0.4666666666666667,-0.8666666666666667,7.0,-13.0,3.0,31
187.14915466308594,21.714092254638672,4.3428184509277346,1000.0,0.0,0.4666666666666667,-0.8,7.0,-12.0,3.0,31
202.5391845703125,34.598060607910156,6.919612121582031,1000.0,0.0,0.4666666666666667,-0.7333333333333333,7.0,-11.0,3.0,31
215.55406188964844,50.427371978759766,10.085474395751953,1000.0,0.0,0.4666666666666667,-0.6666666666666666,7.0,-10.0,3.0,31
247.66180419921875,53.82246017456055,10.76449203491211,1000.0,0.0,0.4666666666666667,-0.6,7.0,-9.0,3.0,31
288.6228942871094,78.22251892089844,15.644503784179687,1000.0,0.0,0.4666666666666667,-0.5333333333333333,7.0,-8.0,3.0,31
319.1543273925781,83.1917724609375,16.6383544921875,1000.0,0.0,0.4666666666666667,-0.4666666666666667,7.0,-7.0,3.0,31
288.56396484375,89.30481719970703,17.860963439941408,1000.0,0.0,0.4666666666666667,-0.4,7.0,-6.0,3.0,31
273.522705078125,80.11248016357422,16.022496032714844,1000.0,0.0,0.4666666666666667,-0.3333333333333333,7.0,-5.0,3.0,31
183.62791442871094,12.526363372802734,2.5052726745605467,1000.0,0.0,0.4666666666666667,-0.26666666666666666,7.0,-4.0,3.0,31
195.58319091796875,41.60057830810547,8.320115661621093,1000.0,0.0,0.4666666666666667,-0.2,7.0,-3.0,3.0,31
208.12403869628906,46.90726852416992,9.381453704833984,1000.0,0.0,0.4666666666666667,-0.13333333333333333,7.0,-2.0,3.0,31
222.69041442871094,51.023094177246094,10.204618835449219,1000.0,0.0,0.4666666666666667,-0.06666666666666667,7.0,-1.0,3.0,31
211.04901123046875,47.64372634887695,9.52874526977539,1000.0,0.0,0.4666666666666667,0.0,7.0,0.0,3.0,31
203.3735809326172,27.00044822692871,5.4000896453857425,1000.0,0.0,0.4666666666666667,0.06666666666666667,7.0,1.0,3.0,31
203.11026000976562,33.33981704711914,6.6679634094238285,1000.0,0.0,0.4666666666666667,0.13333333333333333,7.0,2.0,3.0,31
212.6103973388672,26.028852462768555,5.205770492553711,1000.0,0.0,0.4666666666666667,0.2,7.0,3.0,3.0,31
195.98284912109375,26.82758331298828,5.365516662597656,1000.0,0.0,0.4666666666666667,0.26666666666666666,7.0,4.0,3.0,31
199.7384796142578,29.603002548217773,5.920600509643554,1000.0,0.0,0.4666666666666667,0.3333333333333333,7.0,5.0,3.0,31
192.09140014648438,26.300893783569336,5.260178756713867,1000.0,0.0,0.4666666666666667,0.4,7.0,6.0,3.0,31
192.11874389648438,30.532793045043945,6.106558609008789,1000.0,0.0,0.4666666666666667,0.4666666666666667,7.0,7.0,3.0,31
186.44937133789062,23.716724395751953,4.74334487915039,1000.0,0.0,0.4666666666666667,0.5333333333333333,7.0,8.0,3.0,31
207.70391845703125,48.069522857666016,9.613904571533203,1000.0,0.0,0.4666666666666667,0.6,7.0,9.0,3.0,31
195.20994567871094,35.780067443847656,7.156013488769531,1000.0,0.0,0.4666666666666667,0.6666666666666666,7.0,10.0,3.0,31
199.45091247558594,36.61636734008789,7.323273468017578,1000.0,0.0,0.4666666666666667,0.7333333333333333,7.0,11.0,3.0,31
209.5087127685547,34.466224670410156,6.893244934082031,1000.0,0.0,0.4666666666666667,0.8,7.0,12.0,3.0,31
219.35281372070312,54.316890716552734,10.863378143310547,1000.0,0.0,0.4666666666666667,0.8666666666666667,7.0,13.0,3.0,31
236.4278106689453,58.883026123046875,11.776605224609375,1000.0,0.0,0.4666666666666667,0.9333333333333333,7.0,14.0,3.0,31
234.50396728515625,55.795387268066406,11.159077453613282,1000.0,0.0,0.4666666666666667,1.0,7.0,15.0,3.0,31
186.41329956054688,19.784469604492188,3.9568939208984375,1000.0,0.0,0.5333333333333333,-1.0,8.0,-15.0,3.0,31
193.44232177734375,28.80500030517578,5.761000061035157,1000.0,0.0,0.5333333333333333,-0.9333333333333333,8.0,-14.0,3.0,31
194.8979034423828,34.49272537231445,6.8985450744628904,1000.0,0.0,0.5333333333333333,-0.8666666666666667,8.0,-13.0,3.0,31
198.5806427001953,36.535057067871094,7.307011413574219,1000.0,0.0,0.5333333333333333,-0.8,8.0,-12.0,3.0,31
198.62452697753906,31.551921844482422,6.310384368896484,1000.0,0.0,0.5333333333333333,-0.7333333333333333,8.0,-11.0,3.0,31
219.80142211914062,52.03880310058594,10.407760620117188,1000.0,0.0,0.5333333333333333,-0.6666666666666666,8.0,-10.0,3.0,31
234.62969970703125,69.6798095703125,13.9359619140625,1000.0,0.0,0.5333333333333333,-0.6,8.0,-9.0,3.0,31
254.87237548828125,89.19538879394531,17.839077758789063,1000.0,0.0,0.5333333333333333,-0.5333333333333333,8.0,-8.0,3.0,31
266.2485656738281,110.73149108886719,22.146298217773438,1000.0,0.0,0.5333333333333333,-0.4666666666666667,8.0,-7.0,3.0,31
266.75408935546875,103.90001678466797,20.780003356933594,1000.0,0.0,0.5333333333333333,-0.4,8.0,-6.0,3.0,31
306.12322998046875,84.18204498291016,16.83640899658203,1000.0,0.0,0.5333333333333333,-0.3333333333333333,8.0,-5.0,3.0,31
218.5348663330078,39.553688049316406,7.910737609863281,1000.0,0.0,0.5333333333333333,-0.26666666666666666,8.0,-4.0,3.0,31
204.76177978515625,43.67145538330078,8.734291076660156,1000.0,0.0,0.5333333333333333,-0.2,8.0,-3.0,3.0,31
219.37948608398438,54.02840042114258,10.805680084228516,1000.0,0.0,0.5333333333333333,-0.13333333333333333,8.0,-2.0,3.0,31
234.76199340820312,62.54043197631836,12.508086395263671,1000.0,0.0,0.5333333333333333,-0.06666666666666667,8.0,-1.0,3.0,31
233.42605590820312,37.96370315551758,7.592740631103515,1000.0,0.0,0.5333333333333333,0.0,8.0,0.0,3.0,31
201.39405822753906,30.049365997314453,6.0098731994628904,1000.0,0.0,0.5333333333333333,0.06666666666666667,8.0,1.0,3.0,31
240.4175262451172,56.59709167480469,11.319418334960938,1000.0,0.0,0.5333333333333333,0.13333333333333333,8.0,2.0,3.0,31
220.57318115234375,51.71630096435547,10.343260192871094,1000.0,0.0,0.5333333333333333,0.2,8.0,3.0,3.0,31
227.2689971923828,41.339393615722656,8.26787872314453,1000.0,0.0,0.5333333333333333,0.26666666666666666,8.0,4.0,3.0,31
198.25772094726562,26.346803665161133,5.269360733032227,1000.0,0.0,0.5333333333333333,0.3333333333333333,8.0,5.0,3.0,31
190.1351318359375,21.49167823791504,4.2983356475830075,1000.0,0.0,0.5333333333333333,0.4,8.0,6.0,3.0,31
181.5357666015625,10.034789085388184,2.0069578170776365,1000.0,0.0,0.5333333333333333,0.4666666666666667,8.0,7.0,3.0,31
192.2543182373047,30.405797958374023,6.081159591674805,1000.0,0.0,0.5333333333333333,0.5333333333333333,8.0,8.0,3.0,31
183.0415802001953,17.171350479125977,3.4342700958251955,1000.0,0.0,0.5333333333333333,0.6,8.0,9.0,3.0,31
184.6577606201172,18.82577133178711,3.765154266357422,1000.0,0.0,0.5333333333333333,0.6666666666666666,8.0,10.0,3.0,31
184.71469116210938,15.515569686889648,3.1031139373779295,1000.0,0.0,0.5333333333333333,0.7333333333333333,8.0,11.0,3.0,31
192.2397918701172,26.278867721557617,5.255773544311523,1000.0,0.0,0.5333333333333333,0.8,8.0,12.0,3.0,31
202.9694366455078,29.34928321838379,5.869856643676758,1000.0,0.0,0.5333333333333333,0.8666666666666667,8.0,13.0,3.0,31
211.44882202148438,39.99549102783203,7.999098205566407,1000.0,0.0,0.5333333333333333,0.9333333333333333,8.0,14.0,3.0,31
238.68856811523438,60.856571197509766,12.171314239501953,1000.0,0.0,0.5333333333333333,1.0,8.0,15.0,3.0,31
197.65054321289062,35.64738464355469,7.129476928710938,1000.0,0.0,0.6,-1.0,9.0,-15.0,3.0,31
210.91156005859375,50.95183181762695,10.19036636352539,1000.0,0.0,0.6,-0.9333333333333333,9.0,-14.0,3.0,31
206.19732666015625,47.84911346435547,9.569822692871094,1000.0,0.0,0.6,-0.8666666666666667,9.0,-13.0,3.0,31
200.51458740234375,39.475772857666016,7.895154571533203,1000.0,0.0,0.6,-0.8,9.0,-12.0,3.0,31
218.34884643554688,69.24632263183594,13.849264526367188,1000.0,0.0,0.6,-0.7333333333333333,9.0,-11.0,3.0,31
221.83665466308594,53.34114456176758,10.668228912353516,1000.0,0.0,0.6,-0.6666666666666666,9.0,-10.0,3.0,31
229.47532653808594,67.49864959716797,13.499729919433594,1000.0,0.0,0.6,-0.6,9.0,-9.0,3.0,31
272.05230712890625,97.96588134765625,19.59317626953125,1000.0,0.0,0.6,-0.5333333333333333,9.0,-8.0,3.0,31
280.6079406738281,101.2176513671875,20.2435302734375,1000.0,0.0,0.6,-0.4666666666666667,9.0,-7.0,3.0,31
284.4028625488281,92.57421875,18.51484375,1000.0,0.0,0.6,-0.4,9.0,-6.0,3.0,31
309.309814453125,83.28097534179688,16.656195068359374,1000.0,0.0,0.6,-0.3333333333333333,9.0,-5.0,3.0,31
217.58380126953125,45.86832046508789,9.173664093017578,1000.0,0.0,0.6,-0.26666666666666666,9.0,-4.0,3.0,31
214.2596893310547,45.21048355102539,9.042096710205078,1000.0,0.0,0.6,-0.2,9.0,-3.0,3.0,31
221.7811737060547,56.67908477783203,11.335816955566406,1000.0,0.0,0.6,-0.13333333333333333,9.0,-2.0,3.0,31
247.41619873046875,67.11454010009766,13.42290802001953,1000.0,0.0,0.6,-0.06666666666666667,9.0,-1.0,3.0,31
279.4513244628906,46.230289459228516,9.246057891845703,1000.0,0.0,0.6,0.0,9.0,0.0,3.0,31
243.5892333984375,57.610633850097656,11.522126770019531,1000.0,0.0,0.6,0.06666666666666667,9.0,1.0,3.0,31
243.19650268554688,62.2972526550293,12.45945053100586,1000.0,0.0,0.6,0.13333333333333333,9.0,2.0,3.0,31
242.27130126953125,61.271480560302734,12.254296112060548,1000.0,0.0,0.6,0.2,9.0,3.0,3.0,31
257.0448913574219,68.81845092773438,13.763690185546874,1000.0,0.0,0.6,0.26666666666666666,9.0,4.0,3.0,31
228.95619201660156,53.040889739990234,10.608177947998048,1000.0,0.0,0.6,0.3333333333333333,9.0,5.0,3.0,31
197.79208374023438,26.51926040649414,5.303852081298828,1000.0,0.0,0.6,0.4,9.0,6.0,3.0,31
205.11529541015625,29.61414337158203,5.922828674316406,1000.0,0.0,0.6,0.4666666666666667,9.0,7.0,3.0,31
184.57518005371094,14.39517593383789,2.8790351867675783,1000.0,0.0,0.6,0.5333333333333333,9.0,8.0,3.0,31
185.4294891357422,13.690281867980957,2.7380563735961916,1000.0,0.0,0.6,0.6,9.0,9.0,3.0,31
185.9461669921875,17.356853485107422,3.4713706970214844,1000.0,0.0,0.6,0.6666666666666666,9.0,10.0,3.0,31
186.1042938232422,17.238693237304688,3.4477386474609375,1000.0,0.0,0.6,0.7333333333333333,9.0,11.0,3.0,31
186.27374267578125,13.970791816711426,2.794158363342285,1000.0,0.0,0.6,0.8,9.0,12.0,3.0,31
198.55148315429688,24.380714416503906,4.876142883300782,1000.0,0.0,0.6,0.8666666666666667,9.0,13.0,3.0,31
204.26162719726562,25.49679946899414,5.0993598937988285,1000.0,0.0,0.6,0.9333333333333333,9.0,14.0,3.0,31
206.4630889892578,34.382530212402344,6.876506042480469,1000.0,0.0,0.6,1.0,9.0,15.0,3.0,31
193.63720703125,32.54932403564453,6.509864807128906,1000.0,0.0,0.6666666666666666,-1.0,10.0,-15.0,3.0,31
193.3034210205078,31.0743465423584,6.2148693084716795,1000.0,0.0,0.6666666666666666,-0.9333333333333333,10.0,-14.0,3.0,31
204.00267028808594,47.405155181884766,9.481031036376953,1000.0,0.0,0.6666666666666666,-0.8666666666666667,10.0,-13.0,3.0,31
209.18699645996094,55.427921295166016,11.085584259033203,1000.0,0.0,0.6666666666666666,-0.8,10.0,-12.0,3.0,31
237.36883544921875,76.52767181396484,15.305534362792969,1000.0,0.0,0.6666666666666666,-0.7333333333333333,10.0,-11.0,3.0,31
223.04345703125,60.012451171875,12.002490234375,1000.0,0.0,0.6666666666666666,-0.6666666666666666,10.0,-10.0,3.0,31
250.53558349609375,107.54682922363281,21.509365844726563,1000.0,0.0,0.6666666666666666,-0.6,10.0,-9.0,3.0,31
238.1955108642578,81.18978118896484,16.237956237792968,1000.0,0.0,0.6666666666666666,-0.5333333333333333,10.0,-8.0,3.0,31
278.589599609375,99.58033752441406,19.91606750488281,1000.0,0.0,0.6666666666666666,-0.4666666666666667,10.0,-7.0,3.0,31
306.5226745605469,108.10348510742188,21.620697021484375,1000.0,0.0,0.6666666666666666,-0.4,10.0,-6.0,3.0,31
296.0538330078125,85.59764862060547,17.119529724121094,1000.0,0.0,0.6666666666666666,-0.3333333333333333,10.0,-5.0,3.0,31
238.47537231445312,58.89469528198242,11.778939056396485,1000.0,0.0,0.6666666666666666,-0.26666666666666666,10.0,-4.0,3.0,31
222.17684936523438,43.638648986816406,8.727729797363281,1000.0,0.0,0.6666666666666666,-0.2,10.0,-3.0,3.0,31
269.1326599121094,76.49986267089844,15.299972534179688,1000.0,0.0,0.6666666666666666,-0.13333333333333333,10.0,-2.0,3.0,31
273.0050048828125,49.58638381958008,9.917276763916016,1000.0,0.0,0.6666666666666666,-0.06666666666666667,10.0,-1.0,3.0,31
292.94879150390625,37.562740325927734,7.5125480651855465,1000.0,0.0,0.6666666666666666,0.0,10.0,0.0,3.0,31
249.7655487060547,45.54262924194336,9.108525848388672,1000.0,0.0,0.6666666666666666,0.06666666666666667,10.0,1.0,3.0,31
233.9550018310547,67.29865264892578,13.459730529785157,1000.0,0.0,0.6666666666666666,0.13333333333333333,10.0,2.0,3.0,31
241.60528564453125,66.73258972167969,13.346517944335938,1000.0,0.0,0.6666666666666666,0.2,10.0,3.0,3.0,31
250.76919555664062,72.29528045654297,14.459056091308593,1000.0,0.0,0.6666666666666666,0.26666666666666666,10.0,4.0,3.0,31
231.6763458251953,55.156028747558594,11.031205749511718,1000.0,0.0,0.6666666666666666,0.3333333333333333,10.0,5.0,3.0,31
219.0583953857422,41.71576690673828,8.343153381347657,1000.0,0.0,0.6666666666666666,0.4,10.0,6.0,3.0,31
203.93409729003906,32.574676513671875,6.514935302734375,1000.0,0.0,0.6666666666666666,0.4666666666666667,10.0,7.0,3.0,31
194.8568572998047,29.203908920288086,5.840781784057617,1000.0,0.0,0.6666666666666666,0.5333333333333333,10.0,8.0,3.0,31
189.18524169921875,15.576902389526367,3.1153804779052736,1000.0,0.0,0.6666666666666666,0.6,10.0,9.0,3.0,31
181.75668334960938,12.823862075805664,2.5647724151611326,1000.0,0.0,0.6666666666666666,0.6666666666666666,10.0,10.0,3.0,31
181.6496124267578,14.155023574829102,2.8310047149658204,1000.0,0.0,0.6666666666666666,0.7333333333333333,10.0,11.0,3.0,31
189.4888916015625,16.387969970703125,3.277593994140625,1000.0,0.0,0.6666666666666666,0.8,10.0,12.0,3.0,31
193.92910766601562,16.37437629699707,3.274875259399414,1000.0,0.0,0.6666666666666666,0.8666666666666667,10.0,13.0,3.0,31
202.9192352294922,20.847496032714844,4.169499206542969,1000.0,0.0,0.6666666666666666,0.9333333333333333,10.0,14.0,3.0,31
198.49708557128906,21.251436233520508,4.250287246704102,1000.0,0.0,0.6666666666666666,1.0,10.0,15.0,3.0,31
202.7024383544922,50.2497673034668,10.04995346069336,1000.0,0.0,0.7333333333333333,-1.0,11.0,-15.0,3.0,31
213.2816162109375,52.06480026245117,10.412960052490234,1000.0,0.0,0.7333333333333333,-0.9333333333333333,11.0,-14.0,3.0,31
202.45547485351562,42.199981689453125,8.439996337890625,1000.0,0.0,0.7333333333333333,-0.8666666666666667,11.0,-13.0,3.0,31
217.47349548339844,63.63587188720703,12.727174377441406,1000.0,0.0,0.7333333333333333,-0.8,11.0,-12.0,3.0,31
222.7176971435547,64.70793914794922,12.941587829589844,1000.0,0.0,0.7333333333333333,-0.7333333333333333,11.0,-11.0,3.0,31
237.0198211669922,92.21913146972656,18.443826293945314,1000.0,0.0,0.7333333333333333,-0.6666666666666666,11.0,-10.0,3.0,31
243.9012451171875,101.93203735351562,20.386407470703126,1000.0,0.0,0.7333333333333333,-0.6,11.0,-9.0,3.0,31
272.83526611328125,105.74139404296875,21.14827880859375,1000.0,0.0,0.7333333333333333,-0.5333333333333333,11.0,-8.0,3.0,31
258.8911437988281,96.03662109375,19.20732421875,1000.0,0.0,0.7333333333333333,-0.4666666666666667,11.0,-7.0,3.0,31
293.4442138671875,97.81566619873047,19.563133239746094,1000.0,0.0,0.7333333333333333,-0.4,11.0,-6.0,3.0,31
273.2386779785156,69.15840148925781,13.831680297851562,1000.0,0.0,0.7333333333333333,-0.3333333333333333,11.0,-5.0,3.0,31
246.57337951660156,50.53885269165039,10.107770538330078,1000.0,0.0,0.7333333333333333,-0.26666666666666666,11.0,-4.0,3.0,31
238.11106872558594,60.465091705322266,12.093018341064454,1000.0,0.0,0.7333333333333333,-0.2,11.0,-3.0,3.0,31
252.8399658203125,71.5291519165039,14.305830383300782,1000.0,0.0,0.7333333333333333,-0.13333333333333333,11.0,-2.0,3.0,31
248.84349060058594,52.61228561401367,10.522457122802734,1000.0,0.0,0.7333333333333333,-0.06666666666666667,11.0,-1.0,3.0,31
208.22988891601562,35.586509704589844,7.117301940917969,1000.0,0.0,0.7333333333333333,0.0,11.0,0.0,3.0,31
218.4942169189453,41.92245864868164,8.384491729736329,1000.0,0.0,0.7333333333333333,0.06666666666666667,11.0,1.0,3.0,31
257.4900207519531,80.95487213134766,16.19097442626953,1000.0,0.0,0.7333333333333333,0.13333333333333333,11.0,2.0,3.0,31
247.44898986816406,78.3134994506836,15.662699890136718,1000.0,0.0,0.7333333333333333,0.2,11.0,3.0,3.0,31
256.32196044921875,83.94818115234375,16.78963623046875,1000.0,0.0,0.7333333333333333,0.26666666666666666,11.0,4.0,3.0,31
251.23260498046875,76.020263671875,15.204052734375,1000.0,0.0,0.7333333333333333,0.3333333333333333,11.0,5.0,3.0,31
236.6807098388672,56.43964767456055,11.28792953491211,1000.0,0.0,0.7333333333333333,0.4,11.0,6.0,3.0,31
204.62164306640625,33.21057891845703,6.642115783691406,1000.0,0.0,0.7333333333333333,0.4666666666666667,11.0,7.0,3.0,31
198.69921875,24.18294906616211,4.836589813232422,1000.0,0.0,0.7333333333333333,0.5333333333333333,11.0,8.0,3.0,31
195.7211456298828,25.628374099731445,5.125674819946289,1000.0,0.0,0.7333333333333333,0.6,11.0,9.0,3.0,31
199.1094512939453,27.287263870239258,5.457452774047852,1000.0,0.0,0.7333333333333333,0.6666666666666666,11.0,10.0,3.0,31
183.73683166503906,14.494064331054688,2.8988128662109376,1000.0,0.0,0.7333333333333333,0.7333333333333333,11.0,11.0,3.0,31
191.3153076171875,12.302145957946777,2.4604291915893555,1000.0,0.0,0.7333333333333333,0.8,11.0,12.0,3.0,31
200.25608825683594,21.247474670410156,4.249494934082032,1000.0,0.0,0.7333333333333333,0.8666666666666667,11.0,13.0,3.0,31
200.68972778320312,22.21954345703125,4.44390869140625,1000.0,0.0,0.7333333333333333,0.9333333333333333,11.0,14.0,3.0,31
196.52467346191406,14.649839401245117,2.9299678802490234,1000.0,0.0,0.7333333333333333,1.0,11.0,15.0,3.0,31
205.82154846191406,37.65296936035156,7.5305938720703125,1000.0,0.0,0.8,-1.0,12.0,-15.0,3.0,31
200.03192138671875,44.855342864990234,8.971068572998046,1000.0,0.0,0.8,-0.9333333333333333,12.0,-14.0,3.0,31
201.30831909179688,39.69164276123047,7.938328552246094,1000.0,0.0,0.8,-0.8666666666666667,12.0,-13.0,3.0,31
222.69285583496094,68.95833587646484,13.791667175292968,1000.0,0.0,0.8,-0.8,12.0,-12.0,3.0,31
219.9544677734375,67.81766510009766,13.56353302001953,1000.0,0.0,0.8,-0.7333333333333333,12.0,-11.0,3.0,31
235.07391357421875,100.0136947631836,20.00273895263672,1000.0,0.0,0.8,-0.6666666666666666,12.0,-10.0,3.0,31
259.9325256347656,92.70806121826172,18.541612243652345,1000.0,0.0,0.8,-0.6,12.0,-9.0,3.0,31
276.73577880859375,96.16712951660156,19.233425903320313,1000.0,0.0,0.8,-0.5333333333333333,12.0,-8.0,3.0,31
303.6571044921875,87.28421020507812,17.456842041015626,1000.0,0.0,0.8,-0.4666666666666667,12.0,-7.0,3.0,31
314.4179382324219,83.21234130859375,16.64246826171875,1000.0,0.0,0.8,-0.4,12.0,-6.0,3.0,31
294.7174072265625,68.68013763427734,13.73602752685547,1000.0,0.0,0.8,-0.3333333333333333,12.0,-5.0,3.0,31
243.45802307128906,48.201847076416016,9.640369415283203,1000.0,0.0,0.8,-0.26666666666666666,12.0,-4.0,3.0,31
245.31878662109375,55.79851531982422,11.159703063964844,1000.0,0.0,0.8,-0.2,12.0,-3.0,3.0,31
267.1067810058594,60.306575775146484,12.061315155029297,1000.0,0.0,0.8,-0.13333333333333333,12.0,-2.0,3.0,31
246.90994262695312,50.25993728637695,10.051987457275391,1000.0,0.0,0.8,-0.06666666666666667,12.0,-1.0,3.0,31
220.86524963378906,55.83960723876953,11.167921447753907,1000.0,0.0,0.8,0.0,12.0,0.0,3.0,31
231.0648651123047,52.83666229248047,10.567332458496093,1000.0,0.0,0.8,0.06666666666666667,12.0,1.0,3.0,31
251.66685485839844,77.66552734375,15.53310546875,1000.0,0.0,0.8,0.13333333333333333,12.0,2.0,3.0,31
258.4495849609375,90.66653442382812,18.133306884765624,1000.0,0.0,0.8,0.2,12.0,3.0,3.0,31
268.4858703613281,94.6930160522461,18.93860321044922,1000.0,0.0,0.8,0.26666666666666666,12.0,4.0,3.0,31
267.8257751464844,83.60038757324219,16.720077514648438,1000.0,0.0,0.8,0.3333333333333333,12.0,5.0,3.0,31
246.47584533691406,67.8609848022461,13.572196960449219,1000.0,0.0,0.8,0.4,12.0,6.0,3.0,31
226.6780242919922,55.81180191040039,11.162360382080077,1000.0,0.0,0.8,0.4666666666666667,12.0,7.0,3.0,31
196.17408752441406,29.765769958496094,5.953153991699219,1000.0,0.0,0.8,0.5333333333333333,12.0,8.0,3.0,31
205.07754516601562,35.46932601928711,7.093865203857422,1000.0,0.0,0.8,0.6,12.0,9.0,3.0,31
192.56541442871094,21.764686584472656,4.352937316894531,1000.0,0.0,0.8,0.6666666666666666,12.0,10.0,3.0,31
190.080078125,29.253299713134766,5.850659942626953,1000.0,0.0,0.8,0.7333333333333333,12.0,11.0,3.0,31
204.1142578125,17.707473754882812,3.5414947509765624,1000.0,0.0,0.8,0.8,12.0,12.0,3.0,31
205.93751525878906,26.016494750976562,5.203298950195313,1000.0,0.0,0.8,0.8666666666666667,12.0,13.0,3.0,31
207.7808380126953,27.188753128051758,5.437750625610351,1000.0,0.0,0.8,0.9333333333333333,12.0,14.0,3.0,31
204.01873779296875,22.084468841552734,4.416893768310547,1000.0,0.0,0.8,1.0,12.0,15.0,3.0,31
205.41851806640625,47.491004943847656,9.498200988769531,1000.0,0.0,0.8666666666666667,-1.0,13.0,-15.0,3.0,31
227.81277465820312,72.14273834228516,14.428547668457032,1000.0,0.0,0.8666666666666667,-0.9333333333333333,13.0,-14.0,3.0,31
223.87249755859375,67.32107543945312,13.464215087890626,1000.0,0.0,0.8666666666666667,-0.8666666666666667,13.0,-13.0,3.0,31
227.7744903564453,88.36556243896484,17.67311248779297,1000.0,0.0,0.8666666666666667,-0.8,13.0,-12.0,3.0,31
238.85316467285156,87.74650573730469,17.549301147460938,1000.0,0.0,0.8666666666666667,-0.7333333333333333,13.0,-11.0,3.0,31
261.64605712890625,102.0694351196289,20.41388702392578,1000.0,0.0,0.8666666666666667,-0.6666666666666666,13.0,-10.0,3.0,31
267.51776123046875,101.88768768310547,20.377537536621094,1000.0,0.0,0.8666666666666667,-0.6,13.0,-9.0,3.0,31
246.79820251464844,78.55570983886719,15.711141967773438,1000.0,0.0,0.8666666666666667,-0.5333333333333333,13.0,-8.0,3.0,31
275.221435546875,63.99068069458008,12.798136138916016,1000.0,0.0,0.8666666666666667,-0.4666666666666667,13.0,-7.0,3.0,31
300.27923583984375,76.8967514038086,15.379350280761718,1000.0,0.0,0.8666666666666667,-0.4,13.0,-6.0,3.0,31
289.6079406738281,61.169986724853516,12.233997344970703,1000.0,0.0,0.8666666666666667,-0.3333333333333333,13.0,-5.0,3.0,31
281.0638732910156,50.70657730102539,10.141315460205078,1000.0,0.0,0.8666666666666667,-0.26666666666666666,13.0,-4.0,3.0,31
250.8363494873047,60.3094482421875,12.0618896484375,1000.0,0.0,0.8666666666666667,-0.2,13.0,-3.0,3.0,31
274.932861328125,43.16948699951172,8.633897399902343,1000.0,0.0,0.8666666666666667,-0.13333333333333333,13.0,-2.0,3.0,31
238.66229248046875,53.54694747924805,10.70938949584961,1000.0,0.0,0.8666666666666667,-0.06666666666666667,13.0,-1.0,3.0,31
240.7031707763672,60.4205322265625,12.0841064453125,1000.0,0.0,0.8666666666666667,0.0,13.0,0.0,3.0,31
248.27867126464844,67.41764831542969,13.483529663085937,1000.0,0.0,0.8666666666666667,0.06666666666666667,13.0,1.0,3.0,31
250.6602783203125,79.20407104492188,15.840814208984375,1000.0,0.0,0.8666666666666667,0.13333333333333333,13.0,2.0,3.0,31
267.69854736328125,94.99485778808594,18.99897155761719,1000.0,0.0,0.8666666666666667,0.2,13.0,3.0,3.0,31
286.2831115722656,99.7949447631836,19.95898895263672,1000.0,0.0,0.8666666666666667,0.26666666666666666,13.0,4.0,3.0,31
272.8827209472656,94.06181335449219,18.812362670898438,1000.0,0.0,0.8666666666666667,0.3333333333333333,13.0,5.0,3.0,31
255.83580017089844,72.95870971679688,14.591741943359375,1000.0,0.0,0.8666666666666667,0.4,13.0,6.0,3.0,31
245.3634796142578,70.91023254394531,14.182046508789062,1000.0,0.0,0.8666666666666667,0.4666666666666667,13.0,7.0,3.0,31
205.0802001953125,34.59552001953125,6.91910400390625,1000.0,0.0,0.8666666666666667,0.5333333333333333,13.0,8.0,3.0,31
198.91441345214844,29.747127532958984,5.949425506591797,1000.0,0.0,0.8666666666666667,0.6,13.0,9.0,3.0,31
193.9647979736328,21.271148681640625,4.254229736328125,1000.0,0.0,0.8666666666666667,0.6666666666666666,13.0,10.0,3.0,31
198.90016174316406,28.45233917236328,5.690467834472656,1000.0,0.0,0.8666666666666667,0.7333333333333333,13.0,11.0,3.0,31
192.22598266601562,18.2744083404541,3.6548816680908205,1000.0,0.0,0.8666666666666667,0.8,13.0,12.0,3.0,31
212.69003295898438,25.061656951904297,5.01233139038086,1000.0,0.0,0.8666666666666667,0.8666666666666667,13.0,13.0,3.0,31
208.03775024414062,20.715858459472656,4.143171691894532,1000.0,0.0,0.8666666666666667,0.9333333333333333,13.0,14.0,3.0,31
206.75453186035156,23.964561462402344,4.792912292480469,1000.0,0.0,0.8666666666666667,1.0,13.0,15.0,3.0,31
232.73764038085938,83.67082214355469,16.734164428710937,1000.0,0.0,0.9333333333333333,-1.0,14.0,-15.0,3.0,31
210.1412353515625,51.727813720703125,10.345562744140626,1000.0,0.0,0.9333333333333333,-0.9333333333333333,14.0,-14.0,3.0,31
212.47207641601562,57.47382354736328,11.494764709472657,1000.0,0.0,0.9333333333333333,-0.8666666666666667,14.0,-13.0,3.0,31
226.42782592773438,76.08679962158203,15.217359924316407,1000.0,0.0,0.9333333333333333,-0.8,14.0,-12.0,3.0,31
247.4217529296875,87.25641632080078,17.451283264160157,1000.0,0.0,0.9333333333333333,-0.7333333333333333,14.0,-11.0,3.0,31
263.39678955078125,100.88292694091797,20.176585388183593,1000.0,0.0,0.9333333333333333,-0.6666666666666666,14.0,-10.0,3.0,31
257.8112487792969,89.50213623046875,17.90042724609375,1000.0,0.0,0.9333333333333333,-0.6,14.0,-9.0,3.0,31
263.4759216308594,78.80207824707031,15.760415649414062,1000.0,0.0,0.9333333333333333,-0.5333333333333333,14.0,-8.0,3.0,31
271.59173583984375,66.03504943847656,13.207009887695312,1000.0,0.0,0.9333333333333333,-0.4666666666666667,14.0,-7.0,3.0,31
276.14678955078125,63.71021270751953,12.742042541503906,1000.0,0.0,0.9333333333333333,-0.4,14.0,-6.0,3.0,31
290.5467529296875,57.506927490234375,11.501385498046876,1000.0,0.0,0.9333333333333333,-0.3333333333333333,14.0,-5.0,3.0,31
267.9713134765625,53.743160247802734,10.748632049560547,1000.0,0.0,0.9333333333333333,-0.26666666666666666,14.0,-4.0,3.0,31
254.5866241455078,67.14092254638672,13.428184509277344,1000.0,0.0,0.9333333333333333,-0.2,14.0,-3.0,3.0,31
264.42254638671875,55.08279800415039,11.016559600830078,1000.0,0.0,0.9333333333333333,-0.13333333333333333,14.0,-2.0,3.0,31
260.45770263671875,55.7170524597168,11.14341049194336,1000.0,0.0,0.9333333333333333,-0.06666666666666667,14.0,-1.0,3.0,31
258.9227600097656,67.16194915771484,13.432389831542968,1000.0,0.0,0.9333333333333333,0.0,14.0,0.0,3.0,31
262.1462097167969,84.18559265136719,16.837118530273436,1000.0,0.0,0.9333333333333333,0.06666666666666667,14.0,1.0,3.0,31
240.29661560058594,75.1487045288086,15.029740905761718,1000.0,0.0,0.9333333333333333,0.13333333333333333,14.0,2.0,3.0,31
261.9990234375,89.9530029296875,17.9906005859375,1000.0,0.0,0.9333333333333333,0.2,14.0,3.0,3.0,31
266.44146728515625,104.40766906738281,20.881533813476562,1000.0,0.0,0.9333333333333333,0.26666666666666666,14.0,4.0,3.0,31
273.812744140625,93.5042953491211,18.70085906982422,1000.0,0.0,0.9333333333333333,0.3333333333333333,14.0,5.0,3.0,31
285.1016540527344,81.42705535888672,16.285411071777343,1000.0,0.0,0.9333333333333333,0.4,14.0,6.0,3.0,31
253.3799591064453,78.86766815185547,15.773533630371094,1000.0,0.0,0.9333333333333333,0.4666666666666667,14.0,7.0,3.0,31
232.89657592773438,57.24149703979492,11.448299407958984,1000.0,0.0,0.9333333333333333,0.5333333333333333,14.0,8.0,3.0,31
206.54518127441406,39.62378692626953,7.924757385253907,1000.0,0.0,0.9333333333333333,0.6,14.0,9.0,3.0,31
198.95663452148438,29.265933990478516,5.853186798095703,1000.0,0.0,0.9333333333333333,0.6666666666666666,14.0,10.0,3.0,31
200.85028076171875,28.063175201416016,5.6126350402832035,1000.0,0.0,0.9333333333333333,0.7333333333333333,14.0,11.0,3.0,31
191.9898223876953,25.526390075683594,5.105278015136719,1000.0,0.0,0.9333333333333333,0.8,14.0,12.0,3.0,31
192.01316833496094,29.020925521850586,5.804185104370117,1000.0,0.0,0.9333333333333333,0.8666666666666667,14.0,13.0,3.0,31
192.43255615234375,21.383481979370117,4.276696395874024,1000.0,0.0,0.9333333333333333,0.9333333333333333,14.0,14.0,3.0,31
185.5630340576172,14.227757453918457,2.8455514907836914,1000.0,0.0,0.9333333333333333,1.0,14.0,15.0,3.0,31
219.56417846679688,59.88486862182617,11.976973724365234,1000.0,0.0,1.0,-1.0,15.0,-15.0,3.0,31
205.17234802246094,54.55092239379883,10.910184478759765,1000.0,0.0,1.0,-0.9333333333333333,15.0,-14.0,3.0,31
229.35708618164062,81.77068328857422,16.354136657714843,1000.0,0.0,1.0,-0.8666666666666667,15.0,-13.0,3.0,31
247.96617126464844,86.93336486816406,17.386672973632812,1000.0,0.0,1.0,-0.8,15.0,-12.0,3.0,31
251.88377380371094,94.06889343261719,18.813778686523438,1000.0,0.0,1.0,-0.7333333333333333,15.0,-11.0,3.0,31
261.7953796386719,73.14007568359375,14.62801513671875,1000.0,0.0,1.0,-0.6666666666666666,15.0,-10.0,3.0,31
259.6191101074219,88.16963958740234,17.63392791748047,1000.0,0.0,1.0,-0.6,15.0,-9.0,3.0,31
263.030517578125,71.13712310791016,14.227424621582031,1000.0,0.0,1.0,-0.5333333333333333,15.0,-8.0,3.0,31
276.6870422363281,61.446659088134766,12.289331817626953,1000.0,0.0,1.0,-0.4666666666666667,15.0,-7.0,3.0,31
299.763916015625,57.65639114379883,11.531278228759765,1000.0,0.0,1.0,-0.4,15.0,-6.0,3.0,31
290.01287841796875,70.23590850830078,14.047181701660156,1000.0,0.0,1.0,-0.3333333333333333,15.0,-5.0,3.0,31
284.9178161621094,62.122886657714844,12.424577331542968,1000.0,0.0,1.0,-0.26666666666666666,15.0,-4.0,3.0,31
277.1365661621094,63.76044845581055,12.752089691162109,1000.0,0.0,1.0,-0.2,15.0,-3.0,3.0,31
289.58355712890625,58.25715637207031,11.651431274414062,1000.0,0.0,1.0,-0.13333333333333333,15.0,-2.0,3.0,31
248.89590454101562,53.31000900268555,10.662001800537109,1000.0,0.0,1.0,-0.06666666666666667,15.0,-1.0,3.0,31
275.2123107910156,66.2754898071289,13.255097961425781,1000.0,0.0,1.0,0.0,15.0,0.0,3.0,31
239.2583770751953,64.7695541381836,12.953910827636719,1000.0,0.0,1.0,0.06666666666666667,15.0,1.0,3.0,31
255.59222412109375,79.97411346435547,15.994822692871093,1000.0,0.0,1.0,0.13333333333333333,15.0,2.0,3.0,31
249.88568115234375,74.03919982910156,14.807839965820312,1000.0,0.0,1.0,0.2,15.0,3.0,3.0,31
245.57305908203125,79.21179962158203,15.842359924316407,1000.0,0.0,1.0,0.26666666666666666,15.0,4.0,3.0,31
283.8915710449219,108.72212219238281,21.744424438476564,1000.0,0.0,1.0,0.3333333333333333,15.0,5.0,3.0,31
263.179931640625,86.16313934326172,17.232627868652344,1000.0,0.0,1.0,0.4,15.0,6.0,3.0,31
270.4981689453125,82.52339935302734,16.504679870605468,1000.0,0.0,1.0,0.4666666666666667,15.0,7.0,3.0,31
247.3913116455078,71.69605255126953,14.339210510253906,1000.0,0.0,1.0,0.5333333333333333,15.0,8.0,3.0,31
210.2848663330078,40.38259506225586,8.076519012451172,1000.0,0.0,1.0,0.6,15.0,9.0,3.0,31
210.7774200439453,40.225730895996094,8.045146179199218,1000.0,0.0,1.0,0.6666666666666666,15.0,10.0,3.0,31
198.37222290039062,34.9642333984375,6.9928466796875,1000.0,0.0,1.0,0.7333333333333333,15.0,11.0,3.0,31
190.0069122314453,17.3563289642334,3.4712657928466797,1000.0,0.0,1.0,0.8,15.0,12.0,3.0,31
193.68292236328125,18.621355056762695,3.7242710113525392,1000.0,0.0,1.0,0.8666666666666667,15.0,13.0,3.0,31
186.76966857910156,17.8908634185791,3.5781726837158203,1000.0,0.0,1.0,0.9333333333333333,15.0,14.0,3.0,31
186.4412078857422,20.41480255126953,4.082960510253907,1000.0,0.0,1.0,1.0,15.0,15.0,3.0,31
