episode_rewards,episode_std_rewards,episode_stderr_rewards,episode_avg_len,episode_std_avg_len,dim0,dim1,offset1,offset2,magnitude,grid_size
190.36488342285156,13.504798889160156,2.7009597778320313,1000.0,0.0,-1.0,-1.0,-15.0,-15.0,3.0,31
195.90365600585938,17.02923583984375,3.40584716796875,1000.0,0.0,-1.0,-0.9333333333333333,-15.0,-14.0,3.0,31
192.37416076660156,20.46727752685547,4.093455505371094,1000.0,0.0,-1.0,-0.8666666666666667,-15.0,-13.0,3.0,31
202.4025421142578,21.533477783203125,4.306695556640625,1000.0,0.0,-1.0,-0.8,-15.0,-12.0,3.0,31
193.33790588378906,19.744131088256836,3.948826217651367,1000.0,0.0,-1.0,-0.7333333333333333,-15.0,-11.0,3.0,31
184.62583923339844,14.27839469909668,2.855678939819336,1000.0,0.0,-1.0,-0.6666666666666666,-15.0,-10.0,3.0,31
187.04266357421875,18.646385192871094,3.7292770385742187,1000.0,0.0,-1.0,-0.6,-15.0,-9.0,3.0,31
175.55096435546875,8.61434268951416,1.7228685379028321,1000.0,0.0,-1.0,-0.5333333333333333,-15.0,-8.0,3.0,31
176.77244567871094,11.576290130615234,2.315258026123047,1000.0,0.0,-1.0,-0.4666666666666667,-15.0,-7.0,3.0,31
178.73019409179688,16.45147705078125,3.29029541015625,1000.0,0.0,-1.0,-0.4,-15.0,-6.0,3.0,31
181.5285186767578,19.658296585083008,3.9316593170166017,1000.0,0.0,-1.0,-0.3333333333333333,-15.0,-5.0,3.0,31
181.06927490234375,16.823352813720703,3.3646705627441404,1000.0,0.0,-1.0,-0.26666666666666666,-15.0,-4.0,3.0,31
190.86085510253906,28.11795425415039,5.6235908508300785,1000.0,0.0,-1.0,-0.2,-15.0,-3.0,3.0,31
190.7111358642578,26.907419204711914,5.381483840942383,1000.0,0.0,-1.0,-0.13333333333333333,-15.0,-2.0,3.0,31
196.02330017089844,31.018226623535156,6.203645324707031,1000.0,0.0,-1.0,-0.06666666666666667,-15.0,-1.0,3.0,31
211.41806030273438,42.62663269042969,8.525326538085938,1000.0,0.0,-1.0,0.0,-15.0,0.0,3.0,31
215.25607299804688,37.637081146240234,7.527416229248047,1000.0,0.0,-1.0,0.06666666666666667,-15.0,1.0,3.0,31
248.310546875,56.354190826416016,11.270838165283203,1000.0,0.0,-1.0,0.13333333333333333,-15.0,2.0,3.0,31
202.1714630126953,42.887779235839844,8.577555847167968,1000.0,0.0,-1.0,0.2,-15.0,3.0,3.0,31
200.4418182373047,31.538318634033203,6.3076637268066404,1000.0,0.0,-1.0,0.26666666666666666,-15.0,4.0,3.0,31
201.97146606445312,35.48392105102539,7.096784210205078,1000.0,0.0,-1.0,0.3333333333333333,-15.0,5.0,3.0,31
210.72091674804688,56.08696746826172,11.217393493652343,1000.0,0.0,-1.0,0.4,-15.0,6.0,3.0,31
233.13702392578125,58.9173583984375,11.7834716796875,1000.0,0.0,-1.0,0.4666666666666667,-15.0,7.0,3.0,31
299.4223327636719,56.98276901245117,11.396553802490235,1000.0,0.0,-1.0,0.5333333333333333,-15.0,8.0,3.0,31
301.79571533203125,31.303874969482422,6.260774993896485,1000.0,0.0,-1.0,0.6,-15.0,9.0,3.0,31
289.2004089355469,32.92069625854492,6.584139251708985,1000.0,0.0,-1.0,0.6666666666666666,-15.0,10.0,3.0,31
273.9990234375,28.1563663482666,5.63127326965332,1000.0,0.0,-1.0,0.7333333333333333,-15.0,11.0,3.0,31
267.7020568847656,32.0252571105957,6.405051422119141,1000.0,0.0,-1.0,0.8,-15.0,12.0,3.0,31
252.9359588623047,32.30597686767578,6.461195373535157,1000.0,0.0,-1.0,0.8666666666666667,-15.0,13.0,3.0,31
236.5187530517578,22.567007064819336,4.5134014129638675,1000.0,0.0,-1.0,0.9333333333333333,-15.0,14.0,3.0,31
227.0071258544922,30.462574005126953,6.0925148010253904,1000.0,0.0,-1.0,1.0,-15.0,15.0,3.0,31
196.41749572753906,23.38044548034668,4.676089096069336,1000.0,0.0,-0.9333333333333333,-1.0,-14.0,-15.0,3.0,31
195.55999755859375,19.93105697631836,3.986211395263672,1000.0,0.0,-0.9333333333333333,-0.9333333333333333,-14.0,-14.0,3.0,31
195.43869018554688,21.021785736083984,4.204357147216797,1000.0,0.0,-0.9333333333333333,-0.8666666666666667,-14.0,-13.0,3.0,31
189.7993927001953,20.549789428710938,4.109957885742188,1000.0,0.0,-0.9333333333333333,-0.8,-14.0,-12.0,3.0,31
201.1277313232422,30.63524627685547,6.127049255371094,1000.0,0.0,-0.9333333333333333,-0.7333333333333333,-14.0,-11.0,3.0,31
192.68519592285156,22.034452438354492,4.406890487670898,1000.0,0.0,-0.9333333333333333,-0.6666666666666666,-14.0,-10.0,3.0,31
185.9193878173828,12.243603706359863,2.4487207412719725,1000.0,0.0,-0.9333333333333333,-0.6,-14.0,-9.0,3.0,31
181.83204650878906,11.578219413757324,2.315643882751465,1000.0,0.0,-0.9333333333333333,-0.5333333333333333,-14.0,-8.0,3.0,31
176.68434143066406,10.069708824157715,2.013941764831543,1000.0,0.0,-0.9333333333333333,-0.4666666666666667,-14.0,-7.0,3.0,31
175.91522216796875,10.19377326965332,2.0387546539306642,1000.0,0.0,-0.9333333333333333,-0.4,-14.0,-6.0,3.0,31
176.47467041015625,11.092705726623535,2.218541145324707,1000.0,0.0,-0.9333333333333333,-0.3333333333333333,-14.0,-5.0,3.0,31
177.54916381835938,15.69504165649414,3.139008331298828,1000.0,0.0,-0.9333333333333333,-0.26666666666666666,-14.0,-4.0,3.0,31
186.7190399169922,20.655582427978516,4.131116485595703,1000.0,0.0,-0.9333333333333333,-0.2,-14.0,-3.0,3.0,31
191.34698486328125,26.345319747924805,5.269063949584961,1000.0,0.0,-0.9333333333333333,-0.13333333333333333,-14.0,-2.0,3.0,31
193.5059356689453,27.59316635131836,5.518633270263672,1000.0,0.0,-0.9333333333333333,-0.06666666666666667,-14.0,-1.0,3.0,31
211.203125,45.66289520263672,9.132579040527343,1000.0,0.0,-0.9333333333333333,0.0,-14.0,0.0,3.0,31
227.2967529296875,52.09800720214844,10.419601440429688,1000.0,0.0,-0.9333333333333333,0.06666666666666667,-14.0,1.0,3.0,31
191.49449157714844,19.711151123046875,3.942230224609375,1000.0,0.0,-0.9333333333333333,0.13333333333333333,-14.0,2.0,3.0,31
195.52366638183594,26.79715347290039,5.3594306945800785,1000.0,0.0,-0.9333333333333333,0.2,-14.0,3.0,3.0,31
211.78660583496094,38.17915344238281,7.635830688476562,1000.0,0.0,-0.9333333333333333,0.26666666666666666,-14.0,4.0,3.0,31
206.25950622558594,23.38783073425293,4.677566146850586,1000.0,0.0,-0.9333333333333333,0.3333333333333333,-14.0,5.0,3.0,31
208.39218139648438,31.692304611206055,6.338460922241211,1000.0,0.0,-0.9333333333333333,0.4,-14.0,6.0,3.0,31
251.80128479003906,58.34989547729492,11.669979095458984,1000.0,0.0,-0.9333333333333333,0.4666666666666667,-14.0,7.0,3.0,31
313.6912841796875,60.86741256713867,12.173482513427734,1000.0,0.0,-0.9333333333333333,0.5333333333333333,-14.0,8.0,3.0,31
290.19842529296875,55.7447395324707,11.14894790649414,1000.0,0.0,-0.9333333333333333,0.6,-14.0,9.0,3.0,31
289.9185485839844,44.52859115600586,8.905718231201172,1000.0,0.0,-0.9333333333333333,0.6666666666666666,-14.0,10.0,3.0,31
261.2798767089844,46.80912399291992,9.361824798583985,1000.0,0.0,-0.9333333333333333,0.7333333333333333,-14.0,11.0,3.0,31
256.3361511230469,24.539493560791016,4.907898712158203,1000.0,0.0,-0.9333333333333333,0.8,-14.0,12.0,3.0,31
243.47698974609375,22.637662887573242,4.527532577514648,1000.0,0.0,-0.9333333333333333,0.8666666666666667,-14.0,13.0,3.0,31
226.9814910888672,23.083105087280273,4.616621017456055,1000.0,0.0,-0.9333333333333333,0.9333333333333333,-14.0,14.0,3.0,31
223.73348999023438,40.0246696472168,8.004933929443359,1000.0,0.0,-0.9333333333333333,1.0,-14.0,15.0,3.0,31
193.77838134765625,15.229490280151367,3.0458980560302735,1000.0,0.0,-0.8666666666666667,-1.0,-13.0,-15.0,3.0,31
194.8304443359375,17.966594696044922,3.5933189392089844,1000.0,0.0,-0.8666666666666667,-0.9333333333333333,-13.0,-14.0,3.0,31
192.78221130371094,18.014493942260742,3.6028987884521486,1000.0,0.0,-0.8666666666666667,-0.8666666666666667,-13.0,-13.0,3.0,31
192.65353393554688,16.860820770263672,3.3721641540527343,1000.0,0.0,-0.8666666666666667,-0.8,-13.0,-12.0,3.0,31
191.31893920898438,17.974742889404297,3.594948577880859,1000.0,0.0,-0.8666666666666667,-0.7333333333333333,-13.0,-11.0,3.0,31
208.03402709960938,36.91014099121094,7.382028198242187,1000.0,0.0,-0.8666666666666667,-0.6666666666666666,-13.0,-10.0,3.0,31
183.60476684570312,16.85738182067871,3.3714763641357424,1000.0,0.0,-0.8666666666666667,-0.6,-13.0,-9.0,3.0,31
186.32540893554688,13.459205627441406,2.6918411254882812,1000.0,0.0,-0.8666666666666667,-0.5333333333333333,-13.0,-8.0,3.0,31
181.17843627929688,10.995444297790527,2.1990888595581053,1000.0,0.0,-0.8666666666666667,-0.4666666666666667,-13.0,-7.0,3.0,31
177.52296447753906,9.542534828186035,1.9085069656372071,1000.0,0.0,-0.8666666666666667,-0.4,-13.0,-6.0,3.0,31
181.88136291503906,18.032154083251953,3.6064308166503904,1000.0,0.0,-0.8666666666666667,-0.3333333333333333,-13.0,-5.0,3.0,31
175.54005432128906,8.850883483886719,1.7701766967773438,1000.0,0.0,-0.8666666666666667,-0.26666666666666666,-13.0,-4.0,3.0,31
186.7715606689453,22.1246280670166,4.42492561340332,1000.0,0.0,-0.8666666666666667,-0.2,-13.0,-3.0,3.0,31
192.4317169189453,25.28030014038086,5.056060028076172,1000.0,0.0,-0.8666666666666667,-0.13333333333333333,-13.0,-2.0,3.0,31
187.44044494628906,21.74150848388672,4.348301696777344,1000.0,0.0,-0.8666666666666667,-0.06666666666666667,-13.0,-1.0,3.0,31
217.49185180664062,30.389812469482422,6.077962493896484,1000.0,0.0,-0.8666666666666667,0.0,-13.0,0.0,3.0,31
240.46580505371094,48.290435791015625,9.658087158203125,1000.0,0.0,-0.8666666666666667,0.06666666666666667,-13.0,1.0,3.0,31
191.9176025390625,24.032455444335938,4.806491088867188,1000.0,0.0,-0.8666666666666667,0.13333333333333333,-13.0,2.0,3.0,31
185.51986694335938,15.02301025390625,3.00460205078125,1000.0,0.0,-0.8666666666666667,0.2,-13.0,3.0,3.0,31
200.18951416015625,24.929805755615234,4.985961151123047,1000.0,0.0,-0.8666666666666667,0.26666666666666666,-13.0,4.0,3.0,31
207.7616729736328,32.8358268737793,6.567165374755859,1000.0,0.0,-0.8666666666666667,0.3333333333333333,-13.0,5.0,3.0,31
247.2271728515625,72.690185546875,14.538037109375,1000.0,0.0,-0.8666666666666667,0.4,-13.0,6.0,3.0,31
302.5005187988281,62.5531120300293,12.51062240600586,1000.0,0.0,-0.8666666666666667,0.4666666666666667,-13.0,7.0,3.0,31
299.3966064453125,64.87417602539062,12.974835205078126,1000.0,0.0,-0.8666666666666667,0.5333333333333333,-13.0,8.0,3.0,31
270.8582458496094,53.350860595703125,10.670172119140625,1000.0,0.0,-0.8666666666666667,0.6,-13.0,9.0,3.0,31
288.4075012207031,43.01278305053711,8.602556610107422,1000.0,0.0,-0.8666666666666667,0.6666666666666666,-13.0,10.0,3.0,31
256.385498046875,35.578453063964844,7.115690612792969,1000.0,0.0,-0.8666666666666667,0.7333333333333333,-13.0,11.0,3.0,31
256.398681640625,29.59519386291504,5.919038772583008,1000.0,0.0,-0.8666666666666667,0.8,-13.0,12.0,3.0,31
236.71603393554688,20.96428108215332,4.192856216430664,1000.0,0.0,-0.8666666666666667,0.8666666666666667,-13.0,13.0,3.0,31
224.07440185546875,34.10284423828125,6.82056884765625,1000.0,0.0,-0.8666666666666667,0.9333333333333333,-13.0,14.0,3.0,31
207.92823791503906,33.903114318847656,6.780622863769532,1000.0,0.0,-0.8666666666666667,1.0,-13.0,15.0,3.0,31
188.95730590820312,18.40958023071289,3.681916046142578,1000.0,0.0,-0.8,-1.0,-12.0,-15.0,3.0,31
192.86581420898438,22.34370994567871,4.468741989135742,1000.0,0.0,-0.8,-0.9333333333333333,-12.0,-14.0,3.0,31
193.41268920898438,19.688377380371094,3.9376754760742188,1000.0,0.0,-0.8,-0.8666666666666667,-12.0,-13.0,3.0,31
198.85861206054688,24.75885009765625,4.95177001953125,1000.0,0.0,-0.8,-0.8,-12.0,-12.0,3.0,31
200.64239501953125,28.09322738647461,5.618645477294922,1000.0,0.0,-0.8,-0.7333333333333333,-12.0,-11.0,3.0,31
206.14418029785156,32.34762954711914,6.469525909423828,1000.0,0.0,-0.8,-0.6666666666666666,-12.0,-10.0,3.0,31
212.26597595214844,32.61982727050781,6.523965454101562,1000.0,0.0,-0.8,-0.6,-12.0,-9.0,3.0,31
186.46170043945312,23.459556579589844,4.691911315917968,1000.0,0.0,-0.8,-0.5333333333333333,-12.0,-8.0,3.0,31
182.7236328125,15.940125465393066,3.1880250930786134,1000.0,0.0,-0.8,-0.4666666666666667,-12.0,-7.0,3.0,31
179.0703125,12.513246536254883,2.5026493072509766,1000.0,0.0,-0.8,-0.4,-12.0,-6.0,3.0,31
174.63192749023438,8.62562084197998,1.7251241683959961,1000.0,0.0,-0.8,-0.3333333333333333,-12.0,-5.0,3.0,31
176.4451904296875,10.162997245788574,2.032599449157715,1000.0,0.0,-0.8,-0.26666666666666666,-12.0,-4.0,3.0,31
179.9032745361328,12.587387084960938,2.5174774169921874,1000.0,0.0,-0.8,-0.2,-12.0,-3.0,3.0,31
174.78585815429688,9.988158226013184,1.9976316452026368,1000.0,0.0,-0.8,-0.13333333333333333,-12.0,-2.0,3.0,31
203.62039184570312,25.820096969604492,5.164019393920898,1000.0,0.0,-0.8,-0.06666666666666667,-12.0,-1.0,3.0,31
212.49853515625,33.76770782470703,6.753541564941406,1000.0,0.0,-0.8,0.0,-12.0,0.0,3.0,31
186.82493591308594,16.090394973754883,3.2180789947509765,1000.0,0.0,-0.8,0.06666666666666667,-12.0,1.0,3.0,31
185.2780303955078,16.124595642089844,3.2249191284179686,1000.0,0.0,-0.8,0.13333333333333333,-12.0,2.0,3.0,31
189.34304809570312,16.379911422729492,3.2759822845458983,1000.0,0.0,-0.8,0.2,-12.0,3.0,3.0,31
199.04959106445312,18.012237548828125,3.602447509765625,1000.0,0.0,-0.8,0.26666666666666666,-12.0,4.0,3.0,31
229.4468231201172,43.1883659362793,8.63767318725586,1000.0,0.0,-0.8,0.3333333333333333,-12.0,5.0,3.0,31
303.75067138671875,71.0047378540039,14.200947570800782,1000.0,0.0,-0.8,0.4,-12.0,6.0,3.0,31
308.3170166015625,57.49420166015625,11.49884033203125,1000.0,0.0,-0.8,0.4666666666666667,-12.0,7.0,3.0,31
310.4678039550781,55.20473098754883,11.040946197509765,1000.0,0.0,-0.8,0.5333333333333333,-12.0,8.0,3.0,31
287.07965087890625,50.63399124145508,10.126798248291015,1000.0,0.0,-0.8,0.6,-12.0,9.0,3.0,31
258.1427307128906,26.613704681396484,5.322740936279297,1000.0,0.0,-0.8,0.6666666666666666,-12.0,10.0,3.0,31
249.01930236816406,29.764341354370117,5.952868270874023,1000.0,0.0,-0.8,0.7333333333333333,-12.0,11.0,3.0,31
241.92417907714844,30.124113082885742,6.024822616577149,1000.0,0.0,-0.8,0.8,-12.0,12.0,3.0,31
214.50328063964844,43.28902053833008,8.657804107666015,1000.0,0.0,-0.8,0.8666666666666667,-12.0,13.0,3.0,31
199.02700805664062,35.73432922363281,7.1468658447265625,1000.0,0.0,-0.8,0.9333333333333333,-12.0,14.0,3.0,31
208.53948974609375,32.84199905395508,6.568399810791016,1000.0,0.0,-0.8,1.0,-12.0,15.0,3.0,31
193.83267211914062,14.93236255645752,2.986472511291504,1000.0,0.0,-0.7333333333333333,-1.0,-11.0,-15.0,3.0,31
197.53836059570312,20.73586654663086,4.147173309326172,1000.0,0.0,-0.7333333333333333,-0.9333333333333333,-11.0,-14.0,3.0,31
198.00543212890625,18.994443893432617,3.7988887786865235,1000.0,0.0,-0.7333333333333333,-0.8666666666666667,-11.0,-13.0,3.0,31
201.56072998046875,21.883642196655273,4.376728439331055,1000.0,0.0,-0.7333333333333333,-0.8,-11.0,-12.0,3.0,31
195.31883239746094,19.3940372467041,3.8788074493408202,1000.0,0.0,-0.7333333333333333,-0.7333333333333333,-11.0,-11.0,3.0,31
197.56813049316406,22.020824432373047,4.404164886474609,1000.0,0.0,-0.7333333333333333,-0.6666666666666666,-11.0,-10.0,3.0,31
197.68890380859375,17.19851303100586,3.439702606201172,1000.0,0.0,-0.7333333333333333,-0.6,-11.0,-9.0,3.0,31
223.62515258789062,41.953704833984375,8.390740966796875,1000.0,0.0,-0.7333333333333333,-0.5333333333333333,-11.0,-8.0,3.0,31
201.57171630859375,35.7987060546875,7.1597412109375,1000.0,0.0,-0.7333333333333333,-0.4666666666666667,-11.0,-7.0,3.0,31
184.62185668945312,21.480382919311523,4.2960765838623045,1000.0,0.0,-0.7333333333333333,-0.4,-11.0,-6.0,3.0,31
184.25653076171875,17.444108963012695,3.488821792602539,1000.0,0.0,-0.7333333333333333,-0.3333333333333333,-11.0,-5.0,3.0,31
176.5967559814453,13.693629264831543,2.7387258529663088,1000.0,0.0,-0.7333333333333333,-0.26666666666666666,-11.0,-4.0,3.0,31
176.41934204101562,9.074843406677246,1.8149686813354493,1000.0,0.0,-0.7333333333333333,-0.2,-11.0,-3.0,3.0,31
177.14837646484375,10.806927680969238,2.1613855361938477,1000.0,0.0,-0.7333333333333333,-0.13333333333333333,-11.0,-2.0,3.0,31
185.13662719726562,18.17780303955078,3.6355606079101563,1000.0,0.0,-0.7333333333333333,-0.06666666666666667,-11.0,-1.0,3.0,31
183.51385498046875,14.551836013793945,2.9103672027587892,1000.0,0.0,-0.7333333333333333,0.0,-11.0,0.0,3.0,31
183.1592254638672,15.687556266784668,3.1375112533569336,1000.0,0.0,-0.7333333333333333,0.06666666666666667,-11.0,1.0,3.0,31
183.45343017578125,13.697701454162598,2.7395402908325197,1000.0,0.0,-0.7333333333333333,0.13333333333333333,-11.0,2.0,3.0,31
188.9457550048828,19.761919021606445,3.952383804321289,1000.0,0.0,-0.7333333333333333,0.2,-11.0,3.0,3.0,31
192.7696075439453,18.660812377929688,3.7321624755859375,1000.0,0.0,-0.7333333333333333,0.26666666666666666,-11.0,4.0,3.0,31
304.9239501953125,78.53998565673828,15.707997131347657,1000.0,0.0,-0.7333333333333333,0.3333333333333333,-11.0,5.0,3.0,31
289.4207458496094,59.18199920654297,11.836399841308594,1000.0,0.0,-0.7333333333333333,0.4,-11.0,6.0,3.0,31
320.7120361328125,53.08205795288086,10.616411590576172,1000.0,0.0,-0.7333333333333333,0.4666666666666667,-11.0,7.0,3.0,31
267.1620788574219,59.91025924682617,11.982051849365234,1000.0,0.0,-0.7333333333333333,0.5333333333333333,-11.0,8.0,3.0,31
275.8953552246094,47.4492073059082,9.48984146118164,1000.0,0.0,-0.7333333333333333,0.6,-11.0,9.0,3.0,31
253.67950439453125,33.04247283935547,6.608494567871094,1000.0,0.0,-0.7333333333333333,0.6666666666666666,-11.0,10.0,3.0,31
239.46853637695312,17.239072799682617,3.4478145599365235,1000.0,0.0,-0.7333333333333333,0.7333333333333333,-11.0,11.0,3.0,31
207.8519287109375,33.021820068359375,6.604364013671875,1000.0,0.0,-0.7333333333333333,0.8,-11.0,12.0,3.0,31
204.36123657226562,35.363563537597656,7.072712707519531,1000.0,0.0,-0.7333333333333333,0.8666666666666667,-11.0,13.0,3.0,31
203.3679656982422,34.71918869018555,6.943837738037109,1000.0,0.0,-0.7333333333333333,0.9333333333333333,-11.0,14.0,3.0,31
206.23068237304688,32.01240921020508,6.4024818420410154,1000.0,0.0,-0.7333333333333333,1.0,-11.0,15.0,3.0,31
200.64605712890625,23.755422592163086,4.751084518432617,1000.0,0.0,-0.6666666666666666,-1.0,-10.0,-15.0,3.0,31
198.9073486328125,20.600017547607422,4.120003509521484,1000.0,0.0,-0.6666666666666666,-0.9333333333333333,-10.0,-14.0,3.0,31
201.37625122070312,20.170089721679688,4.034017944335938,1000.0,0.0,-0.6666666666666666,-0.8666666666666667,-10.0,-13.0,3.0,31
196.64822387695312,19.023374557495117,3.8046749114990233,1000.0,0.0,-0.6666666666666666,-0.8,-10.0,-12.0,3.0,31
199.02993774414062,27.315275192260742,5.463055038452149,1000.0,0.0,-0.6666666666666666,-0.7333333333333333,-10.0,-11.0,3.0,31
192.1872100830078,19.649438858032227,3.9298877716064453,1000.0,0.0,-0.6666666666666666,-0.6666666666666666,-10.0,-10.0,3.0,31
189.54867553710938,17.22378921508789,3.444757843017578,1000.0,0.0,-0.6666666666666666,-0.6,-10.0,-9.0,3.0,31
204.77566528320312,22.138750076293945,4.427750015258789,1000.0,0.0,-0.6666666666666666,-0.5333333333333333,-10.0,-8.0,3.0,31
228.6298370361328,37.2933235168457,7.4586647033691404,1000.0,0.0,-0.6666666666666666,-0.4666666666666667,-10.0,-7.0,3.0,31
197.15953063964844,23.58905601501465,4.717811203002929,1000.0,0.0,-0.6666666666666666,-0.4,-10.0,-6.0,3.0,31
190.26417541503906,23.034032821655273,4.6068065643310545,1000.0,0.0,-0.6666666666666666,-0.3333333333333333,-10.0,-5.0,3.0,31
191.16836547851562,26.59076690673828,5.318153381347656,1000.0,0.0,-0.6666666666666666,-0.26666666666666666,-10.0,-4.0,3.0,31
174.59292602539062,10.30445671081543,2.060891342163086,1000.0,0.0,-0.6666666666666666,-0.2,-10.0,-3.0,3.0,31
179.3553924560547,10.609423637390137,2.1218847274780273,1000.0,0.0,-0.6666666666666666,-0.13333333333333333,-10.0,-2.0,3.0,31
184.7649383544922,19.565662384033203,3.9131324768066404,1000.0,0.0,-0.6666666666666666,-0.06666666666666667,-10.0,-1.0,3.0,31
179.83351135253906,14.273244857788086,2.854648971557617,1000.0,0.0,-0.6666666666666666,0.0,-10.0,0.0,3.0,31
185.5302734375,16.421052932739258,3.2842105865478515,1000.0,0.0,-0.6666666666666666,0.06666666666666667,-10.0,1.0,3.0,31
186.7158660888672,15.197375297546387,3.0394750595092774,1000.0,0.0,-0.6666666666666666,0.13333333333333333,-10.0,2.0,3.0,31
230.27999877929688,74.27174377441406,14.854348754882812,1000.0,0.0,-0.6666666666666666,0.2,-10.0,3.0,3.0,31
257.7204284667969,79.20417785644531,15.840835571289062,1000.0,0.0,-0.6666666666666666,0.26666666666666666,-10.0,4.0,3.0,31
275.4198913574219,44.3570442199707,8.871408843994141,1000.0,0.0,-0.6666666666666666,0.3333333333333333,-10.0,5.0,3.0,31
308.0014953613281,61.89169692993164,12.378339385986328,1000.0,0.0,-0.6666666666666666,0.4,-10.0,6.0,3.0,31
315.20843505859375,53.38138198852539,10.676276397705077,1000.0,0.0,-0.6666666666666666,0.4666666666666667,-10.0,7.0,3.0,31
310.4200439453125,58.75138854980469,11.750277709960937,1000.0,0.0,-0.6666666666666666,0.5333333333333333,-10.0,8.0,3.0,31
266.4873352050781,39.34426498413086,7.868852996826172,1000.0,0.0,-0.6666666666666666,0.6,-10.0,9.0,3.0,31
244.26686096191406,29.54000473022461,5.908000946044922,1000.0,0.0,-0.6666666666666666,0.6666666666666666,-10.0,10.0,3.0,31
212.0401153564453,42.48759460449219,8.497518920898438,1000.0,0.0,-0.6666666666666666,0.7333333333333333,-10.0,11.0,3.0,31
210.02420043945312,38.18204879760742,7.636409759521484,1000.0,0.0,-0.6666666666666666,0.8,-10.0,12.0,3.0,31
207.62686157226562,37.84769821166992,7.569539642333984,1000.0,0.0,-0.6666666666666666,0.8666666666666667,-10.0,13.0,3.0,31
204.0464630126953,29.40349769592285,5.880699539184571,1000.0,0.0,-0.6666666666666666,0.9333333333333333,-10.0,14.0,3.0,31
208.70693969726562,30.073406219482422,6.014681243896485,1000.0,0.0,-0.6666666666666666,1.0,-10.0,15.0,3.0,31
194.2454071044922,26.167505264282227,5.233501052856445,1000.0,0.0,-0.6,-1.0,-9.0,-15.0,3.0,31
193.6204071044922,17.362510681152344,3.4725021362304687,1000.0,0.0,-0.6,-0.9333333333333333,-9.0,-14.0,3.0,31
205.12918090820312,38.73634338378906,7.7472686767578125,1000.0,0.0,-0.6,-0.8666666666666667,-9.0,-13.0,3.0,31
197.5888214111328,20.420007705688477,4.084001541137695,1000.0,0.0,-0.6,-0.8,-9.0,-12.0,3.0,31
198.86224365234375,19.402109146118164,3.880421829223633,1000.0,0.0,-0.6,-0.7333333333333333,-9.0,-11.0,3.0,31
198.75132751464844,21.647520065307617,4.329504013061523,1000.0,0.0,-0.6,-0.6666666666666666,-9.0,-10.0,3.0,31
189.5529327392578,17.707763671875,3.541552734375,1000.0,0.0,-0.6,-0.6,-9.0,-9.0,3.0,31
196.45262145996094,22.000762939453125,4.400152587890625,1000.0,0.0,-0.6,-0.5333333333333333,-9.0,-8.0,3.0,31
227.04681396484375,46.7160758972168,9.343215179443359,1000.0,0.0,-0.6,-0.4666666666666667,-9.0,-7.0,3.0,31
214.05926513671875,41.916175842285156,8.38323516845703,1000.0,0.0,-0.6,-0.4,-9.0,-6.0,3.0,31
196.26820373535156,21.176998138427734,4.235399627685547,1000.0,0.0,-0.6,-0.3333333333333333,-9.0,-5.0,3.0,31
198.34310913085938,29.621654510498047,5.9243309020996096,1000.0,0.0,-0.6,-0.26666666666666666,-9.0,-4.0,3.0,31
178.8578338623047,10.629111289978027,2.1258222579956056,1000.0,0.0,-0.6,-0.2,-9.0,-3.0,3.0,31
175.8466033935547,7.236464977264404,1.4472929954528808,1000.0,0.0,-0.6,-0.13333333333333333,-9.0,-2.0,3.0,31
177.41519165039062,6.819051742553711,1.3638103485107422,1000.0,0.0,-0.6,-0.06666666666666667,-9.0,-1.0,3.0,31
176.4940643310547,8.893280029296875,1.778656005859375,1000.0,0.0,-0.6,0.0,-9.0,0.0,3.0,31
190.68438720703125,19.28433609008789,3.856867218017578,1000.0,0.0,-0.6,0.06666666666666667,-9.0,1.0,3.0,31
187.1367950439453,16.730186462402344,3.3460372924804687,1000.0,0.0,-0.6,0.13333333333333333,-9.0,2.0,3.0,31
230.7930145263672,66.18740844726562,13.237481689453125,1000.0,0.0,-0.6,0.2,-9.0,3.0,3.0,31
227.58163452148438,56.62117004394531,11.324234008789062,1000.0,0.0,-0.6,0.26666666666666666,-9.0,4.0,3.0,31
274.6684265136719,69.14786529541016,13.829573059082032,1000.0,0.0,-0.6,0.3333333333333333,-9.0,5.0,3.0,31
303.1454772949219,38.448211669921875,7.689642333984375,1000.0,0.0,-0.6,0.4,-9.0,6.0,3.0,31
316.0513916015625,57.553009033203125,11.510601806640626,1000.0,0.0,-0.6,0.4666666666666667,-9.0,7.0,3.0,31
275.9000244140625,48.369197845458984,9.673839569091797,1000.0,0.0,-0.6,0.5333333333333333,-9.0,8.0,3.0,31
221.39259338378906,48.43286895751953,9.686573791503907,1000.0,0.0,-0.6,0.6,-9.0,9.0,3.0,31
216.54115295410156,41.614288330078125,8.322857666015626,1000.0,0.0,-0.6,0.6666666666666666,-9.0,10.0,3.0,31
210.26560974121094,36.29129409790039,7.258258819580078,1000.0,0.0,-0.6,0.7333333333333333,-9.0,11.0,3.0,31
212.9780731201172,34.056251525878906,6.811250305175781,1000.0,0.0,-0.6,0.8,-9.0,12.0,3.0,31
214.95989990234375,35.40766143798828,7.081532287597656,1000.0,0.0,-0.6,0.8666666666666667,-9.0,13.0,3.0,31
207.11593627929688,32.35142135620117,6.470284271240234,1000.0,0.0,-0.6,0.9333333333333333,-9.0,14.0,3.0,31
208.47731018066406,29.95187759399414,5.990375518798828,1000.0,0.0,-0.6,1.0,-9.0,15.0,3.0,31
201.78570556640625,23.77245330810547,4.754490661621094,1000.0,0.0,-0.5333333333333333,-1.0,-8.0,-15.0,3.0,31
202.23739624023438,24.720033645629883,4.944006729125976,1000.0,0.0,-0.5333333333333333,-0.9333333333333333,-8.0,-14.0,3.0,31
199.67889404296875,19.63291358947754,3.9265827178955077,1000.0,0.0,-0.5333333333333333,-0.8666666666666667,-8.0,-13.0,3.0,31
200.6553955078125,20.910558700561523,4.182111740112305,1000.0,0.0,-0.5333333333333333,-0.8,-8.0,-12.0,3.0,31
199.68185424804688,18.833499908447266,3.7666999816894533,1000.0,0.0,-0.5333333333333333,-0.7333333333333333,-8.0,-11.0,3.0,31
197.9838104248047,17.376630783081055,3.475326156616211,1000.0,0.0,-0.5333333333333333,-0.6666666666666666,-8.0,-10.0,3.0,31
198.0336456298828,21.250577926635742,4.250115585327149,1000.0,0.0,-0.5333333333333333,-0.6,-8.0,-9.0,3.0,31
194.88949584960938,22.326284408569336,4.465256881713867,1000.0,0.0,-0.5333333333333333,-0.5333333333333333,-8.0,-8.0,3.0,31
190.81085205078125,14.629384994506836,2.925876998901367,1000.0,0.0,-0.5333333333333333,-0.4666666666666667,-8.0,-7.0,3.0,31
216.8079071044922,34.83833312988281,6.9676666259765625,1000.0,0.0,-0.5333333333333333,-0.4,-8.0,-6.0,3.0,31
212.23341369628906,42.65742492675781,8.531484985351563,1000.0,0.0,-0.5333333333333333,-0.3333333333333333,-8.0,-5.0,3.0,31
191.20599365234375,29.583627700805664,5.916725540161133,1000.0,0.0,-0.5333333333333333,-0.26666666666666666,-8.0,-4.0,3.0,31
183.53424072265625,22.527244567871094,4.505448913574218,1000.0,0.0,-0.5333333333333333,-0.2,-8.0,-3.0,3.0,31
173.10955810546875,5.663121700286865,1.132624340057373,1000.0,0.0,-0.5333333333333333,-0.13333333333333333,-8.0,-2.0,3.0,31
175.59201049804688,7.360273838043213,1.4720547676086426,1000.0,0.0,-0.5333333333333333,-0.06666666666666667,-8.0,-1.0,3.0,31
178.9429931640625,9.009275436401367,1.8018550872802734,1000.0,0.0,-0.5333333333333333,0.0,-8.0,0.0,3.0,31
216.19027709960938,69.90245819091797,13.980491638183594,1000.0,0.0,-0.5333333333333333,0.06666666666666667,-8.0,1.0,3.0,31
193.19789123535156,21.919816970825195,4.383963394165039,1000.0,0.0,-0.5333333333333333,0.13333333333333333,-8.0,2.0,3.0,31
207.3837127685547,36.37694549560547,7.275389099121094,1000.0,0.0,-0.5333333333333333,0.2,-8.0,3.0,3.0,31
243.029296875,47.18780517578125,9.43756103515625,1000.0,0.0,-0.5333333333333333,0.26666666666666666,-8.0,4.0,3.0,31
253.7261199951172,56.082252502441406,11.216450500488282,1000.0,0.0,-0.5333333333333333,0.3333333333333333,-8.0,5.0,3.0,31
290.6728515625,63.51177978515625,12.70235595703125,1000.0,0.0,-0.5333333333333333,0.4,-8.0,6.0,3.0,31
263.18927001953125,69.80608367919922,13.961216735839844,1000.0,0.0,-0.5333333333333333,0.4666666666666667,-8.0,7.0,3.0,31
209.7899169921875,46.66709518432617,9.333419036865234,1000.0,0.0,-0.5333333333333333,0.5333333333333333,-8.0,8.0,3.0,31
230.49969482421875,53.224578857421875,10.644915771484374,1000.0,0.0,-0.5333333333333333,0.6,-8.0,9.0,3.0,31
210.9974365234375,31.28420066833496,6.2568401336669925,1000.0,0.0,-0.5333333333333333,0.6666666666666666,-8.0,10.0,3.0,31
210.40187072753906,29.73224449157715,5.946448898315429,1000.0,0.0,-0.5333333333333333,0.7333333333333333,-8.0,11.0,3.0,31
218.3087158203125,35.61390686035156,7.122781372070312,1000.0,0.0,-0.5333333333333333,0.8,-8.0,12.0,3.0,31
205.2421112060547,28.383588790893555,5.676717758178711,1000.0,0.0,-0.5333333333333333,0.8666666666666667,-8.0,13.0,3.0,31
200.25967407226562,24.583114624023438,4.916622924804687,1000.0,0.0,-0.5333333333333333,0.9333333333333333,-8.0,14.0,3.0,31
197.4772491455078,24.591176986694336,4.918235397338867,1000.0,0.0,-0.5333333333333333,1.0,-8.0,15.0,3.0,31
209.13575744628906,22.023311614990234,4.404662322998047,1000.0,0.0,-0.4666666666666667,-1.0,-7.0,-15.0,3.0,31
203.9672393798828,21.49248695373535,4.2984973907470705,1000.0,0.0,-0.4666666666666667,-0.9333333333333333,-7.0,-14.0,3.0,31
199.46115112304688,20.93684196472168,4.187368392944336,1000.0,0.0,-0.4666666666666667,-0.8666666666666667,-7.0,-13.0,3.0,31
194.2008819580078,20.85293960571289,4.1705879211425785,1000.0,0.0,-0.4666666666666667,-0.8,-7.0,-12.0,3.0,31
193.6689453125,20.189910888671875,4.037982177734375,1000.0,0.0,-0.4666666666666667,-0.7333333333333333,-7.0,-11.0,3.0,31
210.98944091796875,32.827735900878906,6.565547180175781,1000.0,0.0,-0.4666666666666667,-0.6666666666666666,-7.0,-10.0,3.0,31
204.0978546142578,16.53940200805664,3.307880401611328,1000.0,0.0,-0.4666666666666667,-0.6,-7.0,-9.0,3.0,31
197.2632293701172,26.492210388183594,5.298442077636719,1000.0,0.0,-0.4666666666666667,-0.5333333333333333,-7.0,-8.0,3.0,31
195.90301513671875,22.976810455322266,4.5953620910644535,1000.0,0.0,-0.4666666666666667,-0.4666666666666667,-7.0,-7.0,3.0,31
193.01576232910156,20.969091415405273,4.193818283081055,1000.0,0.0,-0.4666666666666667,-0.4,-7.0,-6.0,3.0,31
242.13136291503906,68.28929901123047,13.657859802246094,1000.0,0.0,-0.4666666666666667,-0.3333333333333333,-7.0,-5.0,3.0,31
221.05313110351562,57.514198303222656,11.502839660644531,1000.0,0.0,-0.4666666666666667,-0.26666666666666666,-7.0,-4.0,3.0,31
183.9897918701172,29.109434127807617,5.821886825561523,1000.0,0.0,-0.4666666666666667,-0.2,-7.0,-3.0,3.0,31
187.25550842285156,37.973636627197266,7.594727325439453,1000.0,0.0,-0.4666666666666667,-0.13333333333333333,-7.0,-2.0,3.0,31
181.83843994140625,17.908323287963867,3.5816646575927735,1000.0,0.0,-0.4666666666666667,-0.06666666666666667,-7.0,-1.0,3.0,31
186.2781219482422,21.095373153686523,4.219074630737305,1000.0,0.0,-0.4666666666666667,0.0,-7.0,0.0,3.0,31
181.00711059570312,12.635390281677246,2.527078056335449,1000.0,0.0,-0.4666666666666667,0.06666666666666667,-7.0,1.0,3.0,31
191.1939239501953,21.52665138244629,4.305330276489258,1000.0,0.0,-0.4666666666666667,0.13333333333333333,-7.0,2.0,3.0,31
218.68521118164062,25.579526901245117,5.115905380249023,1000.0,0.0,-0.4666666666666667,0.2,-7.0,3.0,3.0,31
248.65359497070312,63.528743743896484,12.705748748779296,1000.0,0.0,-0.4666666666666667,0.26666666666666666,-7.0,4.0,3.0,31
263.4893798828125,83.66761779785156,16.733523559570312,1000.0,0.0,-0.4666666666666667,0.3333333333333333,-7.0,5.0,3.0,31
277.61004638671875,103.37716674804688,20.675433349609374,1000.0,0.0,-0.4666666666666667,0.4,-7.0,6.0,3.0,31
231.07786560058594,63.837493896484375,12.767498779296876,1000.0,0.0,-0.4666666666666667,0.4666666666666667,-7.0,7.0,3.0,31
224.48150634765625,54.64574432373047,10.929148864746093,1000.0,0.0,-0.4666666666666667,0.5333333333333333,-7.0,8.0,3.0,31
209.4764862060547,34.896942138671875,6.979388427734375,1000.0,0.0,-0.4666666666666667,0.6,-7.0,9.0,3.0,31
202.0821533203125,26.32776641845703,5.265553283691406,1000.0,0.0,-0.4666666666666667,0.6666666666666666,-7.0,10.0,3.0,31
221.29637145996094,47.13679122924805,9.427358245849609,1000.0,0.0,-0.4666666666666667,0.7333333333333333,-7.0,11.0,3.0,31
211.08456420898438,35.17055892944336,7.034111785888672,1000.0,0.0,-0.4666666666666667,0.8,-7.0,12.0,3.0,31
218.32745361328125,39.39094161987305,7.8781883239746096,1000.0,0.0,-0.4666666666666667,0.8666666666666667,-7.0,13.0,3.0,31
212.9356231689453,30.98065185546875,6.19613037109375,1000.0,0.0,-0.4666666666666667,0.9333333333333333,-7.0,14.0,3.0,31
227.80313110351562,41.544158935546875,8.308831787109375,1000.0,0.0,-0.4666666666666667,1.0,-7.0,15.0,3.0,31
202.32354736328125,29.43034553527832,5.886069107055664,1000.0,0.0,-0.4,-1.0,-6.0,-15.0,3.0,31
214.0718231201172,30.503314971923828,6.1006629943847654,1000.0,0.0,-0.4,-0.9333333333333333,-6.0,-14.0,3.0,31
216.1886749267578,29.390405654907227,5.878081130981445,1000.0,0.0,-0.4,-0.8666666666666667,-6.0,-13.0,3.0,31
211.4278564453125,31.828378677368164,6.365675735473633,1000.0,0.0,-0.4,-0.8,-6.0,-12.0,3.0,31
200.974609375,26.754959106445312,5.350991821289062,1000.0,0.0,-0.4,-0.7333333333333333,-6.0,-11.0,3.0,31
199.4376220703125,23.825611114501953,4.7651222229003904,1000.0,0.0,-0.4,-0.6666666666666666,-6.0,-10.0,3.0,31
206.52001953125,35.429115295410156,7.085823059082031,1000.0,0.0,-0.4,-0.6,-6.0,-9.0,3.0,31
216.6553497314453,26.198461532592773,5.239692306518554,1000.0,0.0,-0.4,-0.5333333333333333,-6.0,-8.0,3.0,31
208.95138549804688,24.5169677734375,4.9033935546875,1000.0,0.0,-0.4,-0.4666666666666667,-6.0,-7.0,3.0,31
193.2871856689453,20.603012084960938,4.120602416992187,1000.0,0.0,-0.4,-0.4,-6.0,-6.0,3.0,31
192.7584991455078,23.26387596130371,4.6527751922607425,1000.0,0.0,-0.4,-0.3333333333333333,-6.0,-5.0,3.0,31
216.91844177246094,49.645362854003906,9.92907257080078,1000.0,0.0,-0.4,-0.26666666666666666,-6.0,-4.0,3.0,31
196.1518096923828,38.33271408081055,7.666542816162109,1000.0,0.0,-0.4,-0.2,-6.0,-3.0,3.0,31
180.8292999267578,18.501380920410156,3.700276184082031,1000.0,0.0,-0.4,-0.13333333333333333,-6.0,-2.0,3.0,31
178.4369659423828,11.443062782287598,2.2886125564575197,1000.0,0.0,-0.4,-0.06666666666666667,-6.0,-1.0,3.0,31
180.21133422851562,10.464472770690918,2.0928945541381836,1000.0,0.0,-0.4,0.0,-6.0,0.0,3.0,31
199.470703125,19.985103607177734,3.997020721435547,1000.0,0.0,-0.4,0.06666666666666667,-6.0,1.0,3.0,31
194.59344482421875,20.8145809173584,4.16291618347168,1000.0,0.0,-0.4,0.13333333333333333,-6.0,2.0,3.0,31
204.00643920898438,24.478166580200195,4.895633316040039,1000.0,0.0,-0.4,0.2,-6.0,3.0,3.0,31
212.6485137939453,56.715606689453125,11.343121337890626,1000.0,0.0,-0.4,0.26666666666666666,-6.0,4.0,3.0,31
241.6710968017578,76.19963073730469,15.239926147460938,1000.0,0.0,-0.4,0.3333333333333333,-6.0,5.0,3.0,31
238.20697021484375,75.27533721923828,15.055067443847657,1000.0,0.0,-0.4,0.4,-6.0,6.0,3.0,31
218.9562530517578,56.84017562866211,11.368035125732423,1000.0,0.0,-0.4,0.4666666666666667,-6.0,7.0,3.0,31
208.25270080566406,37.18017578125,7.43603515625,1000.0,0.0,-0.4,0.5333333333333333,-6.0,8.0,3.0,31
211.8189697265625,40.647125244140625,8.129425048828125,1000.0,0.0,-0.4,0.6,-6.0,9.0,3.0,31
216.98365783691406,41.423377990722656,8.284675598144531,1000.0,0.0,-0.4,0.6666666666666666,-6.0,10.0,3.0,31
215.07960510253906,37.736419677734375,7.547283935546875,1000.0,0.0,-0.4,0.7333333333333333,-6.0,11.0,3.0,31
219.5892333984375,41.681663513183594,8.336332702636719,1000.0,0.0,-0.4,0.8,-6.0,12.0,3.0,31
234.06138610839844,53.797279357910156,10.75945587158203,1000.0,0.0,-0.4,0.8666666666666667,-6.0,13.0,3.0,31
223.03550720214844,34.98276138305664,6.996552276611328,1000.0,0.0,-0.4,0.9333333333333333,-6.0,14.0,3.0,31
230.8151397705078,37.802032470703125,7.560406494140625,1000.0,0.0,-0.4,1.0,-6.0,15.0,3.0,31
205.72312927246094,28.987117767333984,5.797423553466797,1000.0,0.0,-0.3333333333333333,-1.0,-5.0,-15.0,3.0,31
214.34588623046875,40.570777893066406,8.114155578613282,1000.0,0.0,-0.3333333333333333,-0.9333333333333333,-5.0,-14.0,3.0,31
218.55197143554688,39.007530212402344,7.801506042480469,1000.0,0.0,-0.3333333333333333,-0.8666666666666667,-5.0,-13.0,3.0,31
217.62034606933594,29.804296493530273,5.960859298706055,1000.0,0.0,-0.3333333333333333,-0.8,-5.0,-12.0,3.0,31
236.03294372558594,52.06156921386719,10.412313842773438,1000.0,0.0,-0.3333333333333333,-0.7333333333333333,-5.0,-11.0,3.0,31
225.9309539794922,45.053775787353516,9.010755157470703,1000.0,0.0,-0.3333333333333333,-0.6666666666666666,-5.0,-10.0,3.0,31
224.18841552734375,38.01283645629883,7.602567291259765,1000.0,0.0,-0.3333333333333333,-0.6,-5.0,-9.0,3.0,31
211.30078125,41.68950653076172,8.337901306152343,1000.0,0.0,-0.3333333333333333,-0.5333333333333333,-5.0,-8.0,3.0,31
210.8242645263672,37.30706024169922,7.461412048339843,1000.0,0.0,-0.3333333333333333,-0.4666666666666667,-5.0,-7.0,3.0,31
198.00453186035156,22.76318359375,4.55263671875,1000.0,0.0,-0.3333333333333333,-0.4,-5.0,-6.0,3.0,31
189.39169311523438,20.39057159423828,4.078114318847656,1000.0,0.0,-0.3333333333333333,-0.3333333333333333,-5.0,-5.0,3.0,31
188.71852111816406,21.46871566772461,4.293743133544922,1000.0,0.0,-0.3333333333333333,-0.26666666666666666,-5.0,-4.0,3.0,31
197.17047119140625,30.130342483520508,6.026068496704101,1000.0,0.0,-0.3333333333333333,-0.2,-5.0,-3.0,3.0,31
188.3297119140625,19.63943099975586,3.927886199951172,1000.0,0.0,-0.3333333333333333,-0.13333333333333333,-5.0,-2.0,3.0,31
186.44158935546875,21.991323471069336,4.398264694213867,1000.0,0.0,-0.3333333333333333,-0.06666666666666667,-5.0,-1.0,3.0,31
192.26284790039062,20.61873435974121,4.123746871948242,1000.0,0.0,-0.3333333333333333,0.0,-5.0,0.0,3.0,31
204.18206787109375,32.86644744873047,6.573289489746093,1000.0,0.0,-0.3333333333333333,0.06666666666666667,-5.0,1.0,3.0,31
198.05218505859375,21.95465850830078,4.390931701660156,1000.0,0.0,-0.3333333333333333,0.13333333333333333,-5.0,2.0,3.0,31
227.9068603515625,63.97632598876953,12.795265197753906,1000.0,0.0,-0.3333333333333333,0.2,-5.0,3.0,3.0,31
201.5057830810547,50.248931884765625,10.049786376953126,1000.0,0.0,-0.3333333333333333,0.26666666666666666,-5.0,4.0,3.0,31
201.92352294921875,51.177249908447266,10.235449981689452,1000.0,0.0,-0.3333333333333333,0.3333333333333333,-5.0,5.0,3.0,31
212.4310302734375,40.967437744140625,8.193487548828125,1000.0,0.0,-0.3333333333333333,0.4,-5.0,6.0,3.0,31
211.5555419921875,52.72922134399414,10.545844268798827,1000.0,0.0,-0.3333333333333333,0.4666666666666667,-5.0,7.0,3.0,31
220.3254852294922,45.700286865234375,9.140057373046876,1000.0,0.0,-0.3333333333333333,0.5333333333333333,-5.0,8.0,3.0,31
211.43353271484375,40.18120193481445,8.036240386962891,1000.0,0.0,-0.3333333333333333,0.6,-5.0,9.0,3.0,31
236.37010192871094,60.80668640136719,12.161337280273438,1000.0,0.0,-0.3333333333333333,0.6666666666666666,-5.0,10.0,3.0,31
250.33949279785156,52.85895538330078,10.571791076660157,1000.0,0.0,-0.3333333333333333,0.7333333333333333,-5.0,11.0,3.0,31
250.61920166015625,54.02558135986328,10.805116271972656,1000.0,0.0,-0.3333333333333333,0.8,-5.0,12.0,3.0,31
252.0415802001953,42.61435317993164,8.522870635986328,1000.0,0.0,-0.3333333333333333,0.8666666666666667,-5.0,13.0,3.0,31
254.40121459960938,50.11300277709961,10.022600555419922,1000.0,0.0,-0.3333333333333333,0.9333333333333333,-5.0,14.0,3.0,31
241.802734375,50.32398223876953,10.064796447753906,1000.0,0.0,-0.3333333333333333,1.0,-5.0,15.0,3.0,31
219.2294921875,39.293155670166016,7.858631134033203,1000.0,0.0,-0.26666666666666666,-1.0,-4.0,-15.0,3.0,31
210.2446746826172,29.099536895751953,5.819907379150391,1000.0,0.0,-0.26666666666666666,-0.9333333333333333,-4.0,-14.0,3.0,31
207.38951110839844,31.84166717529297,6.368333435058593,1000.0,0.0,-0.26666666666666666,-0.8666666666666667,-4.0,-13.0,3.0,31
219.89132690429688,43.320499420166016,8.664099884033202,1000.0,0.0,-0.26666666666666666,-0.8,-4.0,-12.0,3.0,31
250.0557098388672,65.40524291992188,13.081048583984375,1000.0,0.0,-0.26666666666666666,-0.7333333333333333,-4.0,-11.0,3.0,31
273.48468017578125,69.97460174560547,13.994920349121093,1000.0,0.0,-0.26666666666666666,-0.6666666666666666,-4.0,-10.0,3.0,31
251.2845458984375,73.43924713134766,14.687849426269532,1000.0,0.0,-0.26666666666666666,-0.6,-4.0,-9.0,3.0,31
279.6410217285156,85.22224426269531,17.044448852539062,1000.0,0.0,-0.26666666666666666,-0.5333333333333333,-4.0,-8.0,3.0,31
268.8323059082031,85.84992980957031,17.169985961914062,1000.0,0.0,-0.26666666666666666,-0.4666666666666667,-4.0,-7.0,3.0,31
268.7491455078125,105.9202651977539,21.184053039550783,1000.0,0.0,-0.26666666666666666,-0.4,-4.0,-6.0,3.0,31
223.05775451660156,73.70661163330078,14.741322326660157,1000.0,0.0,-0.26666666666666666,-0.3333333333333333,-4.0,-5.0,3.0,31
199.62110900878906,37.983272552490234,7.5966545104980465,1000.0,0.0,-0.26666666666666666,-0.26666666666666666,-4.0,-4.0,3.0,31
200.1742401123047,45.007694244384766,9.001538848876953,1000.0,0.0,-0.26666666666666666,-0.2,-4.0,-3.0,3.0,31
188.07643127441406,16.306732177734375,3.261346435546875,1000.0,0.0,-0.26666666666666666,-0.13333333333333333,-4.0,-2.0,3.0,31
179.50424194335938,11.159951210021973,2.2319902420043944,1000.0,0.0,-0.26666666666666666,-0.06666666666666667,-4.0,-1.0,3.0,31
193.82003784179688,22.93528938293457,4.587057876586914,1000.0,0.0,-0.26666666666666666,0.0,-4.0,0.0,3.0,31
195.83233642578125,16.602069854736328,3.3204139709472655,1000.0,0.0,-0.26666666666666666,0.06666666666666667,-4.0,1.0,3.0,31
186.08432006835938,12.573020935058594,2.514604187011719,1000.0,0.0,-0.26666666666666666,0.13333333333333333,-4.0,2.0,3.0,31
180.79222106933594,14.194992065429688,2.8389984130859376,1000.0,0.0,-0.26666666666666666,0.2,-4.0,3.0,3.0,31
183.5370330810547,15.817160606384277,3.1634321212768555,1000.0,0.0,-0.26666666666666666,0.26666666666666666,-4.0,4.0,3.0,31
181.76873779296875,14.65681266784668,2.931362533569336,1000.0,0.0,-0.26666666666666666,0.3333333333333333,-4.0,5.0,3.0,31
186.57833862304688,23.22932243347168,4.645864486694336,1000.0,0.0,-0.26666666666666666,0.4,-4.0,6.0,3.0,31
190.01744079589844,22.848068237304688,4.569613647460938,1000.0,0.0,-0.26666666666666666,0.4666666666666667,-4.0,7.0,3.0,31
204.69769287109375,27.357023239135742,5.471404647827148,1000.0,0.0,-0.26666666666666666,0.5333333333333333,-4.0,8.0,3.0,31
235.66481018066406,53.15061569213867,10.630123138427734,1000.0,0.0,-0.26666666666666666,0.6,-4.0,9.0,3.0,31
286.6699523925781,50.635894775390625,10.127178955078126,1000.0,0.0,-0.26666666666666666,0.6666666666666666,-4.0,10.0,3.0,31
290.1773681640625,56.53202819824219,11.306405639648437,1000.0,0.0,-0.26666666666666666,0.7333333333333333,-4.0,11.0,3.0,31
277.68487548828125,63.8032341003418,12.76064682006836,1000.0,0.0,-0.26666666666666666,0.8,-4.0,12.0,3.0,31
269.28765869140625,48.603633880615234,9.720726776123048,1000.0,0.0,-0.26666666666666666,0.8666666666666667,-4.0,13.0,3.0,31
275.0523376464844,63.0938606262207,12.61877212524414,1000.0,0.0,-0.26666666666666666,0.9333333333333333,-4.0,14.0,3.0,31
281.4543762207031,49.0210075378418,9.80420150756836,1000.0,0.0,-0.26666666666666666,1.0,-4.0,15.0,3.0,31
208.90570068359375,39.95697784423828,7.991395568847656,1000.0,0.0,-0.2,-1.0,-3.0,-15.0,3.0,31
213.7806396484375,39.414066314697266,7.882813262939453,1000.0,0.0,-0.2,-0.9333333333333333,-3.0,-14.0,3.0,31
214.2493896484375,38.2342414855957,7.64684829711914,1000.0,0.0,-0.2,-0.8666666666666667,-3.0,-13.0,3.0,31
225.11744689941406,49.0160026550293,9.80320053100586,1000.0,0.0,-0.2,-0.8,-3.0,-12.0,3.0,31
241.35093688964844,60.5831184387207,12.116623687744141,1000.0,0.0,-0.2,-0.7333333333333333,-3.0,-11.0,3.0,31
274.92401123046875,82.47086334228516,16.494172668457033,1000.0,0.0,-0.2,-0.6666666666666666,-3.0,-10.0,3.0,31
347.47723388671875,88.81165313720703,17.762330627441408,1000.0,0.0,-0.2,-0.6,-3.0,-9.0,3.0,31
292.5591125488281,87.33350372314453,17.466700744628906,1000.0,0.0,-0.2,-0.5333333333333333,-3.0,-8.0,3.0,31
295.9053955078125,140.12120056152344,28.02424011230469,1000.0,0.0,-0.2,-0.4666666666666667,-3.0,-7.0,3.0,31
298.92889404296875,149.50120544433594,29.900241088867187,1000.0,0.0,-0.2,-0.4,-3.0,-6.0,3.0,31
250.1221160888672,109.99344635009766,21.998689270019533,1000.0,0.0,-0.2,-0.3333333333333333,-3.0,-5.0,3.0,31
261.5059509277344,115.6559066772461,23.13118133544922,1000.0,0.0,-0.2,-0.26666666666666666,-3.0,-4.0,3.0,31
183.02984619140625,14.093928337097168,2.8187856674194336,1000.0,0.0,-0.2,-0.2,-3.0,-3.0,3.0,31
193.0705108642578,19.933731079101562,3.9867462158203124,1000.0,0.0,-0.2,-0.13333333333333333,-3.0,-2.0,3.0,31
230.8992156982422,92.57257843017578,18.514515686035157,1000.0,0.0,-0.2,-0.06666666666666667,-3.0,-1.0,3.0,31
195.37815856933594,23.105443954467773,4.6210887908935545,1000.0,0.0,-0.2,0.0,-3.0,0.0,3.0,31
200.08558654785156,16.142887115478516,3.228577423095703,1000.0,0.0,-0.2,0.06666666666666667,-3.0,1.0,3.0,31
189.47198486328125,16.010038375854492,3.2020076751708983,1000.0,0.0,-0.2,0.13333333333333333,-3.0,2.0,3.0,31
183.5372314453125,15.549666404724121,3.109933280944824,1000.0,0.0,-0.2,0.2,-3.0,3.0,3.0,31
181.8755340576172,13.571401596069336,2.7142803192138674,1000.0,0.0,-0.2,0.26666666666666666,-3.0,4.0,3.0,31
182.38038635253906,16.003589630126953,3.2007179260253906,1000.0,0.0,-0.2,0.3333333333333333,-3.0,5.0,3.0,31
186.7679901123047,16.181468963623047,3.2362937927246094,1000.0,0.0,-0.2,0.4,-3.0,6.0,3.0,31
197.6877899169922,28.87870216369629,5.775740432739258,1000.0,0.0,-0.2,0.4666666666666667,-3.0,7.0,3.0,31
209.4478759765625,43.77232360839844,8.754464721679687,1000.0,0.0,-0.2,0.5333333333333333,-3.0,8.0,3.0,31
254.09214782714844,68.38999938964844,13.677999877929688,1000.0,0.0,-0.2,0.6,-3.0,9.0,3.0,31
250.98191833496094,74.64156341552734,14.928312683105469,1000.0,0.0,-0.2,0.6666666666666666,-3.0,10.0,3.0,31
274.08819580078125,60.38204574584961,12.076409149169923,1000.0,0.0,-0.2,0.7333333333333333,-3.0,11.0,3.0,31
296.58319091796875,60.93867111206055,12.187734222412109,1000.0,0.0,-0.2,0.8,-3.0,12.0,3.0,31
274.7716064453125,55.400978088378906,11.08019561767578,1000.0,0.0,-0.2,0.8666666666666667,-3.0,13.0,3.0,31
293.9464416503906,53.04330825805664,10.608661651611328,1000.0,0.0,-0.2,0.9333333333333333,-3.0,14.0,3.0,31
310.51190185546875,48.55713653564453,9.711427307128906,1000.0,0.0,-0.2,1.0,-3.0,15.0,3.0,31
232.09474182128906,54.76108932495117,10.952217864990235,1000.0,0.0,-0.13333333333333333,-1.0,-2.0,-15.0,3.0,31
221.56248474121094,47.19350051879883,9.438700103759766,1000.0,0.0,-0.13333333333333333,-0.9333333333333333,-2.0,-14.0,3.0,31
239.83929443359375,51.7099723815918,10.341994476318359,1000.0,0.0,-0.13333333333333333,-0.8666666666666667,-2.0,-13.0,3.0,31
247.9013671875,57.14332580566406,11.428665161132812,1000.0,0.0,-0.13333333333333333,-0.8,-2.0,-12.0,3.0,31
252.89320373535156,59.57695770263672,11.915391540527343,1000.0,0.0,-0.13333333333333333,-0.7333333333333333,-2.0,-11.0,3.0,31
277.6060791015625,74.87551879882812,14.975103759765625,1000.0,0.0,-0.13333333333333333,-0.6666666666666666,-2.0,-10.0,3.0,31
241.33607482910156,57.36394119262695,11.472788238525391,1000.0,0.0,-0.13333333333333333,-0.6,-2.0,-9.0,3.0,31
195.01283264160156,34.075130462646484,6.815026092529297,1000.0,0.0,-0.13333333333333333,-0.5333333333333333,-2.0,-8.0,3.0,31
202.7671356201172,43.03985595703125,8.60797119140625,1000.0,0.0,-0.13333333333333333,-0.4666666666666667,-2.0,-7.0,3.0,31
240.2080841064453,102.85295867919922,20.570591735839844,1000.0,0.0,-0.13333333333333333,-0.4,-2.0,-6.0,3.0,31
217.39511108398438,73.91170501708984,14.782341003417969,1000.0,0.0,-0.13333333333333333,-0.3333333333333333,-2.0,-5.0,3.0,31
199.2125244140625,27.19464111328125,5.43892822265625,1000.0,0.0,-0.13333333333333333,-0.26666666666666666,-2.0,-4.0,3.0,31
196.64744567871094,27.658641815185547,5.531728363037109,1000.0,0.0,-0.13333333333333333,-0.2,-2.0,-3.0,3.0,31
214.30014038085938,50.20124435424805,10.04024887084961,1000.0,0.0,-0.13333333333333333,-0.13333333333333333,-2.0,-2.0,3.0,31
191.88128662109375,27.84133529663086,5.568267059326172,1000.0,0.0,-0.13333333333333333,-0.06666666666666667,-2.0,-1.0,3.0,31
207.85281372070312,30.894289016723633,6.178857803344727,1000.0,0.0,-0.13333333333333333,0.0,-2.0,0.0,3.0,31
191.53564453125,15.730209350585938,3.1460418701171875,1000.0,0.0,-0.13333333333333333,0.06666666666666667,-2.0,1.0,3.0,31
209.6044158935547,33.01714324951172,6.603428649902344,1000.0,0.0,-0.13333333333333333,0.13333333333333333,-2.0,2.0,3.0,31
209.0300750732422,31.79453468322754,6.358906936645508,1000.0,0.0,-0.13333333333333333,0.2,-2.0,3.0,3.0,31
206.71070861816406,32.02387619018555,6.404775238037109,1000.0,0.0,-0.13333333333333333,0.26666666666666666,-2.0,4.0,3.0,31
182.58749389648438,18.241622924804688,3.6483245849609376,1000.0,0.0,-0.13333333333333333,0.3333333333333333,-2.0,5.0,3.0,31
185.4771728515625,22.952762603759766,4.590552520751953,1000.0,0.0,-0.13333333333333333,0.4,-2.0,6.0,3.0,31
183.5365753173828,12.287891387939453,2.4575782775878907,1000.0,0.0,-0.13333333333333333,0.4666666666666667,-2.0,7.0,3.0,31
226.69668579101562,57.6822509765625,11.5364501953125,1000.0,0.0,-0.13333333333333333,0.5333333333333333,-2.0,8.0,3.0,31
231.2031707763672,45.22508239746094,9.045016479492187,1000.0,0.0,-0.13333333333333333,0.6,-2.0,9.0,3.0,31
253.18878173828125,65.97726440429688,13.195452880859374,1000.0,0.0,-0.13333333333333333,0.6666666666666666,-2.0,10.0,3.0,31
286.2604064941406,59.94679260253906,11.989358520507812,1000.0,0.0,-0.13333333333333333,0.7333333333333333,-2.0,11.0,3.0,31
298.7832946777344,48.726043701171875,9.745208740234375,1000.0,0.0,-0.13333333333333333,0.8,-2.0,12.0,3.0,31
309.76983642578125,62.49254608154297,12.498509216308594,1000.0,0.0,-0.13333333333333333,0.8666666666666667,-2.0,13.0,3.0,31
305.2200927734375,49.263851165771484,9.852770233154297,1000.0,0.0,-0.13333333333333333,0.9333333333333333,-2.0,14.0,3.0,31
289.9616394042969,58.73878860473633,11.747757720947266,1000.0,0.0,-0.13333333333333333,1.0,-2.0,15.0,3.0,31
200.94610595703125,22.341127395629883,4.468225479125977,1000.0,0.0,-0.06666666666666667,-1.0,-1.0,-15.0,3.0,31
221.18496704101562,41.30159378051758,8.260318756103516,1000.0,0.0,-0.06666666666666667,-0.9333333333333333,-1.0,-14.0,3.0,31
235.76438903808594,49.606689453125,9.921337890625,1000.0,0.0,-0.06666666666666667,-0.8666666666666667,-1.0,-13.0,3.0,31
253.48153686523438,50.71330642700195,10.14266128540039,1000.0,0.0,-0.06666666666666667,-0.8,-1.0,-12.0,3.0,31
206.28189086914062,26.97196388244629,5.394392776489258,1000.0,0.0,-0.06666666666666667,-0.7333333333333333,-1.0,-11.0,3.0,31
214.39926147460938,29.855310440063477,5.971062088012696,1000.0,0.0,-0.06666666666666667,-0.6666666666666666,-1.0,-10.0,3.0,31
226.61798095703125,41.66010665893555,8.332021331787109,1000.0,0.0,-0.06666666666666667,-0.6,-1.0,-9.0,3.0,31
188.7616729736328,26.749799728393555,5.349959945678711,1000.0,0.0,-0.06666666666666667,-0.5333333333333333,-1.0,-8.0,3.0,31
187.7889862060547,17.481096267700195,3.496219253540039,1000.0,0.0,-0.06666666666666667,-0.4666666666666667,-1.0,-7.0,3.0,31
194.04443359375,31.878276824951172,6.3756553649902346,1000.0,0.0,-0.06666666666666667,-0.4,-1.0,-6.0,3.0,31
204.5771484375,44.987876892089844,8.997575378417968,1000.0,0.0,-0.06666666666666667,-0.3333333333333333,-1.0,-5.0,3.0,31
198.5281982421875,32.65483856201172,6.530967712402344,1000.0,0.0,-0.06666666666666667,-0.26666666666666666,-1.0,-4.0,3.0,31
198.62338256835938,12.706220626831055,2.541244125366211,1000.0,0.0,-0.06666666666666667,-0.2,-1.0,-3.0,3.0,31
207.3574981689453,31.198875427246094,6.239775085449219,1000.0,0.0,-0.06666666666666667,-0.13333333333333333,-1.0,-2.0,3.0,31
250.47210693359375,72.22029113769531,14.444058227539063,1000.0,0.0,-0.06666666666666667,-0.06666666666666667,-1.0,-1.0,3.0,31
233.61607360839844,53.29479217529297,10.658958435058594,1000.0,0.0,-0.06666666666666667,0.0,-1.0,0.0,3.0,31
236.8000030517578,64.14387512207031,12.828775024414062,1000.0,0.0,-0.06666666666666667,0.06666666666666667,-1.0,1.0,3.0,31
216.9219512939453,35.899391174316406,7.179878234863281,1000.0,0.0,-0.06666666666666667,0.13333333333333333,-1.0,2.0,3.0,31
196.83413696289062,30.873497009277344,6.174699401855468,1000.0,0.0,-0.06666666666666667,0.2,-1.0,3.0,3.0,31
213.66815185546875,41.34296798706055,8.26859359741211,1000.0,0.0,-0.06666666666666667,0.26666666666666666,-1.0,4.0,3.0,31
194.60604858398438,24.631969451904297,4.92639389038086,1000.0,0.0,-0.06666666666666667,0.3333333333333333,-1.0,5.0,3.0,31
194.08448791503906,27.602807998657227,5.520561599731446,1000.0,0.0,-0.06666666666666667,0.4,-1.0,6.0,3.0,31
192.8753662109375,27.30759620666504,5.461519241333008,1000.0,0.0,-0.06666666666666667,0.4666666666666667,-1.0,7.0,3.0,31
227.564453125,50.93623733520508,10.187247467041015,1000.0,0.0,-0.06666666666666667,0.5333333333333333,-1.0,8.0,3.0,31
261.8591613769531,62.63669204711914,12.527338409423828,1000.0,0.0,-0.06666666666666667,0.6,-1.0,9.0,3.0,31
298.3417663574219,67.52687072753906,13.505374145507812,1000.0,0.0,-0.06666666666666667,0.6666666666666666,-1.0,10.0,3.0,31
289.7420959472656,69.32382202148438,13.864764404296874,1000.0,0.0,-0.06666666666666667,0.7333333333333333,-1.0,11.0,3.0,31
288.43585205078125,67.57943725585938,13.515887451171874,1000.0,0.0,-0.06666666666666667,0.8,-1.0,12.0,3.0,31
293.1138916015625,61.008453369140625,12.201690673828125,1000.0,0.0,-0.06666666666666667,0.8666666666666667,-1.0,13.0,3.0,31
301.60626220703125,66.14009094238281,13.228018188476563,1000.0,0.0,-0.06666666666666667,0.9333333333333333,-1.0,14.0,3.0,31
291.2012634277344,54.090248107910156,10.81804962158203,1000.0,0.0,-0.06666666666666667,1.0,-1.0,15.0,3.0,31
209.54605102539062,37.4030647277832,7.480612945556641,1000.0,0.0,0.0,-1.0,0.0,-15.0,3.0,31
216.34339904785156,39.348079681396484,7.869615936279297,1000.0,0.0,0.0,-0.9333333333333333,0.0,-14.0,3.0,31
203.16763305664062,29.374589920043945,5.874917984008789,1000.0,0.0,0.0,-0.8666666666666667,0.0,-13.0,3.0,31
208.70140075683594,34.2516975402832,6.85033950805664,1000.0,0.0,0.0,-0.8,0.0,-12.0,3.0,31
204.51766967773438,36.40816116333008,7.2816322326660154,1000.0,0.0,0.0,-0.7333333333333333,0.0,-11.0,3.0,31
201.18563842773438,30.60623550415039,6.121247100830078,1000.0,0.0,0.0,-0.6666666666666666,0.0,-10.0,3.0,31
202.42054748535156,33.34077453613281,6.668154907226563,1000.0,0.0,0.0,-0.6,0.0,-9.0,3.0,31
183.44264221191406,14.313490867614746,2.8626981735229493,1000.0,0.0,0.0,-0.5333333333333333,0.0,-8.0,3.0,31
186.59437561035156,16.63315200805664,3.326630401611328,1000.0,0.0,0.0,-0.4666666666666667,0.0,-7.0,3.0,31
192.93496704101562,11.917390823364258,2.3834781646728516,1000.0,0.0,0.0,-0.4,0.0,-6.0,3.0,31
202.69171142578125,37.66542434692383,7.533084869384766,1000.0,0.0,0.0,-0.3333333333333333,0.0,-5.0,3.0,31
188.93894958496094,20.708154678344727,4.141630935668945,1000.0,0.0,0.0,-0.26666666666666666,0.0,-4.0,3.0,31
190.8300018310547,9.90135669708252,1.980271339416504,1000.0,0.0,0.0,-0.2,0.0,-3.0,3.0,31
199.04542541503906,19.001243591308594,3.800248718261719,1000.0,0.0,0.0,-0.13333333333333333,0.0,-2.0,3.0,31
217.75209045410156,37.37486267089844,7.474972534179687,1000.0,0.0,0.0,-0.06666666666666667,0.0,-1.0,3.0,31
242.0832977294922,64.624755859375,12.924951171875,1000.0,0.0,0.0,0.0,0.0,0.0,3.0,31
201.4917449951172,39.78949737548828,7.957899475097657,1000.0,0.0,0.0,0.06666666666666667,0.0,1.0,3.0,31
187.10330200195312,19.444950103759766,3.888990020751953,1000.0,0.0,0.0,0.13333333333333333,0.0,2.0,3.0,31
191.62542724609375,23.694826126098633,4.738965225219727,1000.0,0.0,0.0,0.2,0.0,3.0,3.0,31
193.29507446289062,32.51361083984375,6.50272216796875,1000.0,0.0,0.0,0.26666666666666666,0.0,4.0,3.0,31
199.60345458984375,34.215301513671875,6.843060302734375,1000.0,0.0,0.0,0.3333333333333333,0.0,5.0,3.0,31
204.1407012939453,32.1505241394043,6.430104827880859,1000.0,0.0,0.0,0.4,0.0,6.0,3.0,31
216.9499969482422,38.64754104614258,7.7295082092285154,1000.0,0.0,0.0,0.4666666666666667,0.0,7.0,3.0,31
237.5010528564453,44.11923599243164,8.823847198486328,1000.0,0.0,0.0,0.5333333333333333,0.0,8.0,3.0,31
263.122314453125,68.86573028564453,13.773146057128907,1000.0,0.0,0.0,0.6,0.0,9.0,3.0,31
308.92242431640625,88.75811767578125,17.75162353515625,1000.0,0.0,0.0,0.6666666666666666,0.0,10.0,3.0,31
341.2784118652344,76.94723510742188,15.389447021484376,1000.0,0.0,0.0,0.7333333333333333,0.0,11.0,3.0,31
308.4557189941406,92.1270751953125,18.4254150390625,1000.0,0.0,0.0,0.8,0.0,12.0,3.0,31
308.7920227050781,61.192081451416016,12.238416290283203,1000.0,0.0,0.0,0.8666666666666667,0.0,13.0,3.0,31
307.3827209472656,65.77766418457031,13.155532836914062,1000.0,0.0,0.0,0.9333333333333333,0.0,14.0,3.0,31
306.7480163574219,60.098079681396484,12.019615936279298,1000.0,0.0,0.0,1.0,0.0,15.0,3.0,31
203.8695526123047,33.224979400634766,6.644995880126953,1000.0,0.0,0.06666666666666667,-1.0,1.0,-15.0,3.0,31
214.0125732421875,45.6852912902832,9.13705825805664,1000.0,0.0,0.06666666666666667,-0.9333333333333333,1.0,-14.0,3.0,31
210.9894561767578,49.618072509765625,9.923614501953125,1000.0,0.0,0.06666666666666667,-0.8666666666666667,1.0,-13.0,3.0,31
204.0360870361328,33.28727340698242,6.6574546813964846,1000.0,0.0,0.06666666666666667,-0.8,1.0,-12.0,3.0,31
205.06298828125,31.298179626464844,6.259635925292969,1000.0,0.0,0.06666666666666667,-0.7333333333333333,1.0,-11.0,3.0,31
210.73558044433594,41.6109504699707,8.322190093994141,1000.0,0.0,0.06666666666666667,-0.6666666666666666,1.0,-10.0,3.0,31
190.20892333984375,26.140871047973633,5.228174209594727,1000.0,0.0,0.06666666666666667,-0.6,1.0,-9.0,3.0,31
182.43312072753906,13.699053764343262,2.739810752868652,1000.0,0.0,0.06666666666666667,-0.5333333333333333,1.0,-8.0,3.0,31
183.5988311767578,11.763628005981445,2.352725601196289,1000.0,0.0,0.06666666666666667,-0.4666666666666667,1.0,-7.0,3.0,31
191.20297241210938,22.66082000732422,4.532164001464844,1000.0,0.0,0.06666666666666667,-0.4,1.0,-6.0,3.0,31
197.29518127441406,16.444244384765625,3.288848876953125,1000.0,0.0,0.06666666666666667,-0.3333333333333333,1.0,-5.0,3.0,31
180.87355041503906,15.191216468811035,3.038243293762207,1000.0,0.0,0.06666666666666667,-0.26666666666666666,1.0,-4.0,3.0,31
180.8992156982422,9.262615203857422,1.8525230407714843,1000.0,0.0,0.06666666666666667,-0.2,1.0,-3.0,3.0,31
197.3369903564453,20.071027755737305,4.014205551147461,1000.0,0.0,0.06666666666666667,-0.13333333333333333,1.0,-2.0,3.0,31
199.04331970214844,22.40654754638672,4.481309509277343,1000.0,0.0,0.06666666666666667,-0.06666666666666667,1.0,-1.0,3.0,31
210.5731658935547,30.38654899597168,6.077309799194336,1000.0,0.0,0.06666666666666667,0.0,1.0,0.0,3.0,31
204.34405517578125,21.86039924621582,4.372079849243164,1000.0,0.0,0.06666666666666667,0.06666666666666667,1.0,1.0,3.0,31
188.87110900878906,17.620567321777344,3.5241134643554686,1000.0,0.0,0.06666666666666667,0.13333333333333333,1.0,2.0,3.0,31
196.41627502441406,20.794755935668945,4.158951187133789,1000.0,0.0,0.06666666666666667,0.2,1.0,3.0,3.0,31
196.6052703857422,27.976696014404297,5.59533920288086,1000.0,0.0,0.06666666666666667,0.26666666666666666,1.0,4.0,3.0,31
199.2281036376953,34.469547271728516,6.893909454345703,1000.0,0.0,0.06666666666666667,0.3333333333333333,1.0,5.0,3.0,31
200.7938995361328,28.141366958618164,5.628273391723633,1000.0,0.0,0.06666666666666667,0.4,1.0,6.0,3.0,31
213.8353729248047,29.292341232299805,5.858468246459961,1000.0,0.0,0.06666666666666667,0.4666666666666667,1.0,7.0,3.0,31
243.23435974121094,54.89710235595703,10.979420471191407,1000.0,0.0,0.06666666666666667,0.5333333333333333,1.0,8.0,3.0,31
280.5165710449219,80.61619567871094,16.12323913574219,1000.0,0.0,0.06666666666666667,0.6,1.0,9.0,3.0,31
320.1864013671875,90.71395111083984,18.142790222167967,1000.0,0.0,0.06666666666666667,0.6666666666666666,1.0,10.0,3.0,31
300.8412780761719,82.98999786376953,16.597999572753906,1000.0,0.0,0.06666666666666667,0.7333333333333333,1.0,11.0,3.0,31
289.79486083984375,75.40913391113281,15.081826782226562,1000.0,0.0,0.06666666666666667,0.8,1.0,12.0,3.0,31
324.3356628417969,85.61544799804688,17.123089599609376,1000.0,0.0,0.06666666666666667,0.8666666666666667,1.0,13.0,3.0,31
318.36517333984375,68.10066223144531,13.620132446289062,1000.0,0.0,0.06666666666666667,0.9333333333333333,1.0,14.0,3.0,31
308.6415710449219,75.27494049072266,15.05498809814453,1000.0,0.0,0.06666666666666667,1.0,1.0,15.0,3.0,31
191.94369506835938,23.024612426757812,4.604922485351563,1000.0,0.0,0.13333333333333333,-1.0,2.0,-15.0,3.0,31
197.7801971435547,24.415925979614258,4.883185195922851,1000.0,0.0,0.13333333333333333,-0.9333333333333333,2.0,-14.0,3.0,31
220.8300323486328,50.643951416015625,10.128790283203125,1000.0,0.0,0.13333333333333333,-0.8666666666666667,2.0,-13.0,3.0,31
220.91761779785156,44.83216094970703,8.966432189941406,1000.0,0.0,0.13333333333333333,-0.8,2.0,-12.0,3.0,31
214.7938232421875,37.21910095214844,7.443820190429688,1000.0,0.0,0.13333333333333333,-0.7333333333333333,2.0,-11.0,3.0,31
204.35882568359375,40.219295501708984,8.043859100341797,1000.0,0.0,0.13333333333333333,-0.6666666666666666,2.0,-10.0,3.0,31
194.21469116210938,27.08458709716797,5.416917419433593,1000.0,0.0,0.13333333333333333,-0.6,2.0,-9.0,3.0,31
191.7313232421875,15.490621566772461,3.098124313354492,1000.0,0.0,0.13333333333333333,-0.5333333333333333,2.0,-8.0,3.0,31
187.31631469726562,14.993815422058105,2.998763084411621,1000.0,0.0,0.13333333333333333,-0.4666666666666667,2.0,-7.0,3.0,31
182.22915649414062,12.766637802124023,2.5533275604248047,1000.0,0.0,0.13333333333333333,-0.4,2.0,-6.0,3.0,31
180.7313690185547,12.625434875488281,2.5250869750976563,1000.0,0.0,0.13333333333333333,-0.3333333333333333,2.0,-5.0,3.0,31
178.54110717773438,9.22462272644043,1.844924545288086,1000.0,0.0,0.13333333333333333,-0.26666666666666666,2.0,-4.0,3.0,31
183.28761291503906,11.758066177368164,2.351613235473633,1000.0,0.0,0.13333333333333333,-0.2,2.0,-3.0,3.0,31
196.53280639648438,27.096248626708984,5.419249725341797,1000.0,0.0,0.13333333333333333,-0.13333333333333333,2.0,-2.0,3.0,31
220.21463012695312,45.709415435791016,9.141883087158202,1000.0,0.0,0.13333333333333333,-0.06666666666666667,2.0,-1.0,3.0,31
199.41525268554688,30.613313674926758,6.122662734985352,1000.0,0.0,0.13333333333333333,0.0,2.0,0.0,3.0,31
213.77734375,47.85284423828125,9.57056884765625,1000.0,0.0,0.13333333333333333,0.06666666666666667,2.0,1.0,3.0,31
220.34031677246094,37.908843994140625,7.581768798828125,1000.0,0.0,0.13333333333333333,0.13333333333333333,2.0,2.0,3.0,31
219.6391143798828,37.606300354003906,7.521260070800781,1000.0,0.0,0.13333333333333333,0.2,2.0,3.0,3.0,31
218.56517028808594,46.23556900024414,9.247113800048828,1000.0,0.0,0.13333333333333333,0.26666666666666666,2.0,4.0,3.0,31
201.7624053955078,22.474096298217773,4.494819259643554,1000.0,0.0,0.13333333333333333,0.3333333333333333,2.0,5.0,3.0,31
256.8130187988281,59.582984924316406,11.916596984863281,1000.0,0.0,0.13333333333333333,0.4,2.0,6.0,3.0,31
239.8916778564453,49.67405319213867,9.934810638427734,1000.0,0.0,0.13333333333333333,0.4666666666666667,2.0,7.0,3.0,31
268.7026672363281,81.9844741821289,16.39689483642578,1000.0,0.0,0.13333333333333333,0.5333333333333333,2.0,8.0,3.0,31
286.46466064453125,78.01654815673828,15.603309631347656,1000.0,0.0,0.13333333333333333,0.6,2.0,9.0,3.0,31
290.6649475097656,78.48646545410156,15.697293090820313,1000.0,0.0,0.13333333333333333,0.6666666666666666,2.0,10.0,3.0,31
298.8652038574219,83.457275390625,16.691455078125,1000.0,0.0,0.13333333333333333,0.7333333333333333,2.0,11.0,3.0,31
306.39276123046875,71.17041778564453,14.234083557128907,1000.0,0.0,0.13333333333333333,0.8,2.0,12.0,3.0,31
331.42742919921875,73.95355224609375,14.79071044921875,1000.0,0.0,0.13333333333333333,0.8666666666666667,2.0,13.0,3.0,31
310.0173645019531,79.04097747802734,15.808195495605469,1000.0,0.0,0.13333333333333333,0.9333333333333333,2.0,14.0,3.0,31
297.3123779296875,80.02632904052734,16.00526580810547,1000.0,0.0,0.13333333333333333,1.0,2.0,15.0,3.0,31
187.1499481201172,19.61644744873047,3.923289489746094,1000.0,0.0,0.2,-1.0,3.0,-15.0,3.0,31
201.08651733398438,30.196271896362305,6.039254379272461,1000.0,0.0,0.2,-0.9333333333333333,3.0,-14.0,3.0,31
209.04122924804688,45.77992630004883,9.155985260009766,1000.0,0.0,0.2,-0.8666666666666667,3.0,-13.0,3.0,31
226.59156799316406,53.1788444519043,10.63576889038086,1000.0,0.0,0.2,-0.8,3.0,-12.0,3.0,31
204.6968536376953,33.09580612182617,6.619161224365234,1000.0,0.0,0.2,-0.7333333333333333,3.0,-11.0,3.0,31
201.9551239013672,21.141435623168945,4.228287124633789,1000.0,0.0,0.2,-0.6666666666666666,3.0,-10.0,3.0,31
206.94491577148438,27.20212173461914,5.4404243469238285,1000.0,0.0,0.2,-0.6,3.0,-9.0,3.0,31
190.7624053955078,20.481693267822266,4.0963386535644535,1000.0,0.0,0.2,-0.5333333333333333,3.0,-8.0,3.0,31
192.99806213378906,21.736677169799805,4.347335433959961,1000.0,0.0,0.2,-0.4666666666666667,3.0,-7.0,3.0,31
188.3550567626953,21.003820419311523,4.200764083862305,1000.0,0.0,0.2,-0.4,3.0,-6.0,3.0,31
199.19595336914062,25.504194259643555,5.100838851928711,1000.0,0.0,0.2,-0.3333333333333333,3.0,-5.0,3.0,31
182.40484619140625,13.946950912475586,2.7893901824951173,1000.0,0.0,0.2,-0.26666666666666666,3.0,-4.0,3.0,31
178.33258056640625,9.824247360229492,1.9648494720458984,1000.0,0.0,0.2,-0.2,3.0,-3.0,3.0,31
201.10037231445312,45.7249641418457,9.14499282836914,1000.0,0.0,0.2,-0.13333333333333333,3.0,-2.0,3.0,31
213.90431213378906,51.17646026611328,10.235292053222656,1000.0,0.0,0.2,-0.06666666666666667,3.0,-1.0,3.0,31
237.61749267578125,41.023590087890625,8.204718017578125,1000.0,0.0,0.2,0.0,3.0,0.0,3.0,31
252.9513702392578,51.69852066040039,10.339704132080078,1000.0,0.0,0.2,0.06666666666666667,3.0,1.0,3.0,31
223.6009979248047,55.799339294433594,11.159867858886718,1000.0,0.0,0.2,0.13333333333333333,3.0,2.0,3.0,31
217.08790588378906,46.681434631347656,9.336286926269532,1000.0,0.0,0.2,0.2,3.0,3.0,3.0,31
234.14431762695312,40.750335693359375,8.150067138671876,1000.0,0.0,0.2,0.26666666666666666,3.0,4.0,3.0,31
244.08274841308594,52.86560821533203,10.573121643066406,1000.0,0.0,0.2,0.3333333333333333,3.0,5.0,3.0,31
262.2580261230469,49.274147033691406,9.854829406738281,1000.0,0.0,0.2,0.4,3.0,6.0,3.0,31
348.673583984375,54.77683639526367,10.955367279052734,1000.0,0.0,0.2,0.4666666666666667,3.0,7.0,3.0,31
360.73773193359375,46.88765335083008,9.377530670166015,1000.0,0.0,0.2,0.5333333333333333,3.0,8.0,3.0,31
326.78948974609375,67.33304595947266,13.46660919189453,1000.0,0.0,0.2,0.6,3.0,9.0,3.0,31
313.1553039550781,81.07414245605469,16.214828491210938,1000.0,0.0,0.2,0.6666666666666666,3.0,10.0,3.0,31
301.45245361328125,83.84331512451172,16.768663024902345,1000.0,0.0,0.2,0.7333333333333333,3.0,11.0,3.0,31
291.2845458984375,78.0982666015625,15.6196533203125,1000.0,0.0,0.2,0.8,3.0,12.0,3.0,31
303.7026062011719,92.32205963134766,18.46441192626953,1000.0,0.0,0.2,0.8666666666666667,3.0,13.0,3.0,31
299.2857666015625,56.059906005859375,11.211981201171875,1000.0,0.0,0.2,0.9333333333333333,3.0,14.0,3.0,31
307.7332763671875,59.42415237426758,11.884830474853516,1000.0,0.0,0.2,1.0,3.0,15.0,3.0,31
181.3506622314453,13.693291664123535,2.738658332824707,1000.0,0.0,0.26666666666666666,-1.0,4.0,-15.0,3.0,31
192.71775817871094,29.18452262878418,5.836904525756836,1000.0,0.0,0.26666666666666666,-0.9333333333333333,4.0,-14.0,3.0,31
214.28277587890625,45.32098388671875,9.06419677734375,1000.0,0.0,0.26666666666666666,-0.8666666666666667,4.0,-13.0,3.0,31
219.60569763183594,43.0516357421875,8.6103271484375,1000.0,0.0,0.26666666666666666,-0.8,4.0,-12.0,3.0,31
229.75550842285156,48.1219367980957,9.62438735961914,1000.0,0.0,0.26666666666666666,-0.7333333333333333,4.0,-11.0,3.0,31
224.37664794921875,54.957950592041016,10.991590118408203,1000.0,0.0,0.26666666666666666,-0.6666666666666666,4.0,-10.0,3.0,31
204.66497802734375,24.339637756347656,4.867927551269531,1000.0,0.0,0.26666666666666666,-0.6,4.0,-9.0,3.0,31
199.7779541015625,22.49020767211914,4.4980415344238285,1000.0,0.0,0.26666666666666666,-0.5333333333333333,4.0,-8.0,3.0,31
185.85037231445312,14.726041793823242,2.9452083587646483,1000.0,0.0,0.26666666666666666,-0.4666666666666667,4.0,-7.0,3.0,31
197.85198974609375,26.946348190307617,5.389269638061523,1000.0,0.0,0.26666666666666666,-0.4,4.0,-6.0,3.0,31
201.07032775878906,22.170061111450195,4.434012222290039,1000.0,0.0,0.26666666666666666,-0.3333333333333333,4.0,-5.0,3.0,31
178.38706970214844,9.578068733215332,1.9156137466430665,1000.0,0.0,0.26666666666666666,-0.26666666666666666,4.0,-4.0,3.0,31
191.15867614746094,20.674436569213867,4.134887313842773,1000.0,0.0,0.26666666666666666,-0.2,4.0,-3.0,3.0,31
243.1146240234375,56.57942581176758,11.315885162353515,1000.0,0.0,0.26666666666666666,-0.13333333333333333,4.0,-2.0,3.0,31
243.42300415039062,49.63996124267578,9.927992248535157,1000.0,0.0,0.26666666666666666,-0.06666666666666667,4.0,-1.0,3.0,31
253.89199829101562,48.99447250366211,9.798894500732422,1000.0,0.0,0.26666666666666666,0.0,4.0,0.0,3.0,31
247.63671875,52.67867660522461,10.535735321044921,1000.0,0.0,0.26666666666666666,0.06666666666666667,4.0,1.0,3.0,31
224.94393920898438,37.91363525390625,7.58272705078125,1000.0,0.0,0.26666666666666666,0.13333333333333333,4.0,2.0,3.0,31
206.7886962890625,35.13486862182617,7.026973724365234,1000.0,0.0,0.26666666666666666,0.2,4.0,3.0,3.0,31
242.0553741455078,50.84932327270508,10.169864654541016,1000.0,0.0,0.26666666666666666,0.26666666666666666,4.0,4.0,3.0,31
261.30078125,33.58560562133789,6.717121124267578,1000.0,0.0,0.26666666666666666,0.3333333333333333,4.0,5.0,3.0,31
328.3339538574219,60.76407241821289,12.152814483642578,1000.0,0.0,0.26666666666666666,0.4,4.0,6.0,3.0,31
385.0125732421875,48.130794525146484,9.626158905029296,1000.0,0.0,0.26666666666666666,0.4666666666666667,4.0,7.0,3.0,31
381.6526184082031,49.81977462768555,9.96395492553711,1000.0,0.0,0.26666666666666666,0.5333333333333333,4.0,8.0,3.0,31
385.1632385253906,53.41098403930664,10.682196807861327,1000.0,0.0,0.26666666666666666,0.6,4.0,9.0,3.0,31
368.35662841796875,52.17686462402344,10.435372924804687,1000.0,0.0,0.26666666666666666,0.6666666666666666,4.0,10.0,3.0,31
350.15472412109375,68.58245086669922,13.716490173339844,1000.0,0.0,0.26666666666666666,0.7333333333333333,4.0,11.0,3.0,31
319.14666748046875,75.12662506103516,15.02532501220703,1000.0,0.0,0.26666666666666666,0.8,4.0,12.0,3.0,31
312.5142517089844,75.72696685791016,15.145393371582031,1000.0,0.0,0.26666666666666666,0.8666666666666667,4.0,13.0,3.0,31
315.9783935546875,61.803951263427734,12.360790252685547,1000.0,0.0,0.26666666666666666,0.9333333333333333,4.0,14.0,3.0,31
312.68487548828125,71.34419250488281,14.268838500976562,1000.0,0.0,0.26666666666666666,1.0,4.0,15.0,3.0,31
193.9076690673828,25.59206771850586,5.1184135437011715,1000.0,0.0,0.3333333333333333,-1.0,5.0,-15.0,3.0,31
212.54129028320312,40.429161071777344,8.085832214355468,1000.0,0.0,0.3333333333333333,-0.9333333333333333,5.0,-14.0,3.0,31
229.21109008789062,62.019142150878906,12.403828430175782,1000.0,0.0,0.3333333333333333,-0.8666666666666667,5.0,-13.0,3.0,31
243.3350372314453,69.1388168334961,13.82776336669922,1000.0,0.0,0.3333333333333333,-0.8,5.0,-12.0,3.0,31
233.4053497314453,55.990421295166016,11.198084259033203,1000.0,0.0,0.3333333333333333,-0.7333333333333333,5.0,-11.0,3.0,31
229.10992431640625,38.81283187866211,7.762566375732422,1000.0,0.0,0.3333333333333333,-0.6666666666666666,5.0,-10.0,3.0,31
229.63523864746094,40.2825927734375,8.0565185546875,1000.0,0.0,0.3333333333333333,-0.6,5.0,-9.0,3.0,31
215.04100036621094,38.13091278076172,7.626182556152344,1000.0,0.0,0.3333333333333333,-0.5333333333333333,5.0,-8.0,3.0,31
206.19383239746094,29.413375854492188,5.8826751708984375,1000.0,0.0,0.3333333333333333,-0.4666666666666667,5.0,-7.0,3.0,31
219.00462341308594,38.33443069458008,7.6668861389160154,1000.0,0.0,0.3333333333333333,-0.4,5.0,-6.0,3.0,31
239.92054748535156,58.337188720703125,11.667437744140624,1000.0,0.0,0.3333333333333333,-0.3333333333333333,5.0,-5.0,3.0,31
203.3107452392578,37.850162506103516,7.5700325012207035,1000.0,0.0,0.3333333333333333,-0.26666666666666666,5.0,-4.0,3.0,31
212.45501708984375,23.14131736755371,4.628263473510742,1000.0,0.0,0.3333333333333333,-0.2,5.0,-3.0,3.0,31
228.04177856445312,43.0150260925293,8.60300521850586,1000.0,0.0,0.3333333333333333,-0.13333333333333333,5.0,-2.0,3.0,31
204.98110961914062,28.97739601135254,5.795479202270508,1000.0,0.0,0.3333333333333333,-0.06666666666666667,5.0,-1.0,3.0,31
226.66348266601562,47.42448425292969,9.484896850585937,1000.0,0.0,0.3333333333333333,0.0,5.0,0.0,3.0,31
211.88377380371094,34.92295455932617,6.984590911865235,1000.0,0.0,0.3333333333333333,0.06666666666666667,5.0,1.0,3.0,31
188.3690643310547,18.29874610900879,3.659749221801758,1000.0,0.0,0.3333333333333333,0.13333333333333333,5.0,2.0,3.0,31
245.47572326660156,52.76398468017578,10.552796936035156,1000.0,0.0,0.3333333333333333,0.2,5.0,3.0,3.0,31
240.3503875732422,52.987308502197266,10.597461700439453,1000.0,0.0,0.3333333333333333,0.26666666666666666,5.0,4.0,3.0,31
254.47543334960938,58.0775146484375,11.6155029296875,1000.0,0.0,0.3333333333333333,0.3333333333333333,5.0,5.0,3.0,31
307.4501647949219,63.913909912109375,12.782781982421875,1000.0,0.0,0.3333333333333333,0.4,5.0,6.0,3.0,31
376.887451171875,63.8433837890625,12.7686767578125,1000.0,0.0,0.3333333333333333,0.4666666666666667,5.0,7.0,3.0,31
401.3927307128906,47.51719284057617,9.503438568115234,1000.0,0.0,0.3333333333333333,0.5333333333333333,5.0,8.0,3.0,31
390.046875,41.492591857910156,8.29851837158203,1000.0,0.0,0.3333333333333333,0.6,5.0,9.0,3.0,31
393.1290283203125,37.735626220703125,7.547125244140625,1000.0,0.0,0.3333333333333333,0.6666666666666666,5.0,10.0,3.0,31
388.8923034667969,38.20542907714844,7.641085815429688,1000.0,0.0,0.3333333333333333,0.7333333333333333,5.0,11.0,3.0,31
357.2803039550781,49.02488708496094,9.804977416992188,1000.0,0.0,0.3333333333333333,0.8,5.0,12.0,3.0,31
343.2143249511719,59.40809631347656,11.881619262695313,1000.0,0.0,0.3333333333333333,0.8666666666666667,5.0,13.0,3.0,31
321.3647155761719,61.208984375,12.241796875,1000.0,0.0,0.3333333333333333,0.9333333333333333,5.0,14.0,3.0,31
331.0747985839844,58.642765045166016,11.728553009033202,1000.0,0.0,0.3333333333333333,1.0,5.0,15.0,3.0,31
202.98403930664062,37.847774505615234,7.5695549011230465,1000.0,0.0,0.4,-1.0,6.0,-15.0,3.0,31
206.1972198486328,39.443641662597656,7.888728332519531,1000.0,0.0,0.4,-0.9333333333333333,6.0,-14.0,3.0,31
222.54359436035156,57.80519485473633,11.561038970947266,1000.0,0.0,0.4,-0.8666666666666667,6.0,-13.0,3.0,31
260.1123046875,57.78408432006836,11.556816864013673,1000.0,0.0,0.4,-0.8,6.0,-12.0,3.0,31
245.53785705566406,38.77229690551758,7.754459381103516,1000.0,0.0,0.4,-0.7333333333333333,6.0,-11.0,3.0,31
228.654296875,38.064552307128906,7.612910461425781,1000.0,0.0,0.4,-0.6666666666666666,6.0,-10.0,3.0,31
241.26048278808594,35.48579406738281,7.097158813476563,1000.0,0.0,0.4,-0.6,6.0,-9.0,3.0,31
216.63095092773438,40.7403450012207,8.14806900024414,1000.0,0.0,0.4,-0.5333333333333333,6.0,-8.0,3.0,31
229.7865753173828,53.11213684082031,10.622427368164063,1000.0,0.0,0.4,-0.4666666666666667,6.0,-7.0,3.0,31
248.02301025390625,53.3841552734375,10.6768310546875,1000.0,0.0,0.4,-0.4,6.0,-6.0,3.0,31
243.263671875,54.650245666503906,10.93004913330078,1000.0,0.0,0.4,-0.3333333333333333,6.0,-5.0,3.0,31
222.23257446289062,50.20756912231445,10.041513824462891,1000.0,0.0,0.4,-0.26666666666666666,6.0,-4.0,3.0,31
225.80917358398438,46.14741897583008,9.229483795166015,1000.0,0.0,0.4,-0.2,6.0,-3.0,3.0,31
283.7605895996094,49.11582946777344,9.823165893554688,1000.0,0.0,0.4,-0.13333333333333333,6.0,-2.0,3.0,31
261.0713806152344,54.79777145385742,10.959554290771484,1000.0,0.0,0.4,-0.06666666666666667,6.0,-1.0,3.0,31
216.80490112304688,39.997901916503906,7.999580383300781,1000.0,0.0,0.4,0.0,6.0,0.0,3.0,31
186.1669158935547,15.867280960083008,3.1734561920166016,1000.0,0.0,0.4,0.06666666666666667,6.0,1.0,3.0,31
192.44656372070312,27.25428581237793,5.450857162475586,1000.0,0.0,0.4,0.13333333333333333,6.0,2.0,3.0,31
222.69337463378906,39.37820053100586,7.875640106201172,1000.0,0.0,0.4,0.2,6.0,3.0,3.0,31
226.50732421875,42.54399871826172,8.508799743652343,1000.0,0.0,0.4,0.26666666666666666,6.0,4.0,3.0,31
233.14678955078125,47.98324966430664,9.596649932861329,1000.0,0.0,0.4,0.3333333333333333,6.0,5.0,3.0,31
287.63568115234375,54.038028717041016,10.807605743408203,1000.0,0.0,0.4,0.4,6.0,6.0,3.0,31
341.2805480957031,82.15108489990234,16.430216979980468,1000.0,0.0,0.4,0.4666666666666667,6.0,7.0,3.0,31
402.00848388671875,69.37997436523438,13.875994873046874,1000.0,0.0,0.4,0.5333333333333333,6.0,8.0,3.0,31
405.4818420410156,39.12599563598633,7.825199127197266,1000.0,0.0,0.4,0.6,6.0,9.0,3.0,31
395.01495361328125,39.843833923339844,7.968766784667968,1000.0,0.0,0.4,0.6666666666666666,6.0,10.0,3.0,31
388.02984619140625,57.39493179321289,11.478986358642578,1000.0,0.0,0.4,0.7333333333333333,6.0,11.0,3.0,31
382.55706787109375,43.14419174194336,8.628838348388673,1000.0,0.0,0.4,0.8,6.0,12.0,3.0,31
357.1260986328125,35.36159896850586,7.072319793701172,1000.0,0.0,0.4,0.8666666666666667,6.0,13.0,3.0,31
360.365478515625,45.169612884521484,9.033922576904297,1000.0,0.0,0.4,0.9333333333333333,6.0,14.0,3.0,31
343.8092041015625,62.159629821777344,12.431925964355468,1000.0,0.0,0.4,1.0,6.0,15.0,3.0,31
225.64772033691406,49.59521484375,9.91904296875,1000.0,0.0,0.4666666666666667,-1.0,7.0,-15.0,3.0,31
224.18109130859375,51.18590545654297,10.237181091308594,1000.0,0.0,0.4666666666666667,-0.9333333333333333,7.0,-14.0,3.0,31
249.35653686523438,59.958839416503906,11.991767883300781,1000.0,0.0,0.4666666666666667,-0.8666666666666667,7.0,-13.0,3.0,31
259.0157165527344,43.578765869140625,8.715753173828125,1000.0,0.0,0.4666666666666667,-0.8,7.0,-12.0,3.0,31
246.6306610107422,36.08572769165039,7.217145538330078,1000.0,0.0,0.4666666666666667,-0.7333333333333333,7.0,-11.0,3.0,31
233.22866821289062,47.256927490234375,9.451385498046875,1000.0,0.0,0.4666666666666667,-0.6666666666666666,7.0,-10.0,3.0,31
240.31129455566406,39.173274993896484,7.834654998779297,1000.0,0.0,0.4666666666666667,-0.6,7.0,-9.0,3.0,31
232.5424041748047,39.51013946533203,7.902027893066406,1000.0,0.0,0.4666666666666667,-0.5333333333333333,7.0,-8.0,3.0,31
222.55641174316406,42.01754379272461,8.403508758544922,1000.0,0.0,0.4666666666666667,-0.4666666666666667,7.0,-7.0,3.0,31
217.1418914794922,37.28635787963867,7.457271575927734,1000.0,0.0,0.4666666666666667,-0.4,7.0,-6.0,3.0,31
216.9816436767578,46.66138458251953,9.332276916503906,1000.0,0.0,0.4666666666666667,-0.3333333333333333,7.0,-5.0,3.0,31
227.77041625976562,45.50982666015625,9.10196533203125,1000.0,0.0,0.4666666666666667,-0.26666666666666666,7.0,-4.0,3.0,31
213.16864013671875,40.797481536865234,8.159496307373047,1000.0,0.0,0.4666666666666667,-0.2,7.0,-3.0,3.0,31
238.4517059326172,61.628379821777344,12.325675964355469,1000.0,0.0,0.4666666666666667,-0.13333333333333333,7.0,-2.0,3.0,31
209.8156280517578,51.467411041259766,10.293482208251953,1000.0,0.0,0.4666666666666667,-0.06666666666666667,7.0,-1.0,3.0,31
194.49951171875,31.54718017578125,6.30943603515625,1000.0,0.0,0.4666666666666667,0.0,7.0,0.0,3.0,31
184.36085510253906,15.451044082641602,3.09020881652832,1000.0,0.0,0.4666666666666667,0.06666666666666667,7.0,1.0,3.0,31
194.54701232910156,24.499208450317383,4.899841690063477,1000.0,0.0,0.4666666666666667,0.13333333333333333,7.0,2.0,3.0,31
234.47898864746094,43.82474899291992,8.764949798583984,1000.0,0.0,0.4666666666666667,0.2,7.0,3.0,3.0,31
198.8394317626953,33.749114990234375,6.749822998046875,1000.0,0.0,0.4666666666666667,0.26666666666666666,7.0,4.0,3.0,31
221.86402893066406,57.847373962402344,11.569474792480468,1000.0,0.0,0.4666666666666667,0.3333333333333333,7.0,5.0,3.0,31
232.21932983398438,46.75708770751953,9.351417541503906,1000.0,0.0,0.4666666666666667,0.4,7.0,6.0,3.0,31
260.7300720214844,61.73908615112305,12.34781723022461,1000.0,0.0,0.4666666666666667,0.4666666666666667,7.0,7.0,3.0,31
374.0268859863281,54.07062911987305,10.81412582397461,1000.0,0.0,0.4666666666666667,0.5333333333333333,7.0,8.0,3.0,31
391.41290283203125,52.90779495239258,10.581558990478516,1000.0,0.0,0.4666666666666667,0.6,7.0,9.0,3.0,31
402.68121337890625,61.86073684692383,12.372147369384766,1000.0,0.0,0.4666666666666667,0.6666666666666666,7.0,10.0,3.0,31
412.31085205078125,55.342533111572266,11.068506622314453,1000.0,0.0,0.4666666666666667,0.7333333333333333,7.0,11.0,3.0,31
386.1041259765625,48.401668548583984,9.680333709716797,1000.0,0.0,0.4666666666666667,0.8,7.0,12.0,3.0,31
395.27288818359375,34.1499137878418,6.829982757568359,1000.0,0.0,0.4666666666666667,0.8666666666666667,7.0,13.0,3.0,31
371.3995361328125,50.91927719116211,10.183855438232422,1000.0,0.0,0.4666666666666667,0.9333333333333333,7.0,14.0,3.0,31
336.6696472167969,57.30552673339844,11.461105346679688,1000.0,0.0,0.4666666666666667,1.0,7.0,15.0,3.0,31
225.70556640625,49.243553161621094,9.848710632324218,1000.0,0.0,0.5333333333333333,-1.0,8.0,-15.0,3.0,31
252.53395080566406,50.095924377441406,10.019184875488282,1000.0,0.0,0.5333333333333333,-0.9333333333333333,8.0,-14.0,3.0,31
231.46653747558594,50.53415298461914,10.106830596923828,1000.0,0.0,0.5333333333333333,-0.8666666666666667,8.0,-13.0,3.0,31
239.29623413085938,56.91042709350586,11.382085418701172,1000.0,0.0,0.5333333333333333,-0.8,8.0,-12.0,3.0,31
224.56837463378906,39.413841247558594,7.882768249511718,1000.0,0.0,0.5333333333333333,-0.7333333333333333,8.0,-11.0,3.0,31
220.5706787109375,37.87213897705078,7.574427795410156,1000.0,0.0,0.5333333333333333,-0.6666666666666666,8.0,-10.0,3.0,31
259.34075927734375,36.22750473022461,7.245500946044922,1000.0,0.0,0.5333333333333333,-0.6,8.0,-9.0,3.0,31
227.6869659423828,33.65580749511719,6.731161499023438,1000.0,0.0,0.5333333333333333,-0.5333333333333333,8.0,-8.0,3.0,31
228.3957061767578,37.32706069946289,7.465412139892578,1000.0,0.0,0.5333333333333333,-0.4666666666666667,8.0,-7.0,3.0,31
233.36000061035156,31.129676818847656,6.225935363769532,1000.0,0.0,0.5333333333333333,-0.4,8.0,-6.0,3.0,31
227.6577911376953,37.40335464477539,7.480670928955078,1000.0,0.0,0.5333333333333333,-0.3333333333333333,8.0,-5.0,3.0,31
229.53431701660156,44.60073471069336,8.920146942138672,1000.0,0.0,0.5333333333333333,-0.26666666666666666,8.0,-4.0,3.0,31
218.77218627929688,46.00572204589844,9.201144409179687,1000.0,0.0,0.5333333333333333,-0.2,8.0,-3.0,3.0,31
224.84165954589844,44.79741287231445,8.959482574462891,1000.0,0.0,0.5333333333333333,-0.13333333333333333,8.0,-2.0,3.0,31
224.09600830078125,51.65506362915039,10.331012725830078,1000.0,0.0,0.5333333333333333,-0.06666666666666667,8.0,-1.0,3.0,31
206.98414611816406,48.778629302978516,9.755725860595703,1000.0,0.0,0.5333333333333333,0.0,8.0,0.0,3.0,31
207.0843963623047,46.807926177978516,9.361585235595703,1000.0,0.0,0.5333333333333333,0.06666666666666667,8.0,1.0,3.0,31
213.20228576660156,40.65605545043945,8.131211090087891,1000.0,0.0,0.5333333333333333,0.13333333333333333,8.0,2.0,3.0,31
214.67530822753906,30.43848419189453,6.087696838378906,1000.0,0.0,0.5333333333333333,0.2,8.0,3.0,3.0,31
216.2831268310547,43.542842864990234,8.708568572998047,1000.0,0.0,0.5333333333333333,0.26666666666666666,8.0,4.0,3.0,31
211.9138641357422,49.27314376831055,9.854628753662109,1000.0,0.0,0.5333333333333333,0.3333333333333333,8.0,5.0,3.0,31
213.42852783203125,53.06983947753906,10.613967895507812,1000.0,0.0,0.5333333333333333,0.4,8.0,6.0,3.0,31
223.09942626953125,45.58049774169922,9.116099548339843,1000.0,0.0,0.5333333333333333,0.4666666666666667,8.0,7.0,3.0,31
284.1229248046875,70.78887939453125,14.15777587890625,1000.0,0.0,0.5333333333333333,0.5333333333333333,8.0,8.0,3.0,31
389.8951110839844,66.6351547241211,13.32703094482422,1000.0,0.0,0.5333333333333333,0.6,8.0,9.0,3.0,31
419.5252380371094,52.244606018066406,10.448921203613281,1000.0,0.0,0.5333333333333333,0.6666666666666666,8.0,10.0,3.0,31
399.1571044921875,47.9234733581543,9.58469467163086,1000.0,0.0,0.5333333333333333,0.7333333333333333,8.0,11.0,3.0,31
384.31317138671875,46.82325744628906,9.364651489257813,1000.0,0.0,0.5333333333333333,0.8,8.0,12.0,3.0,31
389.1290588378906,39.401798248291016,7.880359649658203,1000.0,0.0,0.5333333333333333,0.8666666666666667,8.0,13.0,3.0,31
389.9873046875,44.618141174316406,8.923628234863282,1000.0,0.0,0.5333333333333333,0.9333333333333333,8.0,14.0,3.0,31
345.1700744628906,47.49745178222656,9.499490356445312,1000.0,0.0,0.5333333333333333,1.0,8.0,15.0,3.0,31
263.9615173339844,49.56450653076172,9.912901306152344,1000.0,0.0,0.6,-1.0,9.0,-15.0,3.0,31
242.3751983642578,48.3599739074707,9.67199478149414,1000.0,0.0,0.6,-0.9333333333333333,9.0,-14.0,3.0,31
246.18226623535156,52.54853820800781,10.509707641601562,1000.0,0.0,0.6,-0.8666666666666667,9.0,-13.0,3.0,31
234.58404541015625,39.392486572265625,7.878497314453125,1000.0,0.0,0.6,-0.8,9.0,-12.0,3.0,31
232.52490234375,41.955265045166016,8.391053009033204,1000.0,0.0,0.6,-0.7333333333333333,9.0,-11.0,3.0,31
266.4880065917969,37.90743637084961,7.5814872741699215,1000.0,0.0,0.6,-0.6666666666666666,9.0,-10.0,3.0,31
257.8881530761719,34.235111236572266,6.847022247314453,1000.0,0.0,0.6,-0.6,9.0,-9.0,3.0,31
229.63050842285156,35.853633880615234,7.170726776123047,1000.0,0.0,0.6,-0.5333333333333333,9.0,-8.0,3.0,31
242.41064453125,32.228023529052734,6.445604705810547,1000.0,0.0,0.6,-0.4666666666666667,9.0,-7.0,3.0,31
236.43954467773438,23.06793212890625,4.61358642578125,1000.0,0.0,0.6,-0.4,9.0,-6.0,3.0,31
234.04591369628906,26.400848388671875,5.280169677734375,1000.0,0.0,0.6,-0.3333333333333333,9.0,-5.0,3.0,31
228.7452392578125,27.65056037902832,5.530112075805664,1000.0,0.0,0.6,-0.26666666666666666,9.0,-4.0,3.0,31
219.00164794921875,41.37028503417969,8.274057006835937,1000.0,0.0,0.6,-0.2,9.0,-3.0,3.0,31
224.76025390625,44.85396957397461,8.970793914794921,1000.0,0.0,0.6,-0.13333333333333333,9.0,-2.0,3.0,31
222.77996826171875,45.900291442871094,9.18005828857422,1000.0,0.0,0.6,-0.06666666666666667,9.0,-1.0,3.0,31
211.0409698486328,44.82442092895508,8.964884185791016,1000.0,0.0,0.6,0.0,9.0,0.0,3.0,31
207.9095916748047,49.39197540283203,9.878395080566406,1000.0,0.0,0.6,0.06666666666666667,9.0,1.0,3.0,31
199.50714111328125,35.7568473815918,7.15136947631836,1000.0,0.0,0.6,0.13333333333333333,9.0,2.0,3.0,31
207.87709045410156,40.732452392578125,8.146490478515625,1000.0,0.0,0.6,0.2,9.0,3.0,3.0,31
222.70249938964844,34.83126449584961,6.9662528991699215,1000.0,0.0,0.6,0.26666666666666666,9.0,4.0,3.0,31
202.01486206054688,37.23915481567383,7.4478309631347654,1000.0,0.0,0.6,0.3333333333333333,9.0,5.0,3.0,31
205.68658447265625,34.75040054321289,6.950080108642578,1000.0,0.0,0.6,0.4,9.0,6.0,3.0,31
210.25538635253906,42.06250762939453,8.412501525878906,1000.0,0.0,0.6,0.4666666666666667,9.0,7.0,3.0,31
277.5082702636719,64.00138854980469,12.800277709960938,1000.0,0.0,0.6,0.5333333333333333,9.0,8.0,3.0,31
370.7286376953125,76.6680679321289,15.33361358642578,1000.0,0.0,0.6,0.6,9.0,9.0,3.0,31
384.4739990234375,59.70547103881836,11.941094207763673,1000.0,0.0,0.6,0.6666666666666666,9.0,10.0,3.0,31
397.63616943359375,52.3216438293457,10.46432876586914,1000.0,0.0,0.6,0.7333333333333333,9.0,11.0,3.0,31
388.0344543457031,58.99489974975586,11.798979949951171,1000.0,0.0,0.6,0.8,9.0,12.0,3.0,31
386.5991516113281,58.47568130493164,11.695136260986327,1000.0,0.0,0.6,0.8666666666666667,9.0,13.0,3.0,31
368.1981201171875,44.30491256713867,8.860982513427734,1000.0,0.0,0.6,0.9333333333333333,9.0,14.0,3.0,31
372.56402587890625,62.315650939941406,12.46313018798828,1000.0,0.0,0.6,1.0,9.0,15.0,3.0,31
235.07803344726562,43.2728157043457,8.65456314086914,1000.0,0.0,0.6666666666666666,-1.0,10.0,-15.0,3.0,31
247.41734313964844,51.73470687866211,10.346941375732422,1000.0,0.0,0.6666666666666666,-0.9333333333333333,10.0,-14.0,3.0,31
249.4521026611328,61.74901580810547,12.349803161621093,1000.0,0.0,0.6666666666666666,-0.8666666666666667,10.0,-13.0,3.0,31
240.88241577148438,40.4803466796875,8.0960693359375,1000.0,0.0,0.6666666666666666,-0.8,10.0,-12.0,3.0,31
260.8930358886719,42.10926055908203,8.421852111816406,1000.0,0.0,0.6666666666666666,-0.7333333333333333,10.0,-11.0,3.0,31
260.2939758300781,35.81327819824219,7.162655639648437,1000.0,0.0,0.6666666666666666,-0.6666666666666666,10.0,-10.0,3.0,31
241.4643096923828,28.78891372680664,5.757782745361328,1000.0,0.0,0.6666666666666666,-0.6,10.0,-9.0,3.0,31
241.4482879638672,17.860637664794922,3.5721275329589846,1000.0,0.0,0.6666666666666666,-0.5333333333333333,10.0,-8.0,3.0,31
236.97589111328125,18.869945526123047,3.7739891052246093,1000.0,0.0,0.6666666666666666,-0.4666666666666667,10.0,-7.0,3.0,31
231.603515625,29.232402801513672,5.8464805603027346,1000.0,0.0,0.6666666666666666,-0.4,10.0,-6.0,3.0,31
226.95704650878906,35.2119026184082,7.042380523681641,1000.0,0.0,0.6666666666666666,-0.3333333333333333,10.0,-5.0,3.0,31
223.76930236816406,24.96453094482422,4.992906188964843,1000.0,0.0,0.6666666666666666,-0.26666666666666666,10.0,-4.0,3.0,31
216.9176025390625,29.274349212646484,5.854869842529297,1000.0,0.0,0.6666666666666666,-0.2,10.0,-3.0,3.0,31
228.36865234375,41.96017837524414,8.392035675048827,1000.0,0.0,0.6666666666666666,-0.13333333333333333,10.0,-2.0,3.0,31
220.73899841308594,43.51523208618164,8.703046417236328,1000.0,0.0,0.6666666666666666,-0.06666666666666667,10.0,-1.0,3.0,31
215.03118896484375,43.52384567260742,8.704769134521484,1000.0,0.0,0.6666666666666666,0.0,10.0,0.0,3.0,31
198.01527404785156,29.738666534423828,5.947733306884766,1000.0,0.0,0.6666666666666666,0.06666666666666667,10.0,1.0,3.0,31
197.16436767578125,40.779441833496094,8.15588836669922,1000.0,0.0,0.6666666666666666,0.13333333333333333,10.0,2.0,3.0,31
201.6412353515625,32.89122772216797,6.578245544433594,1000.0,0.0,0.6666666666666666,0.2,10.0,3.0,3.0,31
202.03802490234375,31.948932647705078,6.3897865295410154,1000.0,0.0,0.6666666666666666,0.26666666666666666,10.0,4.0,3.0,31
217.29493713378906,48.01307678222656,9.602615356445312,1000.0,0.0,0.6666666666666666,0.3333333333333333,10.0,5.0,3.0,31
224.76881408691406,55.867279052734375,11.173455810546875,1000.0,0.0,0.6666666666666666,0.4,10.0,6.0,3.0,31
226.1353759765625,57.73605728149414,11.547211456298829,1000.0,0.0,0.6666666666666666,0.4666666666666667,10.0,7.0,3.0,31
220.74302673339844,53.182708740234375,10.636541748046875,1000.0,0.0,0.6666666666666666,0.5333333333333333,10.0,8.0,3.0,31
310.9212951660156,60.61568832397461,12.123137664794921,1000.0,0.0,0.6666666666666666,0.6,10.0,9.0,3.0,31
357.34747314453125,63.490272521972656,12.69805450439453,1000.0,0.0,0.6666666666666666,0.6666666666666666,10.0,10.0,3.0,31
376.2504577636719,74.68055725097656,14.936111450195312,1000.0,0.0,0.6666666666666666,0.7333333333333333,10.0,11.0,3.0,31
368.3578186035156,70.99037170410156,14.198074340820312,1000.0,0.0,0.6666666666666666,0.8,10.0,12.0,3.0,31
367.04034423828125,72.00401306152344,14.400802612304688,1000.0,0.0,0.6666666666666666,0.8666666666666667,10.0,13.0,3.0,31
356.82781982421875,60.956504821777344,12.191300964355468,1000.0,0.0,0.6666666666666666,0.9333333333333333,10.0,14.0,3.0,31
381.3246154785156,69.1962890625,13.8392578125,1000.0,0.0,0.6666666666666666,1.0,10.0,15.0,3.0,31
253.47853088378906,49.981327056884766,9.996265411376953,1000.0,0.0,0.7333333333333333,-1.0,11.0,-15.0,3.0,31
245.83114624023438,50.426246643066406,10.085249328613282,1000.0,0.0,0.7333333333333333,-0.9333333333333333,11.0,-14.0,3.0,31
251.43336486816406,42.51567459106445,8.50313491821289,1000.0,0.0,0.7333333333333333,-0.8666666666666667,11.0,-13.0,3.0,31
257.0272216796875,41.91438293457031,8.382876586914062,1000.0,0.0,0.7333333333333333,-0.8,11.0,-12.0,3.0,31
255.74609375,39.126373291015625,7.825274658203125,1000.0,0.0,0.7333333333333333,-0.7333333333333333,11.0,-11.0,3.0,31
249.8599090576172,29.071130752563477,5.814226150512695,1000.0,0.0,0.7333333333333333,-0.6666666666666666,11.0,-10.0,3.0,31
245.29164123535156,23.651552200317383,4.730310440063477,1000.0,0.0,0.7333333333333333,-0.6,11.0,-9.0,3.0,31
240.11798095703125,29.149385452270508,5.829877090454102,1000.0,0.0,0.7333333333333333,-0.5333333333333333,11.0,-8.0,3.0,31
235.44320678710938,19.500226974487305,3.900045394897461,1000.0,0.0,0.7333333333333333,-0.4666666666666667,11.0,-7.0,3.0,31
238.51271057128906,24.562681198120117,4.912536239624023,1000.0,0.0,0.7333333333333333,-0.4,11.0,-6.0,3.0,31
226.3768310546875,28.72941017150879,5.745882034301758,1000.0,0.0,0.7333333333333333,-0.3333333333333333,11.0,-5.0,3.0,31
217.21388244628906,25.884288787841797,5.176857757568359,1000.0,0.0,0.7333333333333333,-0.26666666666666666,11.0,-4.0,3.0,31
219.3368377685547,28.033702850341797,5.606740570068359,1000.0,0.0,0.7333333333333333,-0.2,11.0,-3.0,3.0,31
214.12908935546875,26.417512893676758,5.283502578735352,1000.0,0.0,0.7333333333333333,-0.13333333333333333,11.0,-2.0,3.0,31
216.18673706054688,37.08367156982422,7.416734313964843,1000.0,0.0,0.7333333333333333,-0.06666666666666667,11.0,-1.0,3.0,31
197.43621826171875,25.898815155029297,5.1797630310058596,1000.0,0.0,0.7333333333333333,0.0,11.0,0.0,3.0,31
197.87753295898438,27.352556228637695,5.470511245727539,1000.0,0.0,0.7333333333333333,0.06666666666666667,11.0,1.0,3.0,31
197.80650329589844,36.4559440612793,7.291188812255859,1000.0,0.0,0.7333333333333333,0.13333333333333333,11.0,2.0,3.0,31
195.03257751464844,29.011886596679688,5.802377319335937,1000.0,0.0,0.7333333333333333,0.2,11.0,3.0,3.0,31
200.1828155517578,32.45805740356445,6.491611480712891,1000.0,0.0,0.7333333333333333,0.26666666666666666,11.0,4.0,3.0,31
216.78192138671875,34.75265884399414,6.950531768798828,1000.0,0.0,0.7333333333333333,0.3333333333333333,11.0,5.0,3.0,31
210.1885223388672,37.88959884643555,7.577919769287109,1000.0,0.0,0.7333333333333333,0.4,11.0,6.0,3.0,31
201.63601684570312,39.33057403564453,7.866114807128906,1000.0,0.0,0.7333333333333333,0.4666666666666667,11.0,7.0,3.0,31
223.11386108398438,56.3468017578125,11.2693603515625,1000.0,0.0,0.7333333333333333,0.5333333333333333,11.0,8.0,3.0,31
221.15135192871094,56.37770462036133,11.275540924072265,1000.0,0.0,0.7333333333333333,0.6,11.0,9.0,3.0,31
323.1463623046875,72.48331451416016,14.496662902832032,1000.0,0.0,0.7333333333333333,0.6666666666666666,11.0,10.0,3.0,31
359.6475524902344,81.57179260253906,16.314358520507813,1000.0,0.0,0.7333333333333333,0.7333333333333333,11.0,11.0,3.0,31
391.8380432128906,56.02676773071289,11.205353546142579,1000.0,0.0,0.7333333333333333,0.8,11.0,12.0,3.0,31
397.9350280761719,54.70663833618164,10.941327667236328,1000.0,0.0,0.7333333333333333,0.8666666666666667,11.0,13.0,3.0,31
361.8758239746094,89.40585327148438,17.881170654296874,1000.0,0.0,0.7333333333333333,0.9333333333333333,11.0,14.0,3.0,31
378.42987060546875,75.50345611572266,15.100691223144532,1000.0,0.0,0.7333333333333333,1.0,11.0,15.0,3.0,31
253.16268920898438,46.820716857910156,9.364143371582031,1000.0,0.0,0.8,-1.0,12.0,-15.0,3.0,31
256.8326416015625,49.6378173828125,9.9275634765625,1000.0,0.0,0.8,-0.9333333333333333,12.0,-14.0,3.0,31
263.44915771484375,46.70676803588867,9.341353607177734,1000.0,0.0,0.8,-0.8666666666666667,12.0,-13.0,3.0,31
260.4226989746094,48.48746109008789,9.697492218017578,1000.0,0.0,0.8,-0.8,12.0,-12.0,3.0,31
241.9315948486328,30.552017211914062,6.110403442382813,1000.0,0.0,0.8,-0.7333333333333333,12.0,-11.0,3.0,31
238.783203125,25.545352935791016,5.109070587158203,1000.0,0.0,0.8,-0.6666666666666666,12.0,-10.0,3.0,31
245.5245361328125,19.481706619262695,3.896341323852539,1000.0,0.0,0.8,-0.6,12.0,-9.0,3.0,31
235.1304473876953,24.90340232849121,4.980680465698242,1000.0,0.0,0.8,-0.5333333333333333,12.0,-8.0,3.0,31
235.1200714111328,17.479995727539062,3.4959991455078123,1000.0,0.0,0.8,-0.4666666666666667,12.0,-7.0,3.0,31
235.14019775390625,23.71697235107422,4.743394470214843,1000.0,0.0,0.8,-0.4,12.0,-6.0,3.0,31
217.95086669921875,37.084991455078125,7.416998291015625,1000.0,0.0,0.8,-0.3333333333333333,12.0,-5.0,3.0,31
213.39341735839844,32.32275390625,6.46455078125,1000.0,0.0,0.8,-0.26666666666666666,12.0,-4.0,3.0,31
219.7530517578125,33.97526931762695,6.795053863525391,1000.0,0.0,0.8,-0.2,12.0,-3.0,3.0,31
215.7260284423828,38.29383087158203,7.658766174316407,1000.0,0.0,0.8,-0.13333333333333333,12.0,-2.0,3.0,31
215.75445556640625,35.97686004638672,7.195372009277344,1000.0,0.0,0.8,-0.06666666666666667,12.0,-1.0,3.0,31
202.95494079589844,27.993375778198242,5.598675155639649,1000.0,0.0,0.8,0.0,12.0,0.0,3.0,31
204.8194580078125,43.42195129394531,8.684390258789062,1000.0,0.0,0.8,0.06666666666666667,12.0,1.0,3.0,31
203.01931762695312,42.45406723022461,8.490813446044921,1000.0,0.0,0.8,0.13333333333333333,12.0,2.0,3.0,31
192.84307861328125,35.759521484375,7.151904296875,1000.0,0.0,0.8,0.2,12.0,3.0,3.0,31
200.8144073486328,38.78911590576172,7.757823181152344,1000.0,0.0,0.8,0.26666666666666666,12.0,4.0,3.0,31
221.7781982421875,46.12752151489258,9.225504302978516,1000.0,0.0,0.8,0.3333333333333333,12.0,5.0,3.0,31
211.33970642089844,34.76625442504883,6.953250885009766,1000.0,0.0,0.8,0.4,12.0,6.0,3.0,31
216.05421447753906,46.243896484375,9.248779296875,1000.0,0.0,0.8,0.4666666666666667,12.0,7.0,3.0,31
221.52638244628906,60.944549560546875,12.188909912109375,1000.0,0.0,0.8,0.5333333333333333,12.0,8.0,3.0,31
258.2471618652344,69.73497772216797,13.946995544433594,1000.0,0.0,0.8,0.6,12.0,9.0,3.0,31
265.3672790527344,70.16195678710938,14.032391357421876,1000.0,0.0,0.8,0.6666666666666666,12.0,10.0,3.0,31
328.7812194824219,89.3918685913086,17.87837371826172,1000.0,0.0,0.8,0.7333333333333333,12.0,11.0,3.0,31
347.9682922363281,71.17601013183594,14.235202026367187,1000.0,0.0,0.8,0.8,12.0,12.0,3.0,31
364.9046936035156,66.6163558959961,13.323271179199219,1000.0,0.0,0.8,0.8666666666666667,12.0,13.0,3.0,31
333.9518737792969,83.73881530761719,16.747763061523436,1000.0,0.0,0.8,0.9333333333333333,12.0,14.0,3.0,31
382.9305114746094,67.63428497314453,13.526856994628906,1000.0,0.0,0.8,1.0,12.0,15.0,3.0,31
248.2941436767578,51.97892761230469,10.395785522460937,1000.0,0.0,0.8666666666666667,-1.0,13.0,-15.0,3.0,31
280.1120300292969,56.54560089111328,11.309120178222656,1000.0,0.0,0.8666666666666667,-0.9333333333333333,13.0,-14.0,3.0,31
265.00970458984375,48.60417556762695,9.720835113525391,1000.0,0.0,0.8666666666666667,-0.8666666666666667,13.0,-13.0,3.0,31
251.71524047851562,34.27912139892578,6.855824279785156,1000.0,0.0,0.8666666666666667,-0.8,13.0,-12.0,3.0,31
234.29705810546875,28.23976707458496,5.6479534149169925,1000.0,0.0,0.8666666666666667,-0.7333333333333333,13.0,-11.0,3.0,31
241.06251525878906,26.081663131713867,5.216332626342774,1000.0,0.0,0.8666666666666667,-0.6666666666666666,13.0,-10.0,3.0,31
237.37355041503906,25.042036056518555,5.008407211303711,1000.0,0.0,0.8666666666666667,-0.6,13.0,-9.0,3.0,31
239.22222900390625,21.934316635131836,4.386863327026367,1000.0,0.0,0.8666666666666667,-0.5333333333333333,13.0,-8.0,3.0,31
244.68081665039062,30.282169342041016,6.056433868408203,1000.0,0.0,0.8666666666666667,-0.4666666666666667,13.0,-7.0,3.0,31
246.8330841064453,22.34316635131836,4.4686332702636715,1000.0,0.0,0.8666666666666667,-0.4,13.0,-6.0,3.0,31
220.63922119140625,34.15686798095703,6.831373596191407,1000.0,0.0,0.8666666666666667,-0.3333333333333333,13.0,-5.0,3.0,31
217.35804748535156,33.25351333618164,6.650702667236328,1000.0,0.0,0.8666666666666667,-0.26666666666666666,13.0,-4.0,3.0,31
220.46360778808594,27.09307098388672,5.418614196777344,1000.0,0.0,0.8666666666666667,-0.2,13.0,-3.0,3.0,31
217.3304901123047,36.808624267578125,7.361724853515625,1000.0,0.0,0.8666666666666667,-0.13333333333333333,13.0,-2.0,3.0,31
204.71847534179688,35.324745178222656,7.064949035644531,1000.0,0.0,0.8666666666666667,-0.06666666666666667,13.0,-1.0,3.0,31
207.06829833984375,36.472206115722656,7.294441223144531,1000.0,0.0,0.8666666666666667,0.0,13.0,0.0,3.0,31
197.16798400878906,26.313894271850586,5.262778854370117,1000.0,0.0,0.8666666666666667,0.06666666666666667,13.0,1.0,3.0,31
202.17608642578125,33.64458465576172,6.728916931152344,1000.0,0.0,0.8666666666666667,0.13333333333333333,13.0,2.0,3.0,31
215.3046417236328,43.01895523071289,8.603791046142579,1000.0,0.0,0.8666666666666667,0.2,13.0,3.0,3.0,31
192.9591064453125,26.30310821533203,5.260621643066406,1000.0,0.0,0.8666666666666667,0.26666666666666666,13.0,4.0,3.0,31
220.05357360839844,41.29726791381836,8.259453582763673,1000.0,0.0,0.8666666666666667,0.3333333333333333,13.0,5.0,3.0,31
224.6854705810547,36.17543411254883,7.235086822509766,1000.0,0.0,0.8666666666666667,0.4,13.0,6.0,3.0,31
209.7959747314453,34.910274505615234,6.982054901123047,1000.0,0.0,0.8666666666666667,0.4666666666666667,13.0,7.0,3.0,31
214.0249786376953,47.3355827331543,9.467116546630859,1000.0,0.0,0.8666666666666667,0.5333333333333333,13.0,8.0,3.0,31
240.66415405273438,49.98849105834961,9.997698211669922,1000.0,0.0,0.8666666666666667,0.6,13.0,9.0,3.0,31
256.1226501464844,71.96397399902344,14.392794799804687,1000.0,0.0,0.8666666666666667,0.6666666666666666,13.0,10.0,3.0,31
283.93328857421875,86.19364166259766,17.238728332519532,1000.0,0.0,0.8666666666666667,0.7333333333333333,13.0,11.0,3.0,31
354.0887756347656,90.36284637451172,18.072569274902342,1000.0,0.0,0.8666666666666667,0.8,13.0,12.0,3.0,31
314.5679016113281,88.95450592041016,17.79090118408203,1000.0,0.0,0.8666666666666667,0.8666666666666667,13.0,13.0,3.0,31
328.9108581542969,91.69001770019531,18.33800354003906,1000.0,0.0,0.8666666666666667,0.9333333333333333,13.0,14.0,3.0,31
358.1156921386719,62.1334342956543,12.426686859130859,1000.0,0.0,0.8666666666666667,1.0,13.0,15.0,3.0,31
272.4051818847656,55.02578353881836,11.005156707763671,1000.0,0.0,0.9333333333333333,-1.0,14.0,-15.0,3.0,31
275.0331115722656,46.198020935058594,9.239604187011718,1000.0,0.0,0.9333333333333333,-0.9333333333333333,14.0,-14.0,3.0,31
242.7327880859375,38.58839797973633,7.717679595947265,1000.0,0.0,0.9333333333333333,-0.8666666666666667,14.0,-13.0,3.0,31
237.5044708251953,37.08280944824219,7.416561889648437,1000.0,0.0,0.9333333333333333,-0.8,14.0,-12.0,3.0,31
241.28717041015625,32.22526931762695,6.4450538635253904,1000.0,0.0,0.9333333333333333,-0.7333333333333333,14.0,-11.0,3.0,31
237.33970642089844,23.932634353637695,4.786526870727539,1000.0,0.0,0.9333333333333333,-0.6666666666666666,14.0,-10.0,3.0,31
242.36607360839844,25.706348419189453,5.141269683837891,1000.0,0.0,0.9333333333333333,-0.6,14.0,-9.0,3.0,31
240.89718627929688,25.122098922729492,5.024419784545898,1000.0,0.0,0.9333333333333333,-0.5333333333333333,14.0,-8.0,3.0,31
244.60252380371094,30.345617294311523,6.069123458862305,1000.0,0.0,0.9333333333333333,-0.4666666666666667,14.0,-7.0,3.0,31
241.3094482421875,34.41231155395508,6.8824623107910154,1000.0,0.0,0.9333333333333333,-0.4,14.0,-6.0,3.0,31
226.9206085205078,35.42255783081055,7.084511566162109,1000.0,0.0,0.9333333333333333,-0.3333333333333333,14.0,-5.0,3.0,31
219.06431579589844,34.45400619506836,6.890801239013672,1000.0,0.0,0.9333333333333333,-0.26666666666666666,14.0,-4.0,3.0,31
204.61944580078125,22.895780563354492,4.579156112670899,1000.0,0.0,0.9333333333333333,-0.2,14.0,-3.0,3.0,31
202.02508544921875,28.0970458984375,5.6194091796875,1000.0,0.0,0.9333333333333333,-0.13333333333333333,14.0,-2.0,3.0,31
206.78799438476562,31.824785232543945,6.364957046508789,1000.0,0.0,0.9333333333333333,-0.06666666666666667,14.0,-1.0,3.0,31
195.0203094482422,34.14320755004883,6.828641510009765,1000.0,0.0,0.9333333333333333,0.0,14.0,0.0,3.0,31
205.04403686523438,36.10873031616211,7.2217460632324215,1000.0,0.0,0.9333333333333333,0.06666666666666667,14.0,1.0,3.0,31
199.97145080566406,31.13963508605957,6.227927017211914,1000.0,0.0,0.9333333333333333,0.13333333333333333,14.0,2.0,3.0,31
215.0734405517578,31.439693450927734,6.2879386901855465,1000.0,0.0,0.9333333333333333,0.2,14.0,3.0,3.0,31
216.8000030517578,35.19976806640625,7.03995361328125,1000.0,0.0,0.9333333333333333,0.26666666666666666,14.0,4.0,3.0,31
221.4238739013672,41.47861862182617,8.295723724365235,1000.0,0.0,0.9333333333333333,0.3333333333333333,14.0,5.0,3.0,31
221.96835327148438,45.008331298828125,9.001666259765624,1000.0,0.0,0.9333333333333333,0.4,14.0,6.0,3.0,31
210.36544799804688,31.540264129638672,6.308052825927734,1000.0,0.0,0.9333333333333333,0.4666666666666667,14.0,7.0,3.0,31
226.15318298339844,53.56163787841797,10.712327575683593,1000.0,0.0,0.9333333333333333,0.5333333333333333,14.0,8.0,3.0,31
238.5223846435547,44.980220794677734,8.996044158935547,1000.0,0.0,0.9333333333333333,0.6,14.0,9.0,3.0,31
243.07749938964844,52.43570327758789,10.487140655517578,1000.0,0.0,0.9333333333333333,0.6666666666666666,14.0,10.0,3.0,31
260.709716796875,76.60284423828125,15.32056884765625,1000.0,0.0,0.9333333333333333,0.7333333333333333,14.0,11.0,3.0,31
320.0452575683594,90.97838592529297,18.195677185058592,1000.0,0.0,0.9333333333333333,0.8,14.0,12.0,3.0,31
308.7760925292969,80.38755798339844,16.077511596679688,1000.0,0.0,0.9333333333333333,0.8666666666666667,14.0,13.0,3.0,31
300.8076477050781,93.22349548339844,18.644699096679688,1000.0,0.0,0.9333333333333333,0.9333333333333333,14.0,14.0,3.0,31
318.7691955566406,83.04176330566406,16.608352661132812,1000.0,0.0,0.9333333333333333,1.0,14.0,15.0,3.0,31
273.6295166015625,45.646209716796875,9.129241943359375,1000.0,0.0,1.0,-1.0,15.0,-15.0,3.0,31
260.855712890625,42.625389099121094,8.525077819824219,1000.0,0.0,1.0,-0.9333333333333333,15.0,-14.0,3.0,31
251.46527099609375,38.33784103393555,7.667568206787109,1000.0,0.0,1.0,-0.8666666666666667,15.0,-13.0,3.0,31
237.81863403320312,35.864227294921875,7.172845458984375,1000.0,0.0,1.0,-0.8,15.0,-12.0,3.0,31
248.58619689941406,41.12394332885742,8.224788665771484,1000.0,0.0,1.0,-0.7333333333333333,15.0,-11.0,3.0,31
241.23793029785156,25.945466995239258,5.189093399047851,1000.0,0.0,1.0,-0.6666666666666666,15.0,-10.0,3.0,31
238.8706817626953,20.363393783569336,4.072678756713867,1000.0,0.0,1.0,-0.6,15.0,-9.0,3.0,31
246.48095703125,26.64055824279785,5.32811164855957,1000.0,0.0,1.0,-0.5333333333333333,15.0,-8.0,3.0,31
256.3901062011719,27.239566802978516,5.447913360595703,1000.0,0.0,1.0,-0.4666666666666667,15.0,-7.0,3.0,31
251.3789520263672,36.05134201049805,7.21026840209961,1000.0,0.0,1.0,-0.4,15.0,-6.0,3.0,31
222.0231475830078,30.92542839050293,6.185085678100586,1000.0,0.0,1.0,-0.3333333333333333,15.0,-5.0,3.0,31
235.0493621826172,35.1121940612793,7.022438812255859,1000.0,0.0,1.0,-0.26666666666666666,15.0,-4.0,3.0,31
211.2699432373047,28.79749870300293,5.759499740600586,1000.0,0.0,1.0,-0.2,15.0,-3.0,3.0,31
209.41714477539062,30.882740020751953,6.176548004150391,1000.0,0.0,1.0,-0.13333333333333333,15.0,-2.0,3.0,31
198.1562957763672,35.32462692260742,7.0649253845214846,1000.0,0.0,1.0,-0.06666666666666667,15.0,-1.0,3.0,31
209.38778686523438,46.53129577636719,9.306259155273438,1000.0,0.0,1.0,0.0,15.0,0.0,3.0,31
197.61280822753906,29.879249572753906,5.975849914550781,1000.0,0.0,1.0,0.06666666666666667,15.0,1.0,3.0,31
193.40135192871094,31.52549934387207,6.305099868774414,1000.0,0.0,1.0,0.13333333333333333,15.0,2.0,3.0,31
214.56883239746094,38.131011962890625,7.626202392578125,1000.0,0.0,1.0,0.2,15.0,3.0,3.0,31
222.8845672607422,31.169477462768555,6.233895492553711,1000.0,0.0,1.0,0.26666666666666666,15.0,4.0,3.0,31
229.07839965820312,38.9838752746582,7.796775054931641,1000.0,0.0,1.0,0.3333333333333333,15.0,5.0,3.0,31
217.6893768310547,30.748435974121094,6.149687194824219,1000.0,0.0,1.0,0.4,15.0,6.0,3.0,31
221.49789428710938,39.45090866088867,7.8901817321777346,1000.0,0.0,1.0,0.4666666666666667,15.0,7.0,3.0,31
221.52490234375,50.05014419555664,10.010028839111328,1000.0,0.0,1.0,0.5333333333333333,15.0,8.0,3.0,31
234.98910522460938,37.96239471435547,7.592478942871094,1000.0,0.0,1.0,0.6,15.0,9.0,3.0,31
256.399658203125,71.6660385131836,14.333207702636718,1000.0,0.0,1.0,0.6666666666666666,15.0,10.0,3.0,31
255.3277587890625,68.86695098876953,13.773390197753907,1000.0,0.0,1.0,0.7333333333333333,15.0,11.0,3.0,31
292.0003662109375,94.75341033935547,18.950682067871092,1000.0,0.0,1.0,0.8,15.0,12.0,3.0,31
299.9604797363281,72.34866333007812,14.469732666015625,1000.0,0.0,1.0,0.8666666666666667,15.0,13.0,3.0,31
291.1543273925781,93.58006286621094,18.71601257324219,1000.0,0.0,1.0,0.9333333333333333,15.0,14.0,3.0,31
319.7952575683594,76.75514221191406,15.351028442382812,1000.0,0.0,1.0,1.0,15.0,15.0,3.0,31
