episode_rewards,episode_std_rewards,episode_stderr_rewards,episode_avg_len,episode_std_avg_len,dim0,dim1,offset1,offset2,magnitude,grid_size
191.30650329589844,30.69285011291504,6.138570022583008,1000.0,0.0,-1.0,-1.0,-15.0,-15.0,1.5,31
210.30990600585938,42.58053970336914,8.516107940673828,1000.0,0.0,-1.0,-0.9333333333333333,-15.0,-14.0,1.5,31
227.12994384765625,29.162622451782227,5.8325244903564455,1000.0,0.0,-1.0,-0.8666666666666667,-15.0,-13.0,1.5,31
261.7635803222656,34.875553131103516,6.975110626220703,1000.0,0.0,-1.0,-0.8,-15.0,-12.0,1.5,31
290.254638671875,26.029306411743164,5.205861282348633,1000.0,0.0,-1.0,-0.7333333333333333,-15.0,-11.0,1.5,31
259.2381896972656,40.108245849609375,8.021649169921876,1000.0,0.0,-1.0,-0.6666666666666666,-15.0,-10.0,1.5,31
239.96031188964844,56.8399543762207,11.367990875244141,1000.0,0.0,-1.0,-0.6,-15.0,-9.0,1.5,31
257.9134521484375,78.7831802368164,15.756636047363282,1000.0,0.0,-1.0,-0.5333333333333333,-15.0,-8.0,1.5,31
276.6923522949219,78.30116271972656,15.660232543945312,1000.0,0.0,-1.0,-0.4666666666666667,-15.0,-7.0,1.5,31
272.9534912109375,123.50189971923828,24.700379943847658,1000.0,0.0,-1.0,-0.4,-15.0,-6.0,1.5,31
298.0789489746094,124.76471710205078,24.952943420410158,1000.0,0.0,-1.0,-0.3333333333333333,-15.0,-5.0,1.5,31
342.5264587402344,192.30172729492188,38.46034545898438,1000.0,0.0,-1.0,-0.26666666666666666,-15.0,-4.0,1.5,31
376.5612487792969,181.5067901611328,36.30135803222656,1000.0,0.0,-1.0,-0.2,-15.0,-3.0,1.5,31
313.6859130859375,161.30361938476562,32.26072387695312,1000.0,0.0,-1.0,-0.13333333333333333,-15.0,-2.0,1.5,31
269.317626953125,113.23921966552734,22.64784393310547,1000.0,0.0,-1.0,-0.06666666666666667,-15.0,-1.0,1.5,31
227.06231689453125,80.37322998046875,16.07464599609375,1000.0,0.0,-1.0,0.0,-15.0,0.0,1.5,31
197.8487548828125,33.61146545410156,6.722293090820313,1000.0,0.0,-1.0,0.06666666666666667,-15.0,1.0,1.5,31
226.84243774414062,74.5804214477539,14.916084289550781,1000.0,0.0,-1.0,0.13333333333333333,-15.0,2.0,1.5,31
241.80393981933594,62.22195816040039,12.444391632080078,1000.0,0.0,-1.0,0.2,-15.0,3.0,1.5,31
219.9152374267578,39.64659881591797,7.929319763183594,1000.0,0.0,-1.0,0.26666666666666666,-15.0,4.0,1.5,31
203.85604858398438,30.597740173339844,6.119548034667969,1000.0,0.0,-1.0,0.3333333333333333,-15.0,5.0,1.5,31
205.61489868164062,37.350074768066406,7.470014953613282,1000.0,0.0,-1.0,0.4,-15.0,6.0,1.5,31
209.37753295898438,33.34465026855469,6.6689300537109375,1000.0,0.0,-1.0,0.4666666666666667,-15.0,7.0,1.5,31
203.78482055664062,36.99507522583008,7.399015045166015,1000.0,0.0,-1.0,0.5333333333333333,-15.0,8.0,1.5,31
227.3619384765625,49.285362243652344,9.857072448730468,1000.0,0.0,-1.0,0.6,-15.0,9.0,1.5,31
206.15269470214844,31.383892059326172,6.2767784118652346,1000.0,0.0,-1.0,0.6666666666666666,-15.0,10.0,1.5,31
216.34054565429688,34.04792022705078,6.809584045410157,1000.0,0.0,-1.0,0.7333333333333333,-15.0,11.0,1.5,31
192.1943817138672,24.524003982543945,4.904800796508789,1000.0,0.0,-1.0,0.8,-15.0,12.0,1.5,31
202.07769775390625,22.022836685180664,4.4045673370361325,1000.0,0.0,-1.0,0.8666666666666667,-15.0,13.0,1.5,31
198.5478057861328,23.022653579711914,4.604530715942383,1000.0,0.0,-1.0,0.9333333333333333,-15.0,14.0,1.5,31
193.3865203857422,23.000612258911133,4.600122451782227,1000.0,0.0,-1.0,1.0,-15.0,15.0,1.5,31
194.6730499267578,32.450740814208984,6.4901481628417965,1000.0,0.0,-0.9333333333333333,-1.0,-14.0,-15.0,1.5,31
205.3952178955078,41.476322174072266,8.295264434814452,1000.0,0.0,-0.9333333333333333,-0.9333333333333333,-14.0,-14.0,1.5,31
236.20675659179688,60.039146423339844,12.007829284667968,1000.0,0.0,-0.9333333333333333,-0.8666666666666667,-14.0,-13.0,1.5,31
260.842529296875,42.614200592041016,8.522840118408203,1000.0,0.0,-0.9333333333333333,-0.8,-14.0,-12.0,1.5,31
268.5306701660156,27.636085510253906,5.527217102050781,1000.0,0.0,-0.9333333333333333,-0.7333333333333333,-14.0,-11.0,1.5,31
284.4341125488281,24.481733322143555,4.896346664428711,1000.0,0.0,-0.9333333333333333,-0.6666666666666666,-14.0,-10.0,1.5,31
253.62669372558594,52.74284362792969,10.548568725585938,1000.0,0.0,-0.9333333333333333,-0.6,-14.0,-9.0,1.5,31
281.37335205078125,61.135894775390625,12.227178955078125,1000.0,0.0,-0.9333333333333333,-0.5333333333333333,-14.0,-8.0,1.5,31
264.1475830078125,68.34779357910156,13.669558715820312,1000.0,0.0,-0.9333333333333333,-0.4666666666666667,-14.0,-7.0,1.5,31
252.95474243164062,88.48089599609375,17.69617919921875,1000.0,0.0,-0.9333333333333333,-0.4,-14.0,-6.0,1.5,31
310.8703308105469,162.02532958984375,32.40506591796875,1000.0,0.0,-0.9333333333333333,-0.3333333333333333,-14.0,-5.0,1.5,31
352.031005859375,202.22677612304688,40.44535522460937,1000.0,0.0,-0.9333333333333333,-0.26666666666666666,-14.0,-4.0,1.5,31
299.02655029296875,154.03543090820312,30.807086181640624,1000.0,0.0,-0.9333333333333333,-0.2,-14.0,-3.0,1.5,31
354.9136657714844,171.25234985351562,34.25046997070312,1000.0,0.0,-0.9333333333333333,-0.13333333333333333,-14.0,-2.0,1.5,31
300.2550048828125,141.03500366210938,28.207000732421875,1000.0,0.0,-0.9333333333333333,-0.06666666666666667,-14.0,-1.0,1.5,31
204.72560119628906,33.194217681884766,6.638843536376953,1000.0,0.0,-0.9333333333333333,0.0,-14.0,0.0,1.5,31
233.99977111816406,82.08145141601562,16.416290283203125,1000.0,0.0,-0.9333333333333333,0.06666666666666667,-14.0,1.0,1.5,31
276.5758056640625,111.48014831542969,22.29602966308594,1000.0,0.0,-0.9333333333333333,0.13333333333333333,-14.0,2.0,1.5,31
242.4468536376953,69.42955017089844,13.885910034179688,1000.0,0.0,-0.9333333333333333,0.2,-14.0,3.0,1.5,31
234.96444702148438,64.60279083251953,12.920558166503906,1000.0,0.0,-0.9333333333333333,0.26666666666666666,-14.0,4.0,1.5,31
214.8127899169922,55.00316619873047,11.000633239746094,1000.0,0.0,-0.9333333333333333,0.3333333333333333,-14.0,5.0,1.5,31
207.00228881835938,40.281673431396484,8.056334686279296,1000.0,0.0,-0.9333333333333333,0.4,-14.0,6.0,1.5,31
236.5624237060547,63.49596405029297,12.699192810058594,1000.0,0.0,-0.9333333333333333,0.4666666666666667,-14.0,7.0,1.5,31
246.89389038085938,63.15396499633789,12.630792999267578,1000.0,0.0,-0.9333333333333333,0.5333333333333333,-14.0,8.0,1.5,31
244.23843383789062,55.376976013183594,11.075395202636718,1000.0,0.0,-0.9333333333333333,0.6,-14.0,9.0,1.5,31
224.6060333251953,48.839046478271484,9.767809295654297,1000.0,0.0,-0.9333333333333333,0.6666666666666666,-14.0,10.0,1.5,31
193.2638702392578,21.625301361083984,4.325060272216797,1000.0,0.0,-0.9333333333333333,0.7333333333333333,-14.0,11.0,1.5,31
194.8038330078125,31.552465438842773,6.310493087768554,1000.0,0.0,-0.9333333333333333,0.8,-14.0,12.0,1.5,31
188.06820678710938,14.059454917907715,2.811890983581543,1000.0,0.0,-0.9333333333333333,0.8666666666666667,-14.0,13.0,1.5,31
192.85507202148438,20.03597640991211,4.007195281982422,1000.0,0.0,-0.9333333333333333,0.9333333333333333,-14.0,14.0,1.5,31
204.88023376464844,25.473752975463867,5.094750595092774,1000.0,0.0,-0.9333333333333333,1.0,-14.0,15.0,1.5,31
254.84349060058594,58.594078063964844,11.71881561279297,1000.0,0.0,-0.8666666666666667,-1.0,-13.0,-15.0,1.5,31
239.72006225585938,54.36113357543945,10.87222671508789,1000.0,0.0,-0.8666666666666667,-0.9333333333333333,-13.0,-14.0,1.5,31
211.32960510253906,45.46934509277344,9.093869018554688,1000.0,0.0,-0.8666666666666667,-0.8666666666666667,-13.0,-13.0,1.5,31
230.7046356201172,65.36341857910156,13.072683715820313,1000.0,0.0,-0.8666666666666667,-0.8,-13.0,-12.0,1.5,31
227.9226531982422,46.50712585449219,9.301425170898437,1000.0,0.0,-0.8666666666666667,-0.7333333333333333,-13.0,-11.0,1.5,31
245.7052001953125,65.69640350341797,13.139280700683594,1000.0,0.0,-0.8666666666666667,-0.6666666666666666,-13.0,-10.0,1.5,31
290.330810546875,70.95146942138672,14.190293884277343,1000.0,0.0,-0.8666666666666667,-0.6,-13.0,-9.0,1.5,31
284.2134704589844,66.55262756347656,13.310525512695312,1000.0,0.0,-0.8666666666666667,-0.5333333333333333,-13.0,-8.0,1.5,31
236.07455444335938,73.31780242919922,14.663560485839843,1000.0,0.0,-0.8666666666666667,-0.4666666666666667,-13.0,-7.0,1.5,31
258.134033203125,118.63357543945312,23.726715087890625,1000.0,0.0,-0.8666666666666667,-0.4,-13.0,-6.0,1.5,31
367.1380920410156,218.41384887695312,43.682769775390625,1000.0,0.0,-0.8666666666666667,-0.3333333333333333,-13.0,-5.0,1.5,31
360.75,204.23265075683594,40.84653015136719,1000.0,0.0,-0.8666666666666667,-0.26666666666666666,-13.0,-4.0,1.5,31
411.1875915527344,202.04379272460938,40.408758544921874,1000.0,0.0,-0.8666666666666667,-0.2,-13.0,-3.0,1.5,31
427.6498718261719,222.08042907714844,44.41608581542969,1000.0,0.0,-0.8666666666666667,-0.13333333333333333,-13.0,-2.0,1.5,31
411.7396545410156,194.08010864257812,38.81602172851562,1000.0,0.0,-0.8666666666666667,-0.06666666666666667,-13.0,-1.0,1.5,31
248.43080139160156,69.3740005493164,13.874800109863282,1000.0,0.0,-0.8666666666666667,0.0,-13.0,0.0,1.5,31
238.88504028320312,88.72551727294922,17.745103454589845,1000.0,0.0,-0.8666666666666667,0.06666666666666667,-13.0,1.0,1.5,31
282.13653564453125,111.54180908203125,22.30836181640625,1000.0,0.0,-0.8666666666666667,0.13333333333333333,-13.0,2.0,1.5,31
255.0143585205078,91.44361114501953,18.288722229003906,1000.0,0.0,-0.8666666666666667,0.2,-13.0,3.0,1.5,31
267.33270263671875,102.16670227050781,20.43334045410156,1000.0,0.0,-0.8666666666666667,0.26666666666666666,-13.0,4.0,1.5,31
247.02255249023438,84.79676055908203,16.959352111816408,1000.0,0.0,-0.8666666666666667,0.3333333333333333,-13.0,5.0,1.5,31
236.51873779296875,77.70001220703125,15.54000244140625,1000.0,0.0,-0.8666666666666667,0.4,-13.0,6.0,1.5,31
272.7256774902344,81.15519714355469,16.231039428710936,1000.0,0.0,-0.8666666666666667,0.4666666666666667,-13.0,7.0,1.5,31
245.27215576171875,66.09207153320312,13.218414306640625,1000.0,0.0,-0.8666666666666667,0.5333333333333333,-13.0,8.0,1.5,31
218.46144104003906,53.547828674316406,10.709565734863281,1000.0,0.0,-0.8666666666666667,0.6,-13.0,9.0,1.5,31
213.2660675048828,46.75016784667969,9.350033569335938,1000.0,0.0,-0.8666666666666667,0.6666666666666666,-13.0,10.0,1.5,31
195.73159790039062,30.515493392944336,6.103098678588867,1000.0,0.0,-0.8666666666666667,0.7333333333333333,-13.0,11.0,1.5,31
200.87228393554688,33.83196258544922,6.766392517089844,1000.0,0.0,-0.8666666666666667,0.8,-13.0,12.0,1.5,31
198.5470733642578,24.647724151611328,4.929544830322266,1000.0,0.0,-0.8666666666666667,0.8666666666666667,-13.0,13.0,1.5,31
194.15054321289062,24.571714401245117,4.914342880249023,1000.0,0.0,-0.8666666666666667,0.9333333333333333,-13.0,14.0,1.5,31
210.44830322265625,26.617687225341797,5.323537445068359,1000.0,0.0,-0.8666666666666667,1.0,-13.0,15.0,1.5,31
290.3280944824219,38.93622589111328,7.787245178222657,1000.0,0.0,-0.8,-1.0,-12.0,-15.0,1.5,31
308.0733947753906,39.080970764160156,7.816194152832031,1000.0,0.0,-0.8,-0.9333333333333333,-12.0,-14.0,1.5,31
285.29876708984375,55.90123748779297,11.180247497558593,1000.0,0.0,-0.8,-0.8666666666666667,-12.0,-13.0,1.5,31
266.4988098144531,56.1395263671875,11.2279052734375,1000.0,0.0,-0.8,-0.8,-12.0,-12.0,1.5,31
266.7187805175781,59.097103118896484,11.819420623779298,1000.0,0.0,-0.8,-0.7333333333333333,-12.0,-11.0,1.5,31
244.6156768798828,52.59825134277344,10.519650268554688,1000.0,0.0,-0.8,-0.6666666666666666,-12.0,-10.0,1.5,31
268.3240051269531,75.27664947509766,15.055329895019531,1000.0,0.0,-0.8,-0.6,-12.0,-9.0,1.5,31
306.9761047363281,66.328125,13.265625,1000.0,0.0,-0.8,-0.5333333333333333,-12.0,-8.0,1.5,31
313.2216491699219,85.09117889404297,17.018235778808595,1000.0,0.0,-0.8,-0.4666666666666667,-12.0,-7.0,1.5,31
281.4662170410156,103.77914428710938,20.755828857421875,1000.0,0.0,-0.8,-0.4,-12.0,-6.0,1.5,31
330.45941162109375,135.04791259765625,27.00958251953125,1000.0,0.0,-0.8,-0.3333333333333333,-12.0,-5.0,1.5,31
355.2958984375,177.52906799316406,35.50581359863281,1000.0,0.0,-0.8,-0.26666666666666666,-12.0,-4.0,1.5,31
401.6389465332031,209.09146118164062,41.818292236328126,1000.0,0.0,-0.8,-0.2,-12.0,-3.0,1.5,31
464.86968994140625,272.5118713378906,54.502374267578126,1000.0,0.0,-0.8,-0.13333333333333333,-12.0,-2.0,1.5,31
448.72100830078125,228.17649841308594,45.63529968261719,1000.0,0.0,-0.8,-0.06666666666666667,-12.0,-1.0,1.5,31
373.91278076171875,171.80767822265625,34.36153564453125,1000.0,0.0,-0.8,0.0,-12.0,0.0,1.5,31
304.209716796875,149.8645477294922,29.97290954589844,1000.0,0.0,-0.8,0.06666666666666667,-12.0,1.0,1.5,31
344.8481750488281,167.21456909179688,33.44291381835937,1000.0,0.0,-0.8,0.13333333333333333,-12.0,2.0,1.5,31
317.5641174316406,125.47132110595703,25.094264221191406,1000.0,0.0,-0.8,0.2,-12.0,3.0,1.5,31
304.7156677246094,127.95516204833984,25.591032409667967,1000.0,0.0,-0.8,0.26666666666666666,-12.0,4.0,1.5,31
293.8327331542969,102.89640808105469,20.579281616210938,1000.0,0.0,-0.8,0.3333333333333333,-12.0,5.0,1.5,31
267.1071472167969,82.9711685180664,16.59423370361328,1000.0,0.0,-0.8,0.4,-12.0,6.0,1.5,31
239.15220642089844,85.08329010009766,17.01665802001953,1000.0,0.0,-0.8,0.4666666666666667,-12.0,7.0,1.5,31
213.84197998046875,78.60680389404297,15.721360778808593,1000.0,0.0,-0.8,0.5333333333333333,-12.0,8.0,1.5,31
215.95884704589844,61.62794876098633,12.325589752197265,1000.0,0.0,-0.8,0.6,-12.0,9.0,1.5,31
210.84605407714844,48.89799118041992,9.779598236083984,1000.0,0.0,-0.8,0.6666666666666666,-12.0,10.0,1.5,31
212.8383331298828,38.35790252685547,7.671580505371094,1000.0,0.0,-0.8,0.7333333333333333,-12.0,11.0,1.5,31
201.37860107421875,29.85321807861328,5.970643615722656,1000.0,0.0,-0.8,0.8,-12.0,12.0,1.5,31
191.36573791503906,22.08562660217285,4.41712532043457,1000.0,0.0,-0.8,0.8666666666666667,-12.0,13.0,1.5,31
204.30714416503906,30.047712326049805,6.009542465209961,1000.0,0.0,-0.8,0.9333333333333333,-12.0,14.0,1.5,31
210.3853302001953,29.38369369506836,5.876738739013672,1000.0,0.0,-0.8,1.0,-12.0,15.0,1.5,31
296.19775390625,28.648151397705078,5.7296302795410154,1000.0,0.0,-0.7333333333333333,-1.0,-11.0,-15.0,1.5,31
292.5785827636719,43.826263427734375,8.765252685546875,1000.0,0.0,-0.7333333333333333,-0.9333333333333333,-11.0,-14.0,1.5,31
317.91705322265625,34.768157958984375,6.953631591796875,1000.0,0.0,-0.7333333333333333,-0.8666666666666667,-11.0,-13.0,1.5,31
322.4419250488281,39.87611389160156,7.975222778320313,1000.0,0.0,-0.7333333333333333,-0.8,-11.0,-12.0,1.5,31
321.8670654296875,36.27961349487305,7.25592269897461,1000.0,0.0,-0.7333333333333333,-0.7333333333333333,-11.0,-11.0,1.5,31
321.977783203125,46.195762634277344,9.239152526855468,1000.0,0.0,-0.7333333333333333,-0.6666666666666666,-11.0,-10.0,1.5,31
323.57537841796875,73.12133026123047,14.624266052246094,1000.0,0.0,-0.7333333333333333,-0.6,-11.0,-9.0,1.5,31
318.850341796875,69.38568878173828,13.877137756347656,1000.0,0.0,-0.7333333333333333,-0.5333333333333333,-11.0,-8.0,1.5,31
319.6706237792969,89.47742462158203,17.895484924316406,1000.0,0.0,-0.7333333333333333,-0.4666666666666667,-11.0,-7.0,1.5,31
343.1738586425781,78.4090805053711,15.681816101074219,1000.0,0.0,-0.7333333333333333,-0.4,-11.0,-6.0,1.5,31
447.12359619140625,184.3333282470703,36.86666564941406,1000.0,0.0,-0.7333333333333333,-0.3333333333333333,-11.0,-5.0,1.5,31
455.3984680175781,260.4811096191406,52.096221923828125,1000.0,0.0,-0.7333333333333333,-0.26666666666666666,-11.0,-4.0,1.5,31
491.5239562988281,279.5207824707031,55.90415649414062,1000.0,0.0,-0.7333333333333333,-0.2,-11.0,-3.0,1.5,31
498.2603454589844,330.1278381347656,66.02556762695312,1000.0,0.0,-0.7333333333333333,-0.13333333333333333,-11.0,-2.0,1.5,31
493.0802307128906,311.2122802734375,62.2424560546875,1000.0,0.0,-0.7333333333333333,-0.06666666666666667,-11.0,-1.0,1.5,31
499.1541442871094,279.6380920410156,55.927618408203124,1000.0,0.0,-0.7333333333333333,0.0,-11.0,0.0,1.5,31
425.6396789550781,232.0570831298828,46.411416625976564,1000.0,0.0,-0.7333333333333333,0.06666666666666667,-11.0,1.0,1.5,31
415.71734619140625,201.88453674316406,40.37690734863281,1000.0,0.0,-0.7333333333333333,0.13333333333333333,-11.0,2.0,1.5,31
378.1817321777344,185.2607879638672,37.05215759277344,1000.0,0.0,-0.7333333333333333,0.2,-11.0,3.0,1.5,31
343.5238037109375,129.9093017578125,25.9818603515625,1000.0,0.0,-0.7333333333333333,0.26666666666666666,-11.0,4.0,1.5,31
276.30242919921875,68.85591125488281,13.771182250976562,1000.0,0.0,-0.7333333333333333,0.3333333333333333,-11.0,5.0,1.5,31
226.37164306640625,43.398014068603516,8.679602813720702,1000.0,0.0,-0.7333333333333333,0.4,-11.0,6.0,1.5,31
257.88671875,102.02265930175781,20.40453186035156,1000.0,0.0,-0.7333333333333333,0.4666666666666667,-11.0,7.0,1.5,31
260.50225830078125,90.98910522460938,18.197821044921874,1000.0,0.0,-0.7333333333333333,0.5333333333333333,-11.0,8.0,1.5,31
229.8883819580078,76.84674835205078,15.369349670410156,1000.0,0.0,-0.7333333333333333,0.6,-11.0,9.0,1.5,31
224.74252319335938,58.64361572265625,11.72872314453125,1000.0,0.0,-0.7333333333333333,0.6666666666666666,-11.0,10.0,1.5,31
228.65945434570312,53.67074966430664,10.734149932861328,1000.0,0.0,-0.7333333333333333,0.7333333333333333,-11.0,11.0,1.5,31
207.77606201171875,33.69343948364258,6.738687896728516,1000.0,0.0,-0.7333333333333333,0.8,-11.0,12.0,1.5,31
197.53057861328125,25.71968650817871,5.143937301635742,1000.0,0.0,-0.7333333333333333,0.8666666666666667,-11.0,13.0,1.5,31
207.4169921875,36.36746597290039,7.2734931945800785,1000.0,0.0,-0.7333333333333333,0.9333333333333333,-11.0,14.0,1.5,31
209.03919982910156,34.65441131591797,6.930882263183594,1000.0,0.0,-0.7333333333333333,1.0,-11.0,15.0,1.5,31
288.78765869140625,24.450599670410156,4.890119934082032,1000.0,0.0,-0.6666666666666666,-1.0,-10.0,-15.0,1.5,31
296.6573181152344,38.75733947753906,7.751467895507813,1000.0,0.0,-0.6666666666666666,-0.9333333333333333,-10.0,-14.0,1.5,31
295.6495361328125,48.778446197509766,9.755689239501953,1000.0,0.0,-0.6666666666666666,-0.8666666666666667,-10.0,-13.0,1.5,31
320.6321716308594,40.50460433959961,8.100920867919921,1000.0,0.0,-0.6666666666666666,-0.8,-10.0,-12.0,1.5,31
320.0601806640625,43.098358154296875,8.619671630859376,1000.0,0.0,-0.6666666666666666,-0.7333333333333333,-10.0,-11.0,1.5,31
324.4582214355469,40.80057144165039,8.160114288330078,1000.0,0.0,-0.6666666666666666,-0.6666666666666666,-10.0,-10.0,1.5,31
345.2729187011719,45.73887634277344,9.147775268554687,1000.0,0.0,-0.6666666666666666,-0.6,-10.0,-9.0,1.5,31
362.1156311035156,62.91812515258789,12.583625030517577,1000.0,0.0,-0.6666666666666666,-0.5333333333333333,-10.0,-8.0,1.5,31
369.1664733886719,75.7356948852539,15.147138977050782,1000.0,0.0,-0.6666666666666666,-0.4666666666666667,-10.0,-7.0,1.5,31
440.7904968261719,129.29400634765625,25.85880126953125,1000.0,0.0,-0.6666666666666666,-0.4,-10.0,-6.0,1.5,31
503.0792236328125,172.853759765625,34.570751953125,1000.0,0.0,-0.6666666666666666,-0.3333333333333333,-10.0,-5.0,1.5,31
515.5953979492188,207.7430877685547,41.54861755371094,1000.0,0.0,-0.6666666666666666,-0.26666666666666666,-10.0,-4.0,1.5,31
487.9233703613281,323.5983581542969,64.71967163085938,1000.0,0.0,-0.6666666666666666,-0.2,-10.0,-3.0,1.5,31
520.0927734375,344.2449951171875,68.8489990234375,1000.0,0.0,-0.6666666666666666,-0.13333333333333333,-10.0,-2.0,1.5,31
579.6114501953125,342.1003723144531,68.42007446289062,1000.0,0.0,-0.6666666666666666,-0.06666666666666667,-10.0,-1.0,1.5,31
498.35296630859375,336.60919189453125,67.32183837890625,1000.0,0.0,-0.6666666666666666,0.0,-10.0,0.0,1.5,31
573.4183349609375,303.18475341796875,60.63695068359375,1000.0,0.0,-0.6666666666666666,0.06666666666666667,-10.0,1.0,1.5,31
553.9171142578125,277.2154846191406,55.44309692382812,1000.0,0.0,-0.6666666666666666,0.13333333333333333,-10.0,2.0,1.5,31
463.6621398925781,242.91677856445312,48.58335571289062,1000.0,0.0,-0.6666666666666666,0.2,-10.0,3.0,1.5,31
344.95477294921875,143.2470245361328,28.64940490722656,1000.0,0.0,-0.6666666666666666,0.26666666666666666,-10.0,4.0,1.5,31
207.67724609375,23.337276458740234,4.6674552917480465,1000.0,0.0,-0.6666666666666666,0.3333333333333333,-10.0,5.0,1.5,31
216.1185760498047,40.22248458862305,8.04449691772461,1000.0,0.0,-0.6666666666666666,0.4,-10.0,6.0,1.5,31
299.3680725097656,124.43769073486328,24.887538146972656,1000.0,0.0,-0.6666666666666666,0.4666666666666667,-10.0,7.0,1.5,31
259.5711364746094,107.81388854980469,21.562777709960937,1000.0,0.0,-0.6666666666666666,0.5333333333333333,-10.0,8.0,1.5,31
273.1883239746094,108.05484008789062,21.610968017578124,1000.0,0.0,-0.6666666666666666,0.6,-10.0,9.0,1.5,31
252.20240783691406,81.60031127929688,16.320062255859376,1000.0,0.0,-0.6666666666666666,0.6666666666666666,-10.0,10.0,1.5,31
268.1093444824219,65.04399871826172,13.008799743652343,1000.0,0.0,-0.6666666666666666,0.7333333333333333,-10.0,11.0,1.5,31
220.9429473876953,43.404991149902344,8.680998229980469,1000.0,0.0,-0.6666666666666666,0.8,-10.0,12.0,1.5,31
236.0207061767578,52.521331787109375,10.504266357421875,1000.0,0.0,-0.6666666666666666,0.8666666666666667,-10.0,13.0,1.5,31
236.6289520263672,56.66124725341797,11.332249450683594,1000.0,0.0,-0.6666666666666666,0.9333333333333333,-10.0,14.0,1.5,31
230.14297485351562,43.95387268066406,8.790774536132812,1000.0,0.0,-0.6666666666666666,1.0,-10.0,15.0,1.5,31
264.06085205078125,17.06100082397461,3.412200164794922,1000.0,0.0,-0.6,-1.0,-9.0,-15.0,1.5,31
266.6630859375,33.12530517578125,6.62506103515625,1000.0,0.0,-0.6,-0.9333333333333333,-9.0,-14.0,1.5,31
279.6051025390625,46.20316696166992,9.240633392333985,1000.0,0.0,-0.6,-0.8666666666666667,-9.0,-13.0,1.5,31
316.34405517578125,23.312164306640625,4.662432861328125,1000.0,0.0,-0.6,-0.8,-9.0,-12.0,1.5,31
328.9083557128906,30.81109619140625,6.16221923828125,1000.0,0.0,-0.6,-0.7333333333333333,-9.0,-11.0,1.5,31
338.9290771484375,46.113948822021484,9.222789764404297,1000.0,0.0,-0.6,-0.6666666666666666,-9.0,-10.0,1.5,31
388.62774658203125,56.88710403442383,11.377420806884766,1000.0,0.0,-0.6,-0.6,-9.0,-9.0,1.5,31
422.6796875,57.167633056640625,11.433526611328125,1000.0,0.0,-0.6,-0.5333333333333333,-9.0,-8.0,1.5,31
464.0457763671875,87.03759765625,17.40751953125,1000.0,0.0,-0.6,-0.4666666666666667,-9.0,-7.0,1.5,31
493.0273742675781,172.38340759277344,34.476681518554685,1000.0,0.0,-0.6,-0.4,-9.0,-6.0,1.5,31
488.24493408203125,236.5774688720703,47.315493774414065,1000.0,0.0,-0.6,-0.3333333333333333,-9.0,-5.0,1.5,31
542.5130615234375,247.18405151367188,49.43681030273437,1000.0,0.0,-0.6,-0.26666666666666666,-9.0,-4.0,1.5,31
610.56689453125,267.48114013671875,53.49622802734375,1000.0,0.0,-0.6,-0.2,-9.0,-3.0,1.5,31
602.0696411132812,320.1212158203125,64.0242431640625,1000.0,0.0,-0.6,-0.13333333333333333,-9.0,-2.0,1.5,31
573.6025390625,360.617431640625,72.123486328125,1000.0,0.0,-0.6,-0.06666666666666667,-9.0,-1.0,1.5,31
624.8518676757812,345.03973388671875,69.00794677734375,1000.0,0.0,-0.6,0.0,-9.0,0.0,1.5,31
648.2105712890625,342.11370849609375,68.42274169921875,1000.0,0.0,-0.6,0.06666666666666667,-9.0,1.0,1.5,31
641.7905883789062,334.8598327636719,66.97196655273437,1000.0,0.0,-0.6,0.13333333333333333,-9.0,2.0,1.5,31
575.8206787109375,307.2749328613281,61.454986572265625,1000.0,0.0,-0.6,0.2,-9.0,3.0,1.5,31
396.6324462890625,210.60601806640625,42.12120361328125,1000.0,0.0,-0.6,0.26666666666666666,-9.0,4.0,1.5,31
216.88113403320312,52.17219924926758,10.434439849853515,1000.0,0.0,-0.6,0.3333333333333333,-9.0,5.0,1.5,31
241.2948760986328,71.93785095214844,14.387570190429688,1000.0,0.0,-0.6,0.4,-9.0,6.0,1.5,31
260.89910888671875,90.73479461669922,18.146958923339845,1000.0,0.0,-0.6,0.4666666666666667,-9.0,7.0,1.5,31
283.45123291015625,113.56414794921875,22.71282958984375,1000.0,0.0,-0.6,0.5333333333333333,-9.0,8.0,1.5,31
248.91676330566406,55.40534210205078,11.081068420410157,1000.0,0.0,-0.6,0.6,-9.0,9.0,1.5,31
245.22718811035156,48.736114501953125,9.747222900390625,1000.0,0.0,-0.6,0.6666666666666666,-9.0,10.0,1.5,31
248.7933349609375,36.14757537841797,7.229515075683594,1000.0,0.0,-0.6,0.7333333333333333,-9.0,11.0,1.5,31
242.25912475585938,51.57229232788086,10.314458465576172,1000.0,0.0,-0.6,0.8,-9.0,12.0,1.5,31
263.4083251953125,64.69381713867188,12.938763427734376,1000.0,0.0,-0.6,0.8666666666666667,-9.0,13.0,1.5,31
231.2847442626953,42.66048812866211,8.532097625732423,1000.0,0.0,-0.6,0.9333333333333333,-9.0,14.0,1.5,31
243.29946899414062,43.662437438964844,8.73248748779297,1000.0,0.0,-0.6,1.0,-9.0,15.0,1.5,31
234.35244750976562,35.57560348510742,7.115120697021484,1000.0,0.0,-0.5333333333333333,-1.0,-8.0,-15.0,1.5,31
232.2061309814453,36.832393646240234,7.366478729248047,1000.0,0.0,-0.5333333333333333,-0.9333333333333333,-8.0,-14.0,1.5,31
239.2863311767578,41.27722930908203,8.255445861816407,1000.0,0.0,-0.5333333333333333,-0.8666666666666667,-8.0,-13.0,1.5,31
305.39056396484375,24.37065315246582,4.874130630493164,1000.0,0.0,-0.5333333333333333,-0.8,-8.0,-12.0,1.5,31
309.2998962402344,34.86198806762695,6.9723976135253904,1000.0,0.0,-0.5333333333333333,-0.7333333333333333,-8.0,-11.0,1.5,31
372.6802062988281,43.12065124511719,8.624130249023438,1000.0,0.0,-0.5333333333333333,-0.6666666666666666,-8.0,-10.0,1.5,31
413.1039733886719,34.56288146972656,6.912576293945312,1000.0,0.0,-0.5333333333333333,-0.6,-8.0,-9.0,1.5,31
446.7757568359375,50.67948913574219,10.135897827148437,1000.0,0.0,-0.5333333333333333,-0.5333333333333333,-8.0,-8.0,1.5,31
491.4189758300781,120.62386322021484,24.12477264404297,1000.0,0.0,-0.5333333333333333,-0.4666666666666667,-8.0,-7.0,1.5,31
433.2481689453125,191.85923767089844,38.371847534179686,1000.0,0.0,-0.5333333333333333,-0.4,-8.0,-6.0,1.5,31
523.9107055664062,262.84423828125,52.56884765625,1000.0,0.0,-0.5333333333333333,-0.3333333333333333,-8.0,-5.0,1.5,31
558.3853759765625,294.7519836425781,58.95039672851563,1000.0,0.0,-0.5333333333333333,-0.26666666666666666,-8.0,-4.0,1.5,31
643.1256103515625,288.65386962890625,57.73077392578125,1000.0,0.0,-0.5333333333333333,-0.2,-8.0,-3.0,1.5,31
647.55322265625,331.86480712890625,66.37296142578126,1000.0,0.0,-0.5333333333333333,-0.13333333333333333,-8.0,-2.0,1.5,31
800.696044921875,242.38771057128906,48.477542114257815,1000.0,0.0,-0.5333333333333333,-0.06666666666666667,-8.0,-1.0,1.5,31
720.0966186523438,314.4665832519531,62.893316650390624,1000.0,0.0,-0.5333333333333333,0.0,-8.0,0.0,1.5,31
681.7230224609375,345.8417663574219,69.16835327148438,1000.0,0.0,-0.5333333333333333,0.06666666666666667,-8.0,1.0,1.5,31
634.9044799804688,352.4966735839844,70.49933471679688,1000.0,0.0,-0.5333333333333333,0.13333333333333333,-8.0,2.0,1.5,31
631.91162109375,365.6461181640625,73.1292236328125,1000.0,0.0,-0.5333333333333333,0.2,-8.0,3.0,1.5,31
525.02783203125,334.7754211425781,66.95508422851563,1000.0,0.0,-0.5333333333333333,0.26666666666666666,-8.0,4.0,1.5,31
252.24935913085938,86.5313720703125,17.3062744140625,1000.0,0.0,-0.5333333333333333,0.3333333333333333,-8.0,5.0,1.5,31
294.9358825683594,153.88633728027344,30.777267456054688,1000.0,0.0,-0.5333333333333333,0.4,-8.0,6.0,1.5,31
296.83673095703125,134.1132049560547,26.82264099121094,1000.0,0.0,-0.5333333333333333,0.4666666666666667,-8.0,7.0,1.5,31
233.29931640625,75.39237213134766,15.078474426269532,1000.0,0.0,-0.5333333333333333,0.5333333333333333,-8.0,8.0,1.5,31
217.5633544921875,25.73644256591797,5.147288513183594,1000.0,0.0,-0.5333333333333333,0.6,-8.0,9.0,1.5,31
215.95498657226562,35.27823257446289,7.055646514892578,1000.0,0.0,-0.5333333333333333,0.6666666666666666,-8.0,10.0,1.5,31
243.78997802734375,53.90425491333008,10.780850982666015,1000.0,0.0,-0.5333333333333333,0.7333333333333333,-8.0,11.0,1.5,31
275.1318359375,47.99163818359375,9.59832763671875,1000.0,0.0,-0.5333333333333333,0.8,-8.0,12.0,1.5,31
267.0370788574219,57.493309020996094,11.49866180419922,1000.0,0.0,-0.5333333333333333,0.8666666666666667,-8.0,13.0,1.5,31
245.1114501953125,46.97492599487305,9.39498519897461,1000.0,0.0,-0.5333333333333333,0.9333333333333333,-8.0,14.0,1.5,31
227.3316192626953,49.64693069458008,9.929386138916016,1000.0,0.0,-0.5333333333333333,1.0,-8.0,15.0,1.5,31
258.76007080078125,24.8720760345459,4.97441520690918,1000.0,0.0,-0.4666666666666667,-1.0,-7.0,-15.0,1.5,31
249.94837951660156,21.77512550354004,4.355025100708008,1000.0,0.0,-0.4666666666666667,-0.9333333333333333,-7.0,-14.0,1.5,31
256.7888488769531,19.795259475708008,3.9590518951416014,1000.0,0.0,-0.4666666666666667,-0.8666666666666667,-7.0,-13.0,1.5,31
277.65472412109375,31.527267456054688,6.305453491210938,1000.0,0.0,-0.4666666666666667,-0.8,-7.0,-12.0,1.5,31
333.97869873046875,33.66880416870117,6.733760833740234,1000.0,0.0,-0.4666666666666667,-0.7333333333333333,-7.0,-11.0,1.5,31
358.5968322753906,42.838844299316406,8.567768859863282,1000.0,0.0,-0.4666666666666667,-0.6666666666666666,-7.0,-10.0,1.5,31
415.44500732421875,99.3275375366211,19.865507507324217,1000.0,0.0,-0.4666666666666667,-0.6,-7.0,-9.0,1.5,31
467.78485107421875,111.8628158569336,22.37256317138672,1000.0,0.0,-0.4666666666666667,-0.5333333333333333,-7.0,-8.0,1.5,31
550.8001708984375,141.42636108398438,28.285272216796876,1000.0,0.0,-0.4666666666666667,-0.4666666666666667,-7.0,-7.0,1.5,31
622.8486328125,152.25262451171875,30.45052490234375,1000.0,0.0,-0.4666666666666667,-0.4,-7.0,-6.0,1.5,31
634.1566162109375,224.1779327392578,44.83558654785156,1000.0,0.0,-0.4666666666666667,-0.3333333333333333,-7.0,-5.0,1.5,31
666.7933349609375,259.5669250488281,51.913385009765626,1000.0,0.0,-0.4666666666666667,-0.26666666666666666,-7.0,-4.0,1.5,31
779.8683471679688,230.10459899902344,46.02091979980469,1000.0,0.0,-0.4666666666666667,-0.2,-7.0,-3.0,1.5,31
862.4669799804688,214.07998657226562,42.81599731445313,1000.0,0.0,-0.4666666666666667,-0.13333333333333333,-7.0,-2.0,1.5,31
869.564697265625,223.95396423339844,44.790792846679686,1000.0,0.0,-0.4666666666666667,-0.06666666666666667,-7.0,-1.0,1.5,31
912.2388916015625,164.77609252929688,32.95521850585938,1000.0,0.0,-0.4666666666666667,0.0,-7.0,0.0,1.5,31
738.298583984375,340.2926025390625,68.0585205078125,1000.0,0.0,-0.4666666666666667,0.06666666666666667,-7.0,1.0,1.5,31
720.6433715820312,362.6831970214844,72.53663940429688,1000.0,0.0,-0.4666666666666667,0.13333333333333333,-7.0,2.0,1.5,31
650.7927856445312,386.7411804199219,77.34823608398438,1000.0,0.0,-0.4666666666666667,0.2,-7.0,3.0,1.5,31
688.1654663085938,355.7455749511719,71.14911499023438,1000.0,0.0,-0.4666666666666667,0.26666666666666666,-7.0,4.0,1.5,31
338.58734130859375,218.11038208007812,43.622076416015624,1000.0,0.0,-0.4666666666666667,0.3333333333333333,-7.0,5.0,1.5,31
315.2754211425781,173.8553009033203,34.771060180664065,1000.0,0.0,-0.4666666666666667,0.4,-7.0,6.0,1.5,31
286.51519775390625,108.27774810791016,21.655549621582033,1000.0,0.0,-0.4666666666666667,0.4666666666666667,-7.0,7.0,1.5,31
194.4364776611328,19.861295700073242,3.9722591400146485,1000.0,0.0,-0.4666666666666667,0.5333333333333333,-7.0,8.0,1.5,31
204.01644897460938,29.222673416137695,5.844534683227539,1000.0,0.0,-0.4666666666666667,0.6,-7.0,9.0,1.5,31
213.14569091796875,30.135072708129883,6.027014541625976,1000.0,0.0,-0.4666666666666667,0.6666666666666666,-7.0,10.0,1.5,31
257.8619689941406,85.1089859008789,17.02179718017578,1000.0,0.0,-0.4666666666666667,0.7333333333333333,-7.0,11.0,1.5,31
254.80572509765625,62.431121826171875,12.486224365234374,1000.0,0.0,-0.4666666666666667,0.8,-7.0,12.0,1.5,31
258.6866149902344,62.656803131103516,12.531360626220703,1000.0,0.0,-0.4666666666666667,0.8666666666666667,-7.0,13.0,1.5,31
248.8648681640625,49.365440368652344,9.873088073730468,1000.0,0.0,-0.4666666666666667,0.9333333333333333,-7.0,14.0,1.5,31
240.24330139160156,43.617427825927734,8.723485565185547,1000.0,0.0,-0.4666666666666667,1.0,-7.0,15.0,1.5,31
246.2824249267578,26.50074577331543,5.300149154663086,1000.0,0.0,-0.4,-1.0,-6.0,-15.0,1.5,31
236.70150756835938,22.642860412597656,4.528572082519531,1000.0,0.0,-0.4,-0.9333333333333333,-6.0,-14.0,1.5,31
245.35520935058594,20.822446823120117,4.164489364624023,1000.0,0.0,-0.4,-0.8666666666666667,-6.0,-13.0,1.5,31
244.53500366210938,16.39031410217285,3.2780628204345703,1000.0,0.0,-0.4,-0.8,-6.0,-12.0,1.5,31
265.7865905761719,52.927425384521484,10.585485076904297,1000.0,0.0,-0.4,-0.7333333333333333,-6.0,-11.0,1.5,31
244.69757080078125,67.2757797241211,13.455155944824218,1000.0,0.0,-0.4,-0.6666666666666666,-6.0,-10.0,1.5,31
364.2399597167969,165.77642822265625,33.15528564453125,1000.0,0.0,-0.4,-0.6,-6.0,-9.0,1.5,31
506.0238952636719,166.07650756835938,33.215301513671875,1000.0,0.0,-0.4,-0.5333333333333333,-6.0,-8.0,1.5,31
571.984619140625,120.80778503417969,24.161557006835938,1000.0,0.0,-0.4,-0.4666666666666667,-6.0,-7.0,1.5,31
631.5394287109375,182.07762145996094,36.415524291992185,1000.0,0.0,-0.4,-0.4,-6.0,-6.0,1.5,31
661.5307006835938,244.41732788085938,48.88346557617187,1000.0,0.0,-0.4,-0.3333333333333333,-6.0,-5.0,1.5,31
680.759033203125,305.96710205078125,61.19342041015625,1000.0,0.0,-0.4,-0.26666666666666666,-6.0,-4.0,1.5,31
900.3445434570312,92.68243408203125,18.53648681640625,1000.0,0.0,-0.4,-0.2,-6.0,-3.0,1.5,31
941.1183471679688,41.86042785644531,8.372085571289062,1000.0,0.0,-0.4,-0.13333333333333333,-6.0,-2.0,1.5,31
898.8202514648438,220.3603973388672,44.072079467773435,1000.0,0.0,-0.4,-0.06666666666666667,-6.0,-1.0,1.5,31
934.744384765625,154.6401824951172,30.928036499023438,1000.0,0.0,-0.4,0.0,-6.0,0.0,1.5,31
794.2296752929688,297.6663513183594,59.533270263671874,1000.0,0.0,-0.4,0.06666666666666667,-6.0,1.0,1.5,31
706.273681640625,366.00054931640625,73.20010986328126,1000.0,0.0,-0.4,0.13333333333333333,-6.0,2.0,1.5,31
689.6600952148438,388.3183288574219,77.66366577148438,1000.0,0.0,-0.4,0.2,-6.0,3.0,1.5,31
702.8021850585938,369.27838134765625,73.85567626953124,1000.0,0.0,-0.4,0.26666666666666666,-6.0,4.0,1.5,31
453.2626037597656,277.3274841308594,55.46549682617187,1000.0,0.0,-0.4,0.3333333333333333,-6.0,5.0,1.5,31
390.5010986328125,180.42088317871094,36.08417663574219,1000.0,0.0,-0.4,0.4,-6.0,6.0,1.5,31
199.5581512451172,22.14466094970703,4.428932189941406,1000.0,0.0,-0.4,0.4666666666666667,-6.0,7.0,1.5,31
198.33416748046875,30.651241302490234,6.130248260498047,1000.0,0.0,-0.4,0.5333333333333333,-6.0,8.0,1.5,31
194.20388793945312,22.543827056884766,4.508765411376953,1000.0,0.0,-0.4,0.6,-6.0,9.0,1.5,31
193.86167907714844,25.603391647338867,5.120678329467774,1000.0,0.0,-0.4,0.6666666666666666,-6.0,10.0,1.5,31
346.9146423339844,126.46541595458984,25.29308319091797,1000.0,0.0,-0.4,0.7333333333333333,-6.0,11.0,1.5,31
300.68170166015625,81.82196807861328,16.364393615722655,1000.0,0.0,-0.4,0.8,-6.0,12.0,1.5,31
285.5528259277344,68.649169921875,13.729833984375,1000.0,0.0,-0.4,0.8666666666666667,-6.0,13.0,1.5,31
260.2105712890625,59.35124969482422,11.870249938964843,1000.0,0.0,-0.4,0.9333333333333333,-6.0,14.0,1.5,31
226.8162078857422,39.60354995727539,7.9207099914550785,1000.0,0.0,-0.4,1.0,-6.0,15.0,1.5,31
227.25343322753906,26.397747039794922,5.279549407958984,1000.0,0.0,-0.3333333333333333,-1.0,-5.0,-15.0,1.5,31
220.4641571044922,15.647286415100098,3.1294572830200194,1000.0,0.0,-0.3333333333333333,-0.9333333333333333,-5.0,-14.0,1.5,31
207.76625061035156,19.222049713134766,3.844409942626953,1000.0,0.0,-0.3333333333333333,-0.8666666666666667,-5.0,-13.0,1.5,31
202.6123809814453,28.699148178100586,5.739829635620117,1000.0,0.0,-0.3333333333333333,-0.8,-5.0,-12.0,1.5,31
206.5177764892578,40.38655090332031,8.077310180664062,1000.0,0.0,-0.3333333333333333,-0.7333333333333333,-5.0,-11.0,1.5,31
222.36590576171875,68.85620880126953,13.771241760253906,1000.0,0.0,-0.3333333333333333,-0.6666666666666666,-5.0,-10.0,1.5,31
308.16387939453125,148.1328887939453,29.62657775878906,1000.0,0.0,-0.3333333333333333,-0.6,-5.0,-9.0,1.5,31
512.0973510742188,165.42469787597656,33.084939575195314,1000.0,0.0,-0.3333333333333333,-0.5333333333333333,-5.0,-8.0,1.5,31
595.276123046875,138.42422485351562,27.684844970703125,1000.0,0.0,-0.3333333333333333,-0.4666666666666667,-5.0,-7.0,1.5,31
699.910400390625,204.5961456298828,40.919229125976564,1000.0,0.0,-0.3333333333333333,-0.4,-5.0,-6.0,1.5,31
724.2365112304688,238.43995666503906,47.687991333007815,1000.0,0.0,-0.3333333333333333,-0.3333333333333333,-5.0,-5.0,1.5,31
802.6498413085938,220.40554809570312,44.081109619140626,1000.0,0.0,-0.3333333333333333,-0.26666666666666666,-5.0,-4.0,1.5,31
942.2692260742188,40.03593444824219,8.007186889648438,1000.0,0.0,-0.3333333333333333,-0.2,-5.0,-3.0,1.5,31
962.4043579101562,20.602256774902344,4.120451354980469,1000.0,0.0,-0.3333333333333333,-0.13333333333333333,-5.0,-2.0,1.5,31
970.624267578125,14.62097454071045,2.92419490814209,1000.0,0.0,-0.3333333333333333,-0.06666666666666667,-5.0,-1.0,1.5,31
939.8582153320312,157.73709106445312,31.547418212890626,1000.0,0.0,-0.3333333333333333,0.0,-5.0,0.0,1.5,31
909.318359375,223.1968994140625,44.6393798828125,1000.0,0.0,-0.3333333333333333,0.06666666666666667,-5.0,1.0,1.5,31
705.1154174804688,354.50274658203125,70.90054931640626,1000.0,0.0,-0.3333333333333333,0.13333333333333333,-5.0,2.0,1.5,31
664.460693359375,392.6329040527344,78.52658081054688,1000.0,0.0,-0.3333333333333333,0.2,-5.0,3.0,1.5,31
648.4674072265625,393.98822021484375,78.79764404296876,1000.0,0.0,-0.3333333333333333,0.26666666666666666,-5.0,4.0,1.5,31
527.5894775390625,296.022216796875,59.204443359375,1000.0,0.0,-0.3333333333333333,0.3333333333333333,-5.0,5.0,1.5,31
305.86328125,102.1546401977539,20.430928039550782,1000.0,0.0,-0.3333333333333333,0.4,-5.0,6.0,1.5,31
189.13372802734375,18.95084571838379,3.7901691436767577,1000.0,0.0,-0.3333333333333333,0.4666666666666667,-5.0,7.0,1.5,31
186.14378356933594,19.22926139831543,3.845852279663086,1000.0,0.0,-0.3333333333333333,0.5333333333333333,-5.0,8.0,1.5,31
196.81153869628906,28.731538772583008,5.746307754516602,1000.0,0.0,-0.3333333333333333,0.6,-5.0,9.0,1.5,31
267.470458984375,98.63623046875,19.72724609375,1000.0,0.0,-0.3333333333333333,0.6666666666666666,-5.0,10.0,1.5,31
311.5811767578125,136.67515563964844,27.33503112792969,1000.0,0.0,-0.3333333333333333,0.7333333333333333,-5.0,11.0,1.5,31
259.791015625,84.22547912597656,16.845095825195312,1000.0,0.0,-0.3333333333333333,0.8,-5.0,12.0,1.5,31
329.3358459472656,92.45165252685547,18.490330505371094,1000.0,0.0,-0.3333333333333333,0.8666666666666667,-5.0,13.0,1.5,31
293.390625,72.35070037841797,14.470140075683593,1000.0,0.0,-0.3333333333333333,0.9333333333333333,-5.0,14.0,1.5,31
246.9958038330078,51.91102981567383,10.382205963134766,1000.0,0.0,-0.3333333333333333,1.0,-5.0,15.0,1.5,31
188.68580627441406,20.51457977294922,4.102915954589844,1000.0,0.0,-0.26666666666666666,-1.0,-4.0,-15.0,1.5,31
199.50518798828125,24.896114349365234,4.9792228698730465,1000.0,0.0,-0.26666666666666666,-0.9333333333333333,-4.0,-14.0,1.5,31
189.98037719726562,21.210050582885742,4.242010116577148,1000.0,0.0,-0.26666666666666666,-0.8666666666666667,-4.0,-13.0,1.5,31
212.5269317626953,29.624027252197266,5.924805450439453,1000.0,0.0,-0.26666666666666666,-0.8,-4.0,-12.0,1.5,31
220.14195251464844,48.851158142089844,9.770231628417969,1000.0,0.0,-0.26666666666666666,-0.7333333333333333,-4.0,-11.0,1.5,31
277.208251953125,119.49629211425781,23.899258422851563,1000.0,0.0,-0.26666666666666666,-0.6666666666666666,-4.0,-10.0,1.5,31
330.9305725097656,147.90652465820312,29.581304931640624,1000.0,0.0,-0.26666666666666666,-0.6,-4.0,-9.0,1.5,31
544.4347534179688,118.29463958740234,23.65892791748047,1000.0,0.0,-0.26666666666666666,-0.5333333333333333,-4.0,-8.0,1.5,31
702.5921630859375,178.53823852539062,35.707647705078124,1000.0,0.0,-0.26666666666666666,-0.4666666666666667,-4.0,-7.0,1.5,31
766.492431640625,196.28219604492188,39.256439208984375,1000.0,0.0,-0.26666666666666666,-0.4,-4.0,-6.0,1.5,31
715.7005615234375,287.395751953125,57.479150390625,1000.0,0.0,-0.26666666666666666,-0.3333333333333333,-4.0,-5.0,1.5,31
910.7703857421875,84.02751159667969,16.805502319335936,1000.0,0.0,-0.26666666666666666,-0.26666666666666666,-4.0,-4.0,1.5,31
962.937744140625,21.051233291625977,4.210246658325195,1000.0,0.0,-0.26666666666666666,-0.2,-4.0,-3.0,1.5,31
974.4622802734375,11.82093334197998,2.364186668395996,1000.0,0.0,-0.26666666666666666,-0.13333333333333333,-4.0,-2.0,1.5,31
976.850830078125,11.127786636352539,2.225557327270508,1000.0,0.0,-0.26666666666666666,-0.06666666666666667,-4.0,-1.0,1.5,31
976.9607543945312,10.97385025024414,2.1947700500488283,1000.0,0.0,-0.26666666666666666,0.0,-4.0,0.0,1.5,31
980.7058715820312,6.346127033233643,1.2692254066467286,1000.0,0.0,-0.26666666666666666,0.06666666666666667,-4.0,1.0,1.5,31
853.3668823242188,249.85458374023438,49.970916748046875,1000.0,0.0,-0.26666666666666666,0.13333333333333333,-4.0,2.0,1.5,31
695.4430541992188,387.7060241699219,77.54120483398438,1000.0,0.0,-0.26666666666666666,0.2,-4.0,3.0,1.5,31
656.6886596679688,396.4140319824219,79.28280639648438,1000.0,0.0,-0.26666666666666666,0.26666666666666666,-4.0,4.0,1.5,31
440.2279357910156,228.41905212402344,45.68381042480469,1000.0,0.0,-0.26666666666666666,0.3333333333333333,-4.0,5.0,1.5,31
219.67262268066406,34.32162094116211,6.8643241882324215,1000.0,0.0,-0.26666666666666666,0.4,-4.0,6.0,1.5,31
198.25503540039062,25.04094123840332,5.008188247680664,1000.0,0.0,-0.26666666666666666,0.4666666666666667,-4.0,7.0,1.5,31
190.0461883544922,24.32451629638672,4.864903259277344,1000.0,0.0,-0.26666666666666666,0.5333333333333333,-4.0,8.0,1.5,31
194.21697998046875,24.61716079711914,4.923432159423828,1000.0,0.0,-0.26666666666666666,0.6,-4.0,9.0,1.5,31
288.3035583496094,75.44974517822266,15.089949035644532,1000.0,0.0,-0.26666666666666666,0.6666666666666666,-4.0,10.0,1.5,31
399.9711608886719,119.53069305419922,23.906138610839843,1000.0,0.0,-0.26666666666666666,0.7333333333333333,-4.0,11.0,1.5,31
388.7546081542969,90.2628402709961,18.05256805419922,1000.0,0.0,-0.26666666666666666,0.8,-4.0,12.0,1.5,31
346.89715576171875,88.57170104980469,17.714340209960938,1000.0,0.0,-0.26666666666666666,0.8666666666666667,-4.0,13.0,1.5,31
282.0395202636719,80.066650390625,16.013330078125,1000.0,0.0,-0.26666666666666666,0.9333333333333333,-4.0,14.0,1.5,31
285.03851318359375,64.86775970458984,12.973551940917968,1000.0,0.0,-0.26666666666666666,1.0,-4.0,15.0,1.5,31
184.5727996826172,14.551033020019531,2.910206604003906,1000.0,0.0,-0.2,-1.0,-3.0,-15.0,1.5,31
193.2080841064453,22.65654945373535,4.53130989074707,1000.0,0.0,-0.2,-0.9333333333333333,-3.0,-14.0,1.5,31
196.92803955078125,16.773719787597656,3.3547439575195312,1000.0,0.0,-0.2,-0.8666666666666667,-3.0,-13.0,1.5,31
211.59732055664062,30.77454376220703,6.154908752441406,1000.0,0.0,-0.2,-0.8,-3.0,-12.0,1.5,31
240.16517639160156,45.94517517089844,9.189035034179687,1000.0,0.0,-0.2,-0.7333333333333333,-3.0,-11.0,1.5,31
290.6322021484375,82.32695770263672,16.465391540527342,1000.0,0.0,-0.2,-0.6666666666666666,-3.0,-10.0,1.5,31
405.263427734375,111.35050201416016,22.270100402832032,1000.0,0.0,-0.2,-0.6,-3.0,-9.0,1.5,31
595.7442016601562,152.07583618164062,30.415167236328124,1000.0,0.0,-0.2,-0.5333333333333333,-3.0,-8.0,1.5,31
720.343505859375,162.03367614746094,32.406735229492185,1000.0,0.0,-0.2,-0.4666666666666667,-3.0,-7.0,1.5,31
798.5504760742188,161.87393188476562,32.374786376953125,1000.0,0.0,-0.2,-0.4,-3.0,-6.0,1.5,31
763.7489013671875,257.6397399902344,51.527947998046876,1000.0,0.0,-0.2,-0.3333333333333333,-3.0,-5.0,1.5,31
945.670654296875,35.55649948120117,7.111299896240235,1000.0,0.0,-0.2,-0.26666666666666666,-3.0,-4.0,1.5,31
970.9901733398438,15.763177871704102,3.1526355743408203,1000.0,0.0,-0.2,-0.2,-3.0,-3.0,1.5,31
977.3071899414062,9.872180938720703,1.9744361877441405,1000.0,0.0,-0.2,-0.13333333333333333,-3.0,-2.0,1.5,31
978.041748046875,11.228825569152832,2.2457651138305663,1000.0,0.0,-0.2,-0.06666666666666667,-3.0,-1.0,1.5,31
979.6549072265625,7.929495811462402,1.5858991622924805,1000.0,0.0,-0.2,0.0,-3.0,0.0,1.5,31
980.43017578125,6.7001423835754395,1.3400284767150878,1000.0,0.0,-0.2,0.06666666666666667,-3.0,1.0,1.5,31
921.6904907226562,165.205322265625,33.041064453125,1000.0,0.0,-0.2,0.13333333333333333,-3.0,2.0,1.5,31
665.2725219726562,393.72723388671875,78.74544677734374,1000.0,0.0,-0.2,0.2,-3.0,3.0,1.5,31
693.5145263671875,381.90234375,76.38046875,1000.0,0.0,-0.2,0.26666666666666666,-3.0,4.0,1.5,31
467.18182373046875,222.9536895751953,44.590737915039064,1000.0,0.0,-0.2,0.3333333333333333,-3.0,5.0,1.5,31
201.1517333984375,23.317604064941406,4.663520812988281,1000.0,0.0,-0.2,0.4,-3.0,6.0,1.5,31
194.83229064941406,20.756898880004883,4.151379776000977,1000.0,0.0,-0.2,0.4666666666666667,-3.0,7.0,1.5,31
195.67034912109375,26.956634521484375,5.391326904296875,1000.0,0.0,-0.2,0.5333333333333333,-3.0,8.0,1.5,31
196.80706787109375,30.61919403076172,6.123838806152344,1000.0,0.0,-0.2,0.6,-3.0,9.0,1.5,31
353.046875,143.3079071044922,28.661581420898436,1000.0,0.0,-0.2,0.6666666666666666,-3.0,10.0,1.5,31
449.1694641113281,106.50687408447266,21.30137481689453,1000.0,0.0,-0.2,0.7333333333333333,-3.0,11.0,1.5,31
341.6651611328125,103.5073471069336,20.70146942138672,1000.0,0.0,-0.2,0.8,-3.0,12.0,1.5,31
353.43414306640625,81.436767578125,16.287353515625,1000.0,0.0,-0.2,0.8666666666666667,-3.0,13.0,1.5,31
340.6349182128906,78.09593200683594,15.619186401367188,1000.0,0.0,-0.2,0.9333333333333333,-3.0,14.0,1.5,31
345.0942077636719,49.19717788696289,9.839435577392578,1000.0,0.0,-0.2,1.0,-3.0,15.0,1.5,31
219.98519897460938,39.98479461669922,7.996958923339844,1000.0,0.0,-0.13333333333333333,-1.0,-2.0,-15.0,1.5,31
193.4149627685547,21.03403091430664,4.206806182861328,1000.0,0.0,-0.13333333333333333,-0.9333333333333333,-2.0,-14.0,1.5,31
199.61402893066406,24.80150604248047,4.960301208496094,1000.0,0.0,-0.13333333333333333,-0.8666666666666667,-2.0,-13.0,1.5,31
204.43971252441406,40.531742095947266,8.106348419189453,1000.0,0.0,-0.13333333333333333,-0.8,-2.0,-12.0,1.5,31
298.4825744628906,47.40894317626953,9.481788635253906,1000.0,0.0,-0.13333333333333333,-0.7333333333333333,-2.0,-11.0,1.5,31
302.2388610839844,31.31290626525879,6.262581253051758,1000.0,0.0,-0.13333333333333333,-0.6666666666666666,-2.0,-10.0,1.5,31
470.97308349609375,118.29583740234375,23.65916748046875,1000.0,0.0,-0.13333333333333333,-0.6,-2.0,-9.0,1.5,31
590.29736328125,150.1436004638672,30.028720092773437,1000.0,0.0,-0.13333333333333333,-0.5333333333333333,-2.0,-8.0,1.5,31
718.6961669921875,202.6004638671875,40.5200927734375,1000.0,0.0,-0.13333333333333333,-0.4666666666666667,-2.0,-7.0,1.5,31
706.4442138671875,279.4288330078125,55.8857666015625,1000.0,0.0,-0.13333333333333333,-0.4,-2.0,-6.0,1.5,31
832.4163208007812,176.76124572753906,35.35224914550781,1000.0,0.0,-0.13333333333333333,-0.3333333333333333,-2.0,-5.0,1.5,31
969.119873046875,15.918659210205078,3.1837318420410154,1000.0,0.0,-0.13333333333333333,-0.26666666666666666,-2.0,-4.0,1.5,31
975.70751953125,11.761276245117188,2.3522552490234374,1000.0,0.0,-0.13333333333333333,-0.2,-2.0,-3.0,1.5,31
978.18896484375,8.991375923156738,1.7982751846313476,1000.0,0.0,-0.13333333333333333,-0.13333333333333333,-2.0,-2.0,1.5,31
979.1543579101562,8.055325508117676,1.6110651016235351,1000.0,0.0,-0.13333333333333333,-0.06666666666666667,-2.0,-1.0,1.5,31
980.1748657226562,8.863643646240234,1.772728729248047,1000.0,0.0,-0.13333333333333333,0.0,-2.0,0.0,1.5,31
981.0567016601562,7.891651153564453,1.5783302307128906,1000.0,0.0,-0.13333333333333333,0.06666666666666667,-2.0,1.0,1.5,31
967.3674926757812,20.622516632080078,4.124503326416016,1000.0,0.0,-0.13333333333333333,0.13333333333333333,-2.0,2.0,1.5,31
737.5045166015625,358.9030456542969,71.78060913085938,1000.0,0.0,-0.13333333333333333,0.2,-2.0,3.0,1.5,31
792.4833374023438,308.2537841796875,61.6507568359375,1000.0,0.0,-0.13333333333333333,0.26666666666666666,-2.0,4.0,1.5,31
577.2109985351562,282.00152587890625,56.40030517578125,1000.0,0.0,-0.13333333333333333,0.3333333333333333,-2.0,5.0,1.5,31
240.8008575439453,53.912254333496094,10.782450866699218,1000.0,0.0,-0.13333333333333333,0.4,-2.0,6.0,1.5,31
209.5712432861328,36.360687255859375,7.272137451171875,1000.0,0.0,-0.13333333333333333,0.4666666666666667,-2.0,7.0,1.5,31
194.33302307128906,22.965560913085938,4.593112182617188,1000.0,0.0,-0.13333333333333333,0.5333333333333333,-2.0,8.0,1.5,31
207.8953857421875,29.98349952697754,5.9966999053955075,1000.0,0.0,-0.13333333333333333,0.6,-2.0,9.0,1.5,31
333.88323974609375,154.97007751464844,30.994015502929688,1000.0,0.0,-0.13333333333333333,0.6666666666666666,-2.0,10.0,1.5,31
354.81024169921875,77.63023376464844,15.526046752929688,1000.0,0.0,-0.13333333333333333,0.7333333333333333,-2.0,11.0,1.5,31
324.94830322265625,76.76074981689453,15.352149963378906,1000.0,0.0,-0.13333333333333333,0.8,-2.0,12.0,1.5,31
337.7300720214844,92.0006103515625,18.4001220703125,1000.0,0.0,-0.13333333333333333,0.8666666666666667,-2.0,13.0,1.5,31
301.7893981933594,84.70033264160156,16.940066528320312,1000.0,0.0,-0.13333333333333333,0.9333333333333333,-2.0,14.0,1.5,31
301.06195068359375,69.0149917602539,13.802998352050782,1000.0,0.0,-0.13333333333333333,1.0,-2.0,15.0,1.5,31
242.25128173828125,61.05225372314453,12.210450744628906,1000.0,0.0,-0.06666666666666667,-1.0,-1.0,-15.0,1.5,31
220.72259521484375,46.62805938720703,9.325611877441407,1000.0,0.0,-0.06666666666666667,-0.9333333333333333,-1.0,-14.0,1.5,31
204.78439331054688,26.3546142578125,5.2709228515625,1000.0,0.0,-0.06666666666666667,-0.8666666666666667,-1.0,-13.0,1.5,31
210.66725158691406,24.185752868652344,4.837150573730469,1000.0,0.0,-0.06666666666666667,-0.8,-1.0,-12.0,1.5,31
209.4167938232422,29.004426956176758,5.800885391235352,1000.0,0.0,-0.06666666666666667,-0.7333333333333333,-1.0,-11.0,1.5,31
300.6117248535156,42.722938537597656,8.544587707519531,1000.0,0.0,-0.06666666666666667,-0.6666666666666666,-1.0,-10.0,1.5,31
386.6727600097656,85.9937973022461,17.198759460449217,1000.0,0.0,-0.06666666666666667,-0.6,-1.0,-9.0,1.5,31
531.2810668945312,166.14825439453125,33.22965087890625,1000.0,0.0,-0.06666666666666667,-0.5333333333333333,-1.0,-8.0,1.5,31
728.9972534179688,231.90013122558594,46.380026245117186,1000.0,0.0,-0.06666666666666667,-0.4666666666666667,-1.0,-7.0,1.5,31
737.5662231445312,251.67979431152344,50.335958862304686,1000.0,0.0,-0.06666666666666667,-0.4,-1.0,-6.0,1.5,31
894.8760375976562,93.68962860107422,18.737925720214843,1000.0,0.0,-0.06666666666666667,-0.3333333333333333,-1.0,-5.0,1.5,31
970.8812255859375,13.568328857421875,2.713665771484375,1000.0,0.0,-0.06666666666666667,-0.26666666666666666,-1.0,-4.0,1.5,31
974.8534545898438,14.002044677734375,2.800408935546875,1000.0,0.0,-0.06666666666666667,-0.2,-1.0,-3.0,1.5,31
979.39892578125,8.929483413696289,1.7858966827392577,1000.0,0.0,-0.06666666666666667,-0.13333333333333333,-1.0,-2.0,1.5,31
980.6983642578125,6.864536285400391,1.3729072570800782,1000.0,0.0,-0.06666666666666667,-0.06666666666666667,-1.0,-1.0,1.5,31
982.8548583984375,5.331047534942627,1.0662095069885253,1000.0,0.0,-0.06666666666666667,0.0,-1.0,0.0,1.5,31
983.5731201171875,5.14877462387085,1.02975492477417,1000.0,0.0,-0.06666666666666667,0.06666666666666667,-1.0,1.0,1.5,31
976.7640380859375,11.37683391571045,2.27536678314209,1000.0,0.0,-0.06666666666666667,0.13333333333333333,-1.0,2.0,1.5,31
658.474853515625,369.14605712890625,73.82921142578125,1000.0,0.0,-0.06666666666666667,0.2,-1.0,3.0,1.5,31
834.652099609375,211.46202087402344,42.29240417480469,1000.0,0.0,-0.06666666666666667,0.26666666666666666,-1.0,4.0,1.5,31
337.65484619140625,98.50446319580078,19.700892639160156,1000.0,0.0,-0.06666666666666667,0.3333333333333333,-1.0,5.0,1.5,31
211.9502716064453,26.19866371154785,5.23973274230957,1000.0,0.0,-0.06666666666666667,0.4,-1.0,6.0,1.5,31
193.29685974121094,19.371437072753906,3.874287414550781,1000.0,0.0,-0.06666666666666667,0.4666666666666667,-1.0,7.0,1.5,31
203.32798767089844,29.360252380371094,5.872050476074219,1000.0,0.0,-0.06666666666666667,0.5333333333333333,-1.0,8.0,1.5,31
205.21804809570312,23.334016799926758,4.666803359985352,1000.0,0.0,-0.06666666666666667,0.6,-1.0,9.0,1.5,31
273.3900451660156,81.8330307006836,16.366606140136717,1000.0,0.0,-0.06666666666666667,0.6666666666666666,-1.0,10.0,1.5,31
276.42645263671875,80.45417785644531,16.090835571289062,1000.0,0.0,-0.06666666666666667,0.7333333333333333,-1.0,11.0,1.5,31
275.589599609375,84.03471374511719,16.806942749023438,1000.0,0.0,-0.06666666666666667,0.8,-1.0,12.0,1.5,31
353.10198974609375,86.49347686767578,17.298695373535157,1000.0,0.0,-0.06666666666666667,0.8666666666666667,-1.0,13.0,1.5,31
333.8008728027344,62.82402801513672,12.564805603027343,1000.0,0.0,-0.06666666666666667,0.9333333333333333,-1.0,14.0,1.5,31
306.9594421386719,75.57794189453125,15.11558837890625,1000.0,0.0,-0.06666666666666667,1.0,-1.0,15.0,1.5,31
254.50802612304688,44.005306243896484,8.801061248779297,1000.0,0.0,0.0,-1.0,0.0,-15.0,1.5,31
259.31085205078125,56.90400314331055,11.38080062866211,1000.0,0.0,0.0,-0.9333333333333333,0.0,-14.0,1.5,31
236.53240966796875,52.64738464355469,10.529476928710938,1000.0,0.0,0.0,-0.8666666666666667,0.0,-13.0,1.5,31
210.9253387451172,34.91423416137695,6.98284683227539,1000.0,0.0,0.0,-0.8,0.0,-12.0,1.5,31
217.53680419921875,33.56990432739258,6.713980865478516,1000.0,0.0,0.0,-0.7333333333333333,0.0,-11.0,1.5,31
205.28302001953125,25.46605682373047,5.093211364746094,1000.0,0.0,0.0,-0.6666666666666666,0.0,-10.0,1.5,31
263.4570007324219,50.49472427368164,10.098944854736327,1000.0,0.0,0.0,-0.6,0.0,-9.0,1.5,31
514.6537475585938,198.7786407470703,39.75572814941406,1000.0,0.0,0.0,-0.5333333333333333,0.0,-8.0,1.5,31
733.0574340820312,238.29112243652344,47.658224487304686,1000.0,0.0,0.0,-0.4666666666666667,0.0,-7.0,1.5,31
868.1821899414062,120.89974212646484,24.17994842529297,1000.0,0.0,0.0,-0.4,0.0,-6.0,1.5,31
872.1588134765625,114.25582885742188,22.851165771484375,1000.0,0.0,0.0,-0.3333333333333333,0.0,-5.0,1.5,31
969.5703125,14.543259620666504,2.908651924133301,1000.0,0.0,0.0,-0.26666666666666666,0.0,-4.0,1.5,31
979.95751953125,7.113852500915527,1.4227705001831055,1000.0,0.0,0.0,-0.2,0.0,-3.0,1.5,31
982.3013916015625,6.3981404304504395,1.279628086090088,1000.0,0.0,0.0,-0.13333333333333333,0.0,-2.0,1.5,31
983.7778930664062,4.605138778686523,0.9210277557373047,1000.0,0.0,0.0,-0.06666666666666667,0.0,-1.0,1.5,31
983.6779174804688,4.6711201667785645,0.9342240333557129,1000.0,0.0,0.0,0.0,0.0,0.0,1.5,31
983.1521606445312,5.581716537475586,1.1163433074951172,1000.0,0.0,0.0,0.06666666666666667,0.0,1.0,1.5,31
980.9325561523438,6.620887279510498,1.3241774559020996,1000.0,0.0,0.0,0.13333333333333333,0.0,2.0,1.5,31
934.3597412109375,104.74356842041016,20.94871368408203,1000.0,0.0,0.0,0.2,0.0,3.0,1.5,31
932.3024291992188,64.10001373291016,12.82000274658203,1000.0,0.0,0.0,0.26666666666666666,0.0,4.0,1.5,31
290.9530334472656,122.34674835205078,24.469349670410157,1000.0,0.0,0.0,0.3333333333333333,0.0,5.0,1.5,31
209.05593872070312,33.4129753112793,6.682595062255859,1000.0,0.0,0.0,0.4,0.0,6.0,1.5,31
201.6861572265625,41.407814025878906,8.281562805175781,1000.0,0.0,0.0,0.4666666666666667,0.0,7.0,1.5,31
228.35223388671875,51.351924896240234,10.270384979248046,1000.0,0.0,0.0,0.5333333333333333,0.0,8.0,1.5,31
215.2564239501953,38.588558197021484,7.717711639404297,1000.0,0.0,0.0,0.6,0.0,9.0,1.5,31
249.15829467773438,66.05484008789062,13.210968017578125,1000.0,0.0,0.0,0.6666666666666666,0.0,10.0,1.5,31
246.1472625732422,70.94325256347656,14.188650512695313,1000.0,0.0,0.0,0.7333333333333333,0.0,11.0,1.5,31
244.2375030517578,80.30889129638672,16.061778259277343,1000.0,0.0,0.0,0.8,0.0,12.0,1.5,31
269.9083557128906,76.36319732666016,15.27263946533203,1000.0,0.0,0.0,0.8666666666666667,0.0,13.0,1.5,31
281.68328857421875,71.4229736328125,14.2845947265625,1000.0,0.0,0.0,0.9333333333333333,0.0,14.0,1.5,31
277.79315185546875,75.12150573730469,15.024301147460937,1000.0,0.0,0.0,1.0,0.0,15.0,1.5,31
260.49102783203125,62.99827194213867,12.599654388427734,1000.0,0.0,0.06666666666666667,-1.0,1.0,-15.0,1.5,31
280.7536315917969,62.07897186279297,12.415794372558594,1000.0,0.0,0.06666666666666667,-0.9333333333333333,1.0,-14.0,1.5,31
224.2344512939453,39.58391571044922,7.916783142089844,1000.0,0.0,0.06666666666666667,-0.8666666666666667,1.0,-13.0,1.5,31
195.24639892578125,29.1195125579834,5.82390251159668,1000.0,0.0,0.06666666666666667,-0.8,1.0,-12.0,1.5,31
202.25216674804688,36.30634689331055,7.261269378662109,1000.0,0.0,0.06666666666666667,-0.7333333333333333,1.0,-11.0,1.5,31
209.58383178710938,43.006256103515625,8.601251220703125,1000.0,0.0,0.06666666666666667,-0.6666666666666666,1.0,-10.0,1.5,31
233.3042449951172,57.9611930847168,11.592238616943359,1000.0,0.0,0.06666666666666667,-0.6,1.0,-9.0,1.5,31
305.630615234375,54.167903900146484,10.833580780029298,1000.0,0.0,0.06666666666666667,-0.5333333333333333,1.0,-8.0,1.5,31
659.6388549804688,246.19911193847656,49.23982238769531,1000.0,0.0,0.06666666666666667,-0.4666666666666667,1.0,-7.0,1.5,31
856.1716918945312,131.48342895507812,26.296685791015626,1000.0,0.0,0.06666666666666667,-0.4,1.0,-6.0,1.5,31
855.10302734375,142.25302124023438,28.450604248046876,1000.0,0.0,0.06666666666666667,-0.3333333333333333,1.0,-5.0,1.5,31
962.0128173828125,23.64582061767578,4.729164123535156,1000.0,0.0,0.06666666666666667,-0.26666666666666666,1.0,-4.0,1.5,31
981.431884765625,6.960780620574951,1.3921561241149902,1000.0,0.0,0.06666666666666667,-0.2,1.0,-3.0,1.5,31
982.6669311523438,5.926961421966553,1.1853922843933105,1000.0,0.0,0.06666666666666667,-0.13333333333333333,1.0,-2.0,1.5,31
983.662353515625,4.929134845733643,0.9858269691467285,1000.0,0.0,0.06666666666666667,-0.06666666666666667,1.0,-1.0,1.5,31
983.2086791992188,4.644515037536621,0.9289030075073242,1000.0,0.0,0.06666666666666667,0.0,1.0,0.0,1.5,31
982.6800537109375,5.9814581871032715,1.1962916374206543,1000.0,0.0,0.06666666666666667,0.06666666666666667,1.0,1.0,1.5,31
979.8993530273438,8.26829719543457,1.6536594390869142,1000.0,0.0,0.06666666666666667,0.13333333333333333,1.0,2.0,1.5,31
917.0894775390625,200.47998046875,40.09599609375,1000.0,0.0,0.06666666666666667,0.2,1.0,3.0,1.5,31
671.484619140625,345.0350036621094,69.00700073242187,1000.0,0.0,0.06666666666666667,0.26666666666666666,1.0,4.0,1.5,31
325.96881103515625,210.54946899414062,42.109893798828125,1000.0,0.0,0.06666666666666667,0.3333333333333333,1.0,5.0,1.5,31
212.91127014160156,66.71392822265625,13.34278564453125,1000.0,0.0,0.06666666666666667,0.4,1.0,6.0,1.5,31
198.56053161621094,33.8460578918457,6.7692115783691404,1000.0,0.0,0.06666666666666667,0.4666666666666667,1.0,7.0,1.5,31
208.9574737548828,29.500919342041016,5.900183868408203,1000.0,0.0,0.06666666666666667,0.5333333333333333,1.0,8.0,1.5,31
208.7545166015625,27.907133102416992,5.581426620483398,1000.0,0.0,0.06666666666666667,0.6,1.0,9.0,1.5,31
213.5258331298828,53.662109375,10.732421875,1000.0,0.0,0.06666666666666667,0.6666666666666666,1.0,10.0,1.5,31
227.75599670410156,71.8812026977539,14.376240539550782,1000.0,0.0,0.06666666666666667,0.7333333333333333,1.0,11.0,1.5,31
235.89251708984375,79.4749984741211,15.894999694824218,1000.0,0.0,0.06666666666666667,0.8,1.0,12.0,1.5,31
254.2178192138672,72.32868194580078,14.465736389160156,1000.0,0.0,0.06666666666666667,0.8666666666666667,1.0,13.0,1.5,31
262.31219482421875,64.18852233886719,12.837704467773438,1000.0,0.0,0.06666666666666667,0.9333333333333333,1.0,14.0,1.5,31
262.5951232910156,61.63435363769531,12.326870727539063,1000.0,0.0,0.06666666666666667,1.0,1.0,15.0,1.5,31
308.58331298828125,57.07420349121094,11.414840698242188,1000.0,0.0,0.13333333333333333,-1.0,2.0,-15.0,1.5,31
283.6191101074219,85.25492858886719,17.050985717773436,1000.0,0.0,0.13333333333333333,-0.9333333333333333,2.0,-14.0,1.5,31
246.7158660888672,72.63822174072266,14.52764434814453,1000.0,0.0,0.13333333333333333,-0.8666666666666667,2.0,-13.0,1.5,31
217.9146270751953,28.892900466918945,5.778580093383789,1000.0,0.0,0.13333333333333333,-0.8,2.0,-12.0,1.5,31
225.9952392578125,59.17818069458008,11.835636138916016,1000.0,0.0,0.13333333333333333,-0.7333333333333333,2.0,-11.0,1.5,31
197.60284423828125,36.16766357421875,7.23353271484375,1000.0,0.0,0.13333333333333333,-0.6666666666666666,2.0,-10.0,1.5,31
256.51153564453125,102.94450378417969,20.588900756835937,1000.0,0.0,0.13333333333333333,-0.6,2.0,-9.0,1.5,31
251.59359741210938,45.37024688720703,9.074049377441407,1000.0,0.0,0.13333333333333333,-0.5333333333333333,2.0,-8.0,1.5,31
537.0206909179688,225.15884399414062,45.031768798828125,1000.0,0.0,0.13333333333333333,-0.4666666666666667,2.0,-7.0,1.5,31
835.6732788085938,156.44308471679688,31.288616943359376,1000.0,0.0,0.13333333333333333,-0.4,2.0,-6.0,1.5,31
846.94384765625,150.89605712890625,30.17921142578125,1000.0,0.0,0.13333333333333333,-0.3333333333333333,2.0,-5.0,1.5,31
930.5245361328125,56.58207702636719,11.316415405273437,1000.0,0.0,0.13333333333333333,-0.26666666666666666,2.0,-4.0,1.5,31
972.4771728515625,14.650389671325684,2.9300779342651366,1000.0,0.0,0.13333333333333333,-0.2,2.0,-3.0,1.5,31
982.2345581054688,6.529188632965088,1.3058377265930177,1000.0,0.0,0.13333333333333333,-0.13333333333333333,2.0,-2.0,1.5,31
981.92333984375,7.502507209777832,1.5005014419555665,1000.0,0.0,0.13333333333333333,-0.06666666666666667,2.0,-1.0,1.5,31
982.450439453125,7.418680667877197,1.4837361335754395,1000.0,0.0,0.13333333333333333,0.0,2.0,0.0,1.5,31
981.9862670898438,6.286344051361084,1.2572688102722167,1000.0,0.0,0.13333333333333333,0.06666666666666667,2.0,1.0,1.5,31
918.4564208984375,218.421875,43.684375,1000.0,0.0,0.13333333333333333,0.13333333333333333,2.0,2.0,1.5,31
690.7547607421875,359.1930847167969,71.83861694335937,1000.0,0.0,0.13333333333333333,0.2,2.0,3.0,1.5,31
577.0548706054688,385.7629699707031,77.15259399414063,1000.0,0.0,0.13333333333333333,0.26666666666666666,2.0,4.0,1.5,31
406.438232421875,271.8095703125,54.3619140625,1000.0,0.0,0.13333333333333333,0.3333333333333333,2.0,5.0,1.5,31
210.01553344726562,56.07386016845703,11.214772033691407,1000.0,0.0,0.13333333333333333,0.4,2.0,6.0,1.5,31
211.91729736328125,46.91409683227539,9.382819366455077,1000.0,0.0,0.13333333333333333,0.4666666666666667,2.0,7.0,1.5,31
210.3614501953125,17.942535400390625,3.588507080078125,1000.0,0.0,0.13333333333333333,0.5333333333333333,2.0,8.0,1.5,31
208.46298217773438,46.429290771484375,9.285858154296875,1000.0,0.0,0.13333333333333333,0.6,2.0,9.0,1.5,31
218.43922424316406,57.43964385986328,11.487928771972657,1000.0,0.0,0.13333333333333333,0.6666666666666666,2.0,10.0,1.5,31
214.67652893066406,55.48598098754883,11.097196197509765,1000.0,0.0,0.13333333333333333,0.7333333333333333,2.0,11.0,1.5,31
228.13197326660156,47.59929656982422,9.519859313964844,1000.0,0.0,0.13333333333333333,0.8,2.0,12.0,1.5,31
238.5625457763672,57.52216339111328,11.504432678222656,1000.0,0.0,0.13333333333333333,0.8666666666666667,2.0,13.0,1.5,31
239.67166137695312,39.22449493408203,7.844898986816406,1000.0,0.0,0.13333333333333333,0.9333333333333333,2.0,14.0,1.5,31
213.51918029785156,37.802066802978516,7.560413360595703,1000.0,0.0,0.13333333333333333,1.0,2.0,15.0,1.5,31
314.740234375,91.82391357421875,18.36478271484375,1000.0,0.0,0.2,-1.0,3.0,-15.0,1.5,31
304.2220458984375,85.09553527832031,17.019107055664062,1000.0,0.0,0.2,-0.9333333333333333,3.0,-14.0,1.5,31
263.42132568359375,65.44544982910156,13.089089965820312,1000.0,0.0,0.2,-0.8666666666666667,3.0,-13.0,1.5,31
227.40428161621094,52.40602493286133,10.481204986572266,1000.0,0.0,0.2,-0.8,3.0,-12.0,1.5,31
257.9429016113281,104.5765609741211,20.915312194824217,1000.0,0.0,0.2,-0.7333333333333333,3.0,-11.0,1.5,31
209.53164672851562,40.378299713134766,8.075659942626952,1000.0,0.0,0.2,-0.6666666666666666,3.0,-10.0,1.5,31
242.2758331298828,49.06153106689453,9.812306213378907,1000.0,0.0,0.2,-0.6,3.0,-9.0,1.5,31
262.8324890136719,43.34510040283203,8.669020080566407,1000.0,0.0,0.2,-0.5333333333333333,3.0,-8.0,1.5,31
366.5552673339844,143.13519287109375,28.62703857421875,1000.0,0.0,0.2,-0.4666666666666667,3.0,-7.0,1.5,31
691.1636962890625,232.5196533203125,46.5039306640625,1000.0,0.0,0.2,-0.4,3.0,-6.0,1.5,31
774.8060302734375,214.24716186523438,42.849432373046874,1000.0,0.0,0.2,-0.3333333333333333,3.0,-5.0,1.5,31
872.658935546875,99.52223205566406,19.904446411132813,1000.0,0.0,0.2,-0.26666666666666666,3.0,-4.0,1.5,31
958.114013671875,24.71681785583496,4.9433635711669925,1000.0,0.0,0.2,-0.2,3.0,-3.0,1.5,31
981.40673828125,6.089182376861572,1.2178364753723145,1000.0,0.0,0.2,-0.13333333333333333,3.0,-2.0,1.5,31
981.83154296875,7.501230716705322,1.5002461433410645,1000.0,0.0,0.2,-0.06666666666666667,3.0,-1.0,1.5,31
980.9568481445312,10.273290634155273,2.054658126831055,1000.0,0.0,0.2,0.0,3.0,0.0,1.5,31
676.3421630859375,381.4328918457031,76.28657836914063,1000.0,0.0,0.2,0.06666666666666667,3.0,1.0,1.5,31
536.1116943359375,395.892578125,79.178515625,1000.0,0.0,0.2,0.13333333333333333,3.0,2.0,1.5,31
529.0772094726562,397.2515563964844,79.45031127929687,1000.0,0.0,0.2,0.2,3.0,3.0,1.5,31
613.4622802734375,395.4126281738281,79.08252563476563,1000.0,0.0,0.2,0.26666666666666666,3.0,4.0,1.5,31
434.799072265625,272.1689147949219,54.433782958984374,1000.0,0.0,0.2,0.3333333333333333,3.0,5.0,1.5,31
236.41233825683594,71.67066192626953,14.334132385253906,1000.0,0.0,0.2,0.4,3.0,6.0,1.5,31
215.03208923339844,31.903589248657227,6.380717849731445,1000.0,0.0,0.2,0.4666666666666667,3.0,7.0,1.5,31
220.47508239746094,33.38080596923828,6.676161193847657,1000.0,0.0,0.2,0.5333333333333333,3.0,8.0,1.5,31
198.74928283691406,35.84769821166992,7.1695396423339846,1000.0,0.0,0.2,0.6,3.0,9.0,1.5,31
201.19561767578125,38.54936981201172,7.709873962402344,1000.0,0.0,0.2,0.6666666666666666,3.0,10.0,1.5,31
220.7150421142578,52.47529983520508,10.495059967041016,1000.0,0.0,0.2,0.7333333333333333,3.0,11.0,1.5,31
227.00155639648438,47.536495208740234,9.507299041748047,1000.0,0.0,0.2,0.8,3.0,12.0,1.5,31
221.86386108398438,26.581579208374023,5.316315841674805,1000.0,0.0,0.2,0.8666666666666667,3.0,13.0,1.5,31
227.53411865234375,33.81254577636719,6.762509155273437,1000.0,0.0,0.2,0.9333333333333333,3.0,14.0,1.5,31
222.45765686035156,34.017967224121094,6.803593444824219,1000.0,0.0,0.2,1.0,3.0,15.0,1.5,31
326.66912841796875,76.02520751953125,15.20504150390625,1000.0,0.0,0.26666666666666666,-1.0,4.0,-15.0,1.5,31
284.04095458984375,89.03367614746094,17.806735229492187,1000.0,0.0,0.26666666666666666,-0.9333333333333333,4.0,-14.0,1.5,31
284.8104553222656,86.79365539550781,17.358731079101563,1000.0,0.0,0.26666666666666666,-0.8666666666666667,4.0,-13.0,1.5,31
309.1205749511719,110.1629867553711,22.03259735107422,1000.0,0.0,0.26666666666666666,-0.8,4.0,-12.0,1.5,31
247.1289825439453,60.529232025146484,12.105846405029297,1000.0,0.0,0.26666666666666666,-0.7333333333333333,4.0,-11.0,1.5,31
285.19598388671875,129.2529296875,25.8505859375,1000.0,0.0,0.26666666666666666,-0.6666666666666666,4.0,-10.0,1.5,31
274.26092529296875,79.89209747314453,15.978419494628906,1000.0,0.0,0.26666666666666666,-0.6,4.0,-9.0,1.5,31
263.2920227050781,40.79287338256836,8.158574676513672,1000.0,0.0,0.26666666666666666,-0.5333333333333333,4.0,-8.0,1.5,31
317.1548767089844,55.56162643432617,11.112325286865234,1000.0,0.0,0.26666666666666666,-0.4666666666666667,4.0,-7.0,1.5,31
453.5078430175781,167.2060089111328,33.441201782226564,1000.0,0.0,0.26666666666666666,-0.4,4.0,-6.0,1.5,31
770.641357421875,178.9710693359375,35.7942138671875,1000.0,0.0,0.26666666666666666,-0.3333333333333333,4.0,-5.0,1.5,31
890.3605346679688,76.13101196289062,15.226202392578125,1000.0,0.0,0.26666666666666666,-0.26666666666666666,4.0,-4.0,1.5,31
955.7440795898438,20.83966827392578,4.167933654785156,1000.0,0.0,0.26666666666666666,-0.2,4.0,-3.0,1.5,31
979.776611328125,8.826148986816406,1.7652297973632813,1000.0,0.0,0.26666666666666666,-0.13333333333333333,4.0,-2.0,1.5,31
978.4972534179688,7.1987810134887695,1.439756202697754,1000.0,0.0,0.26666666666666666,-0.06666666666666667,4.0,-1.0,1.5,31
586.6034545898438,385.6333312988281,77.12666625976563,1000.0,0.0,0.26666666666666666,0.0,4.0,0.0,1.5,31
504.59832763671875,392.0636291503906,78.41272583007813,1000.0,0.0,0.26666666666666666,0.06666666666666667,4.0,1.0,1.5,31
585.3118896484375,396.0685729980469,79.21371459960938,1000.0,0.0,0.26666666666666666,0.13333333333333333,4.0,2.0,1.5,31
575.0658569335938,389.5638732910156,77.91277465820312,1000.0,0.0,0.26666666666666666,0.2,4.0,3.0,1.5,31
563.4010009765625,382.0690612792969,76.41381225585937,1000.0,0.0,0.26666666666666666,0.26666666666666666,4.0,4.0,1.5,31
248.3545684814453,104.44390106201172,20.888780212402345,1000.0,0.0,0.26666666666666666,0.3333333333333333,4.0,5.0,1.5,31
200.44808959960938,51.16238784790039,10.232477569580078,1000.0,0.0,0.26666666666666666,0.4,4.0,6.0,1.5,31
227.03408813476562,23.322589874267578,4.664517974853515,1000.0,0.0,0.26666666666666666,0.4666666666666667,4.0,7.0,1.5,31
211.70542907714844,27.25987434387207,5.451974868774414,1000.0,0.0,0.26666666666666666,0.5333333333333333,4.0,8.0,1.5,31
199.8190460205078,28.934785842895508,5.786957168579102,1000.0,0.0,0.26666666666666666,0.6,4.0,9.0,1.5,31
206.87319946289062,48.63793182373047,9.727586364746093,1000.0,0.0,0.26666666666666666,0.6666666666666666,4.0,10.0,1.5,31
222.873046875,56.33953857421875,11.26790771484375,1000.0,0.0,0.26666666666666666,0.7333333333333333,4.0,11.0,1.5,31
206.81021118164062,49.454288482666016,9.890857696533203,1000.0,0.0,0.26666666666666666,0.8,4.0,12.0,1.5,31
207.08944702148438,27.873577117919922,5.574715423583984,1000.0,0.0,0.26666666666666666,0.8666666666666667,4.0,13.0,1.5,31
210.9779510498047,28.515270233154297,5.703054046630859,1000.0,0.0,0.26666666666666666,0.9333333333333333,4.0,14.0,1.5,31
223.17835998535156,39.45527648925781,7.891055297851563,1000.0,0.0,0.26666666666666666,1.0,4.0,15.0,1.5,31
329.0816345214844,86.74971008300781,17.349942016601563,1000.0,0.0,0.3333333333333333,-1.0,5.0,-15.0,1.5,31
300.0513000488281,92.03404235839844,18.40680847167969,1000.0,0.0,0.3333333333333333,-0.9333333333333333,5.0,-14.0,1.5,31
287.5111083984375,81.55364227294922,16.310728454589842,1000.0,0.0,0.3333333333333333,-0.8666666666666667,5.0,-13.0,1.5,31
343.1781921386719,98.09974670410156,19.619949340820312,1000.0,0.0,0.3333333333333333,-0.8,5.0,-12.0,1.5,31
286.1850280761719,110.40804290771484,22.08160858154297,1000.0,0.0,0.3333333333333333,-0.7333333333333333,5.0,-11.0,1.5,31
303.9120788574219,144.1415557861328,28.828311157226562,1000.0,0.0,0.3333333333333333,-0.6666666666666666,5.0,-10.0,1.5,31
281.3334655761719,93.63196563720703,18.726393127441405,1000.0,0.0,0.3333333333333333,-0.6,5.0,-9.0,1.5,31
267.1699523925781,61.05294418334961,12.210588836669922,1000.0,0.0,0.3333333333333333,-0.5333333333333333,5.0,-8.0,1.5,31
332.593505859375,87.50672912597656,17.501345825195312,1000.0,0.0,0.3333333333333333,-0.4666666666666667,5.0,-7.0,1.5,31
291.6138610839844,66.90457153320312,13.380914306640625,1000.0,0.0,0.3333333333333333,-0.4,5.0,-6.0,1.5,31
590.290283203125,167.4136505126953,33.482730102539065,1000.0,0.0,0.3333333333333333,-0.3333333333333333,5.0,-5.0,1.5,31
834.8071899414062,40.639678955078125,8.127935791015625,1000.0,0.0,0.3333333333333333,-0.26666666666666666,5.0,-4.0,1.5,31
855.779052734375,27.977888107299805,5.595577621459961,1000.0,0.0,0.3333333333333333,-0.2,5.0,-3.0,1.5,31
551.64111328125,331.8238525390625,66.3647705078125,1000.0,0.0,0.3333333333333333,-0.13333333333333333,5.0,-2.0,1.5,31
513.3287353515625,339.3160095214844,67.86320190429687,1000.0,0.0,0.3333333333333333,-0.06666666666666667,5.0,-1.0,1.5,31
429.1806640625,308.49530029296875,61.69906005859375,1000.0,0.0,0.3333333333333333,0.0,5.0,0.0,1.5,31
398.2381286621094,316.3464050292969,63.269281005859376,1000.0,0.0,0.3333333333333333,0.06666666666666667,5.0,1.0,1.5,31
464.6161193847656,313.363037109375,62.672607421875,1000.0,0.0,0.3333333333333333,0.13333333333333333,5.0,2.0,1.5,31
491.635009765625,313.16748046875,62.63349609375,1000.0,0.0,0.3333333333333333,0.2,5.0,3.0,1.5,31
527.71044921875,329.7140808105469,65.94281616210938,1000.0,0.0,0.3333333333333333,0.26666666666666666,5.0,4.0,1.5,31
231.3336944580078,78.52159118652344,15.704318237304687,1000.0,0.0,0.3333333333333333,0.3333333333333333,5.0,5.0,1.5,31
207.62640380859375,20.442523956298828,4.088504791259766,1000.0,0.0,0.3333333333333333,0.4,5.0,6.0,1.5,31
200.1235809326172,22.097816467285156,4.419563293457031,1000.0,0.0,0.3333333333333333,0.4666666666666667,5.0,7.0,1.5,31
204.99935913085938,26.11196517944336,5.222393035888672,1000.0,0.0,0.3333333333333333,0.5333333333333333,5.0,8.0,1.5,31
205.7901611328125,41.55734634399414,8.311469268798827,1000.0,0.0,0.3333333333333333,0.6,5.0,9.0,1.5,31
202.94956970214844,44.257591247558594,8.851518249511718,1000.0,0.0,0.3333333333333333,0.6666666666666666,5.0,10.0,1.5,31
213.10824584960938,63.946956634521484,12.789391326904298,1000.0,0.0,0.3333333333333333,0.7333333333333333,5.0,11.0,1.5,31
229.33880615234375,57.59345245361328,11.518690490722657,1000.0,0.0,0.3333333333333333,0.8,5.0,12.0,1.5,31
220.44383239746094,27.224300384521484,5.4448600769042965,1000.0,0.0,0.3333333333333333,0.8666666666666667,5.0,13.0,1.5,31
222.9371337890625,34.129703521728516,6.825940704345703,1000.0,0.0,0.3333333333333333,0.9333333333333333,5.0,14.0,1.5,31
242.82855224609375,50.79390335083008,10.158780670166015,1000.0,0.0,0.3333333333333333,1.0,5.0,15.0,1.5,31
287.7015380859375,71.54280090332031,14.308560180664063,1000.0,0.0,0.4,-1.0,6.0,-15.0,1.5,31
335.1396484375,58.625038146972656,11.725007629394531,1000.0,0.0,0.4,-0.9333333333333333,6.0,-14.0,1.5,31
318.653564453125,51.294803619384766,10.258960723876953,1000.0,0.0,0.4,-0.8666666666666667,6.0,-13.0,1.5,31
338.7445373535156,43.6157112121582,8.72314224243164,1000.0,0.0,0.4,-0.8,6.0,-12.0,1.5,31
286.068603515625,58.48538589477539,11.697077178955078,1000.0,0.0,0.4,-0.7333333333333333,6.0,-11.0,1.5,31
307.50213623046875,87.13451385498047,17.426902770996094,1000.0,0.0,0.4,-0.6666666666666666,6.0,-10.0,1.5,31
269.25604248046875,85.14132690429688,17.028265380859374,1000.0,0.0,0.4,-0.6,6.0,-9.0,1.5,31
259.6580810546875,43.91590118408203,8.783180236816406,1000.0,0.0,0.4,-0.5333333333333333,6.0,-8.0,1.5,31
307.1225891113281,76.99588775634766,15.399177551269531,1000.0,0.0,0.4,-0.4666666666666667,6.0,-7.0,1.5,31
315.37451171875,76.34229278564453,15.268458557128906,1000.0,0.0,0.4,-0.4,6.0,-6.0,1.5,31
323.4291687011719,86.22222137451172,17.244444274902342,1000.0,0.0,0.4,-0.3333333333333333,6.0,-5.0,1.5,31
537.3731079101562,140.77716064453125,28.15543212890625,1000.0,0.0,0.4,-0.26666666666666666,6.0,-4.0,1.5,31
633.2265625,36.396358489990234,7.2792716979980465,1000.0,0.0,0.4,-0.2,6.0,-3.0,1.5,31
365.3047180175781,186.9678955078125,37.3935791015625,1000.0,0.0,0.4,-0.13333333333333333,6.0,-2.0,1.5,31
349.8963623046875,203.9826202392578,40.79652404785156,1000.0,0.0,0.4,-0.06666666666666667,6.0,-1.0,1.5,31
274.77099609375,99.72021484375,19.94404296875,1000.0,0.0,0.4,0.0,6.0,0.0,1.5,31
298.686279296875,156.44943237304688,31.289886474609375,1000.0,0.0,0.4,0.06666666666666667,6.0,1.0,1.5,31
245.2987823486328,102.82352447509766,20.56470489501953,1000.0,0.0,0.4,0.13333333333333333,6.0,2.0,1.5,31
252.0409698486328,108.8363037109375,21.7672607421875,1000.0,0.0,0.4,0.2,6.0,3.0,1.5,31
283.4435729980469,139.8944854736328,27.978897094726562,1000.0,0.0,0.4,0.26666666666666666,6.0,4.0,1.5,31
236.58316040039062,79.24730682373047,15.849461364746094,1000.0,0.0,0.4,0.3333333333333333,6.0,5.0,1.5,31
207.0345458984375,18.804718017578125,3.760943603515625,1000.0,0.0,0.4,0.4,6.0,6.0,1.5,31
198.33517456054688,19.0372314453125,3.8074462890625,1000.0,0.0,0.4,0.4666666666666667,6.0,7.0,1.5,31
201.01156616210938,27.469789505004883,5.493957901000977,1000.0,0.0,0.4,0.5333333333333333,6.0,8.0,1.5,31
206.1016845703125,49.10947799682617,9.821895599365234,1000.0,0.0,0.4,0.6,6.0,9.0,1.5,31
218.6859893798828,68.1406021118164,13.628120422363281,1000.0,0.0,0.4,0.6666666666666666,6.0,10.0,1.5,31
222.20555114746094,78.00830078125,15.60166015625,1000.0,0.0,0.4,0.7333333333333333,6.0,11.0,1.5,31
221.04312133789062,47.297882080078125,9.459576416015626,1000.0,0.0,0.4,0.8,6.0,12.0,1.5,31
213.3577117919922,27.97576332092285,5.59515266418457,1000.0,0.0,0.4,0.8666666666666667,6.0,13.0,1.5,31
224.7947235107422,37.24646759033203,7.449293518066407,1000.0,0.0,0.4,0.9333333333333333,6.0,14.0,1.5,31
237.4473876953125,39.94708251953125,7.98941650390625,1000.0,0.0,0.4,1.0,6.0,15.0,1.5,31
256.7147521972656,71.37529754638672,14.275059509277344,1000.0,0.0,0.4666666666666667,-1.0,7.0,-15.0,1.5,31
345.67816162109375,68.49979400634766,13.699958801269531,1000.0,0.0,0.4666666666666667,-0.9333333333333333,7.0,-14.0,1.5,31
342.99481201171875,43.79069900512695,8.75813980102539,1000.0,0.0,0.4666666666666667,-0.8666666666666667,7.0,-13.0,1.5,31
344.6270751953125,58.2099494934082,11.64198989868164,1000.0,0.0,0.4666666666666667,-0.8,7.0,-12.0,1.5,31
317.1241149902344,79.34224700927734,15.868449401855468,1000.0,0.0,0.4666666666666667,-0.7333333333333333,7.0,-11.0,1.5,31
304.9457092285156,67.68943786621094,13.537887573242188,1000.0,0.0,0.4666666666666667,-0.6666666666666666,7.0,-10.0,1.5,31
328.1965637207031,64.06657409667969,12.813314819335938,1000.0,0.0,0.4666666666666667,-0.6,7.0,-9.0,1.5,31
344.69281005859375,77.41681671142578,15.483363342285156,1000.0,0.0,0.4666666666666667,-0.5333333333333333,7.0,-8.0,1.5,31
315.7766418457031,87.02770233154297,17.405540466308594,1000.0,0.0,0.4666666666666667,-0.4666666666666667,7.0,-7.0,1.5,31
274.0674743652344,108.05087280273438,21.610174560546874,1000.0,0.0,0.4666666666666667,-0.4,7.0,-6.0,1.5,31
295.0609130859375,146.05723571777344,29.211447143554686,1000.0,0.0,0.4666666666666667,-0.3333333333333333,7.0,-5.0,1.5,31
376.5011291503906,127.48411560058594,25.496823120117188,1000.0,0.0,0.4666666666666667,-0.26666666666666666,7.0,-4.0,1.5,31
481.4114074707031,132.6851043701172,26.537020874023437,1000.0,0.0,0.4666666666666667,-0.2,7.0,-3.0,1.5,31
316.9834899902344,160.2474822998047,32.049496459960935,1000.0,0.0,0.4666666666666667,-0.13333333333333333,7.0,-2.0,1.5,31
306.3456115722656,170.9624481201172,34.19248962402344,1000.0,0.0,0.4666666666666667,-0.06666666666666667,7.0,-1.0,1.5,31
242.58616638183594,68.71216583251953,13.742433166503906,1000.0,0.0,0.4666666666666667,0.0,7.0,0.0,1.5,31
270.4902648925781,96.08514404296875,19.21702880859375,1000.0,0.0,0.4666666666666667,0.06666666666666667,7.0,1.0,1.5,31
218.77944946289062,62.547119140625,12.509423828125,1000.0,0.0,0.4666666666666667,0.13333333333333333,7.0,2.0,1.5,31
228.57374572753906,72.75591278076172,14.551182556152344,1000.0,0.0,0.4666666666666667,0.2,7.0,3.0,1.5,31
219.09048461914062,65.10835266113281,13.021670532226562,1000.0,0.0,0.4666666666666667,0.26666666666666666,7.0,4.0,1.5,31
209.94317626953125,34.645103454589844,6.929020690917969,1000.0,0.0,0.4666666666666667,0.3333333333333333,7.0,5.0,1.5,31
210.7302703857422,21.394638061523438,4.278927612304687,1000.0,0.0,0.4666666666666667,0.4,7.0,6.0,1.5,31
225.00193786621094,20.82707977294922,4.165415954589844,1000.0,0.0,0.4666666666666667,0.4666666666666667,7.0,7.0,1.5,31
246.53976440429688,46.60895538330078,9.321791076660157,1000.0,0.0,0.4666666666666667,0.5333333333333333,7.0,8.0,1.5,31
227.2456512451172,54.09960174560547,10.819920349121094,1000.0,0.0,0.4666666666666667,0.6,7.0,9.0,1.5,31
229.05682373046875,86.4099349975586,17.28198699951172,1000.0,0.0,0.4666666666666667,0.6666666666666666,7.0,10.0,1.5,31
210.00408935546875,59.4184684753418,11.88369369506836,1000.0,0.0,0.4666666666666667,0.7333333333333333,7.0,11.0,1.5,31
187.6446533203125,28.298126220703125,5.659625244140625,1000.0,0.0,0.4666666666666667,0.8,7.0,12.0,1.5,31
201.40487670898438,13.826210021972656,2.765242004394531,1000.0,0.0,0.4666666666666667,0.8666666666666667,7.0,13.0,1.5,31
205.35968017578125,27.355140686035156,5.471028137207031,1000.0,0.0,0.4666666666666667,0.9333333333333333,7.0,14.0,1.5,31
221.67689514160156,43.98813247680664,8.797626495361328,1000.0,0.0,0.4666666666666667,1.0,7.0,15.0,1.5,31
244.9342803955078,78.82527160644531,15.765054321289062,1000.0,0.0,0.5333333333333333,-1.0,8.0,-15.0,1.5,31
352.9693603515625,41.7830924987793,8.356618499755859,1000.0,0.0,0.5333333333333333,-0.9333333333333333,8.0,-14.0,1.5,31
359.0423889160156,70.39598846435547,14.079197692871094,1000.0,0.0,0.5333333333333333,-0.8666666666666667,8.0,-13.0,1.5,31
338.4644775390625,73.64077758789062,14.728155517578125,1000.0,0.0,0.5333333333333333,-0.8,8.0,-12.0,1.5,31
328.1596984863281,77.9479751586914,15.58959503173828,1000.0,0.0,0.5333333333333333,-0.7333333333333333,8.0,-11.0,1.5,31
318.1861877441406,82.41824340820312,16.483648681640624,1000.0,0.0,0.5333333333333333,-0.6666666666666666,8.0,-10.0,1.5,31
354.78924560546875,84.65849304199219,16.931698608398438,1000.0,0.0,0.5333333333333333,-0.6,8.0,-9.0,1.5,31
390.35137939453125,65.76165008544922,13.152330017089843,1000.0,0.0,0.5333333333333333,-0.5333333333333333,8.0,-8.0,1.5,31
345.2926940917969,143.58975219726562,28.717950439453126,1000.0,0.0,0.5333333333333333,-0.4666666666666667,8.0,-7.0,1.5,31
310.4854431152344,127.88117218017578,25.576234436035158,1000.0,0.0,0.5333333333333333,-0.4,8.0,-6.0,1.5,31
357.058837890625,142.0933380126953,28.418667602539063,1000.0,0.0,0.5333333333333333,-0.3333333333333333,8.0,-5.0,1.5,31
341.9228515625,114.67185974121094,22.934371948242188,1000.0,0.0,0.5333333333333333,-0.26666666666666666,8.0,-4.0,1.5,31
361.87677001953125,123.23834228515625,24.64766845703125,1000.0,0.0,0.5333333333333333,-0.2,8.0,-3.0,1.5,31
324.17462158203125,143.87838745117188,28.775677490234376,1000.0,0.0,0.5333333333333333,-0.13333333333333333,8.0,-2.0,1.5,31
294.7816162109375,120.84648895263672,24.169297790527345,1000.0,0.0,0.5333333333333333,-0.06666666666666667,8.0,-1.0,1.5,31
250.30645751953125,87.64305877685547,17.528611755371095,1000.0,0.0,0.5333333333333333,0.0,8.0,0.0,1.5,31
231.66070556640625,56.574607849121094,11.314921569824218,1000.0,0.0,0.5333333333333333,0.06666666666666667,8.0,1.0,1.5,31
231.4185333251953,61.44465255737305,12.288930511474609,1000.0,0.0,0.5333333333333333,0.13333333333333333,8.0,2.0,1.5,31
227.40415954589844,52.70671844482422,10.541343688964844,1000.0,0.0,0.5333333333333333,0.2,8.0,3.0,1.5,31
278.7472229003906,124.20599365234375,24.84119873046875,1000.0,0.0,0.5333333333333333,0.26666666666666666,8.0,4.0,1.5,31
202.0956268310547,21.416053771972656,4.283210754394531,1000.0,0.0,0.5333333333333333,0.3333333333333333,8.0,5.0,1.5,31
210.16773986816406,13.050278663635254,2.6100557327270506,1000.0,0.0,0.5333333333333333,0.4,8.0,6.0,1.5,31
249.0311279296875,50.728057861328125,10.145611572265626,1000.0,0.0,0.5333333333333333,0.4666666666666667,8.0,7.0,1.5,31
287.2471008300781,72.46575927734375,14.49315185546875,1000.0,0.0,0.5333333333333333,0.5333333333333333,8.0,8.0,1.5,31
243.64332580566406,69.6442642211914,13.928852844238282,1000.0,0.0,0.5333333333333333,0.6,8.0,9.0,1.5,31
229.29998779296875,69.83940124511719,13.967880249023438,1000.0,0.0,0.5333333333333333,0.6666666666666666,8.0,10.0,1.5,31
196.6337890625,29.206220626831055,5.841244125366211,1000.0,0.0,0.5333333333333333,0.7333333333333333,8.0,11.0,1.5,31
196.6845703125,35.2159309387207,7.043186187744141,1000.0,0.0,0.5333333333333333,0.8,8.0,12.0,1.5,31
194.07247924804688,30.67888832092285,6.1357776641845705,1000.0,0.0,0.5333333333333333,0.8666666666666667,8.0,13.0,1.5,31
189.24310302734375,13.935417175292969,2.7870834350585936,1000.0,0.0,0.5333333333333333,0.9333333333333333,8.0,14.0,1.5,31
200.46922302246094,25.34090805053711,5.0681816101074215,1000.0,0.0,0.5333333333333333,1.0,8.0,15.0,1.5,31
240.6912078857422,80.1233901977539,16.024678039550782,1000.0,0.0,0.6,-1.0,9.0,-15.0,1.5,31
321.44073486328125,60.71403884887695,12.142807769775391,1000.0,0.0,0.6,-0.9333333333333333,9.0,-14.0,1.5,31
341.62530517578125,44.280033111572266,8.856006622314453,1000.0,0.0,0.6,-0.8666666666666667,9.0,-13.0,1.5,31
329.8612365722656,69.45339965820312,13.890679931640625,1000.0,0.0,0.6,-0.8,9.0,-12.0,1.5,31
305.106201171875,73.9857177734375,14.7971435546875,1000.0,0.0,0.6,-0.7333333333333333,9.0,-11.0,1.5,31
300.0288391113281,85.30071258544922,17.060142517089844,1000.0,0.0,0.6,-0.6666666666666666,9.0,-10.0,1.5,31
328.9830322265625,95.68208312988281,19.136416625976562,1000.0,0.0,0.6,-0.6,9.0,-9.0,1.5,31
347.4497985839844,71.90089416503906,14.380178833007813,1000.0,0.0,0.6,-0.5333333333333333,9.0,-8.0,1.5,31
331.5962829589844,79.56739044189453,15.913478088378906,1000.0,0.0,0.6,-0.4666666666666667,9.0,-7.0,1.5,31
341.6254577636719,104.39920806884766,20.879841613769532,1000.0,0.0,0.6,-0.4,9.0,-6.0,1.5,31
384.9290771484375,106.22782897949219,21.245565795898436,1000.0,0.0,0.6,-0.3333333333333333,9.0,-5.0,1.5,31
390.4084777832031,104.36033630371094,20.872067260742188,1000.0,0.0,0.6,-0.26666666666666666,9.0,-4.0,1.5,31
323.8603820800781,100.67871856689453,20.135743713378908,1000.0,0.0,0.6,-0.2,9.0,-3.0,1.5,31
326.16534423828125,103.69819641113281,20.739639282226562,1000.0,0.0,0.6,-0.13333333333333333,9.0,-2.0,1.5,31
248.17474365234375,72.07109832763672,14.414219665527344,1000.0,0.0,0.6,-0.06666666666666667,9.0,-1.0,1.5,31
237.30337524414062,56.460777282714844,11.292155456542968,1000.0,0.0,0.6,0.0,9.0,0.0,1.5,31
219.57479858398438,46.43002700805664,9.286005401611328,1000.0,0.0,0.6,0.06666666666666667,9.0,1.0,1.5,31
228.2544403076172,68.60831451416016,13.721662902832032,1000.0,0.0,0.6,0.13333333333333333,9.0,2.0,1.5,31
229.1505889892578,56.69386672973633,11.338773345947265,1000.0,0.0,0.6,0.2,9.0,3.0,1.5,31
276.27215576171875,114.229736328125,22.845947265625,1000.0,0.0,0.6,0.26666666666666666,9.0,4.0,1.5,31
232.00723266601562,54.30538558959961,10.861077117919923,1000.0,0.0,0.6,0.3333333333333333,9.0,5.0,1.5,31
225.61988830566406,44.94953536987305,8.98990707397461,1000.0,0.0,0.6,0.4,9.0,6.0,1.5,31
267.125732421875,64.13058471679688,12.826116943359375,1000.0,0.0,0.6,0.4666666666666667,9.0,7.0,1.5,31
289.44989013671875,60.69694519042969,12.139389038085938,1000.0,0.0,0.6,0.5333333333333333,9.0,8.0,1.5,31
255.9597625732422,73.33100128173828,14.666200256347656,1000.0,0.0,0.6,0.6,9.0,9.0,1.5,31
244.9643096923828,91.63851165771484,18.32770233154297,1000.0,0.0,0.6,0.6666666666666666,9.0,10.0,1.5,31
221.7686309814453,68.59415435791016,13.718830871582032,1000.0,0.0,0.6,0.7333333333333333,9.0,11.0,1.5,31
200.55047607421875,42.16889953613281,8.433779907226562,1000.0,0.0,0.6,0.8,9.0,12.0,1.5,31
192.67701721191406,20.495086669921875,4.099017333984375,1000.0,0.0,0.6,0.8666666666666667,9.0,13.0,1.5,31
205.1947021484375,35.27518081665039,7.055036163330078,1000.0,0.0,0.6,0.9333333333333333,9.0,14.0,1.5,31
208.40054321289062,33.90718460083008,6.781436920166016,1000.0,0.0,0.6,1.0,9.0,15.0,1.5,31
291.9410095214844,65.03711700439453,13.007423400878906,1000.0,0.0,0.6666666666666666,-1.0,10.0,-15.0,1.5,31
287.26934814453125,66.45973205566406,13.291946411132812,1000.0,0.0,0.6666666666666666,-0.9333333333333333,10.0,-14.0,1.5,31
256.0096740722656,62.89251708984375,12.57850341796875,1000.0,0.0,0.6666666666666666,-0.8666666666666667,10.0,-13.0,1.5,31
315.4549560546875,31.78139305114746,6.356278610229492,1000.0,0.0,0.6666666666666666,-0.8,10.0,-12.0,1.5,31
319.146728515625,40.07773208618164,8.015546417236328,1000.0,0.0,0.6666666666666666,-0.7333333333333333,10.0,-11.0,1.5,31
365.6919860839844,65.96441650390625,13.19288330078125,1000.0,0.0,0.6666666666666666,-0.6666666666666666,10.0,-10.0,1.5,31
383.3847351074219,57.93169403076172,11.586338806152344,1000.0,0.0,0.6666666666666666,-0.6,10.0,-9.0,1.5,31
340.7596130371094,50.856056213378906,10.171211242675781,1000.0,0.0,0.6666666666666666,-0.5333333333333333,10.0,-8.0,1.5,31
331.1250915527344,68.68879699707031,13.737759399414063,1000.0,0.0,0.6666666666666666,-0.4666666666666667,10.0,-7.0,1.5,31
364.4658508300781,79.32768249511719,15.865536499023438,1000.0,0.0,0.6666666666666666,-0.4,10.0,-6.0,1.5,31
288.3795166015625,101.0097427368164,20.20194854736328,1000.0,0.0,0.6666666666666666,-0.3333333333333333,10.0,-5.0,1.5,31
443.50714111328125,105.42314147949219,21.084628295898437,1000.0,0.0,0.6666666666666666,-0.26666666666666666,10.0,-4.0,1.5,31
327.31365966796875,100.07335662841797,20.014671325683594,1000.0,0.0,0.6666666666666666,-0.2,10.0,-3.0,1.5,31
319.0157470703125,83.56092834472656,16.712185668945313,1000.0,0.0,0.6666666666666666,-0.13333333333333333,10.0,-2.0,1.5,31
231.98065185546875,59.123043060302734,11.824608612060548,1000.0,0.0,0.6666666666666666,-0.06666666666666667,10.0,-1.0,1.5,31
234.45164489746094,54.45171356201172,10.890342712402344,1000.0,0.0,0.6666666666666666,0.0,10.0,0.0,1.5,31
206.90667724609375,37.86168670654297,7.572337341308594,1000.0,0.0,0.6666666666666666,0.06666666666666667,10.0,1.0,1.5,31
218.13192749023438,40.02613830566406,8.005227661132812,1000.0,0.0,0.6666666666666666,0.13333333333333333,10.0,2.0,1.5,31
223.41177368164062,48.54591751098633,9.709183502197266,1000.0,0.0,0.6666666666666666,0.2,10.0,3.0,1.5,31
257.7626647949219,85.574462890625,17.114892578125,1000.0,0.0,0.6666666666666666,0.26666666666666666,10.0,4.0,1.5,31
236.24102783203125,63.375152587890625,12.675030517578126,1000.0,0.0,0.6666666666666666,0.3333333333333333,10.0,5.0,1.5,31
241.91404724121094,61.01487731933594,12.202975463867187,1000.0,0.0,0.6666666666666666,0.4,10.0,6.0,1.5,31
295.7803039550781,55.536155700683594,11.107231140136719,1000.0,0.0,0.6666666666666666,0.4666666666666667,10.0,7.0,1.5,31
308.0529479980469,64.45448303222656,12.890896606445313,1000.0,0.0,0.6666666666666666,0.5333333333333333,10.0,8.0,1.5,31
255.10398864746094,63.88551712036133,12.777103424072266,1000.0,0.0,0.6666666666666666,0.6,10.0,9.0,1.5,31
237.08497619628906,80.23002624511719,16.046005249023438,1000.0,0.0,0.6666666666666666,0.6666666666666666,10.0,10.0,1.5,31
218.5930633544922,44.47986602783203,8.895973205566406,1000.0,0.0,0.6666666666666666,0.7333333333333333,10.0,11.0,1.5,31
226.9371337890625,87.97240447998047,17.594480895996092,1000.0,0.0,0.6666666666666666,0.8,10.0,12.0,1.5,31
224.86997985839844,70.83596801757812,14.167193603515624,1000.0,0.0,0.6666666666666666,0.8666666666666667,10.0,13.0,1.5,31
229.79066467285156,60.19081115722656,12.038162231445312,1000.0,0.0,0.6666666666666666,0.9333333333333333,10.0,14.0,1.5,31
243.10858154296875,57.92465591430664,11.584931182861329,1000.0,0.0,0.6666666666666666,1.0,10.0,15.0,1.5,31
275.94610595703125,66.46205139160156,13.292410278320313,1000.0,0.0,0.7333333333333333,-1.0,11.0,-15.0,1.5,31
272.8746337890625,62.280025482177734,12.456005096435547,1000.0,0.0,0.7333333333333333,-0.9333333333333333,11.0,-14.0,1.5,31
294.28289794921875,71.86257934570312,14.372515869140624,1000.0,0.0,0.7333333333333333,-0.8666666666666667,11.0,-13.0,1.5,31
297.07208251953125,56.613365173339844,11.322673034667968,1000.0,0.0,0.7333333333333333,-0.8,11.0,-12.0,1.5,31
362.6728210449219,50.08026123046875,10.01605224609375,1000.0,0.0,0.7333333333333333,-0.7333333333333333,11.0,-11.0,1.5,31
381.4590759277344,32.43138885498047,6.486277770996094,1000.0,0.0,0.7333333333333333,-0.6666666666666666,11.0,-10.0,1.5,31
368.49456787109375,61.93051528930664,12.386103057861328,1000.0,0.0,0.7333333333333333,-0.6,11.0,-9.0,1.5,31
345.5810852050781,81.94071960449219,16.388143920898436,1000.0,0.0,0.7333333333333333,-0.5333333333333333,11.0,-8.0,1.5,31
326.895751953125,53.550453186035156,10.710090637207031,1000.0,0.0,0.7333333333333333,-0.4666666666666667,11.0,-7.0,1.5,31
349.8916320800781,65.68265533447266,13.13653106689453,1000.0,0.0,0.7333333333333333,-0.4,11.0,-6.0,1.5,31
320.323974609375,82.84464263916016,16.568928527832032,1000.0,0.0,0.7333333333333333,-0.3333333333333333,11.0,-5.0,1.5,31
391.04412841796875,102.46952819824219,20.49390563964844,1000.0,0.0,0.7333333333333333,-0.26666666666666666,11.0,-4.0,1.5,31
329.42449951171875,113.12688446044922,22.625376892089843,1000.0,0.0,0.7333333333333333,-0.2,11.0,-3.0,1.5,31
306.22650146484375,86.29209899902344,17.258419799804688,1000.0,0.0,0.7333333333333333,-0.13333333333333333,11.0,-2.0,1.5,31
237.74609375,63.34886932373047,12.669773864746094,1000.0,0.0,0.7333333333333333,-0.06666666666666667,11.0,-1.0,1.5,31
234.66912841796875,57.57609558105469,11.515219116210938,1000.0,0.0,0.7333333333333333,0.0,11.0,0.0,1.5,31
214.34097290039062,38.536991119384766,7.707398223876953,1000.0,0.0,0.7333333333333333,0.06666666666666667,11.0,1.0,1.5,31
219.15518188476562,45.78610610961914,9.157221221923828,1000.0,0.0,0.7333333333333333,0.13333333333333333,11.0,2.0,1.5,31
213.62973022460938,41.643577575683594,8.328715515136718,1000.0,0.0,0.7333333333333333,0.2,11.0,3.0,1.5,31
245.02740478515625,69.92890930175781,13.985781860351562,1000.0,0.0,0.7333333333333333,0.26666666666666666,11.0,4.0,1.5,31
261.2674560546875,94.46017456054688,18.892034912109374,1000.0,0.0,0.7333333333333333,0.3333333333333333,11.0,5.0,1.5,31
288.75750732421875,87.2795181274414,17.455903625488283,1000.0,0.0,0.7333333333333333,0.4,11.0,6.0,1.5,31
329.6697692871094,80.23796081542969,16.047592163085938,1000.0,0.0,0.7333333333333333,0.4666666666666667,11.0,7.0,1.5,31
315.9690856933594,92.60205078125,18.52041015625,1000.0,0.0,0.7333333333333333,0.5333333333333333,11.0,8.0,1.5,31
274.95904541015625,101.0069580078125,20.2013916015625,1000.0,0.0,0.7333333333333333,0.6,11.0,9.0,1.5,31
242.90306091308594,70.63077545166016,14.12615509033203,1000.0,0.0,0.7333333333333333,0.6666666666666666,11.0,10.0,1.5,31
264.3238525390625,95.78874206542969,19.157748413085937,1000.0,0.0,0.7333333333333333,0.7333333333333333,11.0,11.0,1.5,31
216.11732482910156,44.45893859863281,8.891787719726562,1000.0,0.0,0.7333333333333333,0.8,11.0,12.0,1.5,31
223.6187286376953,77.6978759765625,15.5395751953125,1000.0,0.0,0.7333333333333333,0.8666666666666667,11.0,13.0,1.5,31
223.72567749023438,65.7494888305664,13.14989776611328,1000.0,0.0,0.7333333333333333,0.9333333333333333,11.0,14.0,1.5,31
268.3691711425781,89.79517364501953,17.959034729003907,1000.0,0.0,0.7333333333333333,1.0,11.0,15.0,1.5,31
295.0302734375,71.27106475830078,14.254212951660156,1000.0,0.0,0.8,-1.0,12.0,-15.0,1.5,31
277.8081359863281,70.32516479492188,14.065032958984375,1000.0,0.0,0.8,-0.9333333333333333,12.0,-14.0,1.5,31
286.80242919921875,81.56706237792969,16.313412475585938,1000.0,0.0,0.8,-0.8666666666666667,12.0,-13.0,1.5,31
299.0757141113281,69.02459716796875,13.80491943359375,1000.0,0.0,0.8,-0.8,12.0,-12.0,1.5,31
354.0857849121094,60.97637939453125,12.19527587890625,1000.0,0.0,0.8,-0.7333333333333333,12.0,-11.0,1.5,31
387.000732421875,38.62064743041992,7.724129486083984,1000.0,0.0,0.8,-0.6666666666666666,12.0,-10.0,1.5,31
399.8178405761719,39.49796676635742,7.899593353271484,1000.0,0.0,0.8,-0.6,12.0,-9.0,1.5,31
349.5705871582031,67.96080780029297,13.592161560058594,1000.0,0.0,0.8,-0.5333333333333333,12.0,-8.0,1.5,31
372.3421630859375,28.5162353515625,5.7032470703125,1000.0,0.0,0.8,-0.4666666666666667,12.0,-7.0,1.5,31
375.66241455078125,70.64356994628906,14.128713989257813,1000.0,0.0,0.8,-0.4,12.0,-6.0,1.5,31
311.3304748535156,77.21708679199219,15.443417358398438,1000.0,0.0,0.8,-0.3333333333333333,12.0,-5.0,1.5,31
350.26336669921875,113.53318786621094,22.706637573242187,1000.0,0.0,0.8,-0.26666666666666666,12.0,-4.0,1.5,31
301.6160888671875,101.0279312133789,20.205586242675782,1000.0,0.0,0.8,-0.2,12.0,-3.0,1.5,31
279.33013916015625,57.42106246948242,11.484212493896484,1000.0,0.0,0.8,-0.13333333333333333,12.0,-2.0,1.5,31
253.03831481933594,64.02830505371094,12.805661010742188,1000.0,0.0,0.8,-0.06666666666666667,12.0,-1.0,1.5,31
215.06231689453125,40.15982437133789,8.031964874267578,1000.0,0.0,0.8,0.0,12.0,0.0,1.5,31
222.87310791015625,41.22145080566406,8.244290161132813,1000.0,0.0,0.8,0.06666666666666667,12.0,1.0,1.5,31
216.6785888671875,44.695674896240234,8.939134979248047,1000.0,0.0,0.8,0.13333333333333333,12.0,2.0,1.5,31
226.71971130371094,65.50048828125,13.10009765625,1000.0,0.0,0.8,0.2,12.0,3.0,1.5,31
263.9355773925781,78.00214385986328,15.600428771972656,1000.0,0.0,0.8,0.26666666666666666,12.0,4.0,1.5,31
256.10675048828125,71.73982238769531,14.347964477539062,1000.0,0.0,0.8,0.3333333333333333,12.0,5.0,1.5,31
299.0776062011719,72.40164947509766,14.480329895019532,1000.0,0.0,0.8,0.4,12.0,6.0,1.5,31
298.01177978515625,82.1862564086914,16.43725128173828,1000.0,0.0,0.8,0.4666666666666667,12.0,7.0,1.5,31
357.344970703125,95.45490264892578,19.090980529785156,1000.0,0.0,0.8,0.5333333333333333,12.0,8.0,1.5,31
302.7130126953125,89.25505828857422,17.851011657714842,1000.0,0.0,0.8,0.6,12.0,9.0,1.5,31
263.3927001953125,87.08234405517578,17.416468811035156,1000.0,0.0,0.8,0.6666666666666666,12.0,10.0,1.5,31
233.7231903076172,61.782955169677734,12.356591033935548,1000.0,0.0,0.8,0.7333333333333333,12.0,11.0,1.5,31
223.5984344482422,44.638465881347656,8.927693176269532,1000.0,0.0,0.8,0.8,12.0,12.0,1.5,31
222.8461456298828,64.57474517822266,12.914949035644531,1000.0,0.0,0.8,0.8666666666666667,12.0,13.0,1.5,31
215.56715393066406,65.03411865234375,13.00682373046875,1000.0,0.0,0.8,0.9333333333333333,12.0,14.0,1.5,31
242.4077606201172,72.23593139648438,14.447186279296876,1000.0,0.0,0.8,1.0,12.0,15.0,1.5,31
290.3704833984375,67.12748718261719,13.425497436523438,1000.0,0.0,0.8666666666666667,-1.0,13.0,-15.0,1.5,31
284.553955078125,74.55986022949219,14.911972045898438,1000.0,0.0,0.8666666666666667,-0.9333333333333333,13.0,-14.0,1.5,31
273.8297119140625,81.49124145507812,16.298248291015625,1000.0,0.0,0.8666666666666667,-0.8666666666666667,13.0,-13.0,1.5,31
317.61749267578125,94.06404113769531,18.812808227539062,1000.0,0.0,0.8666666666666667,-0.8,13.0,-12.0,1.5,31
332.8319396972656,99.851318359375,19.970263671875,1000.0,0.0,0.8666666666666667,-0.7333333333333333,13.0,-11.0,1.5,31
383.4514465332031,90.91908264160156,18.183816528320314,1000.0,0.0,0.8666666666666667,-0.6666666666666666,13.0,-10.0,1.5,31
391.4345397949219,64.15363311767578,12.830726623535156,1000.0,0.0,0.8666666666666667,-0.6,13.0,-9.0,1.5,31
365.9895324707031,72.83258819580078,14.566517639160157,1000.0,0.0,0.8666666666666667,-0.5333333333333333,13.0,-8.0,1.5,31
375.45758056640625,61.119056701660156,12.22381134033203,1000.0,0.0,0.8666666666666667,-0.4666666666666667,13.0,-7.0,1.5,31
354.05682373046875,80.42781066894531,16.08556213378906,1000.0,0.0,0.8666666666666667,-0.4,13.0,-6.0,1.5,31
342.9886779785156,86.31985473632812,17.263970947265626,1000.0,0.0,0.8666666666666667,-0.3333333333333333,13.0,-5.0,1.5,31
260.2232360839844,78.89494323730469,15.778988647460938,1000.0,0.0,0.8666666666666667,-0.26666666666666666,13.0,-4.0,1.5,31
296.90802001953125,103.69520568847656,20.739041137695313,1000.0,0.0,0.8666666666666667,-0.2,13.0,-3.0,1.5,31
321.3871765136719,102.24056243896484,20.44811248779297,1000.0,0.0,0.8666666666666667,-0.13333333333333333,13.0,-2.0,1.5,31
258.59429931640625,89.19390869140625,17.83878173828125,1000.0,0.0,0.8666666666666667,-0.06666666666666667,13.0,-1.0,1.5,31
295.0410461425781,81.21366119384766,16.24273223876953,1000.0,0.0,0.8666666666666667,0.0,13.0,0.0,1.5,31
347.7817077636719,52.99746322631836,10.599492645263672,1000.0,0.0,0.8666666666666667,0.06666666666666667,13.0,1.0,1.5,31
350.9342041015625,38.26042175292969,7.6520843505859375,1000.0,0.0,0.8666666666666667,0.13333333333333333,13.0,2.0,1.5,31
376.0331726074219,53.535118103027344,10.707023620605469,1000.0,0.0,0.8666666666666667,0.2,13.0,3.0,1.5,31
287.1410217285156,92.26349639892578,18.452699279785158,1000.0,0.0,0.8666666666666667,0.26666666666666666,13.0,4.0,1.5,31
279.5410461425781,95.13904571533203,19.027809143066406,1000.0,0.0,0.8666666666666667,0.3333333333333333,13.0,5.0,1.5,31
310.0895080566406,100.82711029052734,20.16542205810547,1000.0,0.0,0.8666666666666667,0.4,13.0,6.0,1.5,31
355.1475830078125,94.6007308959961,18.920146179199218,1000.0,0.0,0.8666666666666667,0.4666666666666667,13.0,7.0,1.5,31
293.5628662109375,106.75074005126953,21.350148010253907,1000.0,0.0,0.8666666666666667,0.5333333333333333,13.0,8.0,1.5,31
267.60894775390625,92.70149993896484,18.54029998779297,1000.0,0.0,0.8666666666666667,0.6,13.0,9.0,1.5,31
269.8084716796875,79.14643096923828,15.829286193847656,1000.0,0.0,0.8666666666666667,0.6666666666666666,13.0,10.0,1.5,31
254.2738494873047,84.46101379394531,16.89220275878906,1000.0,0.0,0.8666666666666667,0.7333333333333333,13.0,11.0,1.5,31
230.98973083496094,57.08666229248047,11.417332458496094,1000.0,0.0,0.8666666666666667,0.8,13.0,12.0,1.5,31
227.82395935058594,68.84119415283203,13.768238830566407,1000.0,0.0,0.8666666666666667,0.8666666666666667,13.0,13.0,1.5,31
229.66773986816406,47.62897491455078,9.525794982910156,1000.0,0.0,0.8666666666666667,0.9333333333333333,13.0,14.0,1.5,31
229.93060302734375,38.61640167236328,7.723280334472657,1000.0,0.0,0.8666666666666667,1.0,13.0,15.0,1.5,31
294.27337646484375,75.69276428222656,15.138552856445312,1000.0,0.0,0.9333333333333333,-1.0,14.0,-15.0,1.5,31
298.6529541015625,91.19328308105469,18.23865661621094,1000.0,0.0,0.9333333333333333,-0.9333333333333333,14.0,-14.0,1.5,31
290.5464782714844,88.8762435913086,17.775248718261718,1000.0,0.0,0.9333333333333333,-0.8666666666666667,14.0,-13.0,1.5,31
290.7049560546875,91.6578369140625,18.3315673828125,1000.0,0.0,0.9333333333333333,-0.8,14.0,-12.0,1.5,31
343.170166015625,104.0238037109375,20.8047607421875,1000.0,0.0,0.9333333333333333,-0.7333333333333333,14.0,-11.0,1.5,31
364.32635498046875,90.93998718261719,18.18799743652344,1000.0,0.0,0.9333333333333333,-0.6666666666666666,14.0,-10.0,1.5,31
388.4146728515625,95.22349548339844,19.044699096679686,1000.0,0.0,0.9333333333333333,-0.6,14.0,-9.0,1.5,31
371.3661193847656,71.39446258544922,14.278892517089844,1000.0,0.0,0.9333333333333333,-0.5333333333333333,14.0,-8.0,1.5,31
344.3755798339844,92.23391723632812,18.446783447265624,1000.0,0.0,0.9333333333333333,-0.4666666666666667,14.0,-7.0,1.5,31
337.143798828125,88.71268463134766,17.74253692626953,1000.0,0.0,0.9333333333333333,-0.4,14.0,-6.0,1.5,31
287.15728759765625,92.2427749633789,18.44855499267578,1000.0,0.0,0.9333333333333333,-0.3333333333333333,14.0,-5.0,1.5,31
279.4100341796875,83.65352630615234,16.73070526123047,1000.0,0.0,0.9333333333333333,-0.26666666666666666,14.0,-4.0,1.5,31
268.2486267089844,88.57913970947266,17.71582794189453,1000.0,0.0,0.9333333333333333,-0.2,14.0,-3.0,1.5,31
294.6181945800781,79.67805480957031,15.935610961914062,1000.0,0.0,0.9333333333333333,-0.13333333333333333,14.0,-2.0,1.5,31
313.5372314453125,95.73088073730469,19.146176147460938,1000.0,0.0,0.9333333333333333,-0.06666666666666667,14.0,-1.0,1.5,31
337.3928527832031,73.7357177734375,14.7471435546875,1000.0,0.0,0.9333333333333333,0.0,14.0,0.0,1.5,31
323.8243408203125,64.54479217529297,12.908958435058594,1000.0,0.0,0.9333333333333333,0.06666666666666667,14.0,1.0,1.5,31
378.118896484375,63.677371978759766,12.735474395751954,1000.0,0.0,0.9333333333333333,0.13333333333333333,14.0,2.0,1.5,31
433.8739929199219,69.72027587890625,13.94405517578125,1000.0,0.0,0.9333333333333333,0.2,14.0,3.0,1.5,31
388.6913146972656,82.25077056884766,16.450154113769532,1000.0,0.0,0.9333333333333333,0.26666666666666666,14.0,4.0,1.5,31
334.94647216796875,119.78003692626953,23.956007385253905,1000.0,0.0,0.9333333333333333,0.3333333333333333,14.0,5.0,1.5,31
351.6617126464844,121.74349212646484,24.34869842529297,1000.0,0.0,0.9333333333333333,0.4,14.0,6.0,1.5,31
355.9794921875,110.316650390625,22.063330078125,1000.0,0.0,0.9333333333333333,0.4666666666666667,14.0,7.0,1.5,31
298.4346923828125,106.83706665039062,21.367413330078126,1000.0,0.0,0.9333333333333333,0.5333333333333333,14.0,8.0,1.5,31
272.2203063964844,110.5325927734375,22.1065185546875,1000.0,0.0,0.9333333333333333,0.6,14.0,9.0,1.5,31
245.01654052734375,62.751190185546875,12.550238037109375,1000.0,0.0,0.9333333333333333,0.6666666666666666,14.0,10.0,1.5,31
250.79141235351562,72.45706176757812,14.491412353515624,1000.0,0.0,0.9333333333333333,0.7333333333333333,14.0,11.0,1.5,31
242.8546142578125,71.68098449707031,14.336196899414062,1000.0,0.0,0.9333333333333333,0.8,14.0,12.0,1.5,31
219.04119873046875,46.882930755615234,9.376586151123046,1000.0,0.0,0.9333333333333333,0.8666666666666667,14.0,13.0,1.5,31
232.9600067138672,80.82229614257812,16.164459228515625,1000.0,0.0,0.9333333333333333,0.9333333333333333,14.0,14.0,1.5,31
238.56317138671875,77.40335845947266,15.480671691894532,1000.0,0.0,0.9333333333333333,1.0,14.0,15.0,1.5,31
295.37701416015625,84.15806579589844,16.83161315917969,1000.0,0.0,1.0,-1.0,15.0,-15.0,1.5,31
280.6487731933594,79.45096588134766,15.89019317626953,1000.0,0.0,1.0,-0.9333333333333333,15.0,-14.0,1.5,31
304.9219970703125,88.04947662353516,17.609895324707033,1000.0,0.0,1.0,-0.8666666666666667,15.0,-13.0,1.5,31
331.8950500488281,90.05809020996094,18.011618041992186,1000.0,0.0,1.0,-0.8,15.0,-12.0,1.5,31
321.85040283203125,111.21882629394531,22.24376525878906,1000.0,0.0,1.0,-0.7333333333333333,15.0,-11.0,1.5,31
355.2422790527344,96.77043151855469,19.354086303710936,1000.0,0.0,1.0,-0.6666666666666666,15.0,-10.0,1.5,31
367.905517578125,64.52091979980469,12.904183959960937,1000.0,0.0,1.0,-0.6,15.0,-9.0,1.5,31
377.2550354003906,72.09803771972656,14.419607543945313,1000.0,0.0,1.0,-0.5333333333333333,15.0,-8.0,1.5,31
331.0646057128906,85.8829574584961,17.17659149169922,1000.0,0.0,1.0,-0.4666666666666667,15.0,-7.0,1.5,31
318.67645263671875,80.06304931640625,16.01260986328125,1000.0,0.0,1.0,-0.4,15.0,-6.0,1.5,31
300.8966979980469,74.78086853027344,14.956173706054688,1000.0,0.0,1.0,-0.3333333333333333,15.0,-5.0,1.5,31
284.16949462890625,75.76956939697266,15.153913879394532,1000.0,0.0,1.0,-0.26666666666666666,15.0,-4.0,1.5,31
310.7197570800781,74.14167022705078,14.828334045410156,1000.0,0.0,1.0,-0.2,15.0,-3.0,1.5,31
297.6224365234375,82.1368408203125,16.4273681640625,1000.0,0.0,1.0,-0.13333333333333333,15.0,-2.0,1.5,31
309.5494384765625,73.73948669433594,14.747897338867187,1000.0,0.0,1.0,-0.06666666666666667,15.0,-1.0,1.5,31
324.588134765625,65.1504898071289,13.030097961425781,1000.0,0.0,1.0,0.0,15.0,0.0,1.5,31
347.04229736328125,88.86359405517578,17.772718811035155,1000.0,0.0,1.0,0.06666666666666667,15.0,1.0,1.5,31
345.6522521972656,92.52232360839844,18.50446472167969,1000.0,0.0,1.0,0.13333333333333333,15.0,2.0,1.5,31
395.541259765625,105.03014373779297,21.006028747558595,1000.0,0.0,1.0,0.2,15.0,3.0,1.5,31
409.399658203125,81.4478759765625,16.2895751953125,1000.0,0.0,1.0,0.26666666666666666,15.0,4.0,1.5,31
403.0200500488281,85.13826751708984,17.02765350341797,1000.0,0.0,1.0,0.3333333333333333,15.0,5.0,1.5,31
356.1210021972656,110.4726333618164,22.09452667236328,1000.0,0.0,1.0,0.4,15.0,6.0,1.5,31
305.717529296875,96.70319366455078,19.340638732910158,1000.0,0.0,1.0,0.4666666666666667,15.0,7.0,1.5,31
323.2471008300781,111.80951690673828,22.361903381347656,1000.0,0.0,1.0,0.5333333333333333,15.0,8.0,1.5,31
289.6092834472656,91.31534576416016,18.26306915283203,1000.0,0.0,1.0,0.6,15.0,9.0,1.5,31
248.70809936523438,74.57669830322266,14.91533966064453,1000.0,0.0,1.0,0.6666666666666666,15.0,10.0,1.5,31
235.79037475585938,77.54594421386719,15.509188842773437,1000.0,0.0,1.0,0.7333333333333333,15.0,11.0,1.5,31
230.72451782226562,64.48428344726562,12.896856689453125,1000.0,0.0,1.0,0.8,15.0,12.0,1.5,31
218.39837646484375,41.894325256347656,8.378865051269532,1000.0,0.0,1.0,0.8666666666666667,15.0,13.0,1.5,31
207.92506408691406,44.82034683227539,8.964069366455078,1000.0,0.0,1.0,0.9333333333333333,15.0,14.0,1.5,31
208.33888244628906,35.38200378417969,7.0764007568359375,1000.0,0.0,1.0,1.0,15.0,15.0,1.5,31
