episode_rewards,episode_std_rewards,episode_stderr_rewards,episode_avg_len,episode_std_avg_len,dim0,dim1,offset1,offset2,magnitude,grid_size
177.58628845214844,11.166584014892578,2.2333168029785155,1000.0,0.0,-1.0,-1.0,-15.0,-15.0,3.0,31
176.47622680664062,10.497550010681152,2.0995100021362303,1000.0,0.0,-1.0,-0.9333333333333333,-15.0,-14.0,3.0,31
176.72271728515625,10.57225513458252,2.114451026916504,1000.0,0.0,-1.0,-0.8666666666666667,-15.0,-13.0,3.0,31
179.09136962890625,13.4525785446167,2.69051570892334,1000.0,0.0,-1.0,-0.8,-15.0,-12.0,3.0,31
175.5727996826172,8.687195777893066,1.7374391555786133,1000.0,0.0,-1.0,-0.7333333333333333,-15.0,-11.0,3.0,31
178.6387939453125,13.441865921020508,2.6883731842041017,1000.0,0.0,-1.0,-0.6666666666666666,-15.0,-10.0,3.0,31
179.6527557373047,13.608255386352539,2.721651077270508,1000.0,0.0,-1.0,-0.6,-15.0,-9.0,3.0,31
184.0742950439453,17.866241455078125,3.573248291015625,1000.0,0.0,-1.0,-0.5333333333333333,-15.0,-8.0,3.0,31
188.0636749267578,24.14288330078125,4.82857666015625,1000.0,0.0,-1.0,-0.4666666666666667,-15.0,-7.0,3.0,31
229.31056213378906,60.998085021972656,12.199617004394531,1000.0,0.0,-1.0,-0.4,-15.0,-6.0,3.0,31
294.56591796875,83.98224639892578,16.796449279785158,1000.0,0.0,-1.0,-0.3333333333333333,-15.0,-5.0,3.0,31
368.8447265625,76.54679870605469,15.309359741210937,1000.0,0.0,-1.0,-0.26666666666666666,-15.0,-4.0,3.0,31
305.7477111816406,93.97958374023438,18.795916748046874,1000.0,0.0,-1.0,-0.2,-15.0,-3.0,3.0,31
325.447998046875,80.70277404785156,16.14055480957031,1000.0,0.0,-1.0,-0.13333333333333333,-15.0,-2.0,3.0,31
333.375732421875,60.68960952758789,12.137921905517578,1000.0,0.0,-1.0,-0.06666666666666667,-15.0,-1.0,3.0,31
318.3245849609375,77.70590209960938,15.541180419921876,1000.0,0.0,-1.0,0.0,-15.0,0.0,3.0,31
317.3304443359375,77.84429931640625,15.56885986328125,1000.0,0.0,-1.0,0.06666666666666667,-15.0,1.0,3.0,31
313.45880126953125,48.10910415649414,9.621820831298828,1000.0,0.0,-1.0,0.13333333333333333,-15.0,2.0,3.0,31
317.3609619140625,67.09004974365234,13.418009948730468,1000.0,0.0,-1.0,0.2,-15.0,3.0,3.0,31
288.4813232421875,93.16362762451172,18.632725524902344,1000.0,0.0,-1.0,0.26666666666666666,-15.0,4.0,3.0,31
240.80885314941406,66.70372772216797,13.340745544433593,1000.0,0.0,-1.0,0.3333333333333333,-15.0,5.0,3.0,31
269.5931701660156,60.137229919433594,12.027445983886718,1000.0,0.0,-1.0,0.4,-15.0,6.0,3.0,31
246.93923950195312,41.58162307739258,8.316324615478516,1000.0,0.0,-1.0,0.4666666666666667,-15.0,7.0,3.0,31
240.54515075683594,25.571786880493164,5.114357376098633,1000.0,0.0,-1.0,0.5333333333333333,-15.0,8.0,3.0,31
243.85643005371094,28.88156509399414,5.776313018798828,1000.0,0.0,-1.0,0.6,-15.0,9.0,3.0,31
228.16448974609375,33.623085021972656,6.724617004394531,1000.0,0.0,-1.0,0.6666666666666666,-15.0,10.0,3.0,31
223.7963409423828,43.32145690917969,8.664291381835938,1000.0,0.0,-1.0,0.7333333333333333,-15.0,11.0,3.0,31
206.50515747070312,37.1416130065918,7.428322601318359,1000.0,0.0,-1.0,0.8,-15.0,12.0,3.0,31
197.60870361328125,31.126935958862305,6.225387191772461,1000.0,0.0,-1.0,0.8666666666666667,-15.0,13.0,3.0,31
200.48959350585938,29.808746337890625,5.961749267578125,1000.0,0.0,-1.0,0.9333333333333333,-15.0,14.0,3.0,31
198.11146545410156,27.392541885375977,5.478508377075196,1000.0,0.0,-1.0,1.0,-15.0,15.0,3.0,31
179.6920166015625,12.502198219299316,2.5004396438598633,1000.0,0.0,-0.9333333333333333,-1.0,-14.0,-15.0,3.0,31
178.2096710205078,12.046528816223145,2.409305763244629,1000.0,0.0,-0.9333333333333333,-0.9333333333333333,-14.0,-14.0,3.0,31
179.17787170410156,13.706509590148926,2.741301918029785,1000.0,0.0,-0.9333333333333333,-0.8666666666666667,-14.0,-13.0,3.0,31
179.42056274414062,14.320493698120117,2.8640987396240236,1000.0,0.0,-0.9333333333333333,-0.8,-14.0,-12.0,3.0,31
176.83798217773438,10.965593338012695,2.193118667602539,1000.0,0.0,-0.9333333333333333,-0.7333333333333333,-14.0,-11.0,3.0,31
180.31671142578125,13.373464584350586,2.674692916870117,1000.0,0.0,-0.9333333333333333,-0.6666666666666666,-14.0,-10.0,3.0,31
176.72503662109375,12.1505126953125,2.4301025390625,1000.0,0.0,-0.9333333333333333,-0.6,-14.0,-9.0,3.0,31
182.2772674560547,15.156749725341797,3.031349945068359,1000.0,0.0,-0.9333333333333333,-0.5333333333333333,-14.0,-8.0,3.0,31
182.02264404296875,15.369967460632324,3.0739934921264647,1000.0,0.0,-0.9333333333333333,-0.4666666666666667,-14.0,-7.0,3.0,31
215.0069122314453,47.107173919677734,9.421434783935547,1000.0,0.0,-0.9333333333333333,-0.4,-14.0,-6.0,3.0,31
270.0449523925781,80.06868743896484,16.01373748779297,1000.0,0.0,-0.9333333333333333,-0.3333333333333333,-14.0,-5.0,3.0,31
353.35430908203125,80.08914947509766,16.01782989501953,1000.0,0.0,-0.9333333333333333,-0.26666666666666666,-14.0,-4.0,3.0,31
308.4580993652344,84.16847229003906,16.833694458007812,1000.0,0.0,-0.9333333333333333,-0.2,-14.0,-3.0,3.0,31
369.2321472167969,65.32647705078125,13.06529541015625,1000.0,0.0,-0.9333333333333333,-0.13333333333333333,-14.0,-2.0,3.0,31
328.1151428222656,72.93623352050781,14.587246704101563,1000.0,0.0,-0.9333333333333333,-0.06666666666666667,-14.0,-1.0,3.0,31
305.0136413574219,63.942142486572266,12.788428497314452,1000.0,0.0,-0.9333333333333333,0.0,-14.0,0.0,3.0,31
292.1187438964844,64.66812896728516,12.933625793457031,1000.0,0.0,-0.9333333333333333,0.06666666666666667,-14.0,1.0,3.0,31
350.0912780761719,64.76415252685547,12.952830505371093,1000.0,0.0,-0.9333333333333333,0.13333333333333333,-14.0,2.0,3.0,31
298.4483642578125,88.87255859375,17.77451171875,1000.0,0.0,-0.9333333333333333,0.2,-14.0,3.0,3.0,31
271.93133544921875,67.86475372314453,13.572950744628907,1000.0,0.0,-0.9333333333333333,0.26666666666666666,-14.0,4.0,3.0,31
252.24783325195312,72.67971801757812,14.535943603515625,1000.0,0.0,-0.9333333333333333,0.3333333333333333,-14.0,5.0,3.0,31
252.41909790039062,58.030879974365234,11.606175994873047,1000.0,0.0,-0.9333333333333333,0.4,-14.0,6.0,3.0,31
231.9079132080078,43.04277801513672,8.608555603027344,1000.0,0.0,-0.9333333333333333,0.4666666666666667,-14.0,7.0,3.0,31
232.740234375,41.37456512451172,8.274913024902343,1000.0,0.0,-0.9333333333333333,0.5333333333333333,-14.0,8.0,3.0,31
221.11514282226562,41.58082580566406,8.316165161132812,1000.0,0.0,-0.9333333333333333,0.6,-14.0,9.0,3.0,31
223.28305053710938,34.613956451416016,6.922791290283203,1000.0,0.0,-0.9333333333333333,0.6666666666666666,-14.0,10.0,3.0,31
226.6058807373047,35.21434783935547,7.042869567871094,1000.0,0.0,-0.9333333333333333,0.7333333333333333,-14.0,11.0,3.0,31
203.5912628173828,34.83330535888672,6.966661071777343,1000.0,0.0,-0.9333333333333333,0.8,-14.0,12.0,3.0,31
195.05050659179688,27.105667114257812,5.421133422851563,1000.0,0.0,-0.9333333333333333,0.8666666666666667,-14.0,13.0,3.0,31
199.20892333984375,28.029626846313477,5.605925369262695,1000.0,0.0,-0.9333333333333333,0.9333333333333333,-14.0,14.0,3.0,31
199.58885192871094,28.532691955566406,5.706538391113281,1000.0,0.0,-0.9333333333333333,1.0,-14.0,15.0,3.0,31
195.4355926513672,19.316303253173828,3.8632606506347655,1000.0,0.0,-0.8666666666666667,-1.0,-13.0,-15.0,3.0,31
180.3082275390625,14.594969749450684,2.9189939498901367,1000.0,0.0,-0.8666666666666667,-0.9333333333333333,-13.0,-14.0,3.0,31
178.0068359375,11.570999145507812,2.3141998291015624,1000.0,0.0,-0.8666666666666667,-0.8666666666666667,-13.0,-13.0,3.0,31
177.47474670410156,9.45757007598877,1.8915140151977539,1000.0,0.0,-0.8666666666666667,-0.8,-13.0,-12.0,3.0,31
177.62197875976562,13.566183090209961,2.713236618041992,1000.0,0.0,-0.8666666666666667,-0.7333333333333333,-13.0,-11.0,3.0,31
178.55169677734375,11.736380577087402,2.3472761154174804,1000.0,0.0,-0.8666666666666667,-0.6666666666666666,-13.0,-10.0,3.0,31
179.80438232421875,14.691354751586914,2.9382709503173827,1000.0,0.0,-0.8666666666666667,-0.6,-13.0,-9.0,3.0,31
176.8974151611328,14.02000617980957,2.804001235961914,1000.0,0.0,-0.8666666666666667,-0.5333333333333333,-13.0,-8.0,3.0,31
186.09788513183594,18.31814956665039,3.663629913330078,1000.0,0.0,-0.8666666666666667,-0.4666666666666667,-13.0,-7.0,3.0,31
234.63450622558594,53.20577621459961,10.641155242919922,1000.0,0.0,-0.8666666666666667,-0.4,-13.0,-6.0,3.0,31
266.004150390625,85.99551391601562,17.199102783203124,1000.0,0.0,-0.8666666666666667,-0.3333333333333333,-13.0,-5.0,3.0,31
321.5093994140625,107.28250885009766,21.456501770019532,1000.0,0.0,-0.8666666666666667,-0.26666666666666666,-13.0,-4.0,3.0,31
339.4358215332031,86.68987274169922,17.337974548339844,1000.0,0.0,-0.8666666666666667,-0.2,-13.0,-3.0,3.0,31
391.1868896484375,46.29331970214844,9.258663940429688,1000.0,0.0,-0.8666666666666667,-0.13333333333333333,-13.0,-2.0,3.0,31
340.5780029296875,72.73760223388672,14.547520446777344,1000.0,0.0,-0.8666666666666667,-0.06666666666666667,-13.0,-1.0,3.0,31
322.92449951171875,55.77168273925781,11.154336547851562,1000.0,0.0,-0.8666666666666667,0.0,-13.0,0.0,3.0,31
303.7539978027344,75.02883911132812,15.005767822265625,1000.0,0.0,-0.8666666666666667,0.06666666666666667,-13.0,1.0,3.0,31
323.5399475097656,52.48448181152344,10.496896362304687,1000.0,0.0,-0.8666666666666667,0.13333333333333333,-13.0,2.0,3.0,31
313.9530334472656,100.09480285644531,20.018960571289064,1000.0,0.0,-0.8666666666666667,0.2,-13.0,3.0,3.0,31
251.93597412109375,34.593955993652344,6.918791198730469,1000.0,0.0,-0.8666666666666667,0.26666666666666666,-13.0,4.0,3.0,31
275.6553649902344,59.8299446105957,11.965988922119141,1000.0,0.0,-0.8666666666666667,0.3333333333333333,-13.0,5.0,3.0,31
233.02743530273438,46.50173568725586,9.300347137451173,1000.0,0.0,-0.8666666666666667,0.4,-13.0,6.0,3.0,31
227.69796752929688,53.098690032958984,10.619738006591797,1000.0,0.0,-0.8666666666666667,0.4666666666666667,-13.0,7.0,3.0,31
216.37411499023438,35.95562744140625,7.19112548828125,1000.0,0.0,-0.8666666666666667,0.5333333333333333,-13.0,8.0,3.0,31
219.28570556640625,41.91319274902344,8.382638549804687,1000.0,0.0,-0.8666666666666667,0.6,-13.0,9.0,3.0,31
222.60986328125,38.708824157714844,7.741764831542969,1000.0,0.0,-0.8666666666666667,0.6666666666666666,-13.0,10.0,3.0,31
211.75265502929688,34.198551177978516,6.839710235595703,1000.0,0.0,-0.8666666666666667,0.7333333333333333,-13.0,11.0,3.0,31
205.6087646484375,34.15319061279297,6.830638122558594,1000.0,0.0,-0.8666666666666667,0.8,-13.0,12.0,3.0,31
199.1800537109375,27.319944381713867,5.463988876342773,1000.0,0.0,-0.8666666666666667,0.8666666666666667,-13.0,13.0,3.0,31
199.98374938964844,28.685182571411133,5.737036514282226,1000.0,0.0,-0.8666666666666667,0.9333333333333333,-13.0,14.0,3.0,31
198.31103515625,29.486774444580078,5.8973548889160154,1000.0,0.0,-0.8666666666666667,1.0,-13.0,15.0,3.0,31
232.7351531982422,53.69954299926758,10.739908599853516,1000.0,0.0,-0.8,-1.0,-12.0,-15.0,3.0,31
211.0791778564453,42.08592224121094,8.417184448242187,1000.0,0.0,-0.8,-0.9333333333333333,-12.0,-14.0,3.0,31
183.3212890625,16.35943031311035,3.2718860626220705,1000.0,0.0,-0.8,-0.8666666666666667,-12.0,-13.0,3.0,31
178.8265838623047,11.509007453918457,2.3018014907836912,1000.0,0.0,-0.8,-0.8,-12.0,-12.0,3.0,31
175.82354736328125,10.07060432434082,2.014120864868164,1000.0,0.0,-0.8,-0.7333333333333333,-12.0,-11.0,3.0,31
177.6384735107422,10.234084129333496,2.046816825866699,1000.0,0.0,-0.8,-0.6666666666666666,-12.0,-10.0,3.0,31
176.38453674316406,9.986693382263184,1.9973386764526366,1000.0,0.0,-0.8,-0.6,-12.0,-9.0,3.0,31
180.60366821289062,14.741487503051758,2.9482975006103516,1000.0,0.0,-0.8,-0.5333333333333333,-12.0,-8.0,3.0,31
181.04067993164062,14.32548999786377,2.865097999572754,1000.0,0.0,-0.8,-0.4666666666666667,-12.0,-7.0,3.0,31
240.30052185058594,60.62255859375,12.12451171875,1000.0,0.0,-0.8,-0.4,-12.0,-6.0,3.0,31
261.01043701171875,72.73430633544922,14.546861267089843,1000.0,0.0,-0.8,-0.3333333333333333,-12.0,-5.0,3.0,31
316.40576171875,92.48959350585938,18.497918701171876,1000.0,0.0,-0.8,-0.26666666666666666,-12.0,-4.0,3.0,31
350.9414978027344,85.3813705444336,17.076274108886718,1000.0,0.0,-0.8,-0.2,-12.0,-3.0,3.0,31
333.6090087890625,79.1563720703125,15.8312744140625,1000.0,0.0,-0.8,-0.13333333333333333,-12.0,-2.0,3.0,31
359.1767272949219,47.22517013549805,9.44503402709961,1000.0,0.0,-0.8,-0.06666666666666667,-12.0,-1.0,3.0,31
330.6743469238281,60.92752456665039,12.185504913330078,1000.0,0.0,-0.8,0.0,-12.0,0.0,3.0,31
311.3878479003906,56.78705596923828,11.357411193847657,1000.0,0.0,-0.8,0.06666666666666667,-12.0,1.0,3.0,31
315.65740966796875,65.03414154052734,13.006828308105469,1000.0,0.0,-0.8,0.13333333333333333,-12.0,2.0,3.0,31
264.78314208984375,64.05196380615234,12.810392761230469,1000.0,0.0,-0.8,0.2,-12.0,3.0,3.0,31
287.9482116699219,60.245155334472656,12.049031066894532,1000.0,0.0,-0.8,0.26666666666666666,-12.0,4.0,3.0,31
261.9906005859375,72.04869079589844,14.409738159179687,1000.0,0.0,-0.8,0.3333333333333333,-12.0,5.0,3.0,31
235.8413848876953,52.048118591308594,10.409623718261718,1000.0,0.0,-0.8,0.4,-12.0,6.0,3.0,31
217.87876892089844,36.747947692871094,7.349589538574219,1000.0,0.0,-0.8,0.4666666666666667,-12.0,7.0,3.0,31
229.0654296875,41.448699951171875,8.289739990234375,1000.0,0.0,-0.8,0.5333333333333333,-12.0,8.0,3.0,31
213.87033081054688,38.771629333496094,7.754325866699219,1000.0,0.0,-0.8,0.6,-12.0,9.0,3.0,31
215.92417907714844,30.65130043029785,6.13026008605957,1000.0,0.0,-0.8,0.6666666666666666,-12.0,10.0,3.0,31
213.7747039794922,33.223594665527344,6.644718933105469,1000.0,0.0,-0.8,0.7333333333333333,-12.0,11.0,3.0,31
198.029296875,24.93130874633789,4.9862617492675785,1000.0,0.0,-0.8,0.8,-12.0,12.0,3.0,31
195.6588897705078,24.493804931640625,4.898760986328125,1000.0,0.0,-0.8,0.8666666666666667,-12.0,13.0,3.0,31
201.2938232421875,30.845523834228516,6.169104766845703,1000.0,0.0,-0.8,0.9333333333333333,-12.0,14.0,3.0,31
182.5570068359375,18.623231887817383,3.7246463775634764,1000.0,0.0,-0.8,1.0,-12.0,15.0,3.0,31
253.79226684570312,68.35549926757812,13.671099853515624,1000.0,0.0,-0.7333333333333333,-1.0,-11.0,-15.0,3.0,31
246.86468505859375,59.56791687011719,11.913583374023437,1000.0,0.0,-0.7333333333333333,-0.9333333333333333,-11.0,-14.0,3.0,31
228.6170654296875,51.41172790527344,10.282345581054688,1000.0,0.0,-0.7333333333333333,-0.8666666666666667,-11.0,-13.0,3.0,31
222.2470245361328,33.76359176635742,6.752718353271485,1000.0,0.0,-0.7333333333333333,-0.8,-11.0,-12.0,3.0,31
190.0157470703125,17.678617477416992,3.5357234954833983,1000.0,0.0,-0.7333333333333333,-0.7333333333333333,-11.0,-11.0,3.0,31
178.9730224609375,14.812172889709473,2.9624345779418944,1000.0,0.0,-0.7333333333333333,-0.6666666666666666,-11.0,-10.0,3.0,31
183.27101135253906,16.399682998657227,3.279936599731445,1000.0,0.0,-0.7333333333333333,-0.6,-11.0,-9.0,3.0,31
183.98458862304688,19.195756912231445,3.839151382446289,1000.0,0.0,-0.7333333333333333,-0.5333333333333333,-11.0,-8.0,3.0,31
181.84695434570312,16.376188278198242,3.2752376556396485,1000.0,0.0,-0.7333333333333333,-0.4666666666666667,-11.0,-7.0,3.0,31
228.91285705566406,71.10353088378906,14.220706176757812,1000.0,0.0,-0.7333333333333333,-0.4,-11.0,-6.0,3.0,31
290.9915466308594,94.52764129638672,18.905528259277343,1000.0,0.0,-0.7333333333333333,-0.3333333333333333,-11.0,-5.0,3.0,31
304.2358703613281,103.73770904541016,20.74754180908203,1000.0,0.0,-0.7333333333333333,-0.26666666666666666,-11.0,-4.0,3.0,31
352.5610656738281,89.0126953125,17.8025390625,1000.0,0.0,-0.7333333333333333,-0.2,-11.0,-3.0,3.0,31
351.505126953125,57.49543380737305,11.49908676147461,1000.0,0.0,-0.7333333333333333,-0.13333333333333333,-11.0,-2.0,3.0,31
346.37921142578125,40.93424987792969,8.186849975585938,1000.0,0.0,-0.7333333333333333,-0.06666666666666667,-11.0,-1.0,3.0,31
327.08270263671875,57.68790054321289,11.537580108642578,1000.0,0.0,-0.7333333333333333,0.0,-11.0,0.0,3.0,31
294.164306640625,48.026485443115234,9.605297088623047,1000.0,0.0,-0.7333333333333333,0.06666666666666667,-11.0,1.0,3.0,31
299.4930114746094,61.76627731323242,12.353255462646484,1000.0,0.0,-0.7333333333333333,0.13333333333333333,-11.0,2.0,3.0,31
289.3540344238281,55.390201568603516,11.078040313720702,1000.0,0.0,-0.7333333333333333,0.2,-11.0,3.0,3.0,31
280.51776123046875,85.50106811523438,17.100213623046876,1000.0,0.0,-0.7333333333333333,0.26666666666666666,-11.0,4.0,3.0,31
234.7431640625,63.092254638671875,12.618450927734376,1000.0,0.0,-0.7333333333333333,0.3333333333333333,-11.0,5.0,3.0,31
214.8365020751953,43.2072639465332,8.64145278930664,1000.0,0.0,-0.7333333333333333,0.4,-11.0,6.0,3.0,31
227.9387664794922,52.84723663330078,10.569447326660157,1000.0,0.0,-0.7333333333333333,0.4666666666666667,-11.0,7.0,3.0,31
225.82859802246094,38.647281646728516,7.7294563293457035,1000.0,0.0,-0.7333333333333333,0.5333333333333333,-11.0,8.0,3.0,31
228.970703125,43.53249740600586,8.706499481201172,1000.0,0.0,-0.7333333333333333,0.6,-11.0,9.0,3.0,31
236.88624572753906,45.463863372802734,9.092772674560546,1000.0,0.0,-0.7333333333333333,0.6666666666666666,-11.0,10.0,3.0,31
210.8368377685547,27.408357620239258,5.481671524047852,1000.0,0.0,-0.7333333333333333,0.7333333333333333,-11.0,11.0,3.0,31
201.59226989746094,28.147571563720703,5.62951431274414,1000.0,0.0,-0.7333333333333333,0.8,-11.0,12.0,3.0,31
181.7015380859375,19.50776481628418,3.9015529632568358,1000.0,0.0,-0.7333333333333333,0.8666666666666667,-11.0,13.0,3.0,31
179.7219696044922,14.960894584655762,2.9921789169311523,1000.0,0.0,-0.7333333333333333,0.9333333333333333,-11.0,14.0,3.0,31
180.29051208496094,17.283676147460938,3.4567352294921876,1000.0,0.0,-0.7333333333333333,1.0,-11.0,15.0,3.0,31
186.56910705566406,20.000076293945312,4.0000152587890625,1000.0,0.0,-0.6666666666666666,-1.0,-10.0,-15.0,3.0,31
270.7869873046875,75.6782455444336,15.135649108886719,1000.0,0.0,-0.6666666666666666,-0.9333333333333333,-10.0,-14.0,3.0,31
253.69659423828125,69.34711456298828,13.869422912597656,1000.0,0.0,-0.6666666666666666,-0.8666666666666667,-10.0,-13.0,3.0,31
242.36199951171875,66.59412384033203,13.318824768066406,1000.0,0.0,-0.6666666666666666,-0.8,-10.0,-12.0,3.0,31
217.93605041503906,36.62367248535156,7.324734497070312,1000.0,0.0,-0.6666666666666666,-0.7333333333333333,-10.0,-11.0,3.0,31
187.1024169921875,12.312359809875488,2.4624719619750977,1000.0,0.0,-0.6666666666666666,-0.6666666666666666,-10.0,-10.0,3.0,31
187.76683044433594,14.914799690246582,2.9829599380493166,1000.0,0.0,-0.6666666666666666,-0.6,-10.0,-9.0,3.0,31
178.08921813964844,11.159893035888672,2.2319786071777346,1000.0,0.0,-0.6666666666666666,-0.5333333333333333,-10.0,-8.0,3.0,31
183.50384521484375,16.418195724487305,3.283639144897461,1000.0,0.0,-0.6666666666666666,-0.4666666666666667,-10.0,-7.0,3.0,31
197.9891815185547,32.48201370239258,6.496402740478516,1000.0,0.0,-0.6666666666666666,-0.4,-10.0,-6.0,3.0,31
307.0419006347656,104.03496551513672,20.806993103027345,1000.0,0.0,-0.6666666666666666,-0.3333333333333333,-10.0,-5.0,3.0,31
300.1666259765625,87.47799682617188,17.495599365234376,1000.0,0.0,-0.6666666666666666,-0.26666666666666666,-10.0,-4.0,3.0,31
363.7818298339844,99.18524932861328,19.837049865722655,1000.0,0.0,-0.6666666666666666,-0.2,-10.0,-3.0,3.0,31
341.67034912109375,78.05799102783203,15.611598205566406,1000.0,0.0,-0.6666666666666666,-0.13333333333333333,-10.0,-2.0,3.0,31
343.44000244140625,40.25064468383789,8.050128936767578,1000.0,0.0,-0.6666666666666666,-0.06666666666666667,-10.0,-1.0,3.0,31
321.1905212402344,46.227718353271484,9.245543670654296,1000.0,0.0,-0.6666666666666666,0.0,-10.0,0.0,3.0,31
327.2328796386719,69.71635437011719,13.943270874023437,1000.0,0.0,-0.6666666666666666,0.06666666666666667,-10.0,1.0,3.0,31
269.50885009765625,81.4872055053711,16.29744110107422,1000.0,0.0,-0.6666666666666666,0.13333333333333333,-10.0,2.0,3.0,31
264.6942138671875,76.78915405273438,15.357830810546876,1000.0,0.0,-0.6666666666666666,0.2,-10.0,3.0,3.0,31
297.1739196777344,78.49051666259766,15.698103332519532,1000.0,0.0,-0.6666666666666666,0.26666666666666666,-10.0,4.0,3.0,31
228.08734130859375,56.704429626464844,11.34088592529297,1000.0,0.0,-0.6666666666666666,0.3333333333333333,-10.0,5.0,3.0,31
256.7240905761719,64.50768280029297,12.901536560058593,1000.0,0.0,-0.6666666666666666,0.4,-10.0,6.0,3.0,31
234.0139617919922,48.872802734375,9.774560546875,1000.0,0.0,-0.6666666666666666,0.4666666666666667,-10.0,7.0,3.0,31
243.1754913330078,48.76263427734375,9.75252685546875,1000.0,0.0,-0.6666666666666666,0.5333333333333333,-10.0,8.0,3.0,31
262.5890808105469,43.66764831542969,8.733529663085937,1000.0,0.0,-0.6666666666666666,0.6,-10.0,9.0,3.0,31
212.29490661621094,28.278078079223633,5.655615615844726,1000.0,0.0,-0.6666666666666666,0.6666666666666666,-10.0,10.0,3.0,31
199.94766235351562,22.09119415283203,4.418238830566406,1000.0,0.0,-0.6666666666666666,0.7333333333333333,-10.0,11.0,3.0,31
185.16990661621094,17.99469757080078,3.5989395141601563,1000.0,0.0,-0.6666666666666666,0.8,-10.0,12.0,3.0,31
178.57638549804688,9.943842887878418,1.9887685775756836,1000.0,0.0,-0.6666666666666666,0.8666666666666667,-10.0,13.0,3.0,31
182.2150421142578,19.660831451416016,3.9321662902832033,1000.0,0.0,-0.6666666666666666,0.9333333333333333,-10.0,14.0,3.0,31
192.05613708496094,26.905067443847656,5.381013488769531,1000.0,0.0,-0.6666666666666666,1.0,-10.0,15.0,3.0,31
189.54989624023438,23.376554489135742,4.675310897827148,1000.0,0.0,-0.6,-1.0,-9.0,-15.0,3.0,31
195.62696838378906,32.54911422729492,6.509822845458984,1000.0,0.0,-0.6,-0.9333333333333333,-9.0,-14.0,3.0,31
288.0995788574219,80.45216369628906,16.090432739257814,1000.0,0.0,-0.6,-0.8666666666666667,-9.0,-13.0,3.0,31
319.2452392578125,68.29869842529297,13.659739685058593,1000.0,0.0,-0.6,-0.8,-9.0,-12.0,3.0,31
279.5165710449219,48.76593780517578,9.753187561035157,1000.0,0.0,-0.6,-0.7333333333333333,-9.0,-11.0,3.0,31
240.25730895996094,34.70885467529297,6.941770935058594,1000.0,0.0,-0.6,-0.6666666666666666,-9.0,-10.0,3.0,31
193.9705810546875,23.342256546020508,4.668451309204102,1000.0,0.0,-0.6,-0.6,-9.0,-9.0,3.0,31
186.1865997314453,15.053468704223633,3.0106937408447267,1000.0,0.0,-0.6,-0.5333333333333333,-9.0,-8.0,3.0,31
186.55055236816406,15.631750106811523,3.1263500213623048,1000.0,0.0,-0.6,-0.4666666666666667,-9.0,-7.0,3.0,31
186.9052276611328,20.35274314880371,4.070548629760742,1000.0,0.0,-0.6,-0.4,-9.0,-6.0,3.0,31
314.8716735839844,104.60936737060547,20.921873474121092,1000.0,0.0,-0.6,-0.3333333333333333,-9.0,-5.0,3.0,31
292.84259033203125,99.43319702148438,19.886639404296876,1000.0,0.0,-0.6,-0.26666666666666666,-9.0,-4.0,3.0,31
315.6891784667969,91.97577667236328,18.395155334472655,1000.0,0.0,-0.6,-0.2,-9.0,-3.0,3.0,31
267.06512451171875,92.64078521728516,18.528157043457032,1000.0,0.0,-0.6,-0.13333333333333333,-9.0,-2.0,3.0,31
248.8597412109375,64.51051330566406,12.902102661132812,1000.0,0.0,-0.6,-0.06666666666666667,-9.0,-1.0,3.0,31
317.368408203125,63.14860153198242,12.629720306396484,1000.0,0.0,-0.6,0.0,-9.0,0.0,3.0,31
318.3146057128906,79.05126953125,15.81025390625,1000.0,0.0,-0.6,0.06666666666666667,-9.0,1.0,3.0,31
260.5492248535156,79.09828186035156,15.819656372070312,1000.0,0.0,-0.6,0.13333333333333333,-9.0,2.0,3.0,31
251.69349670410156,57.92992401123047,11.585984802246093,1000.0,0.0,-0.6,0.2,-9.0,3.0,3.0,31
290.0216064453125,64.53571319580078,12.907142639160156,1000.0,0.0,-0.6,0.26666666666666666,-9.0,4.0,3.0,31
286.5871276855469,67.57929229736328,13.515858459472657,1000.0,0.0,-0.6,0.3333333333333333,-9.0,5.0,3.0,31
277.9501647949219,44.212703704833984,8.842540740966797,1000.0,0.0,-0.6,0.4,-9.0,6.0,3.0,31
267.86566162109375,42.769535064697266,8.553907012939453,1000.0,0.0,-0.6,0.4666666666666667,-9.0,7.0,3.0,31
290.80059814453125,44.6801872253418,8.93603744506836,1000.0,0.0,-0.6,0.5333333333333333,-9.0,8.0,3.0,31
241.72137451171875,50.38268280029297,10.076536560058594,1000.0,0.0,-0.6,0.6,-9.0,9.0,3.0,31
225.9161376953125,26.934246063232422,5.386849212646484,1000.0,0.0,-0.6,0.6666666666666666,-9.0,10.0,3.0,31
192.98927307128906,29.60379409790039,5.920758819580078,1000.0,0.0,-0.6,0.7333333333333333,-9.0,11.0,3.0,31
193.8347625732422,24.12543296813965,4.82508659362793,1000.0,0.0,-0.6,0.8,-9.0,12.0,3.0,31
193.07275390625,25.21259117126465,5.042518234252929,1000.0,0.0,-0.6,0.8666666666666667,-9.0,13.0,3.0,31
195.90382385253906,26.884923934936523,5.376984786987305,1000.0,0.0,-0.6,0.9333333333333333,-9.0,14.0,3.0,31
191.63580322265625,27.470535278320312,5.494107055664062,1000.0,0.0,-0.6,1.0,-9.0,15.0,3.0,31
203.2914276123047,36.291709899902344,7.258341979980469,1000.0,0.0,-0.5333333333333333,-1.0,-8.0,-15.0,3.0,31
191.49618530273438,21.349422454833984,4.269884490966797,1000.0,0.0,-0.5333333333333333,-0.9333333333333333,-8.0,-14.0,3.0,31
196.8010711669922,25.638538360595703,5.127707672119141,1000.0,0.0,-0.5333333333333333,-0.8666666666666667,-8.0,-13.0,3.0,31
305.9320373535156,72.66915130615234,14.533830261230468,1000.0,0.0,-0.5333333333333333,-0.8,-8.0,-12.0,3.0,31
307.1181640625,72.51190948486328,14.502381896972656,1000.0,0.0,-0.5333333333333333,-0.7333333333333333,-8.0,-11.0,3.0,31
307.13470458984375,55.0190544128418,11.00381088256836,1000.0,0.0,-0.5333333333333333,-0.6666666666666666,-8.0,-10.0,3.0,31
210.66429138183594,36.2696418762207,7.253928375244141,1000.0,0.0,-0.5333333333333333,-0.6,-8.0,-9.0,3.0,31
187.2767333984375,19.090368270874023,3.8180736541748046,1000.0,0.0,-0.5333333333333333,-0.5333333333333333,-8.0,-8.0,3.0,31
188.3011474609375,14.237685203552246,2.847537040710449,1000.0,0.0,-0.5333333333333333,-0.4666666666666667,-8.0,-7.0,3.0,31
194.1073760986328,20.71163558959961,4.142327117919922,1000.0,0.0,-0.5333333333333333,-0.4,-8.0,-6.0,3.0,31
314.3082275390625,87.43915557861328,17.487831115722656,1000.0,0.0,-0.5333333333333333,-0.3333333333333333,-8.0,-5.0,3.0,31
343.7719421386719,118.20538330078125,23.64107666015625,1000.0,0.0,-0.5333333333333333,-0.26666666666666666,-8.0,-4.0,3.0,31
327.1625671386719,75.15959930419922,15.031919860839844,1000.0,0.0,-0.5333333333333333,-0.2,-8.0,-3.0,3.0,31
227.84300231933594,52.52265930175781,10.504531860351562,1000.0,0.0,-0.5333333333333333,-0.13333333333333333,-8.0,-2.0,3.0,31
246.6771240234375,67.82855224609375,13.56571044921875,1000.0,0.0,-0.5333333333333333,-0.06666666666666667,-8.0,-1.0,3.0,31
269.5813293457031,95.5090560913086,19.10181121826172,1000.0,0.0,-0.5333333333333333,0.0,-8.0,0.0,3.0,31
260.546630859375,88.64200592041016,17.72840118408203,1000.0,0.0,-0.5333333333333333,0.06666666666666667,-8.0,1.0,3.0,31
259.018310546875,85.21195983886719,17.042391967773437,1000.0,0.0,-0.5333333333333333,0.13333333333333333,-8.0,2.0,3.0,31
269.7236328125,82.41971588134766,16.48394317626953,1000.0,0.0,-0.5333333333333333,0.2,-8.0,3.0,3.0,31
302.2948303222656,76.22014617919922,15.244029235839843,1000.0,0.0,-0.5333333333333333,0.26666666666666666,-8.0,4.0,3.0,31
357.011962890625,83.88336181640625,16.77667236328125,1000.0,0.0,-0.5333333333333333,0.3333333333333333,-8.0,5.0,3.0,31
307.71746826171875,55.81644821166992,11.163289642333984,1000.0,0.0,-0.5333333333333333,0.4,-8.0,6.0,3.0,31
275.8835144042969,56.01198196411133,11.202396392822266,1000.0,0.0,-0.5333333333333333,0.4666666666666667,-8.0,7.0,3.0,31
273.16375732421875,35.99629211425781,7.199258422851562,1000.0,0.0,-0.5333333333333333,0.5333333333333333,-8.0,8.0,3.0,31
235.4535675048828,29.351612091064453,5.870322418212891,1000.0,0.0,-0.5333333333333333,0.6,-8.0,9.0,3.0,31
220.43637084960938,33.36504364013672,6.673008728027344,1000.0,0.0,-0.5333333333333333,0.6666666666666666,-8.0,10.0,3.0,31
210.52154541015625,30.52821159362793,6.105642318725586,1000.0,0.0,-0.5333333333333333,0.7333333333333333,-8.0,11.0,3.0,31
204.14910888671875,44.895206451416016,8.979041290283202,1000.0,0.0,-0.5333333333333333,0.8,-8.0,12.0,3.0,31
197.47035217285156,52.04909896850586,10.409819793701171,1000.0,0.0,-0.5333333333333333,0.8666666666666667,-8.0,13.0,3.0,31
196.29156494140625,52.43130111694336,10.486260223388673,1000.0,0.0,-0.5333333333333333,0.9333333333333333,-8.0,14.0,3.0,31
196.9916534423828,46.8381462097168,9.367629241943359,1000.0,0.0,-0.5333333333333333,1.0,-8.0,15.0,3.0,31
188.82960510253906,23.439512252807617,4.687902450561523,1000.0,0.0,-0.4666666666666667,-1.0,-7.0,-15.0,3.0,31
204.09686279296875,34.63765335083008,6.927530670166016,1000.0,0.0,-0.4666666666666667,-0.9333333333333333,-7.0,-14.0,3.0,31
192.9246063232422,30.287630081176758,6.057526016235352,1000.0,0.0,-0.4666666666666667,-0.8666666666666667,-7.0,-13.0,3.0,31
219.87701416015625,56.01795196533203,11.203590393066406,1000.0,0.0,-0.4666666666666667,-0.8,-7.0,-12.0,3.0,31
301.9381103515625,56.41575241088867,11.283150482177735,1000.0,0.0,-0.4666666666666667,-0.7333333333333333,-7.0,-11.0,3.0,31
330.1457824707031,52.406219482421875,10.481243896484376,1000.0,0.0,-0.4666666666666667,-0.6666666666666666,-7.0,-10.0,3.0,31
320.8280334472656,69.25689697265625,13.85137939453125,1000.0,0.0,-0.4666666666666667,-0.6,-7.0,-9.0,3.0,31
204.47467041015625,41.58141326904297,8.316282653808594,1000.0,0.0,-0.4666666666666667,-0.5333333333333333,-7.0,-8.0,3.0,31
203.36293029785156,38.860042572021484,7.7720085144042965,1000.0,0.0,-0.4666666666666667,-0.4666666666666667,-7.0,-7.0,3.0,31
192.35617065429688,21.51433753967285,4.30286750793457,1000.0,0.0,-0.4666666666666667,-0.4,-7.0,-6.0,3.0,31
209.20574951171875,36.30519104003906,7.261038208007813,1000.0,0.0,-0.4666666666666667,-0.3333333333333333,-7.0,-5.0,3.0,31
348.2745361328125,108.08586883544922,21.617173767089845,1000.0,0.0,-0.4666666666666667,-0.26666666666666666,-7.0,-4.0,3.0,31
396.7004699707031,83.56632232666016,16.71326446533203,1000.0,0.0,-0.4666666666666667,-0.2,-7.0,-3.0,3.0,31
249.80770874023438,69.18472290039062,13.836944580078125,1000.0,0.0,-0.4666666666666667,-0.13333333333333333,-7.0,-2.0,3.0,31
230.93475341796875,57.95182418823242,11.590364837646485,1000.0,0.0,-0.4666666666666667,-0.06666666666666667,-7.0,-1.0,3.0,31
265.8247375488281,89.01043701171875,17.80208740234375,1000.0,0.0,-0.4666666666666667,0.0,-7.0,0.0,3.0,31
295.5669250488281,87.41618347167969,17.483236694335936,1000.0,0.0,-0.4666666666666667,0.06666666666666667,-7.0,1.0,3.0,31
266.3818359375,79.11834716796875,15.82366943359375,1000.0,0.0,-0.4666666666666667,0.13333333333333333,-7.0,2.0,3.0,31
271.0298767089844,62.39780044555664,12.479560089111327,1000.0,0.0,-0.4666666666666667,0.2,-7.0,3.0,3.0,31
366.2711181640625,94.45642852783203,18.891285705566407,1000.0,0.0,-0.4666666666666667,0.26666666666666666,-7.0,4.0,3.0,31
355.6953125,52.02804946899414,10.405609893798829,1000.0,0.0,-0.4666666666666667,0.3333333333333333,-7.0,5.0,3.0,31
271.42669677734375,54.37164306640625,10.87432861328125,1000.0,0.0,-0.4666666666666667,0.4,-7.0,6.0,3.0,31
282.2640380859375,57.08726501464844,11.417453002929687,1000.0,0.0,-0.4666666666666667,0.4666666666666667,-7.0,7.0,3.0,31
262.8150329589844,45.54755401611328,9.109510803222657,1000.0,0.0,-0.4666666666666667,0.5333333333333333,-7.0,8.0,3.0,31
252.02175903320312,38.82087707519531,7.7641754150390625,1000.0,0.0,-0.4666666666666667,0.6,-7.0,9.0,3.0,31
223.1431427001953,36.77260208129883,7.354520416259765,1000.0,0.0,-0.4666666666666667,0.6666666666666666,-7.0,10.0,3.0,31
200.7001495361328,31.999256134033203,6.399851226806641,1000.0,0.0,-0.4666666666666667,0.7333333333333333,-7.0,11.0,3.0,31
202.46656799316406,41.9183235168457,8.38366470336914,1000.0,0.0,-0.4666666666666667,0.8,-7.0,12.0,3.0,31
214.45614624023438,70.34461975097656,14.068923950195312,1000.0,0.0,-0.4666666666666667,0.8666666666666667,-7.0,13.0,3.0,31
192.92237854003906,46.11083984375,9.22216796875,1000.0,0.0,-0.4666666666666667,0.9333333333333333,-7.0,14.0,3.0,31
196.67987060546875,46.60053253173828,9.320106506347656,1000.0,0.0,-0.4666666666666667,1.0,-7.0,15.0,3.0,31
176.25,9.330474853515625,1.866094970703125,1000.0,0.0,-0.4,-1.0,-6.0,-15.0,3.0,31
194.21363830566406,29.53423500061035,5.90684700012207,1000.0,0.0,-0.4,-0.9333333333333333,-6.0,-14.0,3.0,31
200.12265014648438,36.72945785522461,7.3458915710449215,1000.0,0.0,-0.4,-0.8666666666666667,-6.0,-13.0,3.0,31
211.95892333984375,50.00759506225586,10.001519012451173,1000.0,0.0,-0.4,-0.8,-6.0,-12.0,3.0,31
273.9457702636719,69.65682220458984,13.931364440917969,1000.0,0.0,-0.4,-0.7333333333333333,-6.0,-11.0,3.0,31
321.3842468261719,45.5424690246582,9.10849380493164,1000.0,0.0,-0.4,-0.6666666666666666,-6.0,-10.0,3.0,31
318.8440246582031,53.03738021850586,10.607476043701173,1000.0,0.0,-0.4,-0.6,-6.0,-9.0,3.0,31
228.20738220214844,60.827186584472656,12.165437316894531,1000.0,0.0,-0.4,-0.5333333333333333,-6.0,-8.0,3.0,31
230.74163818359375,64.02511596679688,12.805023193359375,1000.0,0.0,-0.4,-0.4666666666666667,-6.0,-7.0,3.0,31
230.96156311035156,68.34986877441406,13.669973754882813,1000.0,0.0,-0.4,-0.4,-6.0,-6.0,3.0,31
234.75228881835938,63.73054885864258,12.746109771728516,1000.0,0.0,-0.4,-0.3333333333333333,-6.0,-5.0,3.0,31
301.801513671875,102.039306640625,20.407861328125,1000.0,0.0,-0.4,-0.26666666666666666,-6.0,-4.0,3.0,31
410.3740539550781,84.0063247680664,16.80126495361328,1000.0,0.0,-0.4,-0.2,-6.0,-3.0,3.0,31
347.71942138671875,86.04450988769531,17.208901977539064,1000.0,0.0,-0.4,-0.13333333333333333,-6.0,-2.0,3.0,31
224.6962127685547,48.29719161987305,9.659438323974609,1000.0,0.0,-0.4,-0.06666666666666667,-6.0,-1.0,3.0,31
303.28692626953125,79.86039733886719,15.972079467773437,1000.0,0.0,-0.4,0.0,-6.0,0.0,3.0,31
355.90289306640625,88.1598892211914,17.631977844238282,1000.0,0.0,-0.4,0.06666666666666667,-6.0,1.0,3.0,31
280.6431884765625,109.6438980102539,21.92877960205078,1000.0,0.0,-0.4,0.13333333333333333,-6.0,2.0,3.0,31
364.6370849609375,116.32037353515625,23.26407470703125,1000.0,0.0,-0.4,0.2,-6.0,3.0,3.0,31
416.1285400390625,94.022705078125,18.804541015625,1000.0,0.0,-0.4,0.26666666666666666,-6.0,4.0,3.0,31
351.7808532714844,58.627281188964844,11.725456237792969,1000.0,0.0,-0.4,0.3333333333333333,-6.0,5.0,3.0,31
311.7559509277344,72.06346893310547,14.412693786621094,1000.0,0.0,-0.4,0.4,-6.0,6.0,3.0,31
290.0265197753906,47.94495391845703,9.588990783691406,1000.0,0.0,-0.4,0.4666666666666667,-6.0,7.0,3.0,31
254.94187927246094,33.8665771484375,6.7733154296875,1000.0,0.0,-0.4,0.5333333333333333,-6.0,8.0,3.0,31
259.4488830566406,55.138816833496094,11.027763366699219,1000.0,0.0,-0.4,0.6,-6.0,9.0,3.0,31
200.86474609375,42.171119689941406,8.434223937988282,1000.0,0.0,-0.4,0.6666666666666666,-6.0,10.0,3.0,31
201.07740783691406,46.08979034423828,9.217958068847656,1000.0,0.0,-0.4,0.7333333333333333,-6.0,11.0,3.0,31
209.3384246826172,58.1644172668457,11.632883453369141,1000.0,0.0,-0.4,0.8,-6.0,12.0,3.0,31
213.6396026611328,50.15575408935547,10.031150817871094,1000.0,0.0,-0.4,0.8666666666666667,-6.0,13.0,3.0,31
201.9429473876953,49.96605682373047,9.993211364746093,1000.0,0.0,-0.4,0.9333333333333333,-6.0,14.0,3.0,31
188.05691528320312,25.769922256469727,5.153984451293946,1000.0,0.0,-0.4,1.0,-6.0,15.0,3.0,31
182.18406677246094,15.481433868408203,3.0962867736816406,1000.0,0.0,-0.3333333333333333,-1.0,-5.0,-15.0,3.0,31
180.33413696289062,13.362227439880371,2.6724454879760744,1000.0,0.0,-0.3333333333333333,-0.9333333333333333,-5.0,-14.0,3.0,31
204.58135986328125,34.41202163696289,6.882404327392578,1000.0,0.0,-0.3333333333333333,-0.8666666666666667,-5.0,-13.0,3.0,31
206.87232971191406,42.43423843383789,8.486847686767579,1000.0,0.0,-0.3333333333333333,-0.8,-5.0,-12.0,3.0,31
216.0203857421875,55.86323165893555,11.17264633178711,1000.0,0.0,-0.3333333333333333,-0.7333333333333333,-5.0,-11.0,3.0,31
264.7840576171875,68.15948486328125,13.63189697265625,1000.0,0.0,-0.3333333333333333,-0.6666666666666666,-5.0,-10.0,3.0,31
292.4415283203125,91.55552673339844,18.31110534667969,1000.0,0.0,-0.3333333333333333,-0.6,-5.0,-9.0,3.0,31
341.0265197753906,63.91259765625,12.78251953125,1000.0,0.0,-0.3333333333333333,-0.5333333333333333,-5.0,-8.0,3.0,31
233.11236572265625,64.1272964477539,12.825459289550782,1000.0,0.0,-0.3333333333333333,-0.4666666666666667,-5.0,-7.0,3.0,31
227.06614685058594,71.93903350830078,14.387806701660157,1000.0,0.0,-0.3333333333333333,-0.4,-5.0,-6.0,3.0,31
238.41015625,71.45159912109375,14.29031982421875,1000.0,0.0,-0.3333333333333333,-0.3333333333333333,-5.0,-5.0,3.0,31
274.36419677734375,118.32083892822266,23.66416778564453,1000.0,0.0,-0.3333333333333333,-0.26666666666666666,-5.0,-4.0,3.0,31
279.584716796875,71.98523712158203,14.397047424316407,1000.0,0.0,-0.3333333333333333,-0.2,-5.0,-3.0,3.0,31
278.6400146484375,58.54979705810547,11.709959411621094,1000.0,0.0,-0.3333333333333333,-0.13333333333333333,-5.0,-2.0,3.0,31
247.7155303955078,83.99456024169922,16.798912048339844,1000.0,0.0,-0.3333333333333333,-0.06666666666666667,-5.0,-1.0,3.0,31
339.4771728515625,89.2780990600586,17.855619812011717,1000.0,0.0,-0.3333333333333333,0.0,-5.0,0.0,3.0,31
389.14471435546875,93.09671020507812,18.619342041015624,1000.0,0.0,-0.3333333333333333,0.06666666666666667,-5.0,1.0,3.0,31
313.5612487792969,119.4100570678711,23.88201141357422,1000.0,0.0,-0.3333333333333333,0.13333333333333333,-5.0,2.0,3.0,31
395.5098571777344,109.88005065917969,21.976010131835938,1000.0,0.0,-0.3333333333333333,0.2,-5.0,3.0,3.0,31
419.31402587890625,84.89112854003906,16.978225708007812,1000.0,0.0,-0.3333333333333333,0.26666666666666666,-5.0,4.0,3.0,31
355.0776062011719,57.59588623046875,11.51917724609375,1000.0,0.0,-0.3333333333333333,0.3333333333333333,-5.0,5.0,3.0,31
330.1258544921875,42.771053314208984,8.554210662841797,1000.0,0.0,-0.3333333333333333,0.4,-5.0,6.0,3.0,31
298.6690368652344,47.09938049316406,9.419876098632812,1000.0,0.0,-0.3333333333333333,0.4666666666666667,-5.0,7.0,3.0,31
239.17449951171875,54.94123840332031,10.988247680664063,1000.0,0.0,-0.3333333333333333,0.5333333333333333,-5.0,8.0,3.0,31
209.99966430664062,40.52813720703125,8.10562744140625,1000.0,0.0,-0.3333333333333333,0.6,-5.0,9.0,3.0,31
207.34481811523438,31.687103271484375,6.337420654296875,1000.0,0.0,-0.3333333333333333,0.6666666666666666,-5.0,10.0,3.0,31
221.54415893554688,65.7216796875,13.1443359375,1000.0,0.0,-0.3333333333333333,0.7333333333333333,-5.0,11.0,3.0,31
213.97117614746094,64.05823516845703,12.811647033691406,1000.0,0.0,-0.3333333333333333,0.8,-5.0,12.0,3.0,31
201.5147705078125,39.03594207763672,7.807188415527344,1000.0,0.0,-0.3333333333333333,0.8666666666666667,-5.0,13.0,3.0,31
180.82496643066406,14.149889945983887,2.8299779891967773,1000.0,0.0,-0.3333333333333333,0.9333333333333333,-5.0,14.0,3.0,31
191.37640380859375,24.795583724975586,4.959116744995117,1000.0,0.0,-0.3333333333333333,1.0,-5.0,15.0,3.0,31
179.32867431640625,19.46285057067871,3.8925701141357423,1000.0,0.0,-0.26666666666666666,-1.0,-4.0,-15.0,3.0,31
177.197265625,11.17935562133789,2.235871124267578,1000.0,0.0,-0.26666666666666666,-0.9333333333333333,-4.0,-14.0,3.0,31
182.61288452148438,15.074201583862305,3.014840316772461,1000.0,0.0,-0.26666666666666666,-0.8666666666666667,-4.0,-13.0,3.0,31
195.17332458496094,36.155677795410156,7.231135559082031,1000.0,0.0,-0.26666666666666666,-0.8,-4.0,-12.0,3.0,31
224.58509826660156,55.099491119384766,11.019898223876954,1000.0,0.0,-0.26666666666666666,-0.7333333333333333,-4.0,-11.0,3.0,31
189.09701538085938,21.965118408203125,4.393023681640625,1000.0,0.0,-0.26666666666666666,-0.6666666666666666,-4.0,-10.0,3.0,31
233.83177185058594,79.29960632324219,15.859921264648438,1000.0,0.0,-0.26666666666666666,-0.6,-4.0,-9.0,3.0,31
304.7925720214844,110.0765380859375,22.0153076171875,1000.0,0.0,-0.26666666666666666,-0.5333333333333333,-4.0,-8.0,3.0,31
374.8601989746094,88.1751937866211,17.635038757324217,1000.0,0.0,-0.26666666666666666,-0.4666666666666667,-4.0,-7.0,3.0,31
232.8671112060547,60.06270217895508,12.012540435791015,1000.0,0.0,-0.26666666666666666,-0.4,-4.0,-6.0,3.0,31
242.2339324951172,80.99339294433594,16.19867858886719,1000.0,0.0,-0.26666666666666666,-0.3333333333333333,-4.0,-5.0,3.0,31
264.6059875488281,109.49031066894531,21.89806213378906,1000.0,0.0,-0.26666666666666666,-0.26666666666666666,-4.0,-4.0,3.0,31
221.05540466308594,43.57943344116211,8.715886688232422,1000.0,0.0,-0.26666666666666666,-0.2,-4.0,-3.0,3.0,31
240.52023315429688,57.696311950683594,11.539262390136718,1000.0,0.0,-0.26666666666666666,-0.13333333333333333,-4.0,-2.0,3.0,31
318.6658935546875,96.8897476196289,19.377949523925782,1000.0,0.0,-0.26666666666666666,-0.06666666666666667,-4.0,-1.0,3.0,31
416.81640625,137.3301239013672,27.466024780273436,1000.0,0.0,-0.26666666666666666,0.0,-4.0,0.0,3.0,31
508.3073425292969,55.38948440551758,11.077896881103516,1000.0,0.0,-0.26666666666666666,0.06666666666666667,-4.0,1.0,3.0,31
509.5043640136719,73.5448226928711,14.708964538574218,1000.0,0.0,-0.26666666666666666,0.13333333333333333,-4.0,2.0,3.0,31
499.7061462402344,91.68003845214844,18.33600769042969,1000.0,0.0,-0.26666666666666666,0.2,-4.0,3.0,3.0,31
446.7098388671875,77.62849426269531,15.525698852539062,1000.0,0.0,-0.26666666666666666,0.26666666666666666,-4.0,4.0,3.0,31
340.5853271484375,91.68373107910156,18.336746215820312,1000.0,0.0,-0.26666666666666666,0.3333333333333333,-4.0,5.0,3.0,31
348.0284729003906,75.29964447021484,15.059928894042969,1000.0,0.0,-0.26666666666666666,0.4,-4.0,6.0,3.0,31
291.44049072265625,55.35621643066406,11.071243286132812,1000.0,0.0,-0.26666666666666666,0.4666666666666667,-4.0,7.0,3.0,31
222.2873992919922,53.65045166015625,10.73009033203125,1000.0,0.0,-0.26666666666666666,0.5333333333333333,-4.0,8.0,3.0,31
225.4268798828125,48.215553283691406,9.643110656738282,1000.0,0.0,-0.26666666666666666,0.6,-4.0,9.0,3.0,31
218.51553344726562,44.81132507324219,8.962265014648438,1000.0,0.0,-0.26666666666666666,0.6666666666666666,-4.0,10.0,3.0,31
198.6070098876953,29.601470947265625,5.920294189453125,1000.0,0.0,-0.26666666666666666,0.7333333333333333,-4.0,11.0,3.0,31
196.38583374023438,36.6627082824707,7.332541656494141,1000.0,0.0,-0.26666666666666666,0.8,-4.0,12.0,3.0,31
196.1506805419922,30.555713653564453,6.11114273071289,1000.0,0.0,-0.26666666666666666,0.8666666666666667,-4.0,13.0,3.0,31
192.53355407714844,39.3738899230957,7.874777984619141,1000.0,0.0,-0.26666666666666666,0.9333333333333333,-4.0,14.0,3.0,31
184.7915496826172,16.939645767211914,3.387929153442383,1000.0,0.0,-0.26666666666666666,1.0,-4.0,15.0,3.0,31
182.82659912109375,13.938213348388672,2.7876426696777346,1000.0,0.0,-0.2,-1.0,-3.0,-15.0,3.0,31
179.68670654296875,13.51006031036377,2.702012062072754,1000.0,0.0,-0.2,-0.9333333333333333,-3.0,-14.0,3.0,31
177.2133331298828,9.249547004699707,1.8499094009399415,1000.0,0.0,-0.2,-0.8666666666666667,-3.0,-13.0,3.0,31
179.177734375,12.520450592041016,2.504090118408203,1000.0,0.0,-0.2,-0.8,-3.0,-12.0,3.0,31
193.76864624023438,28.090078353881836,5.6180156707763675,1000.0,0.0,-0.2,-0.7333333333333333,-3.0,-11.0,3.0,31
182.94512939453125,12.934030532836914,2.5868061065673826,1000.0,0.0,-0.2,-0.6666666666666666,-3.0,-10.0,3.0,31
181.65513610839844,12.661263465881348,2.5322526931762694,1000.0,0.0,-0.2,-0.6,-3.0,-9.0,3.0,31
211.2881317138672,50.12291717529297,10.024583435058593,1000.0,0.0,-0.2,-0.5333333333333333,-3.0,-8.0,3.0,31
336.40167236328125,105.74871063232422,21.149742126464844,1000.0,0.0,-0.2,-0.4666666666666667,-3.0,-7.0,3.0,31
456.1645812988281,61.41990280151367,12.283980560302734,1000.0,0.0,-0.2,-0.4,-3.0,-6.0,3.0,31
438.523681640625,54.519039154052734,10.903807830810546,1000.0,0.0,-0.2,-0.3333333333333333,-3.0,-5.0,3.0,31
328.2618713378906,77.5160140991211,15.503202819824219,1000.0,0.0,-0.2,-0.26666666666666666,-3.0,-4.0,3.0,31
236.66339111328125,65.0178451538086,13.003569030761719,1000.0,0.0,-0.2,-0.2,-3.0,-3.0,3.0,31
291.088623046875,119.58404541015625,23.91680908203125,1000.0,0.0,-0.2,-0.13333333333333333,-3.0,-2.0,3.0,31
461.4188232421875,156.2728729248047,31.254574584960938,1000.0,0.0,-0.2,-0.06666666666666667,-3.0,-1.0,3.0,31
536.0089721679688,81.25039672851562,16.250079345703124,1000.0,0.0,-0.2,0.0,-3.0,0.0,3.0,31
608.8722534179688,102.81169128417969,20.562338256835936,1000.0,0.0,-0.2,0.06666666666666667,-3.0,1.0,3.0,31
545.611572265625,165.2316436767578,33.046328735351565,1000.0,0.0,-0.2,0.13333333333333333,-3.0,2.0,3.0,31
475.3983459472656,143.98806762695312,28.797613525390624,1000.0,0.0,-0.2,0.2,-3.0,3.0,3.0,31
359.14923095703125,136.1525115966797,27.230502319335937,1000.0,0.0,-0.2,0.26666666666666666,-3.0,4.0,3.0,31
356.7712097167969,112.47309112548828,22.494618225097657,1000.0,0.0,-0.2,0.3333333333333333,-3.0,5.0,3.0,31
326.5946960449219,76.3438720703125,15.2687744140625,1000.0,0.0,-0.2,0.4,-3.0,6.0,3.0,31
281.32537841796875,53.42350769042969,10.684701538085937,1000.0,0.0,-0.2,0.4666666666666667,-3.0,7.0,3.0,31
227.67515563964844,47.96963119506836,9.593926239013673,1000.0,0.0,-0.2,0.5333333333333333,-3.0,8.0,3.0,31
217.72454833984375,33.837467193603516,6.767493438720703,1000.0,0.0,-0.2,0.6,-3.0,9.0,3.0,31
214.1942138671875,31.875436782836914,6.3750873565673825,1000.0,0.0,-0.2,0.6666666666666666,-3.0,10.0,3.0,31
209.68482971191406,37.69919204711914,7.539838409423828,1000.0,0.0,-0.2,0.7333333333333333,-3.0,11.0,3.0,31
198.2174835205078,28.369176864624023,5.673835372924804,1000.0,0.0,-0.2,0.8,-3.0,12.0,3.0,31
197.8052215576172,25.452861785888672,5.090572357177734,1000.0,0.0,-0.2,0.8666666666666667,-3.0,13.0,3.0,31
192.73248291015625,23.937929153442383,4.787585830688476,1000.0,0.0,-0.2,0.9333333333333333,-3.0,14.0,3.0,31
191.01580810546875,20.91273307800293,4.182546615600586,1000.0,0.0,-0.2,1.0,-3.0,15.0,3.0,31
182.25355529785156,15.411967277526855,3.082393455505371,1000.0,0.0,-0.13333333333333333,-1.0,-2.0,-15.0,3.0,31
179.5171661376953,13.475058555603027,2.6950117111206056,1000.0,0.0,-0.13333333333333333,-0.9333333333333333,-2.0,-14.0,3.0,31
185.66893005371094,21.280012130737305,4.256002426147461,1000.0,0.0,-0.13333333333333333,-0.8666666666666667,-2.0,-13.0,3.0,31
184.93533325195312,16.98316192626953,3.3966323852539064,1000.0,0.0,-0.13333333333333333,-0.8,-2.0,-12.0,3.0,31
192.20779418945312,19.584484100341797,3.9168968200683594,1000.0,0.0,-0.13333333333333333,-0.7333333333333333,-2.0,-11.0,3.0,31
186.12042236328125,12.963841438293457,2.5927682876586915,1000.0,0.0,-0.13333333333333333,-0.6666666666666666,-2.0,-10.0,3.0,31
220.11419677734375,38.55593490600586,7.7111869812011715,1000.0,0.0,-0.13333333333333333,-0.6,-2.0,-9.0,3.0,31
219.45237731933594,65.5839614868164,13.116792297363281,1000.0,0.0,-0.13333333333333333,-0.5333333333333333,-2.0,-8.0,3.0,31
267.2267150878906,89.95916748046875,17.99183349609375,1000.0,0.0,-0.13333333333333333,-0.4666666666666667,-2.0,-7.0,3.0,31
281.441650390625,92.92716217041016,18.58543243408203,1000.0,0.0,-0.13333333333333333,-0.4,-2.0,-6.0,3.0,31
300.9698181152344,84.80746459960938,16.961492919921874,1000.0,0.0,-0.13333333333333333,-0.3333333333333333,-2.0,-5.0,3.0,31
443.51129150390625,88.46302032470703,17.692604064941406,1000.0,0.0,-0.13333333333333333,-0.26666666666666666,-2.0,-4.0,3.0,31
293.2513427734375,119.85416412353516,23.97083282470703,1000.0,0.0,-0.13333333333333333,-0.2,-2.0,-3.0,3.0,31
285.4963073730469,87.25659942626953,17.451319885253906,1000.0,0.0,-0.13333333333333333,-0.13333333333333333,-2.0,-2.0,3.0,31
495.2085266113281,213.9044647216797,42.78089294433594,1000.0,0.0,-0.13333333333333333,-0.06666666666666667,-2.0,-1.0,3.0,31
644.2330932617188,209.3734588623047,41.874691772460935,1000.0,0.0,-0.13333333333333333,0.0,-2.0,0.0,3.0,31
735.6549072265625,104.76427459716797,20.952854919433594,1000.0,0.0,-0.13333333333333333,0.06666666666666667,-2.0,1.0,3.0,31
526.3858642578125,235.85848999023438,47.171697998046874,1000.0,0.0,-0.13333333333333333,0.13333333333333333,-2.0,2.0,3.0,31
478.9521179199219,140.91761779785156,28.18352355957031,1000.0,0.0,-0.13333333333333333,0.2,-2.0,3.0,3.0,31
473.2713623046875,144.67611694335938,28.935223388671876,1000.0,0.0,-0.13333333333333333,0.26666666666666666,-2.0,4.0,3.0,31
456.6810607910156,96.80411529541016,19.36082305908203,1000.0,0.0,-0.13333333333333333,0.3333333333333333,-2.0,5.0,3.0,31
337.40625,128.50245666503906,25.70049133300781,1000.0,0.0,-0.13333333333333333,0.4,-2.0,6.0,3.0,31
278.83050537109375,93.04146575927734,18.60829315185547,1000.0,0.0,-0.13333333333333333,0.4666666666666667,-2.0,7.0,3.0,31
242.63929748535156,56.72235870361328,11.344471740722657,1000.0,0.0,-0.13333333333333333,0.5333333333333333,-2.0,8.0,3.0,31
228.2586669921875,39.64250564575195,7.928501129150391,1000.0,0.0,-0.13333333333333333,0.6,-2.0,9.0,3.0,31
239.45611572265625,42.748252868652344,8.549650573730469,1000.0,0.0,-0.13333333333333333,0.6666666666666666,-2.0,10.0,3.0,31
220.44894409179688,34.428951263427734,6.885790252685547,1000.0,0.0,-0.13333333333333333,0.7333333333333333,-2.0,11.0,3.0,31
209.03839111328125,36.02734375,7.20546875,1000.0,0.0,-0.13333333333333333,0.8,-2.0,12.0,3.0,31
221.83084106445312,73.16991424560547,14.633982849121093,1000.0,0.0,-0.13333333333333333,0.8666666666666667,-2.0,13.0,3.0,31
285.42633056640625,111.6652603149414,22.33305206298828,1000.0,0.0,-0.13333333333333333,0.9333333333333333,-2.0,14.0,3.0,31
222.26971435546875,53.97766876220703,10.795533752441406,1000.0,0.0,-0.13333333333333333,1.0,-2.0,15.0,3.0,31
183.40220642089844,17.1904354095459,3.4380870819091798,1000.0,0.0,-0.06666666666666667,-1.0,-1.0,-15.0,3.0,31
190.25222778320312,23.16313934326172,4.632627868652344,1000.0,0.0,-0.06666666666666667,-0.9333333333333333,-1.0,-14.0,3.0,31
194.37371826171875,27.796159744262695,5.559231948852539,1000.0,0.0,-0.06666666666666667,-0.8666666666666667,-1.0,-13.0,3.0,31
208.53634643554688,24.40513801574707,4.881027603149414,1000.0,0.0,-0.06666666666666667,-0.8,-1.0,-12.0,3.0,31
213.32763671875,27.077686309814453,5.415537261962891,1000.0,0.0,-0.06666666666666667,-0.7333333333333333,-1.0,-11.0,3.0,31
206.06495666503906,16.70462989807129,3.3409259796142576,1000.0,0.0,-0.06666666666666667,-0.6666666666666666,-1.0,-10.0,3.0,31
199.01513671875,22.00202751159668,4.400405502319336,1000.0,0.0,-0.06666666666666667,-0.6,-1.0,-9.0,3.0,31
216.94602966308594,36.72040939331055,7.344081878662109,1000.0,0.0,-0.06666666666666667,-0.5333333333333333,-1.0,-8.0,3.0,31
278.11834716796875,93.40715789794922,18.681431579589844,1000.0,0.0,-0.06666666666666667,-0.4666666666666667,-1.0,-7.0,3.0,31
283.59088134765625,104.36561584472656,20.873123168945312,1000.0,0.0,-0.06666666666666667,-0.4,-1.0,-6.0,3.0,31
219.71937561035156,46.07649230957031,9.215298461914063,1000.0,0.0,-0.06666666666666667,-0.3333333333333333,-1.0,-5.0,3.0,31
292.785888671875,122.17012023925781,24.434024047851562,1000.0,0.0,-0.06666666666666667,-0.26666666666666666,-1.0,-4.0,3.0,31
256.86285400390625,58.99179458618164,11.798358917236328,1000.0,0.0,-0.06666666666666667,-0.2,-1.0,-3.0,3.0,31
452.5080871582031,96.47042083740234,19.29408416748047,1000.0,0.0,-0.06666666666666667,-0.13333333333333333,-1.0,-2.0,3.0,31
853.4000854492188,168.00416564941406,33.600833129882815,1000.0,0.0,-0.06666666666666667,-0.06666666666666667,-1.0,-1.0,3.0,31
956.6060791015625,55.89399337768555,11.17879867553711,1000.0,0.0,-0.06666666666666667,0.0,-1.0,0.0,3.0,31
959.6369018554688,26.882850646972656,5.376570129394532,1000.0,0.0,-0.06666666666666667,0.06666666666666667,-1.0,1.0,3.0,31
605.26611328125,243.45455932617188,48.690911865234376,1000.0,0.0,-0.06666666666666667,0.13333333333333333,-1.0,2.0,3.0,31
377.7407531738281,154.24501037597656,30.849002075195312,1000.0,0.0,-0.06666666666666667,0.2,-1.0,3.0,3.0,31
346.7423400878906,64.7312240600586,12.946244812011718,1000.0,0.0,-0.06666666666666667,0.26666666666666666,-1.0,4.0,3.0,31
459.0777587890625,131.4862060546875,26.2972412109375,1000.0,0.0,-0.06666666666666667,0.3333333333333333,-1.0,5.0,3.0,31
346.9359436035156,156.14846801757812,31.229693603515624,1000.0,0.0,-0.06666666666666667,0.4,-1.0,6.0,3.0,31
232.92547607421875,77.406005859375,15.481201171875,1000.0,0.0,-0.06666666666666667,0.4666666666666667,-1.0,7.0,3.0,31
302.32489013671875,120.84984588623047,24.169969177246095,1000.0,0.0,-0.06666666666666667,0.5333333333333333,-1.0,8.0,3.0,31
343.26910400390625,87.4588623046875,17.4917724609375,1000.0,0.0,-0.06666666666666667,0.6,-1.0,9.0,3.0,31
299.8182373046875,82.8648910522461,16.572978210449218,1000.0,0.0,-0.06666666666666667,0.6666666666666666,-1.0,10.0,3.0,31
303.6862487792969,75.35895538330078,15.071791076660157,1000.0,0.0,-0.06666666666666667,0.7333333333333333,-1.0,11.0,3.0,31
342.31695556640625,117.69772338867188,23.539544677734376,1000.0,0.0,-0.06666666666666667,0.8,-1.0,12.0,3.0,31
392.0884094238281,122.05335998535156,24.410671997070313,1000.0,0.0,-0.06666666666666667,0.8666666666666667,-1.0,13.0,3.0,31
353.2077331542969,116.23551940917969,23.247103881835937,1000.0,0.0,-0.06666666666666667,0.9333333333333333,-1.0,14.0,3.0,31
410.0663757324219,109.42330932617188,21.884661865234374,1000.0,0.0,-0.06666666666666667,1.0,-1.0,15.0,3.0,31
229.79420471191406,43.690242767333984,8.738048553466797,1000.0,0.0,0.0,-1.0,0.0,-15.0,3.0,31
227.5027313232422,37.10099792480469,7.420199584960938,1000.0,0.0,0.0,-0.9333333333333333,0.0,-14.0,3.0,31
228.63685607910156,36.81611633300781,7.363223266601563,1000.0,0.0,0.0,-0.8666666666666667,0.0,-13.0,3.0,31
211.30105590820312,28.836484909057617,5.767296981811524,1000.0,0.0,0.0,-0.8,0.0,-12.0,3.0,31
216.4292449951172,29.737638473510742,5.947527694702148,1000.0,0.0,0.0,-0.7333333333333333,0.0,-11.0,3.0,31
220.55763244628906,32.48179626464844,6.496359252929688,1000.0,0.0,0.0,-0.6666666666666666,0.0,-10.0,3.0,31
216.96217346191406,30.407541275024414,6.0815082550048825,1000.0,0.0,0.0,-0.6,0.0,-9.0,3.0,31
228.09902954101562,53.52684020996094,10.705368041992188,1000.0,0.0,0.0,-0.5333333333333333,0.0,-8.0,3.0,31
192.06153869628906,17.086469650268555,3.417293930053711,1000.0,0.0,0.0,-0.4666666666666667,0.0,-7.0,3.0,31
198.20123291015625,19.703630447387695,3.940726089477539,1000.0,0.0,0.0,-0.4,0.0,-6.0,3.0,31
255.0145721435547,74.88749694824219,14.977499389648438,1000.0,0.0,0.0,-0.3333333333333333,0.0,-5.0,3.0,31
277.5309753417969,90.00731658935547,18.001463317871092,1000.0,0.0,0.0,-0.26666666666666666,0.0,-4.0,3.0,31
235.52215576171875,48.26373291015625,9.65274658203125,1000.0,0.0,0.0,-0.2,0.0,-3.0,3.0,31
310.16632080078125,108.46550750732422,21.693101501464845,1000.0,0.0,0.0,-0.13333333333333333,0.0,-2.0,3.0,31
904.2334594726562,31.781404495239258,6.356280899047851,1000.0,0.0,0.0,-0.06666666666666667,0.0,-1.0,3.0,31
978.1329956054688,10.84117603302002,2.168235206604004,1000.0,0.0,0.0,0.0,0.0,0.0,3.0,31
972.4158325195312,14.039953231811523,2.8079906463623048,1000.0,0.0,0.0,0.06666666666666667,0.0,1.0,3.0,31
620.259033203125,261.2422180175781,52.248443603515625,1000.0,0.0,0.0,0.13333333333333333,0.0,2.0,3.0,31
321.0382080078125,106.41793060302734,21.28358612060547,1000.0,0.0,0.0,0.2,0.0,3.0,3.0,31
267.4002990722656,66.42936706542969,13.285873413085938,1000.0,0.0,0.0,0.26666666666666666,0.0,4.0,3.0,31
489.40093994140625,95.37897491455078,19.075794982910157,1000.0,0.0,0.0,0.3333333333333333,0.0,5.0,3.0,31
317.1019592285156,174.46865844726562,34.893731689453126,1000.0,0.0,0.0,0.4,0.0,6.0,3.0,31
255.14207458496094,113.28455352783203,22.656910705566407,1000.0,0.0,0.0,0.4666666666666667,0.0,7.0,3.0,31
337.5741271972656,125.58795166015625,25.11759033203125,1000.0,0.0,0.0,0.5333333333333333,0.0,8.0,3.0,31
392.0249328613281,119.16886901855469,23.833773803710937,1000.0,0.0,0.0,0.6,0.0,9.0,3.0,31
397.2193603515625,83.3819351196289,16.67638702392578,1000.0,0.0,0.0,0.6666666666666666,0.0,10.0,3.0,31
395.3779602050781,84.98442077636719,16.996884155273438,1000.0,0.0,0.0,0.7333333333333333,0.0,11.0,3.0,31
408.7607727050781,78.47404479980469,15.694808959960938,1000.0,0.0,0.0,0.8,0.0,12.0,3.0,31
393.97100830078125,76.9918212890625,15.3983642578125,1000.0,0.0,0.0,0.8666666666666667,0.0,13.0,3.0,31
372.1436767578125,58.4973030090332,11.69946060180664,1000.0,0.0,0.0,0.9333333333333333,0.0,14.0,3.0,31
362.47125244140625,74.44554138183594,14.889108276367187,1000.0,0.0,0.0,1.0,0.0,15.0,3.0,31
252.3383331298828,59.77016830444336,11.954033660888673,1000.0,0.0,0.06666666666666667,-1.0,1.0,-15.0,3.0,31
259.04254150390625,60.68564224243164,12.137128448486328,1000.0,0.0,0.06666666666666667,-0.9333333333333333,1.0,-14.0,3.0,31
255.1561279296875,53.763954162597656,10.752790832519532,1000.0,0.0,0.06666666666666667,-0.8666666666666667,1.0,-13.0,3.0,31
275.84991455078125,60.78594207763672,12.157188415527344,1000.0,0.0,0.06666666666666667,-0.8,1.0,-12.0,3.0,31
233.0453338623047,40.175811767578125,8.035162353515625,1000.0,0.0,0.06666666666666667,-0.7333333333333333,1.0,-11.0,3.0,31
235.78521728515625,41.15093994140625,8.23018798828125,1000.0,0.0,0.06666666666666667,-0.6666666666666666,1.0,-10.0,3.0,31
235.04763793945312,53.612998962402344,10.72259979248047,1000.0,0.0,0.06666666666666667,-0.6,1.0,-9.0,3.0,31
201.0341033935547,28.52751922607422,5.705503845214844,1000.0,0.0,0.06666666666666667,-0.5333333333333333,1.0,-8.0,3.0,31
183.3637237548828,12.465043067932129,2.493008613586426,1000.0,0.0,0.06666666666666667,-0.4666666666666667,1.0,-7.0,3.0,31
207.31900024414062,33.46311950683594,6.692623901367187,1000.0,0.0,0.06666666666666667,-0.4,1.0,-6.0,3.0,31
199.39724731445312,30.154918670654297,6.030983734130859,1000.0,0.0,0.06666666666666667,-0.3333333333333333,1.0,-5.0,3.0,31
216.8554229736328,48.23392105102539,9.646784210205078,1000.0,0.0,0.06666666666666667,-0.26666666666666666,1.0,-4.0,3.0,31
237.6044464111328,62.03404998779297,12.406809997558593,1000.0,0.0,0.06666666666666667,-0.2,1.0,-3.0,3.0,31
329.3701171875,133.9111328125,26.7822265625,1000.0,0.0,0.06666666666666667,-0.13333333333333333,1.0,-2.0,3.0,31
855.8917236328125,146.64393615722656,29.32878723144531,1000.0,0.0,0.06666666666666667,-0.06666666666666667,1.0,-1.0,3.0,31
915.74658203125,16.70987892150879,3.341975784301758,1000.0,0.0,0.06666666666666667,0.0,1.0,0.0,3.0,31
921.6342163085938,27.613889694213867,5.522777938842774,1000.0,0.0,0.06666666666666667,0.06666666666666667,1.0,1.0,3.0,31
316.28155517578125,183.4324951171875,36.6864990234375,1000.0,0.0,0.06666666666666667,0.13333333333333333,1.0,2.0,3.0,31
258.03961181640625,81.47649383544922,16.295298767089843,1000.0,0.0,0.06666666666666667,0.2,1.0,3.0,3.0,31
270.7493896484375,84.61128997802734,16.92225799560547,1000.0,0.0,0.06666666666666667,0.26666666666666666,1.0,4.0,3.0,31
336.55523681640625,69.42790985107422,13.885581970214844,1000.0,0.0,0.06666666666666667,0.3333333333333333,1.0,5.0,3.0,31
398.0002746582031,143.34823608398438,28.669647216796875,1000.0,0.0,0.06666666666666667,0.4,1.0,6.0,3.0,31
401.6631774902344,167.99752807617188,33.59950561523438,1000.0,0.0,0.06666666666666667,0.4666666666666667,1.0,7.0,3.0,31
424.74383544921875,131.40518188476562,26.281036376953125,1000.0,0.0,0.06666666666666667,0.5333333333333333,1.0,8.0,3.0,31
451.11578369140625,98.78043365478516,19.75608673095703,1000.0,0.0,0.06666666666666667,0.6,1.0,9.0,3.0,31
410.5581970214844,76.15705108642578,15.231410217285156,1000.0,0.0,0.06666666666666667,0.6666666666666666,1.0,10.0,3.0,31
393.4969177246094,74.03727722167969,14.807455444335938,1000.0,0.0,0.06666666666666667,0.7333333333333333,1.0,11.0,3.0,31
395.2310791015625,50.15159606933594,10.030319213867188,1000.0,0.0,0.06666666666666667,0.8,1.0,12.0,3.0,31
399.5272521972656,70.5760498046875,14.1152099609375,1000.0,0.0,0.06666666666666667,0.8666666666666667,1.0,13.0,3.0,31
407.0762634277344,55.58306121826172,11.116612243652344,1000.0,0.0,0.06666666666666667,0.9333333333333333,1.0,14.0,3.0,31
393.8039855957031,62.47156524658203,12.494313049316407,1000.0,0.0,0.06666666666666667,1.0,1.0,15.0,3.0,31
282.2684020996094,45.594974517822266,9.118994903564452,1000.0,0.0,0.13333333333333333,-1.0,2.0,-15.0,3.0,31
252.99147033691406,55.53347396850586,11.106694793701172,1000.0,0.0,0.13333333333333333,-0.9333333333333333,2.0,-14.0,3.0,31
233.8543701171875,51.86399841308594,10.372799682617188,1000.0,0.0,0.13333333333333333,-0.8666666666666667,2.0,-13.0,3.0,31
273.9535217285156,63.109840393066406,12.621968078613282,1000.0,0.0,0.13333333333333333,-0.8,2.0,-12.0,3.0,31
276.5299072265625,52.46366500854492,10.492733001708984,1000.0,0.0,0.13333333333333333,-0.7333333333333333,2.0,-11.0,3.0,31
249.37081909179688,63.92197799682617,12.784395599365235,1000.0,0.0,0.13333333333333333,-0.6666666666666666,2.0,-10.0,3.0,31
238.8690185546875,44.827449798583984,8.965489959716797,1000.0,0.0,0.13333333333333333,-0.6,2.0,-9.0,3.0,31
203.07716369628906,27.4620304107666,5.4924060821533205,1000.0,0.0,0.13333333333333333,-0.5333333333333333,2.0,-8.0,3.0,31
190.60687255859375,17.15190887451172,3.4303817749023438,1000.0,0.0,0.13333333333333333,-0.4666666666666667,2.0,-7.0,3.0,31
201.39208984375,30.455095291137695,6.091019058227539,1000.0,0.0,0.13333333333333333,-0.4,2.0,-6.0,3.0,31
205.3212127685547,29.131906509399414,5.8263813018798825,1000.0,0.0,0.13333333333333333,-0.3333333333333333,2.0,-5.0,3.0,31
210.2056427001953,34.378196716308594,6.875639343261719,1000.0,0.0,0.13333333333333333,-0.26666666666666666,2.0,-4.0,3.0,31
209.7418975830078,41.02781677246094,8.205563354492188,1000.0,0.0,0.13333333333333333,-0.2,2.0,-3.0,3.0,31
355.11468505859375,129.05471801757812,25.810943603515625,1000.0,0.0,0.13333333333333333,-0.13333333333333333,2.0,-2.0,3.0,31
690.4722900390625,164.84854125976562,32.96970825195312,1000.0,0.0,0.13333333333333333,-0.06666666666666667,2.0,-1.0,3.0,31
755.9067993164062,123.71141815185547,24.742283630371094,1000.0,0.0,0.13333333333333333,0.0,2.0,0.0,3.0,31
529.5205078125,228.49644470214844,45.69928894042969,1000.0,0.0,0.13333333333333333,0.06666666666666667,2.0,1.0,3.0,31
286.60479736328125,162.4180145263672,32.483602905273436,1000.0,0.0,0.13333333333333333,0.13333333333333333,2.0,2.0,3.0,31
268.9415283203125,61.0096321105957,12.20192642211914,1000.0,0.0,0.13333333333333333,0.2,2.0,3.0,3.0,31
260.3623962402344,81.99114990234375,16.39822998046875,1000.0,0.0,0.13333333333333333,0.26666666666666666,2.0,4.0,3.0,31
260.8164367675781,68.05354309082031,13.610708618164063,1000.0,0.0,0.13333333333333333,0.3333333333333333,2.0,5.0,3.0,31
339.1749572753906,117.4461669921875,23.4892333984375,1000.0,0.0,0.13333333333333333,0.4,2.0,6.0,3.0,31
380.0033264160156,127.20758819580078,25.441517639160157,1000.0,0.0,0.13333333333333333,0.4666666666666667,2.0,7.0,3.0,31
343.2700500488281,99.19043731689453,19.838087463378905,1000.0,0.0,0.13333333333333333,0.5333333333333333,2.0,8.0,3.0,31
343.37054443359375,99.77923583984375,19.95584716796875,1000.0,0.0,0.13333333333333333,0.6,2.0,9.0,3.0,31
310.71368408203125,103.15589904785156,20.631179809570312,1000.0,0.0,0.13333333333333333,0.6666666666666666,2.0,10.0,3.0,31
326.3962707519531,107.68903350830078,21.537806701660156,1000.0,0.0,0.13333333333333333,0.7333333333333333,2.0,11.0,3.0,31
396.79132080078125,105.22473907470703,21.044947814941406,1000.0,0.0,0.13333333333333333,0.8,2.0,12.0,3.0,31
371.8568420410156,68.58881378173828,13.717762756347657,1000.0,0.0,0.13333333333333333,0.8666666666666667,2.0,13.0,3.0,31
399.2879333496094,60.14255905151367,12.028511810302735,1000.0,0.0,0.13333333333333333,0.9333333333333333,2.0,14.0,3.0,31
408.43878173828125,82.49264526367188,16.498529052734376,1000.0,0.0,0.13333333333333333,1.0,2.0,15.0,3.0,31
237.30467224121094,33.0518798828125,6.6103759765625,1000.0,0.0,0.2,-1.0,3.0,-15.0,3.0,31
214.65078735351562,28.181007385253906,5.636201477050781,1000.0,0.0,0.2,-0.9333333333333333,3.0,-14.0,3.0,31
227.9624786376953,39.24909973144531,7.849819946289062,1000.0,0.0,0.2,-0.8666666666666667,3.0,-13.0,3.0,31
259.43145751953125,58.34018325805664,11.668036651611327,1000.0,0.0,0.2,-0.8,3.0,-12.0,3.0,31
245.81991577148438,49.07041549682617,9.814083099365234,1000.0,0.0,0.2,-0.7333333333333333,3.0,-11.0,3.0,31
240.6835174560547,45.14841842651367,9.029683685302734,1000.0,0.0,0.2,-0.6666666666666666,3.0,-10.0,3.0,31
232.32852172851562,34.341270446777344,6.868254089355469,1000.0,0.0,0.2,-0.6,3.0,-9.0,3.0,31
216.62730407714844,35.110355377197266,7.022071075439453,1000.0,0.0,0.2,-0.5333333333333333,3.0,-8.0,3.0,31
213.2683563232422,30.381216049194336,6.076243209838867,1000.0,0.0,0.2,-0.4666666666666667,3.0,-7.0,3.0,31
291.439208984375,76.02586364746094,15.205172729492187,1000.0,0.0,0.2,-0.4,3.0,-6.0,3.0,31
346.4562072753906,105.76643371582031,21.153286743164063,1000.0,0.0,0.2,-0.3333333333333333,3.0,-5.0,3.0,31
418.178955078125,86.81692504882812,17.363385009765626,1000.0,0.0,0.2,-0.26666666666666666,3.0,-4.0,3.0,31
377.48956298828125,113.8438491821289,22.768769836425783,1000.0,0.0,0.2,-0.2,3.0,-3.0,3.0,31
307.4029541015625,85.28113555908203,17.056227111816405,1000.0,0.0,0.2,-0.13333333333333333,3.0,-2.0,3.0,31
446.2319030761719,144.20602416992188,28.841204833984374,1000.0,0.0,0.2,-0.06666666666666667,3.0,-1.0,3.0,31
468.0520324707031,158.51853942871094,31.703707885742187,1000.0,0.0,0.2,0.0,3.0,0.0,3.0,31
419.577880859375,119.62565612792969,23.925131225585936,1000.0,0.0,0.2,0.06666666666666667,3.0,1.0,3.0,31
353.05975341796875,87.05725860595703,17.411451721191405,1000.0,0.0,0.2,0.13333333333333333,3.0,2.0,3.0,31
340.090087890625,140.89723205566406,28.179446411132812,1000.0,0.0,0.2,0.2,3.0,3.0,3.0,31
225.46359252929688,48.71517562866211,9.743035125732423,1000.0,0.0,0.2,0.26666666666666666,3.0,4.0,3.0,31
252.88246154785156,67.30342102050781,13.460684204101563,1000.0,0.0,0.2,0.3333333333333333,3.0,5.0,3.0,31
280.20654296875,80.67949676513672,16.135899353027344,1000.0,0.0,0.2,0.4,3.0,6.0,3.0,31
289.7369689941406,85.1270980834961,17.025419616699217,1000.0,0.0,0.2,0.4666666666666667,3.0,7.0,3.0,31
301.9906311035156,85.80381774902344,17.160763549804688,1000.0,0.0,0.2,0.5333333333333333,3.0,8.0,3.0,31
293.9952697753906,100.42232513427734,20.08446502685547,1000.0,0.0,0.2,0.6,3.0,9.0,3.0,31
275.02520751953125,81.46832275390625,16.29366455078125,1000.0,0.0,0.2,0.6666666666666666,3.0,10.0,3.0,31
340.775634765625,111.44795227050781,22.289590454101564,1000.0,0.0,0.2,0.7333333333333333,3.0,11.0,3.0,31
307.476806640625,100.3478775024414,20.06957550048828,1000.0,0.0,0.2,0.8,3.0,12.0,3.0,31
332.0469665527344,108.39918518066406,21.679837036132813,1000.0,0.0,0.2,0.8666666666666667,3.0,13.0,3.0,31
350.0383605957031,106.1209716796875,21.2241943359375,1000.0,0.0,0.2,0.9333333333333333,3.0,14.0,3.0,31
397.0126953125,98.19112396240234,19.638224792480468,1000.0,0.0,0.2,1.0,3.0,15.0,3.0,31
204.08253479003906,28.529146194458008,5.705829238891601,1000.0,0.0,0.26666666666666666,-1.0,4.0,-15.0,3.0,31
205.99386596679688,30.51753044128418,6.103506088256836,1000.0,0.0,0.26666666666666666,-0.9333333333333333,4.0,-14.0,3.0,31
207.73855590820312,44.19609451293945,8.839218902587891,1000.0,0.0,0.26666666666666666,-0.8666666666666667,4.0,-13.0,3.0,31
206.2978057861328,25.271398544311523,5.054279708862305,1000.0,0.0,0.26666666666666666,-0.8,4.0,-12.0,3.0,31
229.82205200195312,50.6587028503418,10.13174057006836,1000.0,0.0,0.26666666666666666,-0.7333333333333333,4.0,-11.0,3.0,31
223.28231811523438,39.165260314941406,7.833052062988282,1000.0,0.0,0.26666666666666666,-0.6666666666666666,4.0,-10.0,3.0,31
213.02456665039062,27.29164695739746,5.458329391479492,1000.0,0.0,0.26666666666666666,-0.6,4.0,-9.0,3.0,31
217.177734375,29.67932891845703,5.935865783691407,1000.0,0.0,0.26666666666666666,-0.5333333333333333,4.0,-8.0,3.0,31
246.89581298828125,47.352970123291016,9.470594024658203,1000.0,0.0,0.26666666666666666,-0.4666666666666667,4.0,-7.0,3.0,31
317.6858215332031,81.02593231201172,16.205186462402345,1000.0,0.0,0.26666666666666666,-0.4,4.0,-6.0,3.0,31
386.4195556640625,87.01496887207031,17.402993774414064,1000.0,0.0,0.26666666666666666,-0.3333333333333333,4.0,-5.0,3.0,31
388.73516845703125,137.86624145507812,27.573248291015624,1000.0,0.0,0.26666666666666666,-0.26666666666666666,4.0,-4.0,3.0,31
307.8877258300781,78.07395935058594,15.614791870117188,1000.0,0.0,0.26666666666666666,-0.2,4.0,-3.0,3.0,31
347.5827331542969,125.34806060791016,25.069612121582033,1000.0,0.0,0.26666666666666666,-0.13333333333333333,4.0,-2.0,3.0,31
434.08270263671875,122.30325317382812,24.460650634765624,1000.0,0.0,0.26666666666666666,-0.06666666666666667,4.0,-1.0,3.0,31
439.66619873046875,113.45057678222656,22.69011535644531,1000.0,0.0,0.26666666666666666,0.0,4.0,0.0,3.0,31
330.4873352050781,97.9421615600586,19.58843231201172,1000.0,0.0,0.26666666666666666,0.06666666666666667,4.0,1.0,3.0,31
296.6530456542969,81.86132049560547,16.372264099121093,1000.0,0.0,0.26666666666666666,0.13333333333333333,4.0,2.0,3.0,31
279.2318115234375,98.6368408203125,19.7273681640625,1000.0,0.0,0.26666666666666666,0.2,4.0,3.0,3.0,31
209.04745483398438,37.037906646728516,7.407581329345703,1000.0,0.0,0.26666666666666666,0.26666666666666666,4.0,4.0,3.0,31
207.43231201171875,30.89626693725586,6.179253387451172,1000.0,0.0,0.26666666666666666,0.3333333333333333,4.0,5.0,3.0,31
291.2857666015625,94.13107299804688,18.826214599609376,1000.0,0.0,0.26666666666666666,0.4,4.0,6.0,3.0,31
267.7724304199219,65.93399810791016,13.186799621582031,1000.0,0.0,0.26666666666666666,0.4666666666666667,4.0,7.0,3.0,31
300.0466613769531,90.63594055175781,18.12718811035156,1000.0,0.0,0.26666666666666666,0.5333333333333333,4.0,8.0,3.0,31
248.0337371826172,71.07713317871094,14.215426635742187,1000.0,0.0,0.26666666666666666,0.6,4.0,9.0,3.0,31
288.7098388671875,85.99591064453125,17.19918212890625,1000.0,0.0,0.26666666666666666,0.6666666666666666,4.0,10.0,3.0,31
302.73895263671875,100.19649505615234,20.03929901123047,1000.0,0.0,0.26666666666666666,0.7333333333333333,4.0,11.0,3.0,31
323.2737121582031,103.13013458251953,20.626026916503907,1000.0,0.0,0.26666666666666666,0.8,4.0,12.0,3.0,31
331.5751647949219,101.51934051513672,20.303868103027344,1000.0,0.0,0.26666666666666666,0.8666666666666667,4.0,13.0,3.0,31
354.58551025390625,90.01618194580078,18.003236389160158,1000.0,0.0,0.26666666666666666,0.9333333333333333,4.0,14.0,3.0,31
381.86407470703125,78.59851837158203,15.719703674316406,1000.0,0.0,0.26666666666666666,1.0,4.0,15.0,3.0,31
190.40382385253906,22.719314575195312,4.543862915039062,1000.0,0.0,0.3333333333333333,-1.0,5.0,-15.0,3.0,31
186.40264892578125,19.38140296936035,3.87628059387207,1000.0,0.0,0.3333333333333333,-0.9333333333333333,5.0,-14.0,3.0,31
189.87045288085938,18.115901947021484,3.623180389404297,1000.0,0.0,0.3333333333333333,-0.8666666666666667,5.0,-13.0,3.0,31
197.5840606689453,21.113162994384766,4.222632598876953,1000.0,0.0,0.3333333333333333,-0.8,5.0,-12.0,3.0,31
216.98605346679688,35.69279098510742,7.138558197021484,1000.0,0.0,0.3333333333333333,-0.7333333333333333,5.0,-11.0,3.0,31
225.57217407226562,40.194496154785156,8.038899230957032,1000.0,0.0,0.3333333333333333,-0.6666666666666666,5.0,-10.0,3.0,31
231.18954467773438,38.666507720947266,7.7333015441894535,1000.0,0.0,0.3333333333333333,-0.6,5.0,-9.0,3.0,31
234.19789123535156,51.435325622558594,10.287065124511718,1000.0,0.0,0.3333333333333333,-0.5333333333333333,5.0,-8.0,3.0,31
244.48805236816406,48.565895080566406,9.713179016113282,1000.0,0.0,0.3333333333333333,-0.4666666666666667,5.0,-7.0,3.0,31
265.53240966796875,48.29685592651367,9.659371185302735,1000.0,0.0,0.3333333333333333,-0.4,5.0,-6.0,3.0,31
300.37969970703125,63.00434875488281,12.600869750976562,1000.0,0.0,0.3333333333333333,-0.3333333333333333,5.0,-5.0,3.0,31
293.7408142089844,93.67640686035156,18.73528137207031,1000.0,0.0,0.3333333333333333,-0.26666666666666666,5.0,-4.0,3.0,31
309.63543701171875,88.32125854492188,17.664251708984374,1000.0,0.0,0.3333333333333333,-0.2,5.0,-3.0,3.0,31
303.63201904296875,103.28522491455078,20.657044982910158,1000.0,0.0,0.3333333333333333,-0.13333333333333333,5.0,-2.0,3.0,31
396.5871887207031,120.24775695800781,24.04955139160156,1000.0,0.0,0.3333333333333333,-0.06666666666666667,5.0,-1.0,3.0,31
300.0664367675781,106.0805435180664,21.21610870361328,1000.0,0.0,0.3333333333333333,0.0,5.0,0.0,3.0,31
285.14630126953125,86.73175048828125,17.34635009765625,1000.0,0.0,0.3333333333333333,0.06666666666666667,5.0,1.0,3.0,31
232.80079650878906,82.66471099853516,16.53294219970703,1000.0,0.0,0.3333333333333333,0.13333333333333333,5.0,2.0,3.0,31
208.4901885986328,35.79037857055664,7.1580757141113285,1000.0,0.0,0.3333333333333333,0.2,5.0,3.0,3.0,31
193.10189819335938,38.74230194091797,7.748460388183593,1000.0,0.0,0.3333333333333333,0.26666666666666666,5.0,4.0,3.0,31
210.05133056640625,35.57876968383789,7.115753936767578,1000.0,0.0,0.3333333333333333,0.3333333333333333,5.0,5.0,3.0,31
198.65931701660156,30.367483139038086,6.073496627807617,1000.0,0.0,0.3333333333333333,0.4,5.0,6.0,3.0,31
239.18252563476562,68.72200012207031,13.744400024414062,1000.0,0.0,0.3333333333333333,0.4666666666666667,5.0,7.0,3.0,31
238.36068725585938,57.2486686706543,11.44973373413086,1000.0,0.0,0.3333333333333333,0.5333333333333333,5.0,8.0,3.0,31
258.21160888671875,78.93789672851562,15.787579345703126,1000.0,0.0,0.3333333333333333,0.6,5.0,9.0,3.0,31
308.0504455566406,120.60285186767578,24.120570373535156,1000.0,0.0,0.3333333333333333,0.6666666666666666,5.0,10.0,3.0,31
274.60479736328125,95.43002319335938,19.086004638671874,1000.0,0.0,0.3333333333333333,0.7333333333333333,5.0,11.0,3.0,31
281.0610656738281,85.94857025146484,17.18971405029297,1000.0,0.0,0.3333333333333333,0.8,5.0,12.0,3.0,31
319.6868591308594,96.86314392089844,19.37262878417969,1000.0,0.0,0.3333333333333333,0.8666666666666667,5.0,13.0,3.0,31
298.9039611816406,91.3518295288086,18.270365905761718,1000.0,0.0,0.3333333333333333,0.9333333333333333,5.0,14.0,3.0,31
305.5578308105469,100.90687561035156,20.181375122070314,1000.0,0.0,0.3333333333333333,1.0,5.0,15.0,3.0,31
204.04367065429688,46.715171813964844,9.343034362792968,1000.0,0.0,0.4,-1.0,6.0,-15.0,3.0,31
189.7335968017578,25.998828887939453,5.19976577758789,1000.0,0.0,0.4,-0.9333333333333333,6.0,-14.0,3.0,31
212.04861450195312,53.56121826171875,10.71224365234375,1000.0,0.0,0.4,-0.8666666666666667,6.0,-13.0,3.0,31
208.69073486328125,42.813751220703125,8.562750244140625,1000.0,0.0,0.4,-0.8,6.0,-12.0,3.0,31
200.62521362304688,27.210744857788086,5.442148971557617,1000.0,0.0,0.4,-0.7333333333333333,6.0,-11.0,3.0,31
224.9257049560547,40.45475769042969,8.090951538085937,1000.0,0.0,0.4,-0.6666666666666666,6.0,-10.0,3.0,31
226.83468627929688,40.898216247558594,8.179643249511718,1000.0,0.0,0.4,-0.6,6.0,-9.0,3.0,31
220.1873016357422,44.919490814208984,8.983898162841797,1000.0,0.0,0.4,-0.5333333333333333,6.0,-8.0,3.0,31
222.94483947753906,30.317115783691406,6.063423156738281,1000.0,0.0,0.4,-0.4666666666666667,6.0,-7.0,3.0,31
230.11285400390625,30.49045753479004,6.098091506958008,1000.0,0.0,0.4,-0.4,6.0,-6.0,3.0,31
258.99249267578125,56.263057708740234,11.252611541748047,1000.0,0.0,0.4,-0.3333333333333333,6.0,-5.0,3.0,31
246.5615692138672,66.9600601196289,13.392012023925782,1000.0,0.0,0.4,-0.26666666666666666,6.0,-4.0,3.0,31
280.3236083984375,98.10440826416016,19.620881652832033,1000.0,0.0,0.4,-0.2,6.0,-3.0,3.0,31
314.83660888671875,126.2505874633789,25.25011749267578,1000.0,0.0,0.4,-0.13333333333333333,6.0,-2.0,3.0,31
228.58432006835938,69.11097717285156,13.822195434570313,1000.0,0.0,0.4,-0.06666666666666667,6.0,-1.0,3.0,31
210.3710174560547,39.671348571777344,7.934269714355469,1000.0,0.0,0.4,0.0,6.0,0.0,3.0,31
216.52024841308594,47.7303352355957,9.546067047119141,1000.0,0.0,0.4,0.06666666666666667,6.0,1.0,3.0,31
221.2196502685547,43.08755874633789,8.617511749267578,1000.0,0.0,0.4,0.13333333333333333,6.0,2.0,3.0,31
200.50454711914062,36.99408721923828,7.398817443847657,1000.0,0.0,0.4,0.2,6.0,3.0,3.0,31
188.09725952148438,27.925447463989258,5.585089492797851,1000.0,0.0,0.4,0.26666666666666666,6.0,4.0,3.0,31
184.28140258789062,16.56387710571289,3.312775421142578,1000.0,0.0,0.4,0.3333333333333333,6.0,5.0,3.0,31
189.6931610107422,26.551294326782227,5.310258865356445,1000.0,0.0,0.4,0.4,6.0,6.0,3.0,31
212.30442810058594,35.48709487915039,7.097418975830078,1000.0,0.0,0.4,0.4666666666666667,6.0,7.0,3.0,31
259.3961486816406,79.14593505859375,15.82918701171875,1000.0,0.0,0.4,0.5333333333333333,6.0,8.0,3.0,31
251.44216918945312,72.087646484375,14.417529296875,1000.0,0.0,0.4,0.6,6.0,9.0,3.0,31
274.51123046875,87.69669342041016,17.539338684082033,1000.0,0.0,0.4,0.6666666666666666,6.0,10.0,3.0,31
287.2301940917969,96.15248107910156,19.230496215820313,1000.0,0.0,0.4,0.7333333333333333,6.0,11.0,3.0,31
282.73980712890625,94.33033752441406,18.866067504882814,1000.0,0.0,0.4,0.8,6.0,12.0,3.0,31
291.85003662109375,84.7762451171875,16.9552490234375,1000.0,0.0,0.4,0.8666666666666667,6.0,13.0,3.0,31
317.039794921875,101.30848693847656,20.261697387695314,1000.0,0.0,0.4,0.9333333333333333,6.0,14.0,3.0,31
332.4956359863281,85.23422241210938,17.046844482421875,1000.0,0.0,0.4,1.0,6.0,15.0,3.0,31
187.7119140625,21.856843948364258,4.371368789672852,1000.0,0.0,0.4666666666666667,-1.0,7.0,-15.0,3.0,31
182.2353973388672,19.559049606323242,3.9118099212646484,1000.0,0.0,0.4666666666666667,-0.9333333333333333,7.0,-14.0,3.0,31
196.2914276123047,27.848384857177734,5.5696769714355465,1000.0,0.0,0.4666666666666667,-0.8666666666666667,7.0,-13.0,3.0,31
211.85531616210938,28.6445255279541,5.728905105590821,1000.0,0.0,0.4666666666666667,-0.8,7.0,-12.0,3.0,31
229.61668395996094,34.26857376098633,6.8537147521972654,1000.0,0.0,0.4666666666666667,-0.7333333333333333,7.0,-11.0,3.0,31
219.5142822265625,41.88811492919922,8.377622985839844,1000.0,0.0,0.4666666666666667,-0.6666666666666666,7.0,-10.0,3.0,31
224.88429260253906,42.63200378417969,8.526400756835937,1000.0,0.0,0.4666666666666667,-0.6,7.0,-9.0,3.0,31
213.47817993164062,27.041444778442383,5.408288955688477,1000.0,0.0,0.4666666666666667,-0.5333333333333333,7.0,-8.0,3.0,31
228.71182250976562,28.28131866455078,5.656263732910157,1000.0,0.0,0.4666666666666667,-0.4666666666666667,7.0,-7.0,3.0,31
191.03945922851562,17.894306182861328,3.5788612365722656,1000.0,0.0,0.4666666666666667,-0.4,7.0,-6.0,3.0,31
215.9680633544922,50.23276138305664,10.046552276611328,1000.0,0.0,0.4666666666666667,-0.3333333333333333,7.0,-5.0,3.0,31
225.82354736328125,42.051029205322266,8.410205841064453,1000.0,0.0,0.4666666666666667,-0.26666666666666666,7.0,-4.0,3.0,31
236.0246124267578,68.10210418701172,13.620420837402344,1000.0,0.0,0.4666666666666667,-0.2,7.0,-3.0,3.0,31
318.95068359375,97.81745910644531,19.563491821289062,1000.0,0.0,0.4666666666666667,-0.13333333333333333,7.0,-2.0,3.0,31
235.36923217773438,58.33381271362305,11.666762542724609,1000.0,0.0,0.4666666666666667,-0.06666666666666667,7.0,-1.0,3.0,31
214.7716827392578,46.67835235595703,9.335670471191406,1000.0,0.0,0.4666666666666667,0.0,7.0,0.0,3.0,31
204.08294677734375,35.27375030517578,7.054750061035156,1000.0,0.0,0.4666666666666667,0.06666666666666667,7.0,1.0,3.0,31
230.68142700195312,69.89949798583984,13.979899597167968,1000.0,0.0,0.4666666666666667,0.13333333333333333,7.0,2.0,3.0,31
194.76052856445312,22.585630416870117,4.517126083374023,1000.0,0.0,0.4666666666666667,0.2,7.0,3.0,3.0,31
194.84104919433594,26.695974349975586,5.339194869995117,1000.0,0.0,0.4666666666666667,0.26666666666666666,7.0,4.0,3.0,31
196.37767028808594,28.6481876373291,5.729637527465821,1000.0,0.0,0.4666666666666667,0.3333333333333333,7.0,5.0,3.0,31
208.4527130126953,49.00625991821289,9.801251983642578,1000.0,0.0,0.4666666666666667,0.4,7.0,6.0,3.0,31
191.85638427734375,29.21885108947754,5.843770217895508,1000.0,0.0,0.4666666666666667,0.4666666666666667,7.0,7.0,3.0,31
205.13136291503906,45.97053527832031,9.194107055664062,1000.0,0.0,0.4666666666666667,0.5333333333333333,7.0,8.0,3.0,31
259.4628601074219,60.96572494506836,12.193144989013671,1000.0,0.0,0.4666666666666667,0.6,7.0,9.0,3.0,31
263.8395080566406,72.45249938964844,14.490499877929688,1000.0,0.0,0.4666666666666667,0.6666666666666666,7.0,10.0,3.0,31
273.37420654296875,84.76038360595703,16.952076721191407,1000.0,0.0,0.4666666666666667,0.7333333333333333,7.0,11.0,3.0,31
270.6956787109375,90.4048080444336,18.080961608886717,1000.0,0.0,0.4666666666666667,0.8,7.0,12.0,3.0,31
269.53253173828125,85.6645736694336,17.132914733886718,1000.0,0.0,0.4666666666666667,0.8666666666666667,7.0,13.0,3.0,31
310.856201171875,94.90090942382812,18.980181884765624,1000.0,0.0,0.4666666666666667,0.9333333333333333,7.0,14.0,3.0,31
325.2876281738281,106.25468444824219,21.250936889648436,1000.0,0.0,0.4666666666666667,1.0,7.0,15.0,3.0,31
187.115234375,21.654069900512695,4.330813980102539,1000.0,0.0,0.5333333333333333,-1.0,8.0,-15.0,3.0,31
199.32199096679688,22.044986724853516,4.408997344970703,1000.0,0.0,0.5333333333333333,-0.9333333333333333,8.0,-14.0,3.0,31
218.9521942138672,43.459136962890625,8.691827392578125,1000.0,0.0,0.5333333333333333,-0.8666666666666667,8.0,-13.0,3.0,31
244.6785125732422,33.486961364746094,6.697392272949219,1000.0,0.0,0.5333333333333333,-0.8,8.0,-12.0,3.0,31
242.3269500732422,30.711462020874023,6.142292404174805,1000.0,0.0,0.5333333333333333,-0.7333333333333333,8.0,-11.0,3.0,31
238.5431671142578,43.14039611816406,8.628079223632813,1000.0,0.0,0.5333333333333333,-0.6666666666666666,8.0,-10.0,3.0,31
219.30429077148438,28.302635192871094,5.660527038574219,1000.0,0.0,0.5333333333333333,-0.6,8.0,-9.0,3.0,31
213.66571044921875,30.049528121948242,6.009905624389648,1000.0,0.0,0.5333333333333333,-0.5333333333333333,8.0,-8.0,3.0,31
211.03533935546875,23.7016544342041,4.7403308868408205,1000.0,0.0,0.5333333333333333,-0.4666666666666667,8.0,-7.0,3.0,31
184.19677734375,18.07661247253418,3.615322494506836,1000.0,0.0,0.5333333333333333,-0.4,8.0,-6.0,3.0,31
186.88148498535156,20.300189971923828,4.060037994384766,1000.0,0.0,0.5333333333333333,-0.3333333333333333,8.0,-5.0,3.0,31
210.7513427734375,37.62040710449219,7.524081420898438,1000.0,0.0,0.5333333333333333,-0.26666666666666666,8.0,-4.0,3.0,31
257.6889953613281,84.55067443847656,16.910134887695314,1000.0,0.0,0.5333333333333333,-0.2,8.0,-3.0,3.0,31
246.02980041503906,64.82652282714844,12.965304565429687,1000.0,0.0,0.5333333333333333,-0.13333333333333333,8.0,-2.0,3.0,31
217.06564331054688,44.43303298950195,8.886606597900391,1000.0,0.0,0.5333333333333333,-0.06666666666666667,8.0,-1.0,3.0,31
233.63113403320312,65.28302764892578,13.056605529785156,1000.0,0.0,0.5333333333333333,0.0,8.0,0.0,3.0,31
229.62841796875,53.62460708618164,10.724921417236327,1000.0,0.0,0.5333333333333333,0.06666666666666667,8.0,1.0,3.0,31
280.5003662109375,92.4606704711914,18.49213409423828,1000.0,0.0,0.5333333333333333,0.13333333333333333,8.0,2.0,3.0,31
204.8566436767578,31.03312110900879,6.206624221801758,1000.0,0.0,0.5333333333333333,0.2,8.0,3.0,3.0,31
197.19793701171875,22.868656158447266,4.573731231689453,1000.0,0.0,0.5333333333333333,0.26666666666666666,8.0,4.0,3.0,31
211.5731964111328,53.57815933227539,10.715631866455078,1000.0,0.0,0.5333333333333333,0.3333333333333333,8.0,5.0,3.0,31
204.0030517578125,62.59876251220703,12.519752502441406,1000.0,0.0,0.5333333333333333,0.4,8.0,6.0,3.0,31
206.6287841796875,52.73341751098633,10.546683502197265,1000.0,0.0,0.5333333333333333,0.4666666666666667,8.0,7.0,3.0,31
207.99237060546875,51.095455169677734,10.219091033935547,1000.0,0.0,0.5333333333333333,0.5333333333333333,8.0,8.0,3.0,31
207.80882263183594,34.89861297607422,6.979722595214843,1000.0,0.0,0.5333333333333333,0.6,8.0,9.0,3.0,31
234.62840270996094,56.91107940673828,11.382215881347657,1000.0,0.0,0.5333333333333333,0.6666666666666666,8.0,10.0,3.0,31
251.8590087890625,88.76580047607422,17.753160095214845,1000.0,0.0,0.5333333333333333,0.7333333333333333,8.0,11.0,3.0,31
283.062744140625,87.37783813476562,17.475567626953126,1000.0,0.0,0.5333333333333333,0.8,8.0,12.0,3.0,31
264.6356201171875,81.2647705078125,16.2529541015625,1000.0,0.0,0.5333333333333333,0.8666666666666667,8.0,13.0,3.0,31
277.0258483886719,89.12397003173828,17.824794006347656,1000.0,0.0,0.5333333333333333,0.9333333333333333,8.0,14.0,3.0,31
279.8320617675781,76.9236831665039,15.384736633300781,1000.0,0.0,0.5333333333333333,1.0,8.0,15.0,3.0,31
197.541015625,25.2807559967041,5.05615119934082,1000.0,0.0,0.6,-1.0,9.0,-15.0,3.0,31
236.60914611816406,43.5909309387207,8.718186187744141,1000.0,0.0,0.6,-0.9333333333333333,9.0,-14.0,3.0,31
258.4713134765625,42.531192779541016,8.506238555908203,1000.0,0.0,0.6,-0.8666666666666667,9.0,-13.0,3.0,31
253.2509307861328,41.79597854614258,8.359195709228516,1000.0,0.0,0.6,-0.8,9.0,-12.0,3.0,31
249.7505340576172,45.628929138183594,9.125785827636719,1000.0,0.0,0.6,-0.7333333333333333,9.0,-11.0,3.0,31
241.51947021484375,33.145851135253906,6.629170227050781,1000.0,0.0,0.6,-0.6666666666666666,9.0,-10.0,3.0,31
224.6231231689453,31.913280487060547,6.382656097412109,1000.0,0.0,0.6,-0.6,9.0,-9.0,3.0,31
212.80218505859375,32.89499282836914,6.578998565673828,1000.0,0.0,0.6,-0.5333333333333333,9.0,-8.0,3.0,31
192.95591735839844,34.13838195800781,6.827676391601562,1000.0,0.0,0.6,-0.4666666666666667,9.0,-7.0,3.0,31
184.26097106933594,16.291072845458984,3.258214569091797,1000.0,0.0,0.6,-0.4,9.0,-6.0,3.0,31
190.82298278808594,36.707550048828125,7.341510009765625,1000.0,0.0,0.6,-0.3333333333333333,9.0,-5.0,3.0,31
205.85235595703125,35.67887878417969,7.135775756835938,1000.0,0.0,0.6,-0.26666666666666666,9.0,-4.0,3.0,31
211.63330078125,30.845457077026367,6.169091415405274,1000.0,0.0,0.6,-0.2,9.0,-3.0,3.0,31
206.3143768310547,29.733436584472656,5.946687316894531,1000.0,0.0,0.6,-0.13333333333333333,9.0,-2.0,3.0,31
203.6676788330078,32.63936233520508,6.527872467041016,1000.0,0.0,0.6,-0.06666666666666667,9.0,-1.0,3.0,31
231.20631408691406,69.8048095703125,13.9609619140625,1000.0,0.0,0.6,0.0,9.0,0.0,3.0,31
238.81591796875,70.47300720214844,14.094601440429688,1000.0,0.0,0.6,0.06666666666666667,9.0,1.0,3.0,31
289.7164001464844,101.33123016357422,20.266246032714843,1000.0,0.0,0.6,0.13333333333333333,9.0,2.0,3.0,31
252.83526611328125,74.49833679199219,14.899667358398437,1000.0,0.0,0.6,0.2,9.0,3.0,3.0,31
192.20199584960938,25.65241813659668,5.130483627319336,1000.0,0.0,0.6,0.26666666666666666,9.0,4.0,3.0,31
198.33123779296875,34.82801818847656,6.965603637695312,1000.0,0.0,0.6,0.3333333333333333,9.0,5.0,3.0,31
219.2774658203125,48.535072326660156,9.707014465332032,1000.0,0.0,0.6,0.4,9.0,6.0,3.0,31
203.90626525878906,44.56938934326172,8.913877868652344,1000.0,0.0,0.6,0.4666666666666667,9.0,7.0,3.0,31
206.43678283691406,37.3207893371582,7.4641578674316404,1000.0,0.0,0.6,0.5333333333333333,9.0,8.0,3.0,31
203.01730346679688,29.613439559936523,5.922687911987305,1000.0,0.0,0.6,0.6,9.0,9.0,3.0,31
207.5726776123047,30.268604278564453,6.053720855712891,1000.0,0.0,0.6,0.6666666666666666,9.0,10.0,3.0,31
246.5327606201172,72.3034896850586,14.46069793701172,1000.0,0.0,0.6,0.7333333333333333,9.0,11.0,3.0,31
265.3639831542969,88.8548355102539,17.770967102050783,1000.0,0.0,0.6,0.8,9.0,12.0,3.0,31
246.99073791503906,75.1534423828125,15.0306884765625,1000.0,0.0,0.6,0.8666666666666667,9.0,13.0,3.0,31
286.6503601074219,94.63642120361328,18.927284240722656,1000.0,0.0,0.6,0.9333333333333333,9.0,14.0,3.0,31
281.4332275390625,95.28612518310547,19.057225036621094,1000.0,0.0,0.6,1.0,9.0,15.0,3.0,31
239.62205505371094,43.7305793762207,8.74611587524414,1000.0,0.0,0.6666666666666666,-1.0,10.0,-15.0,3.0,31
261.31201171875,48.30098342895508,9.660196685791016,1000.0,0.0,0.6666666666666666,-0.9333333333333333,10.0,-14.0,3.0,31
273.327880859375,45.59892654418945,9.11978530883789,1000.0,0.0,0.6666666666666666,-0.8666666666666667,10.0,-13.0,3.0,31
267.3003234863281,48.10891342163086,9.621782684326172,1000.0,0.0,0.6666666666666666,-0.8,10.0,-12.0,3.0,31
254.27108764648438,39.29388427734375,7.85877685546875,1000.0,0.0,0.6666666666666666,-0.7333333333333333,10.0,-11.0,3.0,31
226.56788635253906,35.32676696777344,7.0653533935546875,1000.0,0.0,0.6666666666666666,-0.6666666666666666,10.0,-10.0,3.0,31
218.89231872558594,39.09048080444336,7.818096160888672,1000.0,0.0,0.6666666666666666,-0.6,10.0,-9.0,3.0,31
197.58926391601562,31.809480667114258,6.361896133422851,1000.0,0.0,0.6666666666666666,-0.5333333333333333,10.0,-8.0,3.0,31
199.9201202392578,35.34172821044922,7.068345642089843,1000.0,0.0,0.6666666666666666,-0.4666666666666667,10.0,-7.0,3.0,31
199.76953125,23.09079360961914,4.6181587219238285,1000.0,0.0,0.6666666666666666,-0.4,10.0,-6.0,3.0,31
190.5223846435547,27.332813262939453,5.466562652587891,1000.0,0.0,0.6666666666666666,-0.3333333333333333,10.0,-5.0,3.0,31
202.27064514160156,29.68303108215332,5.936606216430664,1000.0,0.0,0.6666666666666666,-0.26666666666666666,10.0,-4.0,3.0,31
209.22158813476562,46.6637077331543,9.33274154663086,1000.0,0.0,0.6666666666666666,-0.2,10.0,-3.0,3.0,31
221.53265380859375,54.57626724243164,10.915253448486329,1000.0,0.0,0.6666666666666666,-0.13333333333333333,10.0,-2.0,3.0,31
196.4423370361328,22.449970245361328,4.489994049072266,1000.0,0.0,0.6666666666666666,-0.06666666666666667,10.0,-1.0,3.0,31
212.7052764892578,39.189083099365234,7.837816619873047,1000.0,0.0,0.6666666666666666,0.0,10.0,0.0,3.0,31
239.49740600585938,66.70816040039062,13.341632080078124,1000.0,0.0,0.6666666666666666,0.06666666666666667,10.0,1.0,3.0,31
301.0614013671875,97.63742065429688,19.527484130859374,1000.0,0.0,0.6666666666666666,0.13333333333333333,10.0,2.0,3.0,31
295.89764404296875,78.3266372680664,15.665327453613282,1000.0,0.0,0.6666666666666666,0.2,10.0,3.0,3.0,31
217.13613891601562,47.13141632080078,9.426283264160157,1000.0,0.0,0.6666666666666666,0.26666666666666666,10.0,4.0,3.0,31
206.9231414794922,33.855594635009766,6.771118927001953,1000.0,0.0,0.6666666666666666,0.3333333333333333,10.0,5.0,3.0,31
206.49591064453125,43.507930755615234,8.701586151123047,1000.0,0.0,0.6666666666666666,0.4,10.0,6.0,3.0,31
208.24154663085938,38.18918228149414,7.637836456298828,1000.0,0.0,0.6666666666666666,0.4666666666666667,10.0,7.0,3.0,31
210.81478881835938,38.71328353881836,7.742656707763672,1000.0,0.0,0.6666666666666666,0.5333333333333333,10.0,8.0,3.0,31
198.20773315429688,29.380041122436523,5.876008224487305,1000.0,0.0,0.6666666666666666,0.6,10.0,9.0,3.0,31
203.7425994873047,41.686439514160156,8.337287902832031,1000.0,0.0,0.6666666666666666,0.6666666666666666,10.0,10.0,3.0,31
240.19349670410156,88.56549835205078,17.713099670410156,1000.0,0.0,0.6666666666666666,0.7333333333333333,10.0,11.0,3.0,31
255.4439697265625,81.90834045410156,16.381668090820312,1000.0,0.0,0.6666666666666666,0.8,10.0,12.0,3.0,31
249.93670654296875,70.61480712890625,14.12296142578125,1000.0,0.0,0.6666666666666666,0.8666666666666667,10.0,13.0,3.0,31
258.2138977050781,78.71887969970703,15.743775939941406,1000.0,0.0,0.6666666666666666,0.9333333333333333,10.0,14.0,3.0,31
293.3508605957031,82.54676818847656,16.509353637695312,1000.0,0.0,0.6666666666666666,1.0,10.0,15.0,3.0,31
274.15850830078125,59.44228744506836,11.888457489013671,1000.0,0.0,0.7333333333333333,-1.0,11.0,-15.0,3.0,31
254.22482299804688,44.20736312866211,8.841472625732422,1000.0,0.0,0.7333333333333333,-0.9333333333333333,11.0,-14.0,3.0,31
266.1566467285156,36.673301696777344,7.334660339355469,1000.0,0.0,0.7333333333333333,-0.8666666666666667,11.0,-13.0,3.0,31
264.98138427734375,41.8530158996582,8.37060317993164,1000.0,0.0,0.7333333333333333,-0.8,11.0,-12.0,3.0,31
239.2743682861328,35.8560905456543,7.1712181091308596,1000.0,0.0,0.7333333333333333,-0.7333333333333333,11.0,-11.0,3.0,31
215.04742431640625,30.408096313476562,6.0816192626953125,1000.0,0.0,0.7333333333333333,-0.6666666666666666,11.0,-10.0,3.0,31
192.15589904785156,20.912755966186523,4.1825511932373045,1000.0,0.0,0.7333333333333333,-0.6,11.0,-9.0,3.0,31
199.1121063232422,24.78741455078125,4.95748291015625,1000.0,0.0,0.7333333333333333,-0.5333333333333333,11.0,-8.0,3.0,31
201.32447814941406,35.5455207824707,7.109104156494141,1000.0,0.0,0.7333333333333333,-0.4666666666666667,11.0,-7.0,3.0,31
196.68995666503906,32.73400115966797,6.546800231933593,1000.0,0.0,0.7333333333333333,-0.4,11.0,-6.0,3.0,31
208.50985717773438,25.72758674621582,5.145517349243164,1000.0,0.0,0.7333333333333333,-0.3333333333333333,11.0,-5.0,3.0,31
204.21995544433594,33.28061294555664,6.6561225891113285,1000.0,0.0,0.7333333333333333,-0.26666666666666666,11.0,-4.0,3.0,31
219.02896118164062,60.49773025512695,12.09954605102539,1000.0,0.0,0.7333333333333333,-0.2,11.0,-3.0,3.0,31
295.3484802246094,98.6727066040039,19.73454132080078,1000.0,0.0,0.7333333333333333,-0.13333333333333333,11.0,-2.0,3.0,31
220.61947631835938,65.82518005371094,13.165036010742188,1000.0,0.0,0.7333333333333333,-0.06666666666666667,11.0,-1.0,3.0,31
190.84925842285156,23.49951934814453,4.699903869628907,1000.0,0.0,0.7333333333333333,0.0,11.0,0.0,3.0,31
252.04759216308594,63.509883880615234,12.701976776123047,1000.0,0.0,0.7333333333333333,0.06666666666666667,11.0,1.0,3.0,31
262.93536376953125,71.71712493896484,14.343424987792968,1000.0,0.0,0.7333333333333333,0.13333333333333333,11.0,2.0,3.0,31
257.96002197265625,69.89234161376953,13.978468322753907,1000.0,0.0,0.7333333333333333,0.2,11.0,3.0,3.0,31
266.9052734375,77.13448333740234,15.426896667480468,1000.0,0.0,0.7333333333333333,0.26666666666666666,11.0,4.0,3.0,31
235.5394287109375,58.709922790527344,11.741984558105468,1000.0,0.0,0.7333333333333333,0.3333333333333333,11.0,5.0,3.0,31
195.4510955810547,20.160865783691406,4.032173156738281,1000.0,0.0,0.7333333333333333,0.4,11.0,6.0,3.0,31
193.13768005371094,22.2071533203125,4.4414306640625,1000.0,0.0,0.7333333333333333,0.4666666666666667,11.0,7.0,3.0,31
231.46852111816406,61.32718276977539,12.265436553955078,1000.0,0.0,0.7333333333333333,0.5333333333333333,11.0,8.0,3.0,31
210.0491180419922,46.05044174194336,9.210088348388672,1000.0,0.0,0.7333333333333333,0.6,11.0,9.0,3.0,31
203.1981658935547,43.016929626464844,8.603385925292969,1000.0,0.0,0.7333333333333333,0.6666666666666666,11.0,10.0,3.0,31
202.22860717773438,33.768211364746094,6.753642272949219,1000.0,0.0,0.7333333333333333,0.7333333333333333,11.0,11.0,3.0,31
220.3804931640625,44.617679595947266,8.923535919189453,1000.0,0.0,0.7333333333333333,0.8,11.0,12.0,3.0,31
229.0019073486328,69.37567901611328,13.875135803222657,1000.0,0.0,0.7333333333333333,0.8666666666666667,11.0,13.0,3.0,31
244.02313232421875,50.3754768371582,10.07509536743164,1000.0,0.0,0.7333333333333333,0.9333333333333333,11.0,14.0,3.0,31
271.45343017578125,72.0825424194336,14.41650848388672,1000.0,0.0,0.7333333333333333,1.0,11.0,15.0,3.0,31
271.63623046875,44.79850769042969,8.959701538085938,1000.0,0.0,0.8,-1.0,12.0,-15.0,3.0,31
260.08477783203125,38.96134948730469,7.792269897460938,1000.0,0.0,0.8,-0.9333333333333333,12.0,-14.0,3.0,31
257.9473571777344,45.354225158691406,9.070845031738282,1000.0,0.0,0.8,-0.8666666666666667,12.0,-13.0,3.0,31
255.67115783691406,42.21675491333008,8.443350982666015,1000.0,0.0,0.8,-0.8,12.0,-12.0,3.0,31
217.94076538085938,29.172313690185547,5.834462738037109,1000.0,0.0,0.8,-0.7333333333333333,12.0,-11.0,3.0,31
196.1088104248047,24.970949172973633,4.994189834594726,1000.0,0.0,0.8,-0.6666666666666666,12.0,-10.0,3.0,31
207.7375946044922,28.26365089416504,5.652730178833008,1000.0,0.0,0.8,-0.6,12.0,-9.0,3.0,31
207.02508544921875,28.75469398498535,5.750938796997071,1000.0,0.0,0.8,-0.5333333333333333,12.0,-8.0,3.0,31
198.84542846679688,21.883821487426758,4.376764297485352,1000.0,0.0,0.8,-0.4666666666666667,12.0,-7.0,3.0,31
203.86016845703125,39.04257583618164,7.808515167236328,1000.0,0.0,0.8,-0.4,12.0,-6.0,3.0,31
201.0146942138672,31.369123458862305,6.273824691772461,1000.0,0.0,0.8,-0.3333333333333333,12.0,-5.0,3.0,31
219.60821533203125,36.07386779785156,7.214773559570313,1000.0,0.0,0.8,-0.26666666666666666,12.0,-4.0,3.0,31
234.6271514892578,54.941795349121094,10.988359069824218,1000.0,0.0,0.8,-0.2,12.0,-3.0,3.0,31
276.8223571777344,105.77400970458984,21.15480194091797,1000.0,0.0,0.8,-0.13333333333333333,12.0,-2.0,3.0,31
212.98158264160156,37.4955940246582,7.499118804931641,1000.0,0.0,0.8,-0.06666666666666667,12.0,-1.0,3.0,31
204.23080444335938,25.783037185668945,5.156607437133789,1000.0,0.0,0.8,0.0,12.0,0.0,3.0,31
239.82203674316406,60.28769302368164,12.057538604736328,1000.0,0.0,0.8,0.06666666666666667,12.0,1.0,3.0,31
258.41180419921875,54.611549377441406,10.922309875488281,1000.0,0.0,0.8,0.13333333333333333,12.0,2.0,3.0,31
227.35848999023438,64.71762084960938,12.943524169921876,1000.0,0.0,0.8,0.2,12.0,3.0,3.0,31
238.54051208496094,54.71609115600586,10.943218231201172,1000.0,0.0,0.8,0.26666666666666666,12.0,4.0,3.0,31
260.1307067871094,54.62641143798828,10.925282287597657,1000.0,0.0,0.8,0.3333333333333333,12.0,5.0,3.0,31
209.52529907226562,39.57952117919922,7.915904235839844,1000.0,0.0,0.8,0.4,12.0,6.0,3.0,31
207.9059600830078,40.7128791809082,8.14257583618164,1000.0,0.0,0.8,0.4666666666666667,12.0,7.0,3.0,31
237.02218627929688,54.97876739501953,10.995753479003906,1000.0,0.0,0.8,0.5333333333333333,12.0,8.0,3.0,31
241.45291137695312,78.13023376464844,15.626046752929687,1000.0,0.0,0.8,0.6,12.0,9.0,3.0,31
200.8199462890625,37.197086334228516,7.4394172668457035,1000.0,0.0,0.8,0.6666666666666666,12.0,10.0,3.0,31
207.2909393310547,44.8170280456543,8.96340560913086,1000.0,0.0,0.8,0.7333333333333333,12.0,11.0,3.0,31
209.86920166015625,50.31309127807617,10.062618255615234,1000.0,0.0,0.8,0.8,12.0,12.0,3.0,31
248.6182403564453,66.58190155029297,13.316380310058594,1000.0,0.0,0.8,0.8666666666666667,12.0,13.0,3.0,31
259.2998352050781,70.7220230102539,14.14440460205078,1000.0,0.0,0.8,0.9333333333333333,12.0,14.0,3.0,31
256.1827697753906,77.36714935302734,15.473429870605468,1000.0,0.0,0.8,1.0,12.0,15.0,3.0,31
242.56707763671875,34.63128662109375,6.92625732421875,1000.0,0.0,0.8666666666666667,-1.0,13.0,-15.0,3.0,31
252.76577758789062,39.10102462768555,7.8202049255371096,1000.0,0.0,0.8666666666666667,-0.9333333333333333,13.0,-14.0,3.0,31
257.8403015136719,40.481109619140625,8.096221923828125,1000.0,0.0,0.8666666666666667,-0.8666666666666667,13.0,-13.0,3.0,31
234.42498779296875,29.7718448638916,5.954368972778321,1000.0,0.0,0.8666666666666667,-0.8,13.0,-12.0,3.0,31
209.8498077392578,23.312768936157227,4.662553787231445,1000.0,0.0,0.8666666666666667,-0.7333333333333333,13.0,-11.0,3.0,31
202.7056121826172,23.781696319580078,4.756339263916016,1000.0,0.0,0.8666666666666667,-0.6666666666666666,13.0,-10.0,3.0,31
200.90240478515625,27.154415130615234,5.4308830261230465,1000.0,0.0,0.8666666666666667,-0.6,13.0,-9.0,3.0,31
206.75665283203125,34.45976638793945,6.8919532775878904,1000.0,0.0,0.8666666666666667,-0.5333333333333333,13.0,-8.0,3.0,31
202.2685546875,32.55266571044922,6.510533142089844,1000.0,0.0,0.8666666666666667,-0.4666666666666667,13.0,-7.0,3.0,31
198.26144409179688,25.530780792236328,5.1061561584472654,1000.0,0.0,0.8666666666666667,-0.4,13.0,-6.0,3.0,31
215.6613311767578,34.59270095825195,6.918540191650391,1000.0,0.0,0.8666666666666667,-0.3333333333333333,13.0,-5.0,3.0,31
203.5064697265625,29.556015014648438,5.911203002929687,1000.0,0.0,0.8666666666666667,-0.26666666666666666,13.0,-4.0,3.0,31
236.7388458251953,61.13676071166992,12.227352142333984,1000.0,0.0,0.8666666666666667,-0.2,13.0,-3.0,3.0,31
274.4419860839844,84.74491882324219,16.94898376464844,1000.0,0.0,0.8666666666666667,-0.13333333333333333,13.0,-2.0,3.0,31
220.77490234375,44.574981689453125,8.914996337890624,1000.0,0.0,0.8666666666666667,-0.06666666666666667,13.0,-1.0,3.0,31
227.4217987060547,40.57236099243164,8.114472198486329,1000.0,0.0,0.8666666666666667,0.0,13.0,0.0,3.0,31
226.4729461669922,38.80710983276367,7.761421966552734,1000.0,0.0,0.8666666666666667,0.06666666666666667,13.0,1.0,3.0,31
262.1554870605469,50.851104736328125,10.170220947265625,1000.0,0.0,0.8666666666666667,0.13333333333333333,13.0,2.0,3.0,31
229.0986328125,60.896812438964844,12.179362487792968,1000.0,0.0,0.8666666666666667,0.2,13.0,3.0,3.0,31
213.29653930664062,49.5268669128418,9.90537338256836,1000.0,0.0,0.8666666666666667,0.26666666666666666,13.0,4.0,3.0,31
213.81492614746094,24.948522567749023,4.989704513549805,1000.0,0.0,0.8666666666666667,0.3333333333333333,13.0,5.0,3.0,31
225.51065063476562,37.804203033447266,7.560840606689453,1000.0,0.0,0.8666666666666667,0.4,13.0,6.0,3.0,31
237.15757751464844,49.770957946777344,9.954191589355469,1000.0,0.0,0.8666666666666667,0.4666666666666667,13.0,7.0,3.0,31
231.89369201660156,57.633636474609375,11.526727294921875,1000.0,0.0,0.8666666666666667,0.5333333333333333,13.0,8.0,3.0,31
225.5106201171875,49.71200180053711,9.942400360107422,1000.0,0.0,0.8666666666666667,0.6,13.0,9.0,3.0,31
228.99331665039062,59.671722412109375,11.934344482421874,1000.0,0.0,0.8666666666666667,0.6666666666666666,13.0,10.0,3.0,31
208.0775604248047,33.81658172607422,6.763316345214844,1000.0,0.0,0.8666666666666667,0.7333333333333333,13.0,11.0,3.0,31
194.06968688964844,24.75328826904297,4.950657653808594,1000.0,0.0,0.8666666666666667,0.8,13.0,12.0,3.0,31
206.654296875,24.51987075805664,4.903974151611328,1000.0,0.0,0.8666666666666667,0.8666666666666667,13.0,13.0,3.0,31
224.1997833251953,43.90529251098633,8.781058502197265,1000.0,0.0,0.8666666666666667,0.9333333333333333,13.0,14.0,3.0,31
246.94448852539062,77.87580871582031,15.575161743164063,1000.0,0.0,0.8666666666666667,1.0,13.0,15.0,3.0,31
248.54629516601562,43.106876373291016,8.621375274658202,1000.0,0.0,0.9333333333333333,-1.0,14.0,-15.0,3.0,31
233.4471435546875,38.55409240722656,7.710818481445313,1000.0,0.0,0.9333333333333333,-0.9333333333333333,14.0,-14.0,3.0,31
226.75173950195312,44.048614501953125,8.809722900390625,1000.0,0.0,0.9333333333333333,-0.8666666666666667,14.0,-13.0,3.0,31
209.82818603515625,32.4286994934082,6.485739898681641,1000.0,0.0,0.9333333333333333,-0.8,14.0,-12.0,3.0,31
216.99412536621094,47.29589080810547,9.459178161621093,1000.0,0.0,0.9333333333333333,-0.7333333333333333,14.0,-11.0,3.0,31
202.24520874023438,33.640594482421875,6.728118896484375,1000.0,0.0,0.9333333333333333,-0.6666666666666666,14.0,-10.0,3.0,31
217.2369384765625,57.44579315185547,11.489158630371094,1000.0,0.0,0.9333333333333333,-0.6,14.0,-9.0,3.0,31
204.44766235351562,28.26963996887207,5.653927993774414,1000.0,0.0,0.9333333333333333,-0.5333333333333333,14.0,-8.0,3.0,31
197.4289093017578,29.49163246154785,5.89832649230957,1000.0,0.0,0.9333333333333333,-0.4666666666666667,14.0,-7.0,3.0,31
208.01438903808594,39.4169807434082,7.883396148681641,1000.0,0.0,0.9333333333333333,-0.4,14.0,-6.0,3.0,31
210.52650451660156,37.98154067993164,7.5963081359863285,1000.0,0.0,0.9333333333333333,-0.3333333333333333,14.0,-5.0,3.0,31
208.32769775390625,35.03532791137695,7.0070655822753904,1000.0,0.0,0.9333333333333333,-0.26666666666666666,14.0,-4.0,3.0,31
205.9578857421875,32.41819381713867,6.483638763427734,1000.0,0.0,0.9333333333333333,-0.2,14.0,-3.0,3.0,31
222.68109130859375,59.978458404541016,11.995691680908203,1000.0,0.0,0.9333333333333333,-0.13333333333333333,14.0,-2.0,3.0,31
220.05548095703125,32.26215744018555,6.452431488037109,1000.0,0.0,0.9333333333333333,-0.06666666666666667,14.0,-1.0,3.0,31
214.24363708496094,39.83148193359375,7.96629638671875,1000.0,0.0,0.9333333333333333,0.0,14.0,0.0,3.0,31
247.7708740234375,68.2462158203125,13.6492431640625,1000.0,0.0,0.9333333333333333,0.06666666666666667,14.0,1.0,3.0,31
236.48757934570312,54.93582534790039,10.987165069580078,1000.0,0.0,0.9333333333333333,0.13333333333333333,14.0,2.0,3.0,31
233.24838256835938,65.0416030883789,13.008320617675782,1000.0,0.0,0.9333333333333333,0.2,14.0,3.0,3.0,31
206.05801391601562,30.656696319580078,6.131339263916016,1000.0,0.0,0.9333333333333333,0.26666666666666666,14.0,4.0,3.0,31
213.98460388183594,42.455753326416016,8.491150665283204,1000.0,0.0,0.9333333333333333,0.3333333333333333,14.0,5.0,3.0,31
209.28587341308594,39.356971740722656,7.871394348144531,1000.0,0.0,0.9333333333333333,0.4,14.0,6.0,3.0,31
248.88401794433594,49.85433578491211,9.970867156982422,1000.0,0.0,0.9333333333333333,0.4666666666666667,14.0,7.0,3.0,31
242.23207092285156,52.383174896240234,10.476634979248047,1000.0,0.0,0.9333333333333333,0.5333333333333333,14.0,8.0,3.0,31
216.63168334960938,38.57011413574219,7.714022827148438,1000.0,0.0,0.9333333333333333,0.6,14.0,9.0,3.0,31
231.60545349121094,77.64868927001953,15.529737854003907,1000.0,0.0,0.9333333333333333,0.6666666666666666,14.0,10.0,3.0,31
207.9736785888672,41.88287353515625,8.37657470703125,1000.0,0.0,0.9333333333333333,0.7333333333333333,14.0,11.0,3.0,31
215.70199584960938,43.51131057739258,8.702262115478515,1000.0,0.0,0.9333333333333333,0.8,14.0,12.0,3.0,31
201.36849975585938,27.437847137451172,5.487569427490234,1000.0,0.0,0.9333333333333333,0.8666666666666667,14.0,13.0,3.0,31
211.39364624023438,56.360992431640625,11.272198486328126,1000.0,0.0,0.9333333333333333,0.9333333333333333,14.0,14.0,3.0,31
219.4756317138672,51.05735397338867,10.211470794677734,1000.0,0.0,0.9333333333333333,1.0,14.0,15.0,3.0,31
235.2113494873047,45.15272903442383,9.030545806884765,1000.0,0.0,1.0,-1.0,15.0,-15.0,3.0,31
235.78436279296875,64.31069946289062,12.862139892578124,1000.0,0.0,1.0,-0.9333333333333333,15.0,-14.0,3.0,31
211.40878295898438,27.66664695739746,5.5333293914794925,1000.0,0.0,1.0,-0.8666666666666667,15.0,-13.0,3.0,31
219.6550750732422,36.38649368286133,7.2772987365722654,1000.0,0.0,1.0,-0.8,15.0,-12.0,3.0,31
203.37533569335938,23.011886596679688,4.602377319335938,1000.0,0.0,1.0,-0.7333333333333333,15.0,-11.0,3.0,31
201.97250366210938,25.33860206604004,5.067720413208008,1000.0,0.0,1.0,-0.6666666666666666,15.0,-10.0,3.0,31
199.98941040039062,23.518619537353516,4.703723907470703,1000.0,0.0,1.0,-0.6,15.0,-9.0,3.0,31
205.1816864013672,35.196956634521484,7.039391326904297,1000.0,0.0,1.0,-0.5333333333333333,15.0,-8.0,3.0,31
203.63442993164062,25.68535041809082,5.137070083618164,1000.0,0.0,1.0,-0.4666666666666667,15.0,-7.0,3.0,31
207.0572509765625,32.53557586669922,6.507115173339844,1000.0,0.0,1.0,-0.4,15.0,-6.0,3.0,31
223.8691864013672,49.7474365234375,9.9494873046875,1000.0,0.0,1.0,-0.3333333333333333,15.0,-5.0,3.0,31
202.0762939453125,30.765010833740234,6.153002166748047,1000.0,0.0,1.0,-0.26666666666666666,15.0,-4.0,3.0,31
193.15643310546875,30.513896942138672,6.102779388427734,1000.0,0.0,1.0,-0.2,15.0,-3.0,3.0,31
208.48431396484375,35.344024658203125,7.068804931640625,1000.0,0.0,1.0,-0.13333333333333333,15.0,-2.0,3.0,31
215.2348175048828,36.024410247802734,7.204882049560547,1000.0,0.0,1.0,-0.06666666666666667,15.0,-1.0,3.0,31
222.9569549560547,40.889373779296875,8.177874755859374,1000.0,0.0,1.0,0.0,15.0,0.0,3.0,31
233.7462158203125,51.79458999633789,10.358917999267579,1000.0,0.0,1.0,0.06666666666666667,15.0,1.0,3.0,31
239.80679321289062,71.62939453125,14.32587890625,1000.0,0.0,1.0,0.13333333333333333,15.0,2.0,3.0,31
201.36807250976562,26.817493438720703,5.363498687744141,1000.0,0.0,1.0,0.2,15.0,3.0,3.0,31
236.8353271484375,60.170143127441406,12.034028625488281,1000.0,0.0,1.0,0.26666666666666666,15.0,4.0,3.0,31
227.64039611816406,42.212257385253906,8.442451477050781,1000.0,0.0,1.0,0.3333333333333333,15.0,5.0,3.0,31
201.48704528808594,18.730098724365234,3.746019744873047,1000.0,0.0,1.0,0.4,15.0,6.0,3.0,31
208.5172882080078,26.157716751098633,5.231543350219726,1000.0,0.0,1.0,0.4666666666666667,15.0,7.0,3.0,31
259.19622802734375,47.74972152709961,9.549944305419922,1000.0,0.0,1.0,0.5333333333333333,15.0,8.0,3.0,31
245.2613525390625,55.0480842590332,11.00961685180664,1000.0,0.0,1.0,0.6,15.0,9.0,3.0,31
229.8108367919922,73.37541961669922,14.675083923339844,1000.0,0.0,1.0,0.6666666666666666,15.0,10.0,3.0,31
208.13230895996094,36.15670394897461,7.231340789794922,1000.0,0.0,1.0,0.7333333333333333,15.0,11.0,3.0,31
207.2312469482422,46.869144439697266,9.373828887939453,1000.0,0.0,1.0,0.8,15.0,12.0,3.0,31
205.7900848388672,28.16802215576172,5.633604431152344,1000.0,0.0,1.0,0.8666666666666667,15.0,13.0,3.0,31
214.33990478515625,42.44728088378906,8.489456176757812,1000.0,0.0,1.0,0.9333333333333333,15.0,14.0,3.0,31
213.43936157226562,35.35247039794922,7.070494079589844,1000.0,0.0,1.0,1.0,15.0,15.0,3.0,31
