episode_rewards,episode_std_rewards,episode_stderr_rewards,episode_avg_len,episode_std_avg_len,dim0,dim1,offset1,offset2,magnitude,grid_size
214.1325225830078,51.583091735839844,10.316618347167969,1000.0,0.0,-1.0,-1.0,-15.0,-15.0,3.0,31
205.42088317871094,31.214515686035156,6.242903137207032,1000.0,0.0,-1.0,-0.9333333333333333,-15.0,-14.0,3.0,31
200.07940673828125,36.77006149291992,7.354012298583984,1000.0,0.0,-1.0,-0.8666666666666667,-15.0,-13.0,3.0,31
181.6693115234375,11.006767272949219,2.2013534545898437,1000.0,0.0,-1.0,-0.8,-15.0,-12.0,3.0,31
182.36468505859375,12.536576271057129,2.507315254211426,1000.0,0.0,-1.0,-0.7333333333333333,-15.0,-11.0,3.0,31
179.2991943359375,8.30982494354248,1.6619649887084962,1000.0,0.0,-1.0,-0.6666666666666666,-15.0,-10.0,3.0,31
179.07162475585938,8.795686721801758,1.7591373443603515,1000.0,0.0,-1.0,-0.6,-15.0,-9.0,3.0,31
177.11343383789062,11.746383666992188,2.3492767333984377,1000.0,0.0,-1.0,-0.5333333333333333,-15.0,-8.0,3.0,31
177.1242218017578,10.506368637084961,2.1012737274169924,1000.0,0.0,-1.0,-0.4666666666666667,-15.0,-7.0,3.0,31
177.02601623535156,10.60163402557373,2.120326805114746,1000.0,0.0,-1.0,-0.4,-15.0,-6.0,3.0,31
172.5727996826172,5.084189414978027,1.0168378829956055,1000.0,0.0,-1.0,-0.3333333333333333,-15.0,-5.0,3.0,31
173.09812927246094,7.720119953155518,1.5440239906311035,1000.0,0.0,-1.0,-0.26666666666666666,-15.0,-4.0,3.0,31
175.73878479003906,7.6440629959106445,1.5288125991821289,1000.0,0.0,-1.0,-0.2,-15.0,-3.0,3.0,31
178.70143127441406,11.124383926391602,2.2248767852783202,1000.0,0.0,-1.0,-0.13333333333333333,-15.0,-2.0,3.0,31
189.51065063476562,20.089035034179688,4.0178070068359375,1000.0,0.0,-1.0,-0.06666666666666667,-15.0,-1.0,3.0,31
191.5421142578125,25.868663787841797,5.173732757568359,1000.0,0.0,-1.0,0.0,-15.0,0.0,3.0,31
188.77597045898438,19.274572372436523,3.8549144744873045,1000.0,0.0,-1.0,0.06666666666666667,-15.0,1.0,3.0,31
193.90414428710938,19.7264461517334,3.9452892303466798,1000.0,0.0,-1.0,0.13333333333333333,-15.0,2.0,3.0,31
211.1989288330078,43.22532653808594,8.645065307617188,1000.0,0.0,-1.0,0.2,-15.0,3.0,3.0,31
218.4159393310547,24.574308395385742,4.914861679077148,1000.0,0.0,-1.0,0.26666666666666666,-15.0,4.0,3.0,31
239.48048400878906,55.361270904541016,11.072254180908203,1000.0,0.0,-1.0,0.3333333333333333,-15.0,5.0,3.0,31
317.702880859375,52.918312072753906,10.583662414550782,1000.0,0.0,-1.0,0.4,-15.0,6.0,3.0,31
320.80926513671875,22.938255310058594,4.587651062011719,1000.0,0.0,-1.0,0.4666666666666667,-15.0,7.0,3.0,31
294.01385498046875,30.926767349243164,6.185353469848633,1000.0,0.0,-1.0,0.5333333333333333,-15.0,8.0,3.0,31
276.0067443847656,36.633216857910156,7.326643371582032,1000.0,0.0,-1.0,0.6,-15.0,9.0,3.0,31
261.95916748046875,34.17998504638672,6.835997009277344,1000.0,0.0,-1.0,0.6666666666666666,-15.0,10.0,3.0,31
259.4105224609375,39.11204147338867,7.822408294677734,1000.0,0.0,-1.0,0.7333333333333333,-15.0,11.0,3.0,31
240.55357360839844,27.769256591796875,5.553851318359375,1000.0,0.0,-1.0,0.8,-15.0,12.0,3.0,31
225.49716186523438,49.09396743774414,9.818793487548827,1000.0,0.0,-1.0,0.8666666666666667,-15.0,13.0,3.0,31
213.29385375976562,48.85445785522461,9.770891571044922,1000.0,0.0,-1.0,0.9333333333333333,-15.0,14.0,3.0,31
215.8046112060547,42.360511779785156,8.47210235595703,1000.0,0.0,-1.0,1.0,-15.0,15.0,3.0,31
211.8183135986328,38.323299407958984,7.664659881591797,1000.0,0.0,-0.9333333333333333,-1.0,-14.0,-15.0,3.0,31
196.4820556640625,24.659893035888672,4.931978607177735,1000.0,0.0,-0.9333333333333333,-0.9333333333333333,-14.0,-14.0,3.0,31
199.35435485839844,25.910655975341797,5.18213119506836,1000.0,0.0,-0.9333333333333333,-0.8666666666666667,-14.0,-13.0,3.0,31
189.9918212890625,19.802959442138672,3.9605918884277345,1000.0,0.0,-0.9333333333333333,-0.8,-14.0,-12.0,3.0,31
192.81851196289062,18.279699325561523,3.6559398651123045,1000.0,0.0,-0.9333333333333333,-0.7333333333333333,-14.0,-11.0,3.0,31
184.79798889160156,18.538867950439453,3.7077735900878905,1000.0,0.0,-0.9333333333333333,-0.6666666666666666,-14.0,-10.0,3.0,31
184.0907745361328,20.55539894104004,4.1110797882080075,1000.0,0.0,-0.9333333333333333,-0.6,-14.0,-9.0,3.0,31
180.96951293945312,16.64043617248535,3.3280872344970702,1000.0,0.0,-0.9333333333333333,-0.5333333333333333,-14.0,-8.0,3.0,31
180.14244079589844,13.599971771240234,2.7199943542480467,1000.0,0.0,-0.9333333333333333,-0.4666666666666667,-14.0,-7.0,3.0,31
176.27517700195312,11.01671314239502,2.203342628479004,1000.0,0.0,-0.9333333333333333,-0.4,-14.0,-6.0,3.0,31
176.6829833984375,10.276542663574219,2.055308532714844,1000.0,0.0,-0.9333333333333333,-0.3333333333333333,-14.0,-5.0,3.0,31
176.89308166503906,13.949285507202148,2.78985710144043,1000.0,0.0,-0.9333333333333333,-0.26666666666666666,-14.0,-4.0,3.0,31
174.41595458984375,11.703426361083984,2.340685272216797,1000.0,0.0,-0.9333333333333333,-0.2,-14.0,-3.0,3.0,31
179.92257690429688,11.17507266998291,2.235014533996582,1000.0,0.0,-0.9333333333333333,-0.13333333333333333,-14.0,-2.0,3.0,31
202.35311889648438,49.519859313964844,9.903971862792968,1000.0,0.0,-0.9333333333333333,-0.06666666666666667,-14.0,-1.0,3.0,31
183.3397979736328,16.0194149017334,3.2038829803466795,1000.0,0.0,-0.9333333333333333,0.0,-14.0,0.0,3.0,31
184.53195190429688,16.259899139404297,3.2519798278808594,1000.0,0.0,-0.9333333333333333,0.06666666666666667,-14.0,1.0,3.0,31
201.6391143798828,33.297760009765625,6.659552001953125,1000.0,0.0,-0.9333333333333333,0.13333333333333333,-14.0,2.0,3.0,31
188.26113891601562,24.96916389465332,4.993832778930664,1000.0,0.0,-0.9333333333333333,0.2,-14.0,3.0,3.0,31
218.74191284179688,33.20859909057617,6.641719818115234,1000.0,0.0,-0.9333333333333333,0.26666666666666666,-14.0,4.0,3.0,31
222.50796508789062,50.40123748779297,10.080247497558593,1000.0,0.0,-0.9333333333333333,0.3333333333333333,-14.0,5.0,3.0,31
321.4566345214844,37.021915435791016,7.4043830871582035,1000.0,0.0,-0.9333333333333333,0.4,-14.0,6.0,3.0,31
320.15106201171875,36.23822784423828,7.247645568847656,1000.0,0.0,-0.9333333333333333,0.4666666666666667,-14.0,7.0,3.0,31
293.9147033691406,31.111244201660156,6.222248840332031,1000.0,0.0,-0.9333333333333333,0.5333333333333333,-14.0,8.0,3.0,31
259.5805358886719,46.14216613769531,9.228433227539062,1000.0,0.0,-0.9333333333333333,0.6,-14.0,9.0,3.0,31
268.1846618652344,27.464759826660156,5.492951965332031,1000.0,0.0,-0.9333333333333333,0.6666666666666666,-14.0,10.0,3.0,31
244.29734802246094,35.991966247558594,7.198393249511719,1000.0,0.0,-0.9333333333333333,0.7333333333333333,-14.0,11.0,3.0,31
243.17764282226562,40.15715026855469,8.031430053710938,1000.0,0.0,-0.9333333333333333,0.8,-14.0,12.0,3.0,31
220.65933227539062,49.432437896728516,9.886487579345703,1000.0,0.0,-0.9333333333333333,0.8666666666666667,-14.0,13.0,3.0,31
221.5780792236328,42.661865234375,8.532373046875,1000.0,0.0,-0.9333333333333333,0.9333333333333333,-14.0,14.0,3.0,31
211.61595153808594,43.96348571777344,8.792697143554687,1000.0,0.0,-0.9333333333333333,1.0,-14.0,15.0,3.0,31
194.67471313476562,22.547086715698242,4.509417343139648,1000.0,0.0,-0.8666666666666667,-1.0,-13.0,-15.0,3.0,31
195.06234741210938,18.63582420349121,3.7271648406982423,1000.0,0.0,-0.8666666666666667,-0.9333333333333333,-13.0,-14.0,3.0,31
188.1427001953125,20.00387191772461,4.000774383544922,1000.0,0.0,-0.8666666666666667,-0.8666666666666667,-13.0,-13.0,3.0,31
190.5427703857422,17.004749298095703,3.4009498596191405,1000.0,0.0,-0.8666666666666667,-0.8,-13.0,-12.0,3.0,31
186.5354461669922,15.513020515441895,3.102604103088379,1000.0,0.0,-0.8666666666666667,-0.7333333333333333,-13.0,-11.0,3.0,31
182.9202880859375,11.808087348937988,2.3616174697875976,1000.0,0.0,-0.8666666666666667,-0.6666666666666666,-13.0,-10.0,3.0,31
184.82786560058594,12.942201614379883,2.5884403228759765,1000.0,0.0,-0.8666666666666667,-0.6,-13.0,-9.0,3.0,31
180.99496459960938,14.648608207702637,2.929721641540527,1000.0,0.0,-0.8666666666666667,-0.5333333333333333,-13.0,-8.0,3.0,31
181.62477111816406,14.915323257446289,2.983064651489258,1000.0,0.0,-0.8666666666666667,-0.4666666666666667,-13.0,-7.0,3.0,31
178.02761840820312,13.379324913024902,2.6758649826049803,1000.0,0.0,-0.8666666666666667,-0.4,-13.0,-6.0,3.0,31
174.43772888183594,6.4718828201293945,1.2943765640258789,1000.0,0.0,-0.8666666666666667,-0.3333333333333333,-13.0,-5.0,3.0,31
176.8271942138672,9.076193809509277,1.8152387619018555,1000.0,0.0,-0.8666666666666667,-0.26666666666666666,-13.0,-4.0,3.0,31
172.23751831054688,6.053813934326172,1.2107627868652344,1000.0,0.0,-0.8666666666666667,-0.2,-13.0,-3.0,3.0,31
178.90309143066406,11.913849830627441,2.382769966125488,1000.0,0.0,-0.8666666666666667,-0.13333333333333333,-13.0,-2.0,3.0,31
203.57638549804688,41.40061569213867,8.280123138427735,1000.0,0.0,-0.8666666666666667,-0.06666666666666667,-13.0,-1.0,3.0,31
198.34095764160156,33.56752395629883,6.713504791259766,1000.0,0.0,-0.8666666666666667,0.0,-13.0,0.0,3.0,31
194.32818603515625,26.401288986206055,5.280257797241211,1000.0,0.0,-0.8666666666666667,0.06666666666666667,-13.0,1.0,3.0,31
199.2025146484375,27.831762313842773,5.566352462768554,1000.0,0.0,-0.8666666666666667,0.13333333333333333,-13.0,2.0,3.0,31
200.8503875732422,42.471588134765625,8.494317626953125,1000.0,0.0,-0.8666666666666667,0.2,-13.0,3.0,3.0,31
216.91552734375,39.0610237121582,7.812204742431641,1000.0,0.0,-0.8666666666666667,0.26666666666666666,-13.0,4.0,3.0,31
227.6367645263672,68.52777862548828,13.705555725097657,1000.0,0.0,-0.8666666666666667,0.3333333333333333,-13.0,5.0,3.0,31
324.57708740234375,56.33193588256836,11.266387176513671,1000.0,0.0,-0.8666666666666667,0.4,-13.0,6.0,3.0,31
303.24981689453125,54.555419921875,10.911083984375,1000.0,0.0,-0.8666666666666667,0.4666666666666667,-13.0,7.0,3.0,31
271.2933654785156,47.46062088012695,9.49212417602539,1000.0,0.0,-0.8666666666666667,0.5333333333333333,-13.0,8.0,3.0,31
259.37066650390625,37.37015151977539,7.474030303955078,1000.0,0.0,-0.8666666666666667,0.6,-13.0,9.0,3.0,31
243.47628784179688,38.971839904785156,7.794367980957031,1000.0,0.0,-0.8666666666666667,0.6666666666666666,-13.0,10.0,3.0,31
235.27833557128906,42.2678337097168,8.453566741943359,1000.0,0.0,-0.8666666666666667,0.7333333333333333,-13.0,11.0,3.0,31
238.6029052734375,35.904144287109375,7.180828857421875,1000.0,0.0,-0.8666666666666667,0.8,-13.0,12.0,3.0,31
222.05393981933594,49.4174919128418,9.883498382568359,1000.0,0.0,-0.8666666666666667,0.8666666666666667,-13.0,13.0,3.0,31
214.82949829101562,35.62440872192383,7.124881744384766,1000.0,0.0,-0.8666666666666667,0.9333333333333333,-13.0,14.0,3.0,31
200.7539825439453,27.009389877319336,5.401877975463867,1000.0,0.0,-0.8666666666666667,1.0,-13.0,15.0,3.0,31
191.0665283203125,21.38265037536621,4.276530075073242,1000.0,0.0,-0.8,-1.0,-12.0,-15.0,3.0,31
187.55398559570312,13.341360092163086,2.668272018432617,1000.0,0.0,-0.8,-0.9333333333333333,-12.0,-14.0,3.0,31
186.51190185546875,16.832136154174805,3.3664272308349608,1000.0,0.0,-0.8,-0.8666666666666667,-12.0,-13.0,3.0,31
184.27708435058594,13.965805053710938,2.7931610107421876,1000.0,0.0,-0.8,-0.8,-12.0,-12.0,3.0,31
188.35232543945312,20.42969512939453,4.085939025878906,1000.0,0.0,-0.8,-0.7333333333333333,-12.0,-11.0,3.0,31
190.2113800048828,22.378786087036133,4.475757217407226,1000.0,0.0,-0.8,-0.6666666666666666,-12.0,-10.0,3.0,31
183.3071746826172,15.846938133239746,3.169387626647949,1000.0,0.0,-0.8,-0.6,-12.0,-9.0,3.0,31
180.2745361328125,12.73266887664795,2.54653377532959,1000.0,0.0,-0.8,-0.5333333333333333,-12.0,-8.0,3.0,31
177.41334533691406,10.816423416137695,2.163284683227539,1000.0,0.0,-0.8,-0.4666666666666667,-12.0,-7.0,3.0,31
179.64036560058594,13.712080955505371,2.742416191101074,1000.0,0.0,-0.8,-0.4,-12.0,-6.0,3.0,31
174.64971923828125,10.090274810791016,2.018054962158203,1000.0,0.0,-0.8,-0.3333333333333333,-12.0,-5.0,3.0,31
174.5237274169922,6.927070617675781,1.3854141235351562,1000.0,0.0,-0.8,-0.26666666666666666,-12.0,-4.0,3.0,31
175.51560974121094,12.978086471557617,2.5956172943115234,1000.0,0.0,-0.8,-0.2,-12.0,-3.0,3.0,31
179.35044860839844,12.471195220947266,2.4942390441894533,1000.0,0.0,-0.8,-0.13333333333333333,-12.0,-2.0,3.0,31
213.0238037109375,49.30949020385742,9.861898040771484,1000.0,0.0,-0.8,-0.06666666666666667,-12.0,-1.0,3.0,31
195.6909942626953,33.19520950317383,6.639041900634766,1000.0,0.0,-0.8,0.0,-12.0,0.0,3.0,31
191.0546417236328,25.900089263916016,5.1800178527832035,1000.0,0.0,-0.8,0.06666666666666667,-12.0,1.0,3.0,31
192.3845672607422,30.2871150970459,6.05742301940918,1000.0,0.0,-0.8,0.13333333333333333,-12.0,2.0,3.0,31
204.71484375,34.017784118652344,6.803556823730469,1000.0,0.0,-0.8,0.2,-12.0,3.0,3.0,31
203.55250549316406,34.16096115112305,6.832192230224609,1000.0,0.0,-0.8,0.26666666666666666,-12.0,4.0,3.0,31
220.85516357421875,58.14007568359375,11.62801513671875,1000.0,0.0,-0.8,0.3333333333333333,-12.0,5.0,3.0,31
295.3570861816406,60.677764892578125,12.135552978515625,1000.0,0.0,-0.8,0.4,-12.0,6.0,3.0,31
294.76513671875,50.583648681640625,10.116729736328125,1000.0,0.0,-0.8,0.4666666666666667,-12.0,7.0,3.0,31
282.284912109375,42.75414276123047,8.550828552246093,1000.0,0.0,-0.8,0.5333333333333333,-12.0,8.0,3.0,31
264.3486633300781,34.10101318359375,6.82020263671875,1000.0,0.0,-0.8,0.6,-12.0,9.0,3.0,31
264.8993225097656,34.76987838745117,6.953975677490234,1000.0,0.0,-0.8,0.6666666666666666,-12.0,10.0,3.0,31
233.7315216064453,32.01861572265625,6.40372314453125,1000.0,0.0,-0.8,0.7333333333333333,-12.0,11.0,3.0,31
216.7313995361328,43.807682037353516,8.761536407470704,1000.0,0.0,-0.8,0.8,-12.0,12.0,3.0,31
224.12631225585938,48.591827392578125,9.718365478515626,1000.0,0.0,-0.8,0.8666666666666667,-12.0,13.0,3.0,31
214.84500122070312,29.718461990356445,5.943692398071289,1000.0,0.0,-0.8,0.9333333333333333,-12.0,14.0,3.0,31
193.9633331298828,20.372926712036133,4.074585342407227,1000.0,0.0,-0.8,1.0,-12.0,15.0,3.0,31
213.9160614013672,41.674888610839844,8.334977722167968,1000.0,0.0,-0.7333333333333333,-1.0,-11.0,-15.0,3.0,31
190.87387084960938,18.187063217163086,3.6374126434326173,1000.0,0.0,-0.7333333333333333,-0.9333333333333333,-11.0,-14.0,3.0,31
194.06520080566406,38.61253356933594,7.722506713867188,1000.0,0.0,-0.7333333333333333,-0.8666666666666667,-11.0,-13.0,3.0,31
182.4596710205078,14.974764823913574,2.9949529647827147,1000.0,0.0,-0.7333333333333333,-0.8,-11.0,-12.0,3.0,31
187.8155059814453,20.58739471435547,4.117478942871093,1000.0,0.0,-0.7333333333333333,-0.7333333333333333,-11.0,-11.0,3.0,31
183.3087158203125,19.07200050354004,3.8144001007080077,1000.0,0.0,-0.7333333333333333,-0.6666666666666666,-11.0,-10.0,3.0,31
187.60072326660156,20.865270614624023,4.173054122924805,1000.0,0.0,-0.7333333333333333,-0.6,-11.0,-9.0,3.0,31
181.47586059570312,14.124526977539062,2.8249053955078125,1000.0,0.0,-0.7333333333333333,-0.5333333333333333,-11.0,-8.0,3.0,31
177.3786163330078,8.819377899169922,1.7638755798339845,1000.0,0.0,-0.7333333333333333,-0.4666666666666667,-11.0,-7.0,3.0,31
179.5954132080078,12.670086860656738,2.5340173721313475,1000.0,0.0,-0.7333333333333333,-0.4,-11.0,-6.0,3.0,31
179.8349151611328,12.413187026977539,2.482637405395508,1000.0,0.0,-0.7333333333333333,-0.3333333333333333,-11.0,-5.0,3.0,31
176.1875,7.476775169372559,1.4953550338745116,1000.0,0.0,-0.7333333333333333,-0.26666666666666666,-11.0,-4.0,3.0,31
176.3334197998047,12.472307205200195,2.494461441040039,1000.0,0.0,-0.7333333333333333,-0.2,-11.0,-3.0,3.0,31
173.6401824951172,5.108105659484863,1.0216211318969726,1000.0,0.0,-0.7333333333333333,-0.13333333333333333,-11.0,-2.0,3.0,31
197.29208374023438,32.85070037841797,6.570140075683594,1000.0,0.0,-0.7333333333333333,-0.06666666666666667,-11.0,-1.0,3.0,31
190.21922302246094,20.639171600341797,4.127834320068359,1000.0,0.0,-0.7333333333333333,0.0,-11.0,0.0,3.0,31
186.88412475585938,22.368165969848633,4.473633193969727,1000.0,0.0,-0.7333333333333333,0.06666666666666667,-11.0,1.0,3.0,31
192.4085693359375,20.356250762939453,4.071250152587891,1000.0,0.0,-0.7333333333333333,0.13333333333333333,-11.0,2.0,3.0,31
196.00750732421875,29.31585693359375,5.86317138671875,1000.0,0.0,-0.7333333333333333,0.2,-11.0,3.0,3.0,31
217.5797119140625,63.49251174926758,12.698502349853516,1000.0,0.0,-0.7333333333333333,0.26666666666666666,-11.0,4.0,3.0,31
254.39181518554688,91.4616470336914,18.292329406738283,1000.0,0.0,-0.7333333333333333,0.3333333333333333,-11.0,5.0,3.0,31
307.6390380859375,42.786956787109375,8.557391357421874,1000.0,0.0,-0.7333333333333333,0.4,-11.0,6.0,3.0,31
275.294189453125,53.62911605834961,10.725823211669923,1000.0,0.0,-0.7333333333333333,0.4666666666666667,-11.0,7.0,3.0,31
275.5247802734375,48.82585144042969,9.765170288085937,1000.0,0.0,-0.7333333333333333,0.5333333333333333,-11.0,8.0,3.0,31
261.2982482910156,35.99920654296875,7.19984130859375,1000.0,0.0,-0.7333333333333333,0.6,-11.0,9.0,3.0,31
234.2383270263672,53.63508224487305,10.72701644897461,1000.0,0.0,-0.7333333333333333,0.6666666666666666,-11.0,10.0,3.0,31
218.39312744140625,48.46681213378906,9.693362426757812,1000.0,0.0,-0.7333333333333333,0.7333333333333333,-11.0,11.0,3.0,31
223.00390625,49.709747314453125,9.941949462890625,1000.0,0.0,-0.7333333333333333,0.8,-11.0,12.0,3.0,31
212.13548278808594,34.62605285644531,6.925210571289062,1000.0,0.0,-0.7333333333333333,0.8666666666666667,-11.0,13.0,3.0,31
200.44406127929688,22.487611770629883,4.497522354125977,1000.0,0.0,-0.7333333333333333,0.9333333333333333,-11.0,14.0,3.0,31
196.1322784423828,16.05388832092285,3.2107776641845702,1000.0,0.0,-0.7333333333333333,1.0,-11.0,15.0,3.0,31
192.25164794921875,23.90433692932129,4.780867385864258,1000.0,0.0,-0.6666666666666666,-1.0,-10.0,-15.0,3.0,31
189.35247802734375,19.96565055847168,3.993130111694336,1000.0,0.0,-0.6666666666666666,-0.9333333333333333,-10.0,-14.0,3.0,31
195.71238708496094,32.20854949951172,6.441709899902344,1000.0,0.0,-0.6666666666666666,-0.8666666666666667,-10.0,-13.0,3.0,31
186.8651123046875,19.38243865966797,3.8764877319335938,1000.0,0.0,-0.6666666666666666,-0.8,-10.0,-12.0,3.0,31
188.06983947753906,20.710966110229492,4.142193222045899,1000.0,0.0,-0.6666666666666666,-0.7333333333333333,-10.0,-11.0,3.0,31
186.62091064453125,22.034523010253906,4.406904602050782,1000.0,0.0,-0.6666666666666666,-0.6666666666666666,-10.0,-10.0,3.0,31
181.77818298339844,10.350729942321777,2.0701459884643554,1000.0,0.0,-0.6666666666666666,-0.6,-10.0,-9.0,3.0,31
179.15151977539062,9.165343284606934,1.8330686569213868,1000.0,0.0,-0.6666666666666666,-0.5333333333333333,-10.0,-8.0,3.0,31
185.4605712890625,20.165639877319336,4.033127975463867,1000.0,0.0,-0.6666666666666666,-0.4666666666666667,-10.0,-7.0,3.0,31
177.97779846191406,11.4010009765625,2.2802001953125,1000.0,0.0,-0.6666666666666666,-0.4,-10.0,-6.0,3.0,31
181.66343688964844,16.659629821777344,3.331925964355469,1000.0,0.0,-0.6666666666666666,-0.3333333333333333,-10.0,-5.0,3.0,31
179.58888244628906,13.385692596435547,2.6771385192871096,1000.0,0.0,-0.6666666666666666,-0.26666666666666666,-10.0,-4.0,3.0,31
180.53123474121094,17.55182456970215,3.5103649139404296,1000.0,0.0,-0.6666666666666666,-0.2,-10.0,-3.0,3.0,31
174.3739013671875,5.859981536865234,1.1719963073730468,1000.0,0.0,-0.6666666666666666,-0.13333333333333333,-10.0,-2.0,3.0,31
201.83877563476562,37.0966796875,7.4193359375,1000.0,0.0,-0.6666666666666666,-0.06666666666666667,-10.0,-1.0,3.0,31
192.74700927734375,27.91912078857422,5.583824157714844,1000.0,0.0,-0.6666666666666666,0.0,-10.0,0.0,3.0,31
186.23585510253906,20.508955001831055,4.101791000366211,1000.0,0.0,-0.6666666666666666,0.06666666666666667,-10.0,1.0,3.0,31
189.05020141601562,20.733030319213867,4.146606063842773,1000.0,0.0,-0.6666666666666666,0.13333333333333333,-10.0,2.0,3.0,31
218.62966918945312,61.50888442993164,12.301776885986328,1000.0,0.0,-0.6666666666666666,0.2,-10.0,3.0,3.0,31
212.03562927246094,55.20513153076172,11.041026306152343,1000.0,0.0,-0.6666666666666666,0.26666666666666666,-10.0,4.0,3.0,31
231.9365692138672,72.92056274414062,14.584112548828125,1000.0,0.0,-0.6666666666666666,0.3333333333333333,-10.0,5.0,3.0,31
276.8659362792969,61.88382339477539,12.376764678955078,1000.0,0.0,-0.6666666666666666,0.4,-10.0,6.0,3.0,31
251.29678344726562,71.30581665039062,14.261163330078125,1000.0,0.0,-0.6666666666666666,0.4666666666666667,-10.0,7.0,3.0,31
255.95550537109375,63.251834869384766,12.650366973876952,1000.0,0.0,-0.6666666666666666,0.5333333333333333,-10.0,8.0,3.0,31
229.81182861328125,61.985130310058594,12.397026062011719,1000.0,0.0,-0.6666666666666666,0.6,-10.0,9.0,3.0,31
228.45376586914062,52.084625244140625,10.416925048828125,1000.0,0.0,-0.6666666666666666,0.6666666666666666,-10.0,10.0,3.0,31
232.32078552246094,54.589271545410156,10.917854309082031,1000.0,0.0,-0.6666666666666666,0.7333333333333333,-10.0,11.0,3.0,31
213.82412719726562,43.452823638916016,8.690564727783203,1000.0,0.0,-0.6666666666666666,0.8,-10.0,12.0,3.0,31
203.88671875,23.107582092285156,4.621516418457031,1000.0,0.0,-0.6666666666666666,0.8666666666666667,-10.0,13.0,3.0,31
193.99896240234375,17.686662673950195,3.537332534790039,1000.0,0.0,-0.6666666666666666,0.9333333333333333,-10.0,14.0,3.0,31
188.20103454589844,11.35307502746582,2.270615005493164,1000.0,0.0,-0.6666666666666666,1.0,-10.0,15.0,3.0,31
197.953125,35.642738342285156,7.128547668457031,1000.0,0.0,-0.6,-1.0,-9.0,-15.0,3.0,31
199.53863525390625,26.433488845825195,5.286697769165039,1000.0,0.0,-0.6,-0.9333333333333333,-9.0,-14.0,3.0,31
186.1869354248047,20.693811416625977,4.138762283325195,1000.0,0.0,-0.6,-0.8666666666666667,-9.0,-13.0,3.0,31
187.54771423339844,20.693849563598633,4.138769912719726,1000.0,0.0,-0.6,-0.8,-9.0,-12.0,3.0,31
190.24757385253906,19.836374282836914,3.967274856567383,1000.0,0.0,-0.6,-0.7333333333333333,-9.0,-11.0,3.0,31
180.4075927734375,15.584303855895996,3.116860771179199,1000.0,0.0,-0.6,-0.6666666666666666,-9.0,-10.0,3.0,31
181.41355895996094,12.842897415161133,2.5685794830322264,1000.0,0.0,-0.6,-0.6,-9.0,-9.0,3.0,31
178.43359375,10.33576488494873,2.067152976989746,1000.0,0.0,-0.6,-0.5333333333333333,-9.0,-8.0,3.0,31
183.49346923828125,15.67898941040039,3.135797882080078,1000.0,0.0,-0.6,-0.4666666666666667,-9.0,-7.0,3.0,31
180.6953125,13.511037826538086,2.702207565307617,1000.0,0.0,-0.6,-0.4,-9.0,-6.0,3.0,31
180.59771728515625,13.737344741821289,2.747468948364258,1000.0,0.0,-0.6,-0.3333333333333333,-9.0,-5.0,3.0,31
179.9403076171875,14.064203262329102,2.8128406524658205,1000.0,0.0,-0.6,-0.26666666666666666,-9.0,-4.0,3.0,31
175.3794708251953,7.346016883850098,1.4692033767700194,1000.0,0.0,-0.6,-0.2,-9.0,-3.0,3.0,31
177.0072479248047,9.4087553024292,1.8817510604858398,1000.0,0.0,-0.6,-0.13333333333333333,-9.0,-2.0,3.0,31
202.26397705078125,37.497947692871094,7.499589538574218,1000.0,0.0,-0.6,-0.06666666666666667,-9.0,-1.0,3.0,31
183.70172119140625,26.705839157104492,5.341167831420899,1000.0,0.0,-0.6,0.0,-9.0,0.0,3.0,31
189.9447021484375,18.74179458618164,3.7483589172363283,1000.0,0.0,-0.6,0.06666666666666667,-9.0,1.0,3.0,31
196.53688049316406,25.23299217224121,5.046598434448242,1000.0,0.0,-0.6,0.13333333333333333,-9.0,2.0,3.0,31
208.8522491455078,47.43805694580078,9.487611389160156,1000.0,0.0,-0.6,0.2,-9.0,3.0,3.0,31
244.2137451171875,85.46403503417969,17.092807006835937,1000.0,0.0,-0.6,0.26666666666666666,-9.0,4.0,3.0,31
228.25909423828125,72.90355682373047,14.580711364746094,1000.0,0.0,-0.6,0.3333333333333333,-9.0,5.0,3.0,31
253.4713134765625,62.488189697265625,12.497637939453124,1000.0,0.0,-0.6,0.4,-9.0,6.0,3.0,31
254.63966369628906,74.85792541503906,14.971585083007813,1000.0,0.0,-0.6,0.4666666666666667,-9.0,7.0,3.0,31
245.36398315429688,71.51168060302734,14.302336120605469,1000.0,0.0,-0.6,0.5333333333333333,-9.0,8.0,3.0,31
238.23451232910156,71.67498016357422,14.334996032714844,1000.0,0.0,-0.6,0.6,-9.0,9.0,3.0,31
237.0682830810547,57.59505081176758,11.519010162353515,1000.0,0.0,-0.6,0.6666666666666666,-9.0,10.0,3.0,31
230.05224609375,51.495418548583984,10.299083709716797,1000.0,0.0,-0.6,0.7333333333333333,-9.0,11.0,3.0,31
213.00196838378906,33.512786865234375,6.702557373046875,1000.0,0.0,-0.6,0.8,-9.0,12.0,3.0,31
194.58279418945312,18.1683406829834,3.63366813659668,1000.0,0.0,-0.6,0.8666666666666667,-9.0,13.0,3.0,31
188.7707977294922,12.20555591583252,2.441111183166504,1000.0,0.0,-0.6,0.9333333333333333,-9.0,14.0,3.0,31
188.3446807861328,14.492109298706055,2.898421859741211,1000.0,0.0,-0.6,1.0,-9.0,15.0,3.0,31
196.9838104248047,31.70036506652832,6.340073013305664,1000.0,0.0,-0.5333333333333333,-1.0,-8.0,-15.0,3.0,31
212.81265258789062,36.84995651245117,7.369991302490234,1000.0,0.0,-0.5333333333333333,-0.9333333333333333,-8.0,-14.0,3.0,31
199.9231414794922,30.706167221069336,6.141233444213867,1000.0,0.0,-0.5333333333333333,-0.8666666666666667,-8.0,-13.0,3.0,31
190.22251892089844,22.238536834716797,4.4477073669433596,1000.0,0.0,-0.5333333333333333,-0.8,-8.0,-12.0,3.0,31
182.86277770996094,15.453683853149414,3.0907367706298827,1000.0,0.0,-0.5333333333333333,-0.7333333333333333,-8.0,-11.0,3.0,31
182.2614288330078,16.076271057128906,3.215254211425781,1000.0,0.0,-0.5333333333333333,-0.6666666666666666,-8.0,-10.0,3.0,31
181.18568420410156,12.734850883483887,2.546970176696777,1000.0,0.0,-0.5333333333333333,-0.6,-8.0,-9.0,3.0,31
190.49562072753906,23.197004318237305,4.639400863647461,1000.0,0.0,-0.5333333333333333,-0.5333333333333333,-8.0,-8.0,3.0,31
183.0164794921875,16.89061737060547,3.378123474121094,1000.0,0.0,-0.5333333333333333,-0.4666666666666667,-8.0,-7.0,3.0,31
178.86209106445312,12.900663375854492,2.5801326751708986,1000.0,0.0,-0.5333333333333333,-0.4,-8.0,-6.0,3.0,31
180.29769897460938,16.503786087036133,3.3007572174072264,1000.0,0.0,-0.5333333333333333,-0.3333333333333333,-8.0,-5.0,3.0,31
178.22274780273438,11.386087417602539,2.277217483520508,1000.0,0.0,-0.5333333333333333,-0.26666666666666666,-8.0,-4.0,3.0,31
197.6263427734375,29.6679630279541,5.93359260559082,1000.0,0.0,-0.5333333333333333,-0.2,-8.0,-3.0,3.0,31
218.06834411621094,39.12559127807617,7.8251182556152346,1000.0,0.0,-0.5333333333333333,-0.13333333333333333,-8.0,-2.0,3.0,31
201.98484802246094,40.16749572753906,8.033499145507813,1000.0,0.0,-0.5333333333333333,-0.06666666666666667,-8.0,-1.0,3.0,31
185.5640411376953,15.150359153747559,3.030071830749512,1000.0,0.0,-0.5333333333333333,0.0,-8.0,0.0,3.0,31
193.64048767089844,26.737346649169922,5.347469329833984,1000.0,0.0,-0.5333333333333333,0.06666666666666667,-8.0,1.0,3.0,31
192.1529083251953,30.499828338623047,6.099965667724609,1000.0,0.0,-0.5333333333333333,0.13333333333333333,-8.0,2.0,3.0,31
208.01446533203125,46.907196044921875,9.381439208984375,1000.0,0.0,-0.5333333333333333,0.2,-8.0,3.0,3.0,31
239.91629028320312,75.1919174194336,15.038383483886719,1000.0,0.0,-0.5333333333333333,0.26666666666666666,-8.0,4.0,3.0,31
259.8373718261719,99.24301147460938,19.848602294921875,1000.0,0.0,-0.5333333333333333,0.3333333333333333,-8.0,5.0,3.0,31
251.41827392578125,78.5228500366211,15.704570007324218,1000.0,0.0,-0.5333333333333333,0.4,-8.0,6.0,3.0,31
235.1581573486328,71.59896850585938,14.319793701171875,1000.0,0.0,-0.5333333333333333,0.4666666666666667,-8.0,7.0,3.0,31
236.4452667236328,79.9544677734375,15.9908935546875,1000.0,0.0,-0.5333333333333333,0.5333333333333333,-8.0,8.0,3.0,31
242.08419799804688,72.33145141601562,14.466290283203126,1000.0,0.0,-0.5333333333333333,0.6,-8.0,9.0,3.0,31
239.61642456054688,63.264488220214844,12.65289764404297,1000.0,0.0,-0.5333333333333333,0.6666666666666666,-8.0,10.0,3.0,31
222.5589599609375,49.42018508911133,9.884037017822266,1000.0,0.0,-0.5333333333333333,0.7333333333333333,-8.0,11.0,3.0,31
212.52261352539062,32.76663589477539,6.553327178955078,1000.0,0.0,-0.5333333333333333,0.8,-8.0,12.0,3.0,31
196.63925170898438,17.327999114990234,3.4655998229980467,1000.0,0.0,-0.5333333333333333,0.8666666666666667,-8.0,13.0,3.0,31
191.78451538085938,13.815008163452148,2.76300163269043,1000.0,0.0,-0.5333333333333333,0.9333333333333333,-8.0,14.0,3.0,31
196.06234741210938,16.05302619934082,3.210605239868164,1000.0,0.0,-0.5333333333333333,1.0,-8.0,15.0,3.0,31
219.5424346923828,53.215457916259766,10.643091583251953,1000.0,0.0,-0.4666666666666667,-1.0,-7.0,-15.0,3.0,31
222.6051788330078,48.13436508178711,9.626873016357422,1000.0,0.0,-0.4666666666666667,-0.9333333333333333,-7.0,-14.0,3.0,31
210.82241821289062,46.031455993652344,9.206291198730469,1000.0,0.0,-0.4666666666666667,-0.8666666666666667,-7.0,-13.0,3.0,31
203.8877716064453,39.19561767578125,7.83912353515625,1000.0,0.0,-0.4666666666666667,-0.8,-7.0,-12.0,3.0,31
194.18504333496094,30.306840896606445,6.061368179321289,1000.0,0.0,-0.4666666666666667,-0.7333333333333333,-7.0,-11.0,3.0,31
192.4981689453125,26.70839500427246,5.3416790008544925,1000.0,0.0,-0.4666666666666667,-0.6666666666666666,-7.0,-10.0,3.0,31
189.02984619140625,25.45880889892578,5.091761779785156,1000.0,0.0,-0.4666666666666667,-0.6,-7.0,-9.0,3.0,31
191.28370666503906,25.91843032836914,5.183686065673828,1000.0,0.0,-0.4666666666666667,-0.5333333333333333,-7.0,-8.0,3.0,31
178.09271240234375,12.667440414428711,2.533488082885742,1000.0,0.0,-0.4666666666666667,-0.4666666666666667,-7.0,-7.0,3.0,31
177.7254638671875,12.102757453918457,2.4205514907836916,1000.0,0.0,-0.4666666666666667,-0.4,-7.0,-6.0,3.0,31
182.37677001953125,17.424226760864258,3.4848453521728517,1000.0,0.0,-0.4666666666666667,-0.3333333333333333,-7.0,-5.0,3.0,31
176.60528564453125,10.773645401000977,2.1547290802001955,1000.0,0.0,-0.4666666666666667,-0.26666666666666666,-7.0,-4.0,3.0,31
207.21121215820312,24.797605514526367,4.959521102905273,1000.0,0.0,-0.4666666666666667,-0.2,-7.0,-3.0,3.0,31
199.70709228515625,28.796184539794922,5.759236907958984,1000.0,0.0,-0.4666666666666667,-0.13333333333333333,-7.0,-2.0,3.0,31
227.1509552001953,52.531028747558594,10.506205749511718,1000.0,0.0,-0.4666666666666667,-0.06666666666666667,-7.0,-1.0,3.0,31
206.88128662109375,48.43122863769531,9.686245727539063,1000.0,0.0,-0.4666666666666667,0.0,-7.0,0.0,3.0,31
186.43038940429688,18.555797576904297,3.711159515380859,1000.0,0.0,-0.4666666666666667,0.06666666666666667,-7.0,1.0,3.0,31
192.6110382080078,36.65184783935547,7.330369567871093,1000.0,0.0,-0.4666666666666667,0.13333333333333333,-7.0,2.0,3.0,31
242.49652099609375,78.59812927246094,15.719625854492188,1000.0,0.0,-0.4666666666666667,0.2,-7.0,3.0,3.0,31
227.56402587890625,73.03488159179688,14.606976318359376,1000.0,0.0,-0.4666666666666667,0.26666666666666666,-7.0,4.0,3.0,31
231.1968994140625,71.32100677490234,14.264201354980468,1000.0,0.0,-0.4666666666666667,0.3333333333333333,-7.0,5.0,3.0,31
252.0403289794922,69.1883316040039,13.837666320800782,1000.0,0.0,-0.4666666666666667,0.4,-7.0,6.0,3.0,31
263.4237976074219,75.06073760986328,15.012147521972656,1000.0,0.0,-0.4666666666666667,0.4666666666666667,-7.0,7.0,3.0,31
264.2254943847656,85.22041320800781,17.044082641601562,1000.0,0.0,-0.4666666666666667,0.5333333333333333,-7.0,8.0,3.0,31
252.5744171142578,79.20928192138672,15.841856384277344,1000.0,0.0,-0.4666666666666667,0.6,-7.0,9.0,3.0,31
236.8585205078125,65.05992126464844,13.011984252929688,1000.0,0.0,-0.4666666666666667,0.6666666666666666,-7.0,10.0,3.0,31
217.53237915039062,46.80671691894531,9.361343383789062,1000.0,0.0,-0.4666666666666667,0.7333333333333333,-7.0,11.0,3.0,31
209.87841796875,38.260955810546875,7.652191162109375,1000.0,0.0,-0.4666666666666667,0.8,-7.0,12.0,3.0,31
197.40274047851562,19.932706832885742,3.9865413665771485,1000.0,0.0,-0.4666666666666667,0.8666666666666667,-7.0,13.0,3.0,31
182.95376586914062,10.844767570495605,2.168953514099121,1000.0,0.0,-0.4666666666666667,0.9333333333333333,-7.0,14.0,3.0,31
184.66525268554688,19.25747299194336,3.8514945983886717,1000.0,0.0,-0.4666666666666667,1.0,-7.0,15.0,3.0,31
213.49679565429688,57.90852737426758,11.581705474853516,1000.0,0.0,-0.4,-1.0,-6.0,-15.0,3.0,31
214.4922332763672,51.089073181152344,10.217814636230468,1000.0,0.0,-0.4,-0.9333333333333333,-6.0,-14.0,3.0,31
219.3534393310547,52.57203674316406,10.514407348632812,1000.0,0.0,-0.4,-0.8666666666666667,-6.0,-13.0,3.0,31
208.65603637695312,49.40043258666992,9.880086517333984,1000.0,0.0,-0.4,-0.8,-6.0,-12.0,3.0,31
210.6554718017578,59.161598205566406,11.832319641113282,1000.0,0.0,-0.4,-0.7333333333333333,-6.0,-11.0,3.0,31
185.43019104003906,26.861478805541992,5.372295761108399,1000.0,0.0,-0.4,-0.6666666666666666,-6.0,-10.0,3.0,31
197.1861114501953,41.78902053833008,8.357804107666016,1000.0,0.0,-0.4,-0.6,-6.0,-9.0,3.0,31
192.64634704589844,28.78264045715332,5.756528091430664,1000.0,0.0,-0.4,-0.5333333333333333,-6.0,-8.0,3.0,31
204.88990783691406,31.675926208496094,6.335185241699219,1000.0,0.0,-0.4,-0.4666666666666667,-6.0,-7.0,3.0,31
194.0272979736328,22.451465606689453,4.49029312133789,1000.0,0.0,-0.4,-0.4,-6.0,-6.0,3.0,31
193.85377502441406,24.977657318115234,4.995531463623047,1000.0,0.0,-0.4,-0.3333333333333333,-6.0,-5.0,3.0,31
233.39620971679688,40.24655532836914,8.049311065673828,1000.0,0.0,-0.4,-0.26666666666666666,-6.0,-4.0,3.0,31
190.1960906982422,18.009883880615234,3.601976776123047,1000.0,0.0,-0.4,-0.2,-6.0,-3.0,3.0,31
233.36537170410156,51.38301086425781,10.276602172851563,1000.0,0.0,-0.4,-0.13333333333333333,-6.0,-2.0,3.0,31
252.7385711669922,71.18379974365234,14.23675994873047,1000.0,0.0,-0.4,-0.06666666666666667,-6.0,-1.0,3.0,31
267.6480407714844,85.86589050292969,17.173178100585936,1000.0,0.0,-0.4,0.0,-6.0,0.0,3.0,31
198.0423583984375,43.39078140258789,8.678156280517578,1000.0,0.0,-0.4,0.06666666666666667,-6.0,1.0,3.0,31
198.59410095214844,33.26066970825195,6.652133941650391,1000.0,0.0,-0.4,0.13333333333333333,-6.0,2.0,3.0,31
226.9851531982422,98.08308410644531,19.616616821289064,1000.0,0.0,-0.4,0.2,-6.0,3.0,3.0,31
243.05963134765625,89.24871826171875,17.84974365234375,1000.0,0.0,-0.4,0.26666666666666666,-6.0,4.0,3.0,31
242.88650512695312,84.27681732177734,16.85536346435547,1000.0,0.0,-0.4,0.3333333333333333,-6.0,5.0,3.0,31
257.3700256347656,82.98796081542969,16.597592163085938,1000.0,0.0,-0.4,0.4,-6.0,6.0,3.0,31
260.8569030761719,75.14151000976562,15.028302001953126,1000.0,0.0,-0.4,0.4666666666666667,-6.0,7.0,3.0,31
270.79052734375,91.94243621826172,18.388487243652342,1000.0,0.0,-0.4,0.5333333333333333,-6.0,8.0,3.0,31
247.54965209960938,78.87840270996094,15.775680541992188,1000.0,0.0,-0.4,0.6,-6.0,9.0,3.0,31
244.06858825683594,69.82080078125,13.96416015625,1000.0,0.0,-0.4,0.6666666666666666,-6.0,10.0,3.0,31
224.67398071289062,45.933902740478516,9.186780548095703,1000.0,0.0,-0.4,0.7333333333333333,-6.0,11.0,3.0,31
198.5829620361328,26.465011596679688,5.293002319335938,1000.0,0.0,-0.4,0.8,-6.0,12.0,3.0,31
187.8590087890625,18.19467544555664,3.638935089111328,1000.0,0.0,-0.4,0.8666666666666667,-6.0,13.0,3.0,31
190.71824645996094,29.2777042388916,5.85554084777832,1000.0,0.0,-0.4,0.9333333333333333,-6.0,14.0,3.0,31
184.87472534179688,18.181081771850586,3.6362163543701174,1000.0,0.0,-0.4,1.0,-6.0,15.0,3.0,31
223.54458618164062,53.75911331176758,10.751822662353515,1000.0,0.0,-0.3333333333333333,-1.0,-5.0,-15.0,3.0,31
230.68365478515625,72.19888305664062,14.439776611328124,1000.0,0.0,-0.3333333333333333,-0.9333333333333333,-5.0,-14.0,3.0,31
224.09185791015625,66.35843658447266,13.271687316894532,1000.0,0.0,-0.3333333333333333,-0.8666666666666667,-5.0,-13.0,3.0,31
222.2718963623047,68.35938262939453,13.671876525878906,1000.0,0.0,-0.3333333333333333,-0.8,-5.0,-12.0,3.0,31
192.24520874023438,35.957984924316406,7.191596984863281,1000.0,0.0,-0.3333333333333333,-0.7333333333333333,-5.0,-11.0,3.0,31
205.04412841796875,46.800846099853516,9.360169219970704,1000.0,0.0,-0.3333333333333333,-0.6666666666666666,-5.0,-10.0,3.0,31
196.47190856933594,46.586883544921875,9.317376708984375,1000.0,0.0,-0.3333333333333333,-0.6,-5.0,-9.0,3.0,31
197.52198791503906,36.195011138916016,7.239002227783203,1000.0,0.0,-0.3333333333333333,-0.5333333333333333,-5.0,-8.0,3.0,31
201.67568969726562,43.09780502319336,8.619561004638673,1000.0,0.0,-0.3333333333333333,-0.4666666666666667,-5.0,-7.0,3.0,31
192.91502380371094,33.00181579589844,6.600363159179688,1000.0,0.0,-0.3333333333333333,-0.4,-5.0,-6.0,3.0,31
212.03855895996094,37.50132369995117,7.500264739990234,1000.0,0.0,-0.3333333333333333,-0.3333333333333333,-5.0,-5.0,3.0,31
208.71986389160156,42.94685363769531,8.589370727539062,1000.0,0.0,-0.3333333333333333,-0.26666666666666666,-5.0,-4.0,3.0,31
214.7850799560547,29.29906463623047,5.859812927246094,1000.0,0.0,-0.3333333333333333,-0.2,-5.0,-3.0,3.0,31
212.15396118164062,41.195045471191406,8.23900909423828,1000.0,0.0,-0.3333333333333333,-0.13333333333333333,-5.0,-2.0,3.0,31
241.6204833984375,67.1994857788086,13.439897155761718,1000.0,0.0,-0.3333333333333333,-0.06666666666666667,-5.0,-1.0,3.0,31
254.79026794433594,75.11075592041016,15.02215118408203,1000.0,0.0,-0.3333333333333333,0.0,-5.0,0.0,3.0,31
209.5818328857422,53.594703674316406,10.718940734863281,1000.0,0.0,-0.3333333333333333,0.06666666666666667,-5.0,1.0,3.0,31
226.25,61.97954559326172,12.395909118652344,1000.0,0.0,-0.3333333333333333,0.13333333333333333,-5.0,2.0,3.0,31
247.6009979248047,99.49674987792969,19.899349975585938,1000.0,0.0,-0.3333333333333333,0.2,-5.0,3.0,3.0,31
279.7895202636719,118.64738464355469,23.729476928710938,1000.0,0.0,-0.3333333333333333,0.26666666666666666,-5.0,4.0,3.0,31
232.60777282714844,91.53211212158203,18.306422424316406,1000.0,0.0,-0.3333333333333333,0.3333333333333333,-5.0,5.0,3.0,31
248.740234375,84.45911407470703,16.891822814941406,1000.0,0.0,-0.3333333333333333,0.4,-5.0,6.0,3.0,31
297.1186828613281,96.51870727539062,19.303741455078125,1000.0,0.0,-0.3333333333333333,0.4666666666666667,-5.0,7.0,3.0,31
297.1051330566406,91.35221862792969,18.270443725585938,1000.0,0.0,-0.3333333333333333,0.5333333333333333,-5.0,8.0,3.0,31
272.094482421875,83.19353485107422,16.638706970214844,1000.0,0.0,-0.3333333333333333,0.6,-5.0,9.0,3.0,31
213.0089111328125,48.27876281738281,9.655752563476563,1000.0,0.0,-0.3333333333333333,0.6666666666666666,-5.0,10.0,3.0,31
204.0426025390625,37.02195739746094,7.404391479492188,1000.0,0.0,-0.3333333333333333,0.7333333333333333,-5.0,11.0,3.0,31
194.9781036376953,23.611299514770508,4.722259902954102,1000.0,0.0,-0.3333333333333333,0.8,-5.0,12.0,3.0,31
187.59832763671875,24.92005157470703,4.984010314941406,1000.0,0.0,-0.3333333333333333,0.8666666666666667,-5.0,13.0,3.0,31
201.16671752929688,25.978099822998047,5.19561996459961,1000.0,0.0,-0.3333333333333333,0.9333333333333333,-5.0,14.0,3.0,31
206.51316833496094,34.38516616821289,6.877033233642578,1000.0,0.0,-0.3333333333333333,1.0,-5.0,15.0,3.0,31
230.83767700195312,66.84762573242188,13.369525146484374,1000.0,0.0,-0.26666666666666666,-1.0,-4.0,-15.0,3.0,31
247.64132690429688,80.1808090209961,16.036161804199217,1000.0,0.0,-0.26666666666666666,-0.9333333333333333,-4.0,-14.0,3.0,31
225.7705078125,66.55033874511719,13.310067749023437,1000.0,0.0,-0.26666666666666666,-0.8666666666666667,-4.0,-13.0,3.0,31
217.00430297851562,53.186241149902344,10.637248229980468,1000.0,0.0,-0.26666666666666666,-0.8,-4.0,-12.0,3.0,31
223.9725341796875,62.529293060302734,12.505858612060546,1000.0,0.0,-0.26666666666666666,-0.7333333333333333,-4.0,-11.0,3.0,31
212.20443725585938,57.78568649291992,11.557137298583985,1000.0,0.0,-0.26666666666666666,-0.6666666666666666,-4.0,-10.0,3.0,31
199.95693969726562,44.61103057861328,8.922206115722656,1000.0,0.0,-0.26666666666666666,-0.6,-4.0,-9.0,3.0,31
212.81585693359375,60.66478729248047,12.132957458496094,1000.0,0.0,-0.26666666666666666,-0.5333333333333333,-4.0,-8.0,3.0,31
204.59234619140625,46.36818313598633,9.273636627197266,1000.0,0.0,-0.26666666666666666,-0.4666666666666667,-4.0,-7.0,3.0,31
215.4224853515625,58.58972930908203,11.717945861816407,1000.0,0.0,-0.26666666666666666,-0.4,-4.0,-6.0,3.0,31
210.74151611328125,57.317867279052734,11.463573455810547,1000.0,0.0,-0.26666666666666666,-0.3333333333333333,-4.0,-5.0,3.0,31
202.41650390625,60.874542236328125,12.174908447265626,1000.0,0.0,-0.26666666666666666,-0.26666666666666666,-4.0,-4.0,3.0,31
212.75453186035156,78.0613784790039,15.612275695800781,1000.0,0.0,-0.26666666666666666,-0.2,-4.0,-3.0,3.0,31
213.26937866210938,49.439727783203125,9.887945556640625,1000.0,0.0,-0.26666666666666666,-0.13333333333333333,-4.0,-2.0,3.0,31
189.54647827148438,41.53337478637695,8.30667495727539,1000.0,0.0,-0.26666666666666666,-0.06666666666666667,-4.0,-1.0,3.0,31
194.92849731445312,33.60832214355469,6.7216644287109375,1000.0,0.0,-0.26666666666666666,0.0,-4.0,0.0,3.0,31
265.2813415527344,117.50465393066406,23.500930786132812,1000.0,0.0,-0.26666666666666666,0.06666666666666667,-4.0,1.0,3.0,31
265.3318176269531,112.28843688964844,22.457687377929688,1000.0,0.0,-0.26666666666666666,0.13333333333333333,-4.0,2.0,3.0,31
234.77740478515625,69.93873596191406,13.987747192382812,1000.0,0.0,-0.26666666666666666,0.2,-4.0,3.0,3.0,31
215.03126525878906,48.451133728027344,9.690226745605468,1000.0,0.0,-0.26666666666666666,0.26666666666666666,-4.0,4.0,3.0,31
218.2326202392578,60.539817810058594,12.107963562011719,1000.0,0.0,-0.26666666666666666,0.3333333333333333,-4.0,5.0,3.0,31
259.9882507324219,99.90704345703125,19.98140869140625,1000.0,0.0,-0.26666666666666666,0.4,-4.0,6.0,3.0,31
293.90484619140625,96.66896057128906,19.33379211425781,1000.0,0.0,-0.26666666666666666,0.4666666666666667,-4.0,7.0,3.0,31
316.5203857421875,99.43896484375,19.88779296875,1000.0,0.0,-0.26666666666666666,0.5333333333333333,-4.0,8.0,3.0,31
250.73802185058594,57.080833435058594,11.416166687011719,1000.0,0.0,-0.26666666666666666,0.6,-4.0,9.0,3.0,31
227.21603393554688,51.72587585449219,10.345175170898438,1000.0,0.0,-0.26666666666666666,0.6666666666666666,-4.0,10.0,3.0,31
208.69561767578125,43.84605026245117,8.769210052490234,1000.0,0.0,-0.26666666666666666,0.7333333333333333,-4.0,11.0,3.0,31
237.90675354003906,55.58869934082031,11.117739868164062,1000.0,0.0,-0.26666666666666666,0.8,-4.0,12.0,3.0,31
234.09368896484375,54.99301528930664,10.998603057861327,1000.0,0.0,-0.26666666666666666,0.8666666666666667,-4.0,13.0,3.0,31
224.06932067871094,55.04103088378906,11.008206176757813,1000.0,0.0,-0.26666666666666666,0.9333333333333333,-4.0,14.0,3.0,31
195.4218292236328,38.69923782348633,7.739847564697266,1000.0,0.0,-0.26666666666666666,1.0,-4.0,15.0,3.0,31
214.97601318359375,66.21712493896484,13.243424987792968,1000.0,0.0,-0.2,-1.0,-3.0,-15.0,3.0,31
233.3811492919922,84.90231323242188,16.980462646484376,1000.0,0.0,-0.2,-0.9333333333333333,-3.0,-14.0,3.0,31
209.60113525390625,60.08378219604492,12.016756439208985,1000.0,0.0,-0.2,-0.8666666666666667,-3.0,-13.0,3.0,31
219.59974670410156,87.26277923583984,17.452555847167968,1000.0,0.0,-0.2,-0.8,-3.0,-12.0,3.0,31
235.9304656982422,97.5267333984375,19.5053466796875,1000.0,0.0,-0.2,-0.7333333333333333,-3.0,-11.0,3.0,31
211.2626190185547,64.46568298339844,12.893136596679687,1000.0,0.0,-0.2,-0.6666666666666666,-3.0,-10.0,3.0,31
227.37710571289062,80.84307861328125,16.16861572265625,1000.0,0.0,-0.2,-0.6,-3.0,-9.0,3.0,31
234.3308563232422,105.74378204345703,21.148756408691405,1000.0,0.0,-0.2,-0.5333333333333333,-3.0,-8.0,3.0,31
233.06968688964844,107.78260803222656,21.556521606445312,1000.0,0.0,-0.2,-0.4666666666666667,-3.0,-7.0,3.0,31
230.0575714111328,89.71358489990234,17.942716979980467,1000.0,0.0,-0.2,-0.4,-3.0,-6.0,3.0,31
307.8830871582031,179.19570922851562,35.839141845703125,1000.0,0.0,-0.2,-0.3333333333333333,-3.0,-5.0,3.0,31
333.2145690917969,180.2929229736328,36.05858459472656,1000.0,0.0,-0.2,-0.26666666666666666,-3.0,-4.0,3.0,31
320.1380920410156,183.80819702148438,36.76163940429687,1000.0,0.0,-0.2,-0.2,-3.0,-3.0,3.0,31
311.5553283691406,176.75120544433594,35.350241088867186,1000.0,0.0,-0.2,-0.13333333333333333,-3.0,-2.0,3.0,31
337.645263671875,216.39405822753906,43.278811645507815,1000.0,0.0,-0.2,-0.06666666666666667,-3.0,-1.0,3.0,31
335.84625244140625,226.21432495117188,45.242864990234374,1000.0,0.0,-0.2,0.0,-3.0,0.0,3.0,31
405.46905517578125,238.34690856933594,47.66938171386719,1000.0,0.0,-0.2,0.06666666666666667,-3.0,1.0,3.0,31
408.2265930175781,248.71315002441406,49.74263000488281,1000.0,0.0,-0.2,0.13333333333333333,-3.0,2.0,3.0,31
324.3422546386719,125.49823760986328,25.099647521972656,1000.0,0.0,-0.2,0.2,-3.0,3.0,3.0,31
214.6551513671875,44.53030776977539,8.906061553955078,1000.0,0.0,-0.2,0.26666666666666666,-3.0,4.0,3.0,31
194.4112548828125,27.907604217529297,5.581520843505859,1000.0,0.0,-0.2,0.3333333333333333,-3.0,5.0,3.0,31
232.97027587890625,46.15712356567383,9.231424713134766,1000.0,0.0,-0.2,0.4,-3.0,6.0,3.0,31
280.81402587890625,86.95260620117188,17.390521240234374,1000.0,0.0,-0.2,0.4666666666666667,-3.0,7.0,3.0,31
241.57150268554688,51.891883850097656,10.378376770019532,1000.0,0.0,-0.2,0.5333333333333333,-3.0,8.0,3.0,31
250.78550720214844,45.748844146728516,9.149768829345703,1000.0,0.0,-0.2,0.6,-3.0,9.0,3.0,31
270.7799377441406,64.63862609863281,12.927725219726563,1000.0,0.0,-0.2,0.6666666666666666,-3.0,10.0,3.0,31
258.57733154296875,63.206417083740234,12.641283416748047,1000.0,0.0,-0.2,0.7333333333333333,-3.0,11.0,3.0,31
255.30801391601562,65.9649658203125,13.1929931640625,1000.0,0.0,-0.2,0.8,-3.0,12.0,3.0,31
257.322998046875,65.60813903808594,13.121627807617188,1000.0,0.0,-0.2,0.8666666666666667,-3.0,13.0,3.0,31
277.54864501953125,80.84434509277344,16.168869018554688,1000.0,0.0,-0.2,0.9333333333333333,-3.0,14.0,3.0,31
260.4449157714844,75.86000061035156,15.172000122070312,1000.0,0.0,-0.2,1.0,-3.0,15.0,3.0,31
234.92893981933594,61.381317138671875,12.276263427734374,1000.0,0.0,-0.13333333333333333,-1.0,-2.0,-15.0,3.0,31
243.12791442871094,73.99243927001953,14.798487854003906,1000.0,0.0,-0.13333333333333333,-0.9333333333333333,-2.0,-14.0,3.0,31
245.7178955078125,61.723411560058594,12.344682312011718,1000.0,0.0,-0.13333333333333333,-0.8666666666666667,-2.0,-13.0,3.0,31
206.14077758789062,50.084014892578125,10.016802978515624,1000.0,0.0,-0.13333333333333333,-0.8,-2.0,-12.0,3.0,31
217.85707092285156,73.44886016845703,14.689772033691407,1000.0,0.0,-0.13333333333333333,-0.7333333333333333,-2.0,-11.0,3.0,31
231.4027862548828,77.74930572509766,15.54986114501953,1000.0,0.0,-0.13333333333333333,-0.6666666666666666,-2.0,-10.0,3.0,31
204.4013214111328,58.84672164916992,11.769344329833984,1000.0,0.0,-0.13333333333333333,-0.6,-2.0,-9.0,3.0,31
258.5221862792969,123.85210418701172,24.770420837402344,1000.0,0.0,-0.13333333333333333,-0.5333333333333333,-2.0,-8.0,3.0,31
261.3092041015625,135.0959014892578,27.019180297851562,1000.0,0.0,-0.13333333333333333,-0.4666666666666667,-2.0,-7.0,3.0,31
295.32830810546875,145.9051513671875,29.1810302734375,1000.0,0.0,-0.13333333333333333,-0.4,-2.0,-6.0,3.0,31
356.6590576171875,187.0703887939453,37.41407775878906,1000.0,0.0,-0.13333333333333333,-0.3333333333333333,-2.0,-5.0,3.0,31
397.295654296875,215.9847869873047,43.196957397460935,1000.0,0.0,-0.13333333333333333,-0.26666666666666666,-2.0,-4.0,3.0,31
324.4567565917969,133.25726318359375,26.65145263671875,1000.0,0.0,-0.13333333333333333,-0.2,-2.0,-3.0,3.0,31
619.392578125,303.20306396484375,60.64061279296875,1000.0,0.0,-0.13333333333333333,-0.13333333333333333,-2.0,-2.0,3.0,31
708.879638671875,363.09259033203125,72.61851806640625,1000.0,0.0,-0.13333333333333333,-0.06666666666666667,-2.0,-1.0,3.0,31
583.9987182617188,367.0208435058594,73.40416870117187,1000.0,0.0,-0.13333333333333333,0.0,-2.0,0.0,3.0,31
518.120849609375,347.0732116699219,69.41464233398438,1000.0,0.0,-0.13333333333333333,0.06666666666666667,-2.0,1.0,3.0,31
405.18316650390625,227.4232635498047,45.48465270996094,1000.0,0.0,-0.13333333333333333,0.13333333333333333,-2.0,2.0,3.0,31
332.8435974121094,162.71026611328125,32.54205322265625,1000.0,0.0,-0.13333333333333333,0.2,-2.0,3.0,3.0,31
306.1787414550781,117.15943908691406,23.431887817382812,1000.0,0.0,-0.13333333333333333,0.26666666666666666,-2.0,4.0,3.0,31
270.42669677734375,89.53986358642578,17.907972717285155,1000.0,0.0,-0.13333333333333333,0.3333333333333333,-2.0,5.0,3.0,31
213.40252685546875,45.98095703125,9.19619140625,1000.0,0.0,-0.13333333333333333,0.4,-2.0,6.0,3.0,31
225.36280822753906,56.41946792602539,11.283893585205078,1000.0,0.0,-0.13333333333333333,0.4666666666666667,-2.0,7.0,3.0,31
301.162353515625,77.19147491455078,15.438294982910156,1000.0,0.0,-0.13333333333333333,0.5333333333333333,-2.0,8.0,3.0,31
282.1455993652344,79.30711364746094,15.861422729492187,1000.0,0.0,-0.13333333333333333,0.6,-2.0,9.0,3.0,31
269.4478759765625,73.25105285644531,14.650210571289062,1000.0,0.0,-0.13333333333333333,0.6666666666666666,-2.0,10.0,3.0,31
265.6824951171875,92.52146911621094,18.504293823242186,1000.0,0.0,-0.13333333333333333,0.7333333333333333,-2.0,11.0,3.0,31
264.7618103027344,80.24495697021484,16.048991394042968,1000.0,0.0,-0.13333333333333333,0.8,-2.0,12.0,3.0,31
261.4013671875,79.5303955078125,15.9060791015625,1000.0,0.0,-0.13333333333333333,0.8666666666666667,-2.0,13.0,3.0,31
254.70523071289062,80.48460388183594,16.096920776367188,1000.0,0.0,-0.13333333333333333,0.9333333333333333,-2.0,14.0,3.0,31
252.3646240234375,77.65550994873047,15.531101989746094,1000.0,0.0,-0.13333333333333333,1.0,-2.0,15.0,3.0,31
232.03697204589844,72.62977600097656,14.525955200195312,1000.0,0.0,-0.06666666666666667,-1.0,-1.0,-15.0,3.0,31
236.091796875,67.00254821777344,13.400509643554688,1000.0,0.0,-0.06666666666666667,-0.9333333333333333,-1.0,-14.0,3.0,31
236.14883422851562,74.47970581054688,14.895941162109375,1000.0,0.0,-0.06666666666666667,-0.8666666666666667,-1.0,-13.0,3.0,31
235.95144653320312,80.2016372680664,16.04032745361328,1000.0,0.0,-0.06666666666666667,-0.8,-1.0,-12.0,3.0,31
205.7254638671875,60.76772689819336,12.153545379638672,1000.0,0.0,-0.06666666666666667,-0.7333333333333333,-1.0,-11.0,3.0,31
206.28550720214844,45.715084075927734,9.143016815185547,1000.0,0.0,-0.06666666666666667,-0.6666666666666666,-1.0,-10.0,3.0,31
193.61572265625,34.205284118652344,6.841056823730469,1000.0,0.0,-0.06666666666666667,-0.6,-1.0,-9.0,3.0,31
246.4174346923828,94.92622375488281,18.985244750976562,1000.0,0.0,-0.06666666666666667,-0.5333333333333333,-1.0,-8.0,3.0,31
294.7972106933594,141.5618896484375,28.3123779296875,1000.0,0.0,-0.06666666666666667,-0.4666666666666667,-1.0,-7.0,3.0,31
265.1551818847656,143.33309936523438,28.666619873046876,1000.0,0.0,-0.06666666666666667,-0.4,-1.0,-6.0,3.0,31
317.47174072265625,193.68910217285156,38.73782043457031,1000.0,0.0,-0.06666666666666667,-0.3333333333333333,-1.0,-5.0,3.0,31
389.5654296875,200.75270080566406,40.15054016113281,1000.0,0.0,-0.06666666666666667,-0.26666666666666666,-1.0,-4.0,3.0,31
350.1114501953125,180.246337890625,36.049267578125,1000.0,0.0,-0.06666666666666667,-0.2,-1.0,-3.0,3.0,31
743.4985961914062,353.5278015136719,70.70556030273437,1000.0,0.0,-0.06666666666666667,-0.13333333333333333,-1.0,-2.0,3.0,31
665.22509765625,386.4130554199219,77.28261108398438,1000.0,0.0,-0.06666666666666667,-0.06666666666666667,-1.0,-1.0,3.0,31
831.7662353515625,186.16001892089844,37.23200378417969,1000.0,0.0,-0.06666666666666667,0.0,-1.0,0.0,3.0,31
704.835205078125,324.92047119140625,64.98409423828124,1000.0,0.0,-0.06666666666666667,0.06666666666666667,-1.0,1.0,3.0,31
501.7690124511719,276.1977844238281,55.239556884765626,1000.0,0.0,-0.06666666666666667,0.13333333333333333,-1.0,2.0,3.0,31
487.5126647949219,131.0367431640625,26.2073486328125,1000.0,0.0,-0.06666666666666667,0.2,-1.0,3.0,3.0,31
468.5133056640625,223.3861846923828,44.67723693847656,1000.0,0.0,-0.06666666666666667,0.26666666666666666,-1.0,4.0,3.0,31
321.80194091796875,124.43807983398438,24.887615966796876,1000.0,0.0,-0.06666666666666667,0.3333333333333333,-1.0,5.0,3.0,31
259.6634826660156,67.32195281982422,13.464390563964844,1000.0,0.0,-0.06666666666666667,0.4,-1.0,6.0,3.0,31
287.22039794921875,86.8402328491211,17.36804656982422,1000.0,0.0,-0.06666666666666667,0.4666666666666667,-1.0,7.0,3.0,31
324.0367736816406,92.9882583618164,18.59765167236328,1000.0,0.0,-0.06666666666666667,0.5333333333333333,-1.0,8.0,3.0,31
323.84674072265625,92.84988403320312,18.569976806640625,1000.0,0.0,-0.06666666666666667,0.6,-1.0,9.0,3.0,31
289.24420166015625,78.31658172607422,15.663316345214843,1000.0,0.0,-0.06666666666666667,0.6666666666666666,-1.0,10.0,3.0,31
285.4555358886719,100.42613983154297,20.085227966308594,1000.0,0.0,-0.06666666666666667,0.7333333333333333,-1.0,11.0,3.0,31
257.80975341796875,79.5828857421875,15.9165771484375,1000.0,0.0,-0.06666666666666667,0.8,-1.0,12.0,3.0,31
251.53187561035156,85.32550048828125,17.06510009765625,1000.0,0.0,-0.06666666666666667,0.8666666666666667,-1.0,13.0,3.0,31
234.10987854003906,66.59199523925781,13.318399047851562,1000.0,0.0,-0.06666666666666667,0.9333333333333333,-1.0,14.0,3.0,31
249.00315856933594,74.46759796142578,14.893519592285156,1000.0,0.0,-0.06666666666666667,1.0,-1.0,15.0,3.0,31
224.23387145996094,64.1494140625,12.8298828125,1000.0,0.0,0.0,-1.0,0.0,-15.0,3.0,31
233.26646423339844,74.98714447021484,14.997428894042969,1000.0,0.0,0.0,-0.9333333333333333,0.0,-14.0,3.0,31
214.99456787109375,51.371986389160156,10.274397277832032,1000.0,0.0,0.0,-0.8666666666666667,0.0,-13.0,3.0,31
218.10231018066406,65.87710571289062,13.175421142578125,1000.0,0.0,0.0,-0.8,0.0,-12.0,3.0,31
231.08615112304688,82.93730163574219,16.587460327148438,1000.0,0.0,0.0,-0.7333333333333333,0.0,-11.0,3.0,31
183.94891357421875,17.731338500976562,3.5462677001953127,1000.0,0.0,0.0,-0.6666666666666666,0.0,-10.0,3.0,31
184.0117645263672,15.647238731384277,3.1294477462768553,1000.0,0.0,0.0,-0.6,0.0,-9.0,3.0,31
187.44712829589844,12.971622467041016,2.594324493408203,1000.0,0.0,0.0,-0.5333333333333333,0.0,-8.0,3.0,31
233.22427368164062,80.7994384765625,16.1598876953125,1000.0,0.0,0.0,-0.4666666666666667,0.0,-7.0,3.0,31
276.111328125,136.8804168701172,27.376083374023438,1000.0,0.0,0.0,-0.4,0.0,-6.0,3.0,31
321.5700378417969,144.6463165283203,28.929263305664062,1000.0,0.0,0.0,-0.3333333333333333,0.0,-5.0,3.0,31
306.1757507324219,125.38011932373047,25.076023864746094,1000.0,0.0,0.0,-0.26666666666666666,0.0,-4.0,3.0,31
434.9051818847656,233.99119567871094,46.798239135742186,1000.0,0.0,0.0,-0.2,0.0,-3.0,3.0,31
601.1940307617188,391.230224609375,78.246044921875,1000.0,0.0,0.0,-0.13333333333333333,0.0,-2.0,3.0,31
847.5972900390625,193.36550903320312,38.673101806640624,1000.0,0.0,0.0,-0.06666666666666667,0.0,-1.0,3.0,31
862.173583984375,160.69935607910156,32.139871215820314,1000.0,0.0,0.0,0.0,0.0,0.0,3.0,31
766.8661499023438,244.6076202392578,48.92152404785156,1000.0,0.0,0.0,0.06666666666666667,0.0,1.0,3.0,31
516.4431762695312,386.02227783203125,77.20445556640625,1000.0,0.0,0.0,0.13333333333333333,0.0,2.0,3.0,31
389.07244873046875,118.58865356445312,23.717730712890624,1000.0,0.0,0.0,0.2,0.0,3.0,3.0,31
556.7279052734375,106.20333862304688,21.240667724609374,1000.0,0.0,0.0,0.26666666666666666,0.0,4.0,3.0,31
370.81585693359375,110.0015640258789,22.00031280517578,1000.0,0.0,0.0,0.3333333333333333,0.0,5.0,3.0,31
297.0709533691406,97.94862365722656,19.589724731445312,1000.0,0.0,0.0,0.4,0.0,6.0,3.0,31
356.5743408203125,95.21293640136719,19.042587280273438,1000.0,0.0,0.0,0.4666666666666667,0.0,7.0,3.0,31
345.6833190917969,79.33222198486328,15.866444396972657,1000.0,0.0,0.0,0.5333333333333333,0.0,8.0,3.0,31
338.6761779785156,87.66075897216797,17.532151794433595,1000.0,0.0,0.0,0.6,0.0,9.0,3.0,31
312.3612060546875,75.67221069335938,15.134442138671876,1000.0,0.0,0.0,0.6666666666666666,0.0,10.0,3.0,31
307.3065490722656,75.84713745117188,15.169427490234375,1000.0,0.0,0.0,0.7333333333333333,0.0,11.0,3.0,31
267.9737854003906,82.22695922851562,16.445391845703124,1000.0,0.0,0.0,0.8,0.0,12.0,3.0,31
238.08212280273438,64.71404266357422,12.942808532714844,1000.0,0.0,0.0,0.8666666666666667,0.0,13.0,3.0,31
242.11573791503906,72.14139556884766,14.42827911376953,1000.0,0.0,0.0,0.9333333333333333,0.0,14.0,3.0,31
218.9652557373047,43.33588409423828,8.667176818847656,1000.0,0.0,0.0,1.0,0.0,15.0,3.0,31
228.85079956054688,74.9775619506836,14.995512390136719,1000.0,0.0,0.06666666666666667,-1.0,1.0,-15.0,3.0,31
208.8350067138672,53.29773712158203,10.659547424316406,1000.0,0.0,0.06666666666666667,-0.9333333333333333,1.0,-14.0,3.0,31
203.39901733398438,45.1683464050293,9.03366928100586,1000.0,0.0,0.06666666666666667,-0.8666666666666667,1.0,-13.0,3.0,31
201.7147979736328,49.70061111450195,9.94012222290039,1000.0,0.0,0.06666666666666667,-0.8,1.0,-12.0,3.0,31
198.58074951171875,38.920265197753906,7.784053039550781,1000.0,0.0,0.06666666666666667,-0.7333333333333333,1.0,-11.0,3.0,31
186.06202697753906,21.787330627441406,4.357466125488282,1000.0,0.0,0.06666666666666667,-0.6666666666666666,1.0,-10.0,3.0,31
186.47671508789062,16.182636260986328,3.2365272521972654,1000.0,0.0,0.06666666666666667,-0.6,1.0,-9.0,3.0,31
199.44073486328125,30.89756965637207,6.179513931274414,1000.0,0.0,0.06666666666666667,-0.5333333333333333,1.0,-8.0,3.0,31
235.68768310546875,72.29299926757812,14.458599853515626,1000.0,0.0,0.06666666666666667,-0.4666666666666667,1.0,-7.0,3.0,31
235.85873413085938,81.72078704833984,16.344157409667968,1000.0,0.0,0.06666666666666667,-0.4,1.0,-6.0,3.0,31
268.8734130859375,109.22686767578125,21.84537353515625,1000.0,0.0,0.06666666666666667,-0.3333333333333333,1.0,-5.0,3.0,31
290.3954772949219,90.96669006347656,18.193338012695314,1000.0,0.0,0.06666666666666667,-0.26666666666666666,1.0,-4.0,3.0,31
335.1545715332031,195.7601318359375,39.1520263671875,1000.0,0.0,0.06666666666666667,-0.2,1.0,-3.0,3.0,31
688.9691162109375,219.03402709960938,43.80680541992187,1000.0,0.0,0.06666666666666667,-0.13333333333333333,1.0,-2.0,3.0,31
808.1246948242188,224.91769409179688,44.98353881835938,1000.0,0.0,0.06666666666666667,-0.06666666666666667,1.0,-1.0,3.0,31
778.858642578125,245.88894653320312,49.177789306640626,1000.0,0.0,0.06666666666666667,0.0,1.0,0.0,3.0,31
746.4611206054688,246.8957977294922,49.37915954589844,1000.0,0.0,0.06666666666666667,0.06666666666666667,1.0,1.0,3.0,31
463.79229736328125,252.5510711669922,50.510214233398436,1000.0,0.0,0.06666666666666667,0.13333333333333333,1.0,2.0,3.0,31
206.94308471679688,43.49465560913086,8.698931121826172,1000.0,0.0,0.06666666666666667,0.2,1.0,3.0,3.0,31
454.6477355957031,109.5225601196289,21.904512023925783,1000.0,0.0,0.06666666666666667,0.26666666666666666,1.0,4.0,3.0,31
478.7569274902344,64.15166473388672,12.830332946777343,1000.0,0.0,0.06666666666666667,0.3333333333333333,1.0,5.0,3.0,31
474.1202087402344,45.3075065612793,9.06150131225586,1000.0,0.0,0.06666666666666667,0.4,1.0,6.0,3.0,31
394.62237548828125,119.63591766357422,23.927183532714842,1000.0,0.0,0.06666666666666667,0.4666666666666667,1.0,7.0,3.0,31
280.713623046875,87.94172668457031,17.588345336914063,1000.0,0.0,0.06666666666666667,0.5333333333333333,1.0,8.0,3.0,31
319.618896484375,75.9880599975586,15.197611999511718,1000.0,0.0,0.06666666666666667,0.6,1.0,9.0,3.0,31
303.5111999511719,85.26509857177734,17.053019714355468,1000.0,0.0,0.06666666666666667,0.6666666666666666,1.0,10.0,3.0,31
287.17218017578125,87.51129913330078,17.502259826660158,1000.0,0.0,0.06666666666666667,0.7333333333333333,1.0,11.0,3.0,31
296.0252685546875,88.84234619140625,17.76846923828125,1000.0,0.0,0.06666666666666667,0.8,1.0,12.0,3.0,31
248.685546875,69.97598266601562,13.995196533203124,1000.0,0.0,0.06666666666666667,0.8666666666666667,1.0,13.0,3.0,31
239.5041961669922,60.832542419433594,12.16650848388672,1000.0,0.0,0.06666666666666667,0.9333333333333333,1.0,14.0,3.0,31
221.41473388671875,34.55036163330078,6.910072326660156,1000.0,0.0,0.06666666666666667,1.0,1.0,15.0,3.0,31
196.60226440429688,40.72113037109375,8.14422607421875,1000.0,0.0,0.13333333333333333,-1.0,2.0,-15.0,3.0,31
205.30630493164062,41.44499206542969,8.288998413085938,1000.0,0.0,0.13333333333333333,-0.9333333333333333,2.0,-14.0,3.0,31
199.8939971923828,47.442047119140625,9.488409423828125,1000.0,0.0,0.13333333333333333,-0.8666666666666667,2.0,-13.0,3.0,31
198.6494598388672,35.31943893432617,7.0638877868652346,1000.0,0.0,0.13333333333333333,-0.8,2.0,-12.0,3.0,31
192.67031860351562,32.23865509033203,6.447731018066406,1000.0,0.0,0.13333333333333333,-0.7333333333333333,2.0,-11.0,3.0,31
189.45974731445312,23.41472816467285,4.682945632934571,1000.0,0.0,0.13333333333333333,-0.6666666666666666,2.0,-10.0,3.0,31
195.96595764160156,33.06186294555664,6.612372589111328,1000.0,0.0,0.13333333333333333,-0.6,2.0,-9.0,3.0,31
223.162109375,40.438838958740234,8.087767791748046,1000.0,0.0,0.13333333333333333,-0.5333333333333333,2.0,-8.0,3.0,31
250.0004119873047,70.53167724609375,14.10633544921875,1000.0,0.0,0.13333333333333333,-0.4666666666666667,2.0,-7.0,3.0,31
267.0482177734375,99.73807525634766,19.94761505126953,1000.0,0.0,0.13333333333333333,-0.4,2.0,-6.0,3.0,31
240.04541015625,76.13565826416016,15.227131652832032,1000.0,0.0,0.13333333333333333,-0.3333333333333333,2.0,-5.0,3.0,31
301.8157653808594,123.67792510986328,24.735585021972657,1000.0,0.0,0.13333333333333333,-0.26666666666666666,2.0,-4.0,3.0,31
368.99163818359375,180.49891662597656,36.09978332519531,1000.0,0.0,0.13333333333333333,-0.2,2.0,-3.0,3.0,31
686.387451171875,171.88742065429688,34.37748413085937,1000.0,0.0,0.13333333333333333,-0.13333333333333333,2.0,-2.0,3.0,31
676.16455078125,189.87986755371094,37.975973510742186,1000.0,0.0,0.13333333333333333,-0.06666666666666667,2.0,-1.0,3.0,31
724.0794677734375,207.32467651367188,41.464935302734375,1000.0,0.0,0.13333333333333333,0.0,2.0,0.0,3.0,31
732.657470703125,245.90602111816406,49.18120422363281,1000.0,0.0,0.13333333333333333,0.06666666666666667,2.0,1.0,3.0,31
481.52496337890625,246.09793090820312,49.21958618164062,1000.0,0.0,0.13333333333333333,0.13333333333333333,2.0,2.0,3.0,31
506.4609680175781,146.910400390625,29.382080078125,1000.0,0.0,0.13333333333333333,0.2,2.0,3.0,3.0,31
462.9374084472656,110.84230041503906,22.168460083007812,1000.0,0.0,0.13333333333333333,0.26666666666666666,2.0,4.0,3.0,31
446.37652587890625,88.43626403808594,17.687252807617188,1000.0,0.0,0.13333333333333333,0.3333333333333333,2.0,5.0,3.0,31
496.74102783203125,116.35311889648438,23.270623779296876,1000.0,0.0,0.13333333333333333,0.4,2.0,6.0,3.0,31
407.4288330078125,138.22402954101562,27.644805908203125,1000.0,0.0,0.13333333333333333,0.4666666666666667,2.0,7.0,3.0,31
340.4873046875,110.47622680664062,22.095245361328125,1000.0,0.0,0.13333333333333333,0.5333333333333333,2.0,8.0,3.0,31
330.6009521484375,105.07868957519531,21.01573791503906,1000.0,0.0,0.13333333333333333,0.6,2.0,9.0,3.0,31
328.4071960449219,101.71321868896484,20.34264373779297,1000.0,0.0,0.13333333333333333,0.6666666666666666,2.0,10.0,3.0,31
306.0683898925781,88.77519226074219,17.755038452148437,1000.0,0.0,0.13333333333333333,0.7333333333333333,2.0,11.0,3.0,31
292.5927734375,79.15929412841797,15.831858825683593,1000.0,0.0,0.13333333333333333,0.8,2.0,12.0,3.0,31
257.8946228027344,79.37065887451172,15.874131774902343,1000.0,0.0,0.13333333333333333,0.8666666666666667,2.0,13.0,3.0,31
248.40013122558594,69.32072448730469,13.864144897460937,1000.0,0.0,0.13333333333333333,0.9333333333333333,2.0,14.0,3.0,31
227.3106231689453,49.581878662109375,9.916375732421875,1000.0,0.0,0.13333333333333333,1.0,2.0,15.0,3.0,31
185.66407775878906,18.892656326293945,3.7785312652587892,1000.0,0.0,0.2,-1.0,3.0,-15.0,3.0,31
184.2039031982422,15.679975509643555,3.135995101928711,1000.0,0.0,0.2,-0.9333333333333333,3.0,-14.0,3.0,31
188.42654418945312,21.527639389038086,4.305527877807617,1000.0,0.0,0.2,-0.8666666666666667,3.0,-13.0,3.0,31
197.34170532226562,40.27431106567383,8.054862213134765,1000.0,0.0,0.2,-0.8,3.0,-12.0,3.0,31
184.13499450683594,20.522212982177734,4.104442596435547,1000.0,0.0,0.2,-0.7333333333333333,3.0,-11.0,3.0,31
190.27052307128906,22.010364532470703,4.402072906494141,1000.0,0.0,0.2,-0.6666666666666666,3.0,-10.0,3.0,31
239.58758544921875,44.11614990234375,8.82322998046875,1000.0,0.0,0.2,-0.6,3.0,-9.0,3.0,31
234.64590454101562,66.40479278564453,13.280958557128907,1000.0,0.0,0.2,-0.5333333333333333,3.0,-8.0,3.0,31
244.79319763183594,87.84152221679688,17.568304443359374,1000.0,0.0,0.2,-0.4666666666666667,3.0,-7.0,3.0,31
271.3115539550781,115.93179321289062,23.186358642578124,1000.0,0.0,0.2,-0.4,3.0,-6.0,3.0,31
249.48944091796875,107.43577575683594,21.487155151367187,1000.0,0.0,0.2,-0.3333333333333333,3.0,-5.0,3.0,31
281.6635437011719,69.93840789794922,13.987681579589843,1000.0,0.0,0.2,-0.26666666666666666,3.0,-4.0,3.0,31
346.49053955078125,183.42176818847656,36.68435363769531,1000.0,0.0,0.2,-0.2,3.0,-3.0,3.0,31
497.5566711425781,190.6883544921875,38.1376708984375,1000.0,0.0,0.2,-0.13333333333333333,3.0,-2.0,3.0,31
561.3582153320312,303.9620056152344,60.79240112304687,1000.0,0.0,0.2,-0.06666666666666667,3.0,-1.0,3.0,31
658.2550659179688,294.9006042480469,58.98012084960938,1000.0,0.0,0.2,0.0,3.0,0.0,3.0,31
575.6730346679688,320.279052734375,64.055810546875,1000.0,0.0,0.2,0.06666666666666667,3.0,1.0,3.0,31
497.2275390625,241.7065887451172,48.34131774902344,1000.0,0.0,0.2,0.13333333333333333,3.0,2.0,3.0,31
525.7699584960938,136.74632263183594,27.349264526367186,1000.0,0.0,0.2,0.2,3.0,3.0,3.0,31
491.72015380859375,124.46012878417969,24.892025756835938,1000.0,0.0,0.2,0.26666666666666666,3.0,4.0,3.0,31
447.08148193359375,157.28768920898438,31.457537841796874,1000.0,0.0,0.2,0.3333333333333333,3.0,5.0,3.0,31
491.7879333496094,179.72561645507812,35.945123291015626,1000.0,0.0,0.2,0.4,3.0,6.0,3.0,31
436.8710021972656,181.05072021484375,36.21014404296875,1000.0,0.0,0.2,0.4666666666666667,3.0,7.0,3.0,31
375.7572326660156,108.19355010986328,21.638710021972656,1000.0,0.0,0.2,0.5333333333333333,3.0,8.0,3.0,31
347.4566345214844,111.4625015258789,22.292500305175782,1000.0,0.0,0.2,0.6,3.0,9.0,3.0,31
310.8889465332031,84.61732482910156,16.923464965820312,1000.0,0.0,0.2,0.6666666666666666,3.0,10.0,3.0,31
323.79559326171875,88.66221618652344,17.732443237304686,1000.0,0.0,0.2,0.7333333333333333,3.0,11.0,3.0,31
328.4676208496094,88.44498443603516,17.688996887207033,1000.0,0.0,0.2,0.8,3.0,12.0,3.0,31
313.6890563964844,82.31047821044922,16.462095642089842,1000.0,0.0,0.2,0.8666666666666667,3.0,13.0,3.0,31
269.24285888671875,75.9261245727539,15.185224914550782,1000.0,0.0,0.2,0.9333333333333333,3.0,14.0,3.0,31
224.02879333496094,54.4047966003418,10.88095932006836,1000.0,0.0,0.2,1.0,3.0,15.0,3.0,31
181.57720947265625,17.066905975341797,3.4133811950683595,1000.0,0.0,0.26666666666666666,-1.0,4.0,-15.0,3.0,31
178.0636749267578,9.704289436340332,1.9408578872680664,1000.0,0.0,0.26666666666666666,-0.9333333333333333,4.0,-14.0,3.0,31
178.4496612548828,12.879571914672852,2.5759143829345703,1000.0,0.0,0.26666666666666666,-0.8666666666666667,4.0,-13.0,3.0,31
194.6926727294922,25.63970947265625,5.12794189453125,1000.0,0.0,0.26666666666666666,-0.8,4.0,-12.0,3.0,31
183.83560180664062,14.334601402282715,2.866920280456543,1000.0,0.0,0.26666666666666666,-0.7333333333333333,4.0,-11.0,3.0,31
198.04185485839844,23.40846824645996,4.681693649291992,1000.0,0.0,0.26666666666666666,-0.6666666666666666,4.0,-10.0,3.0,31
233.07781982421875,45.93555450439453,9.187110900878906,1000.0,0.0,0.26666666666666666,-0.6,4.0,-9.0,3.0,31
225.7122802734375,43.872474670410156,8.774494934082032,1000.0,0.0,0.26666666666666666,-0.5333333333333333,4.0,-8.0,3.0,31
228.2785186767578,51.10454177856445,10.22090835571289,1000.0,0.0,0.26666666666666666,-0.4666666666666667,4.0,-7.0,3.0,31
213.59152221679688,38.08024978637695,7.616049957275391,1000.0,0.0,0.26666666666666666,-0.4,4.0,-6.0,3.0,31
227.34864807128906,45.770111083984375,9.154022216796875,1000.0,0.0,0.26666666666666666,-0.3333333333333333,4.0,-5.0,3.0,31
259.4550476074219,71.52345275878906,14.304690551757812,1000.0,0.0,0.26666666666666666,-0.26666666666666666,4.0,-4.0,3.0,31
311.5589904785156,106.83392333984375,21.36678466796875,1000.0,0.0,0.26666666666666666,-0.2,4.0,-3.0,3.0,31
390.8432922363281,133.93603515625,26.78720703125,1000.0,0.0,0.26666666666666666,-0.13333333333333333,4.0,-2.0,3.0,31
511.7880859375,176.4816131591797,35.296322631835935,1000.0,0.0,0.26666666666666666,-0.06666666666666667,4.0,-1.0,3.0,31
584.4252319335938,284.49676513671875,56.89935302734375,1000.0,0.0,0.26666666666666666,0.0,4.0,0.0,3.0,31
540.844970703125,275.06365966796875,55.01273193359375,1000.0,0.0,0.26666666666666666,0.06666666666666667,4.0,1.0,3.0,31
572.490966796875,238.2881622314453,47.657632446289064,1000.0,0.0,0.26666666666666666,0.13333333333333333,4.0,2.0,3.0,31
521.7637329101562,155.81826782226562,31.163653564453124,1000.0,0.0,0.26666666666666666,0.2,4.0,3.0,3.0,31
382.6406555175781,180.6702423095703,36.13404846191406,1000.0,0.0,0.26666666666666666,0.26666666666666666,4.0,4.0,3.0,31
359.6358642578125,182.16531372070312,36.43306274414063,1000.0,0.0,0.26666666666666666,0.3333333333333333,4.0,5.0,3.0,31
503.1778259277344,130.42608642578125,26.08521728515625,1000.0,0.0,0.26666666666666666,0.4,4.0,6.0,3.0,31
508.4794921875,121.80413055419922,24.360826110839845,1000.0,0.0,0.26666666666666666,0.4666666666666667,4.0,7.0,3.0,31
416.58624267578125,162.78089904785156,32.55617980957031,1000.0,0.0,0.26666666666666666,0.5333333333333333,4.0,8.0,3.0,31
334.0704650878906,110.62468719482422,22.124937438964842,1000.0,0.0,0.26666666666666666,0.6,4.0,9.0,3.0,31
283.8657531738281,97.58903503417969,19.517807006835938,1000.0,0.0,0.26666666666666666,0.6666666666666666,4.0,10.0,3.0,31
279.3351135253906,70.84305572509766,14.168611145019531,1000.0,0.0,0.26666666666666666,0.7333333333333333,4.0,11.0,3.0,31
275.5149230957031,77.73590850830078,15.547181701660156,1000.0,0.0,0.26666666666666666,0.8,4.0,12.0,3.0,31
319.16729736328125,69.47936248779297,13.895872497558594,1000.0,0.0,0.26666666666666666,0.8666666666666667,4.0,13.0,3.0,31
289.2261657714844,79.89350891113281,15.978701782226562,1000.0,0.0,0.26666666666666666,0.9333333333333333,4.0,14.0,3.0,31
265.4427490234375,70.72297668457031,14.144595336914062,1000.0,0.0,0.26666666666666666,1.0,4.0,15.0,3.0,31
188.57501220703125,25.14970588684082,5.029941177368164,1000.0,0.0,0.3333333333333333,-1.0,5.0,-15.0,3.0,31
188.96192932128906,20.932706832885742,4.186541366577148,1000.0,0.0,0.3333333333333333,-0.9333333333333333,5.0,-14.0,3.0,31
184.24725341796875,13.652047157287598,2.7304094314575194,1000.0,0.0,0.3333333333333333,-0.8666666666666667,5.0,-13.0,3.0,31
187.82388305664062,18.71719741821289,3.743439483642578,1000.0,0.0,0.3333333333333333,-0.8,5.0,-12.0,3.0,31
186.42877197265625,15.917134284973145,3.183426856994629,1000.0,0.0,0.3333333333333333,-0.7333333333333333,5.0,-11.0,3.0,31
227.58419799804688,37.15829849243164,7.431659698486328,1000.0,0.0,0.3333333333333333,-0.6666666666666666,5.0,-10.0,3.0,31
220.34864807128906,38.325645446777344,7.665129089355469,1000.0,0.0,0.3333333333333333,-0.6,5.0,-9.0,3.0,31
213.97976684570312,32.26596450805664,6.453192901611328,1000.0,0.0,0.3333333333333333,-0.5333333333333333,5.0,-8.0,3.0,31
219.93182373046875,41.30995178222656,8.261990356445313,1000.0,0.0,0.3333333333333333,-0.4666666666666667,5.0,-7.0,3.0,31
214.7614288330078,48.127723693847656,9.62554473876953,1000.0,0.0,0.3333333333333333,-0.4,5.0,-6.0,3.0,31
203.4088897705078,32.45502471923828,6.491004943847656,1000.0,0.0,0.3333333333333333,-0.3333333333333333,5.0,-5.0,3.0,31
255.5844268798828,59.74757385253906,11.949514770507813,1000.0,0.0,0.3333333333333333,-0.26666666666666666,5.0,-4.0,3.0,31
323.16705322265625,132.39242553710938,26.478485107421875,1000.0,0.0,0.3333333333333333,-0.2,5.0,-3.0,3.0,31
373.0658264160156,93.62581634521484,18.72516326904297,1000.0,0.0,0.3333333333333333,-0.13333333333333333,5.0,-2.0,3.0,31
496.61968994140625,146.7352294921875,29.3470458984375,1000.0,0.0,0.3333333333333333,-0.06666666666666667,5.0,-1.0,3.0,31
573.747802734375,153.17942810058594,30.635885620117186,1000.0,0.0,0.3333333333333333,0.0,5.0,0.0,3.0,31
504.7588195800781,175.1221160888672,35.02442321777344,1000.0,0.0,0.3333333333333333,0.06666666666666667,5.0,1.0,3.0,31
505.1657409667969,158.9161376953125,31.7832275390625,1000.0,0.0,0.3333333333333333,0.13333333333333333,5.0,2.0,3.0,31
531.705078125,163.171875,32.634375,1000.0,0.0,0.3333333333333333,0.2,5.0,3.0,3.0,31
475.7533264160156,126.3495864868164,25.269917297363282,1000.0,0.0,0.3333333333333333,0.26666666666666666,5.0,4.0,3.0,31
467.6011657714844,115.7160415649414,23.143208312988282,1000.0,0.0,0.3333333333333333,0.3333333333333333,5.0,5.0,3.0,31
436.3564453125,136.5135498046875,27.3027099609375,1000.0,0.0,0.3333333333333333,0.4,5.0,6.0,3.0,31
524.5894775390625,73.76593780517578,14.753187561035157,1000.0,0.0,0.3333333333333333,0.4666666666666667,5.0,7.0,3.0,31
477.735595703125,126.75086212158203,25.350172424316405,1000.0,0.0,0.3333333333333333,0.5333333333333333,5.0,8.0,3.0,31
409.80804443359375,150.88453674316406,30.176907348632813,1000.0,0.0,0.3333333333333333,0.6,5.0,9.0,3.0,31
344.2430114746094,128.2494354248047,25.649887084960938,1000.0,0.0,0.3333333333333333,0.6666666666666666,5.0,10.0,3.0,31
289.4685363769531,98.97003936767578,19.794007873535158,1000.0,0.0,0.3333333333333333,0.7333333333333333,5.0,11.0,3.0,31
266.1937255859375,61.94902801513672,12.389805603027344,1000.0,0.0,0.3333333333333333,0.8,5.0,12.0,3.0,31
274.6008605957031,86.95156860351562,17.390313720703126,1000.0,0.0,0.3333333333333333,0.8666666666666667,5.0,13.0,3.0,31
311.2745361328125,93.02083587646484,18.604167175292968,1000.0,0.0,0.3333333333333333,0.9333333333333333,5.0,14.0,3.0,31
307.3374938964844,78.27801513671875,15.65560302734375,1000.0,0.0,0.3333333333333333,1.0,5.0,15.0,3.0,31
181.82484436035156,14.823434829711914,2.964686965942383,1000.0,0.0,0.4,-1.0,6.0,-15.0,3.0,31
184.73255920410156,21.13714599609375,4.22742919921875,1000.0,0.0,0.4,-0.9333333333333333,6.0,-14.0,3.0,31
185.38795471191406,17.712831497192383,3.5425662994384766,1000.0,0.0,0.4,-0.8666666666666667,6.0,-13.0,3.0,31
187.34585571289062,18.501771926879883,3.7003543853759764,1000.0,0.0,0.4,-0.8,6.0,-12.0,3.0,31
237.02783203125,35.746891021728516,7.1493782043457035,1000.0,0.0,0.4,-0.7333333333333333,6.0,-11.0,3.0,31
222.9871063232422,38.99982833862305,7.799965667724609,1000.0,0.0,0.4,-0.6666666666666666,6.0,-10.0,3.0,31
240.24147033691406,44.94338607788086,8.988677215576171,1000.0,0.0,0.4,-0.6,6.0,-9.0,3.0,31
209.8597412109375,31.78777503967285,6.35755500793457,1000.0,0.0,0.4,-0.5333333333333333,6.0,-8.0,3.0,31
204.8340301513672,33.564693450927734,6.712938690185547,1000.0,0.0,0.4,-0.4666666666666667,6.0,-7.0,3.0,31
212.26766967773438,30.41039276123047,6.082078552246093,1000.0,0.0,0.4,-0.4,6.0,-6.0,3.0,31
247.2996826171875,64.62651824951172,12.925303649902343,1000.0,0.0,0.4,-0.3333333333333333,6.0,-5.0,3.0,31
233.14195251464844,43.51877212524414,8.703754425048828,1000.0,0.0,0.4,-0.26666666666666666,6.0,-4.0,3.0,31
251.80148315429688,50.42131423950195,10.08426284790039,1000.0,0.0,0.4,-0.2,6.0,-3.0,3.0,31
291.1641540527344,90.34232330322266,18.06846466064453,1000.0,0.0,0.4,-0.13333333333333333,6.0,-2.0,3.0,31
491.8804626464844,103.59309387207031,20.71861877441406,1000.0,0.0,0.4,-0.06666666666666667,6.0,-1.0,3.0,31
482.49664306640625,125.93577575683594,25.187155151367186,1000.0,0.0,0.4,0.0,6.0,0.0,3.0,31
438.4784240722656,126.21607971191406,25.24321594238281,1000.0,0.0,0.4,0.06666666666666667,6.0,1.0,3.0,31
482.60198974609375,122.89328002929688,24.578656005859376,1000.0,0.0,0.4,0.13333333333333333,6.0,2.0,3.0,31
450.4029235839844,121.1971206665039,24.23942413330078,1000.0,0.0,0.4,0.2,6.0,3.0,3.0,31
515.9298706054688,59.79862594604492,11.959725189208985,1000.0,0.0,0.4,0.26666666666666666,6.0,4.0,3.0,31
492.90411376953125,68.56358337402344,13.712716674804687,1000.0,0.0,0.4,0.3333333333333333,6.0,5.0,3.0,31
473.96649169921875,104.33779907226562,20.867559814453124,1000.0,0.0,0.4,0.4,6.0,6.0,3.0,31
469.7356262207031,108.37395477294922,21.674790954589845,1000.0,0.0,0.4,0.4666666666666667,6.0,7.0,3.0,31
475.5274353027344,80.1299819946289,16.02599639892578,1000.0,0.0,0.4,0.5333333333333333,6.0,8.0,3.0,31
440.07000732421875,124.11788177490234,24.823576354980467,1000.0,0.0,0.4,0.6,6.0,9.0,3.0,31
398.6329650878906,131.66285705566406,26.33257141113281,1000.0,0.0,0.4,0.6666666666666666,6.0,10.0,3.0,31
417.7718505859375,124.92581939697266,24.98516387939453,1000.0,0.0,0.4,0.7333333333333333,6.0,11.0,3.0,31
391.0781555175781,106.8246078491211,21.36492156982422,1000.0,0.0,0.4,0.8,6.0,12.0,3.0,31
386.14520263671875,83.15260314941406,16.630520629882813,1000.0,0.0,0.4,0.8666666666666667,6.0,13.0,3.0,31
336.5929260253906,81.50444030761719,16.300888061523438,1000.0,0.0,0.4,0.9333333333333333,6.0,14.0,3.0,31
319.24871826171875,90.68717956542969,18.137435913085938,1000.0,0.0,0.4,1.0,6.0,15.0,3.0,31
189.43138122558594,25.76209831237793,5.152419662475586,1000.0,0.0,0.4666666666666667,-1.0,7.0,-15.0,3.0,31
188.2147979736328,19.81099510192871,3.962199020385742,1000.0,0.0,0.4666666666666667,-0.9333333333333333,7.0,-14.0,3.0,31
192.33106994628906,26.88821792602539,5.377643585205078,1000.0,0.0,0.4666666666666667,-0.8666666666666667,7.0,-13.0,3.0,31
214.77642822265625,44.055328369140625,8.811065673828125,1000.0,0.0,0.4666666666666667,-0.8,7.0,-12.0,3.0,31
251.40411376953125,46.25567626953125,9.25113525390625,1000.0,0.0,0.4666666666666667,-0.7333333333333333,7.0,-11.0,3.0,31
252.83282470703125,43.08921432495117,8.617842864990234,1000.0,0.0,0.4666666666666667,-0.6666666666666666,7.0,-10.0,3.0,31
220.6344757080078,46.045936584472656,9.209187316894532,1000.0,0.0,0.4666666666666667,-0.6,7.0,-9.0,3.0,31
199.71102905273438,24.085567474365234,4.8171134948730465,1000.0,0.0,0.4666666666666667,-0.5333333333333333,7.0,-8.0,3.0,31
214.91253662109375,34.99957275390625,6.99991455078125,1000.0,0.0,0.4666666666666667,-0.4666666666666667,7.0,-7.0,3.0,31
220.3129119873047,43.67913818359375,8.73582763671875,1000.0,0.0,0.4666666666666667,-0.4,7.0,-6.0,3.0,31
224.11953735351562,42.789581298828125,8.557916259765625,1000.0,0.0,0.4666666666666667,-0.3333333333333333,7.0,-5.0,3.0,31
217.92799377441406,51.18231964111328,10.236463928222657,1000.0,0.0,0.4666666666666667,-0.26666666666666666,7.0,-4.0,3.0,31
223.92059326171875,37.65659713745117,7.531319427490234,1000.0,0.0,0.4666666666666667,-0.2,7.0,-3.0,3.0,31
306.1863098144531,86.96998596191406,17.393997192382812,1000.0,0.0,0.4666666666666667,-0.13333333333333333,7.0,-2.0,3.0,31
425.1209716796875,110.27706146240234,22.05541229248047,1000.0,0.0,0.4666666666666667,-0.06666666666666667,7.0,-1.0,3.0,31
427.0292053222656,117.08462524414062,23.416925048828126,1000.0,0.0,0.4666666666666667,0.0,7.0,0.0,3.0,31
455.4859313964844,115.09475708007812,23.018951416015625,1000.0,0.0,0.4666666666666667,0.06666666666666667,7.0,1.0,3.0,31
454.4534912109375,123.23310089111328,24.646620178222655,1000.0,0.0,0.4666666666666667,0.13333333333333333,7.0,2.0,3.0,31
460.3521423339844,110.85694122314453,22.171388244628908,1000.0,0.0,0.4666666666666667,0.2,7.0,3.0,3.0,31
450.835693359375,93.12254333496094,18.624508666992188,1000.0,0.0,0.4666666666666667,0.26666666666666666,7.0,4.0,3.0,31
476.722900390625,52.960201263427734,10.592040252685546,1000.0,0.0,0.4666666666666667,0.3333333333333333,7.0,5.0,3.0,31
461.06024169921875,66.15770721435547,13.231541442871094,1000.0,0.0,0.4666666666666667,0.4,7.0,6.0,3.0,31
489.5308532714844,66.08189392089844,13.216378784179687,1000.0,0.0,0.4666666666666667,0.4666666666666667,7.0,7.0,3.0,31
487.76226806640625,85.81336975097656,17.162673950195312,1000.0,0.0,0.4666666666666667,0.5333333333333333,7.0,8.0,3.0,31
471.32891845703125,79.8040771484375,15.9608154296875,1000.0,0.0,0.4666666666666667,0.6,7.0,9.0,3.0,31
476.7674865722656,92.70309448242188,18.540618896484375,1000.0,0.0,0.4666666666666667,0.6666666666666666,7.0,10.0,3.0,31
463.21649169921875,99.95219421386719,19.990438842773436,1000.0,0.0,0.4666666666666667,0.7333333333333333,7.0,11.0,3.0,31
418.0542907714844,108.36766815185547,21.673533630371093,1000.0,0.0,0.4666666666666667,0.8,7.0,12.0,3.0,31
442.41253662109375,114.10389709472656,22.820779418945314,1000.0,0.0,0.4666666666666667,0.8666666666666667,7.0,13.0,3.0,31
401.9311218261719,111.87177276611328,22.374354553222656,1000.0,0.0,0.4666666666666667,0.9333333333333333,7.0,14.0,3.0,31
399.8946838378906,74.90229797363281,14.980459594726563,1000.0,0.0,0.4666666666666667,1.0,7.0,15.0,3.0,31
195.6802978515625,22.644752502441406,4.528950500488281,1000.0,0.0,0.5333333333333333,-1.0,8.0,-15.0,3.0,31
207.77020263671875,32.01148223876953,6.402296447753907,1000.0,0.0,0.5333333333333333,-0.9333333333333333,8.0,-14.0,3.0,31
244.94898986816406,51.10397720336914,10.220795440673829,1000.0,0.0,0.5333333333333333,-0.8666666666666667,8.0,-13.0,3.0,31
263.5208740234375,59.161285400390625,11.832257080078126,1000.0,0.0,0.5333333333333333,-0.8,8.0,-12.0,3.0,31
304.84197998046875,47.70778274536133,9.541556549072265,1000.0,0.0,0.5333333333333333,-0.7333333333333333,8.0,-11.0,3.0,31
274.99090576171875,55.02349853515625,11.00469970703125,1000.0,0.0,0.5333333333333333,-0.6666666666666666,8.0,-10.0,3.0,31
225.9525909423828,36.15098190307617,7.230196380615235,1000.0,0.0,0.5333333333333333,-0.6,8.0,-9.0,3.0,31
219.05076599121094,30.651140213012695,6.130228042602539,1000.0,0.0,0.5333333333333333,-0.5333333333333333,8.0,-8.0,3.0,31
230.1664581298828,53.992088317871094,10.798417663574218,1000.0,0.0,0.5333333333333333,-0.4666666666666667,8.0,-7.0,3.0,31
208.66651916503906,33.83464050292969,6.766928100585938,1000.0,0.0,0.5333333333333333,-0.4,8.0,-6.0,3.0,31
219.11114501953125,42.25346755981445,8.450693511962891,1000.0,0.0,0.5333333333333333,-0.3333333333333333,8.0,-5.0,3.0,31
220.78587341308594,40.553314208984375,8.110662841796875,1000.0,0.0,0.5333333333333333,-0.26666666666666666,8.0,-4.0,3.0,31
224.6641845703125,42.682987213134766,8.536597442626952,1000.0,0.0,0.5333333333333333,-0.2,8.0,-3.0,3.0,31
270.063720703125,70.85488891601562,14.170977783203124,1000.0,0.0,0.5333333333333333,-0.13333333333333333,8.0,-2.0,3.0,31
392.6837463378906,77.3936996459961,15.478739929199218,1000.0,0.0,0.5333333333333333,-0.06666666666666667,8.0,-1.0,3.0,31
410.0514831542969,118.93468475341797,23.786936950683593,1000.0,0.0,0.5333333333333333,0.0,8.0,0.0,3.0,31
419.9853210449219,123.04476928710938,24.608953857421874,1000.0,0.0,0.5333333333333333,0.06666666666666667,8.0,1.0,3.0,31
458.9706726074219,85.38209533691406,17.076419067382812,1000.0,0.0,0.5333333333333333,0.13333333333333333,8.0,2.0,3.0,31
452.60089111328125,80.47700500488281,16.095401000976562,1000.0,0.0,0.5333333333333333,0.2,8.0,3.0,3.0,31
449.79632568359375,71.70535278320312,14.341070556640625,1000.0,0.0,0.5333333333333333,0.26666666666666666,8.0,4.0,3.0,31
423.06195068359375,79.13372802734375,15.82674560546875,1000.0,0.0,0.5333333333333333,0.3333333333333333,8.0,5.0,3.0,31
476.98321533203125,76.72066497802734,15.344132995605468,1000.0,0.0,0.5333333333333333,0.4,8.0,6.0,3.0,31
510.942138671875,53.29045104980469,10.658090209960937,1000.0,0.0,0.5333333333333333,0.4666666666666667,8.0,7.0,3.0,31
486.3311462402344,55.184349060058594,11.03686981201172,1000.0,0.0,0.5333333333333333,0.5333333333333333,8.0,8.0,3.0,31
473.1361389160156,39.44852828979492,7.889705657958984,1000.0,0.0,0.5333333333333333,0.6,8.0,9.0,3.0,31
458.26092529296875,106.07664489746094,21.215328979492188,1000.0,0.0,0.5333333333333333,0.6666666666666666,8.0,10.0,3.0,31
469.27691650390625,105.0787124633789,21.01574249267578,1000.0,0.0,0.5333333333333333,0.7333333333333333,8.0,11.0,3.0,31
465.6092834472656,109.95068359375,21.99013671875,1000.0,0.0,0.5333333333333333,0.8,8.0,12.0,3.0,31
417.475341796875,131.15907287597656,26.231814575195312,1000.0,0.0,0.5333333333333333,0.8666666666666667,8.0,13.0,3.0,31
431.9322204589844,107.452880859375,21.490576171875,1000.0,0.0,0.5333333333333333,0.9333333333333333,8.0,14.0,3.0,31
446.0919189453125,83.92715454101562,16.785430908203125,1000.0,0.0,0.5333333333333333,1.0,8.0,15.0,3.0,31
222.4961395263672,38.09855651855469,7.619711303710938,1000.0,0.0,0.6,-1.0,9.0,-15.0,3.0,31
276.8245544433594,49.9403190612793,9.98806381225586,1000.0,0.0,0.6,-0.9333333333333333,9.0,-14.0,3.0,31
252.44427490234375,53.17484664916992,10.634969329833984,1000.0,0.0,0.6,-0.8666666666666667,9.0,-13.0,3.0,31
290.24505615234375,50.885276794433594,10.177055358886719,1000.0,0.0,0.6,-0.8,9.0,-12.0,3.0,31
260.3649597167969,47.699649810791016,9.539929962158203,1000.0,0.0,0.6,-0.7333333333333333,9.0,-11.0,3.0,31
247.13279724121094,42.18112564086914,8.436225128173827,1000.0,0.0,0.6,-0.6666666666666666,9.0,-10.0,3.0,31
245.4398956298828,51.220462799072266,10.244092559814453,1000.0,0.0,0.6,-0.6,9.0,-9.0,3.0,31
225.91241455078125,28.65938377380371,5.7318767547607425,1000.0,0.0,0.6,-0.5333333333333333,9.0,-8.0,3.0,31
213.60507202148438,34.52935791015625,6.90587158203125,1000.0,0.0,0.6,-0.4666666666666667,9.0,-7.0,3.0,31
206.32493591308594,31.71509552001953,6.343019104003906,1000.0,0.0,0.6,-0.4,9.0,-6.0,3.0,31
225.74923706054688,43.364906311035156,8.672981262207031,1000.0,0.0,0.6,-0.3333333333333333,9.0,-5.0,3.0,31
221.64447021484375,44.66210174560547,8.932420349121093,1000.0,0.0,0.6,-0.26666666666666666,9.0,-4.0,3.0,31
226.39222717285156,53.039894104003906,10.607978820800781,1000.0,0.0,0.6,-0.2,9.0,-3.0,3.0,31
327.9389953613281,70.07576751708984,14.015153503417968,1000.0,0.0,0.6,-0.13333333333333333,9.0,-2.0,3.0,31
355.9133605957031,85.35121154785156,17.07024230957031,1000.0,0.0,0.6,-0.06666666666666667,9.0,-1.0,3.0,31
401.9737854003906,80.31361389160156,16.062722778320314,1000.0,0.0,0.6,0.0,9.0,0.0,3.0,31
457.5675048828125,74.09342193603516,14.818684387207032,1000.0,0.0,0.6,0.06666666666666667,9.0,1.0,3.0,31
448.51190185546875,96.96732330322266,19.393464660644533,1000.0,0.0,0.6,0.13333333333333333,9.0,2.0,3.0,31
458.7637939453125,104.8761215209961,20.97522430419922,1000.0,0.0,0.6,0.2,9.0,3.0,3.0,31
421.4667053222656,102.55394744873047,20.510789489746095,1000.0,0.0,0.6,0.26666666666666666,9.0,4.0,3.0,31
417.2374267578125,111.83775329589844,22.367550659179688,1000.0,0.0,0.6,0.3333333333333333,9.0,5.0,3.0,31
454.6549987792969,92.84107971191406,18.568215942382814,1000.0,0.0,0.6,0.4,9.0,6.0,3.0,31
432.6661376953125,84.92272186279297,16.984544372558595,1000.0,0.0,0.6,0.4666666666666667,9.0,7.0,3.0,31
473.3656311035156,55.5996208190918,11.119924163818359,1000.0,0.0,0.6,0.5333333333333333,9.0,8.0,3.0,31
434.0216064453125,92.74552917480469,18.549105834960937,1000.0,0.0,0.6,0.6,9.0,9.0,3.0,31
478.9780578613281,68.86885833740234,13.773771667480469,1000.0,0.0,0.6,0.6666666666666666,9.0,10.0,3.0,31
444.6815490722656,74.52967071533203,14.905934143066407,1000.0,0.0,0.6,0.7333333333333333,9.0,11.0,3.0,31
467.2933349609375,67.3411865234375,13.4682373046875,1000.0,0.0,0.6,0.8,9.0,12.0,3.0,31
460.47479248046875,100.0802001953125,20.0160400390625,1000.0,0.0,0.6,0.8666666666666667,9.0,13.0,3.0,31
433.4911193847656,122.74716186523438,24.549432373046876,1000.0,0.0,0.6,0.9333333333333333,9.0,14.0,3.0,31
406.5950927734375,95.9056625366211,19.181132507324218,1000.0,0.0,0.6,1.0,9.0,15.0,3.0,31
259.83221435546875,62.87272262573242,12.574544525146484,1000.0,0.0,0.6666666666666666,-1.0,10.0,-15.0,3.0,31
286.1287841796875,65.89616394042969,13.179232788085937,1000.0,0.0,0.6666666666666666,-0.9333333333333333,10.0,-14.0,3.0,31
292.5761413574219,53.31534194946289,10.663068389892578,1000.0,0.0,0.6666666666666666,-0.8666666666666667,10.0,-13.0,3.0,31
297.2819519042969,43.298919677734375,8.659783935546875,1000.0,0.0,0.6666666666666666,-0.8,10.0,-12.0,3.0,31
269.657470703125,61.44660949707031,12.289321899414062,1000.0,0.0,0.6666666666666666,-0.7333333333333333,10.0,-11.0,3.0,31
236.0946502685547,43.44565200805664,8.689130401611328,1000.0,0.0,0.6666666666666666,-0.6666666666666666,10.0,-10.0,3.0,31
238.25828552246094,42.17515182495117,8.435030364990235,1000.0,0.0,0.6666666666666666,-0.6,10.0,-9.0,3.0,31
243.29669189453125,35.78363037109375,7.15672607421875,1000.0,0.0,0.6666666666666666,-0.5333333333333333,10.0,-8.0,3.0,31
229.86277770996094,41.72731399536133,8.345462799072266,1000.0,0.0,0.6666666666666666,-0.4666666666666667,10.0,-7.0,3.0,31
220.35693359375,45.124305725097656,9.024861145019532,1000.0,0.0,0.6666666666666666,-0.4,10.0,-6.0,3.0,31
225.06312561035156,46.90239715576172,9.380479431152343,1000.0,0.0,0.6666666666666666,-0.3333333333333333,10.0,-5.0,3.0,31
235.64364624023438,46.02210235595703,9.204420471191407,1000.0,0.0,0.6666666666666666,-0.26666666666666666,10.0,-4.0,3.0,31
249.83648681640625,62.084259033203125,12.416851806640626,1000.0,0.0,0.6666666666666666,-0.2,10.0,-3.0,3.0,31
336.09405517578125,66.42633056640625,13.28526611328125,1000.0,0.0,0.6666666666666666,-0.13333333333333333,10.0,-2.0,3.0,31
373.4476623535156,78.3386459350586,15.66772918701172,1000.0,0.0,0.6666666666666666,-0.06666666666666667,10.0,-1.0,3.0,31
409.08203125,65.0679931640625,13.0135986328125,1000.0,0.0,0.6666666666666666,0.0,10.0,0.0,3.0,31
437.3382873535156,72.21021270751953,14.442042541503906,1000.0,0.0,0.6666666666666666,0.06666666666666667,10.0,1.0,3.0,31
471.7382507324219,89.78851318359375,17.95770263671875,1000.0,0.0,0.6666666666666666,0.13333333333333333,10.0,2.0,3.0,31
406.6910095214844,120.62201690673828,24.124403381347655,1000.0,0.0,0.6666666666666666,0.2,10.0,3.0,3.0,31
370.9267578125,114.458984375,22.891796875,1000.0,0.0,0.6666666666666666,0.26666666666666666,10.0,4.0,3.0,31
410.0760803222656,96.95804595947266,19.39160919189453,1000.0,0.0,0.6666666666666666,0.3333333333333333,10.0,5.0,3.0,31
426.1728515625,96.26936340332031,19.253872680664063,1000.0,0.0,0.6666666666666666,0.4,10.0,6.0,3.0,31
422.61932373046875,116.36856079101562,23.273712158203125,1000.0,0.0,0.6666666666666666,0.4666666666666667,10.0,7.0,3.0,31
465.162109375,93.45668029785156,18.69133605957031,1000.0,0.0,0.6666666666666666,0.5333333333333333,10.0,8.0,3.0,31
454.1672668457031,71.3296127319336,14.265922546386719,1000.0,0.0,0.6666666666666666,0.6,10.0,9.0,3.0,31
440.34527587890625,113.06507873535156,22.613015747070314,1000.0,0.0,0.6666666666666666,0.6666666666666666,10.0,10.0,3.0,31
442.8927001953125,77.36723327636719,15.473446655273438,1000.0,0.0,0.6666666666666666,0.7333333333333333,10.0,11.0,3.0,31
445.9744567871094,72.4474868774414,14.48949737548828,1000.0,0.0,0.6666666666666666,0.8,10.0,12.0,3.0,31
435.9976501464844,99.16293334960938,19.832586669921874,1000.0,0.0,0.6666666666666666,0.8666666666666667,10.0,13.0,3.0,31
449.5420837402344,80.07327270507812,16.014654541015624,1000.0,0.0,0.6666666666666666,0.9333333333333333,10.0,14.0,3.0,31
395.02032470703125,118.6691665649414,23.73383331298828,1000.0,0.0,0.6666666666666666,1.0,10.0,15.0,3.0,31
282.2642517089844,72.5328140258789,14.506562805175781,1000.0,0.0,0.7333333333333333,-1.0,11.0,-15.0,3.0,31
300.8540954589844,69.14523315429688,13.829046630859375,1000.0,0.0,0.7333333333333333,-0.9333333333333333,11.0,-14.0,3.0,31
281.3924255371094,53.11967849731445,10.62393569946289,1000.0,0.0,0.7333333333333333,-0.8666666666666667,11.0,-13.0,3.0,31
293.3597717285156,57.347991943359375,11.469598388671875,1000.0,0.0,0.7333333333333333,-0.8,11.0,-12.0,3.0,31
245.0928192138672,42.356353759765625,8.471270751953124,1000.0,0.0,0.7333333333333333,-0.7333333333333333,11.0,-11.0,3.0,31
240.2894744873047,43.97157287597656,8.794314575195312,1000.0,0.0,0.7333333333333333,-0.6666666666666666,11.0,-10.0,3.0,31
242.45460510253906,45.419063568115234,9.083812713623047,1000.0,0.0,0.7333333333333333,-0.6,11.0,-9.0,3.0,31
236.90850830078125,46.588523864746094,9.317704772949218,1000.0,0.0,0.7333333333333333,-0.5333333333333333,11.0,-8.0,3.0,31
224.80404663085938,41.82577133178711,8.365154266357422,1000.0,0.0,0.7333333333333333,-0.4666666666666667,11.0,-7.0,3.0,31
219.0182647705078,35.36769104003906,7.073538208007813,1000.0,0.0,0.7333333333333333,-0.4,11.0,-6.0,3.0,31
226.34185791015625,48.55414581298828,9.710829162597657,1000.0,0.0,0.7333333333333333,-0.3333333333333333,11.0,-5.0,3.0,31
251.92123413085938,55.35221862792969,11.070443725585937,1000.0,0.0,0.7333333333333333,-0.26666666666666666,11.0,-4.0,3.0,31
261.6837158203125,76.76969909667969,15.353939819335938,1000.0,0.0,0.7333333333333333,-0.2,11.0,-3.0,3.0,31
313.9787902832031,75.61138916015625,15.12227783203125,1000.0,0.0,0.7333333333333333,-0.13333333333333333,11.0,-2.0,3.0,31
397.7721862792969,57.41110610961914,11.482221221923828,1000.0,0.0,0.7333333333333333,-0.06666666666666667,11.0,-1.0,3.0,31
398.26953125,68.5821533203125,13.7164306640625,1000.0,0.0,0.7333333333333333,0.0,11.0,0.0,3.0,31
416.74749755859375,67.47945404052734,13.495890808105468,1000.0,0.0,0.7333333333333333,0.06666666666666667,11.0,1.0,3.0,31
433.40301513671875,81.25642395019531,16.251284790039062,1000.0,0.0,0.7333333333333333,0.13333333333333333,11.0,2.0,3.0,31
447.0450439453125,78.11516571044922,15.623033142089843,1000.0,0.0,0.7333333333333333,0.2,11.0,3.0,3.0,31
367.8895263671875,113.91033172607422,22.782066345214844,1000.0,0.0,0.7333333333333333,0.26666666666666666,11.0,4.0,3.0,31
372.5259094238281,94.16681671142578,18.833363342285157,1000.0,0.0,0.7333333333333333,0.3333333333333333,11.0,5.0,3.0,31
386.8563537597656,92.54552459716797,18.509104919433593,1000.0,0.0,0.7333333333333333,0.4,11.0,6.0,3.0,31
426.26605224609375,109.12737274169922,21.825474548339844,1000.0,0.0,0.7333333333333333,0.4666666666666667,11.0,7.0,3.0,31
446.06573486328125,64.03511047363281,12.807022094726562,1000.0,0.0,0.7333333333333333,0.5333333333333333,11.0,8.0,3.0,31
458.1553955078125,67.69226837158203,13.538453674316406,1000.0,0.0,0.7333333333333333,0.6,11.0,9.0,3.0,31
444.51171875,86.0965576171875,17.2193115234375,1000.0,0.0,0.7333333333333333,0.6666666666666666,11.0,10.0,3.0,31
419.57989501953125,100.20931243896484,20.04186248779297,1000.0,0.0,0.7333333333333333,0.7333333333333333,11.0,11.0,3.0,31
428.29119873046875,98.41764068603516,19.68352813720703,1000.0,0.0,0.7333333333333333,0.8,11.0,12.0,3.0,31
408.3531494140625,89.14972686767578,17.829945373535157,1000.0,0.0,0.7333333333333333,0.8666666666666667,11.0,13.0,3.0,31
410.5282897949219,84.46344757080078,16.892689514160157,1000.0,0.0,0.7333333333333333,0.9333333333333333,11.0,14.0,3.0,31
441.0845947265625,73.04042053222656,14.608084106445313,1000.0,0.0,0.7333333333333333,1.0,11.0,15.0,3.0,31
288.71551513671875,61.37601852416992,12.275203704833984,1000.0,0.0,0.8,-1.0,12.0,-15.0,3.0,31
281.9052429199219,60.36017608642578,12.072035217285157,1000.0,0.0,0.8,-0.9333333333333333,12.0,-14.0,3.0,31
259.52117919921875,38.763397216796875,7.752679443359375,1000.0,0.0,0.8,-0.8666666666666667,12.0,-13.0,3.0,31
273.31475830078125,64.61773681640625,12.92354736328125,1000.0,0.0,0.8,-0.8,12.0,-12.0,3.0,31
269.8944396972656,56.944549560546875,11.388909912109375,1000.0,0.0,0.8,-0.7333333333333333,12.0,-11.0,3.0,31
247.13638305664062,49.69184494018555,9.938368988037109,1000.0,0.0,0.8,-0.6666666666666666,12.0,-10.0,3.0,31
229.9214324951172,44.76155471801758,8.952310943603516,1000.0,0.0,0.8,-0.6,12.0,-9.0,3.0,31
226.7204132080078,50.322181701660156,10.064436340332032,1000.0,0.0,0.8,-0.5333333333333333,12.0,-8.0,3.0,31
221.60382080078125,50.104347229003906,10.02086944580078,1000.0,0.0,0.8,-0.4666666666666667,12.0,-7.0,3.0,31
232.62005615234375,46.9415168762207,9.38830337524414,1000.0,0.0,0.8,-0.4,12.0,-6.0,3.0,31
234.6787109375,44.1425666809082,8.82851333618164,1000.0,0.0,0.8,-0.3333333333333333,12.0,-5.0,3.0,31
248.7407989501953,60.3851318359375,12.0770263671875,1000.0,0.0,0.8,-0.26666666666666666,12.0,-4.0,3.0,31
237.45159912109375,60.807891845703125,12.161578369140624,1000.0,0.0,0.8,-0.2,12.0,-3.0,3.0,31
306.0250244140625,82.3330078125,16.4666015625,1000.0,0.0,0.8,-0.13333333333333333,12.0,-2.0,3.0,31
382.7037048339844,56.649051666259766,11.329810333251952,1000.0,0.0,0.8,-0.06666666666666667,12.0,-1.0,3.0,31
414.2577819824219,65.16374206542969,13.032748413085937,1000.0,0.0,0.8,0.0,12.0,0.0,3.0,31
409.52581787109375,70.96481323242188,14.192962646484375,1000.0,0.0,0.8,0.06666666666666667,12.0,1.0,3.0,31
430.9095764160156,58.48286056518555,11.69657211303711,1000.0,0.0,0.8,0.13333333333333333,12.0,2.0,3.0,31
404.5545349121094,87.17515563964844,17.435031127929687,1000.0,0.0,0.8,0.2,12.0,3.0,3.0,31
342.41461181640625,80.34335327148438,16.068670654296874,1000.0,0.0,0.8,0.26666666666666666,12.0,4.0,3.0,31
332.12567138671875,79.96980285644531,15.993960571289062,1000.0,0.0,0.8,0.3333333333333333,12.0,5.0,3.0,31
378.0986633300781,61.38683319091797,12.277366638183594,1000.0,0.0,0.8,0.4,12.0,6.0,3.0,31
403.6297607421875,71.46720123291016,14.293440246582032,1000.0,0.0,0.8,0.4666666666666667,12.0,7.0,3.0,31
417.4866943359375,96.46643829345703,19.293287658691405,1000.0,0.0,0.8,0.5333333333333333,12.0,8.0,3.0,31
416.1294250488281,77.87371063232422,15.574742126464844,1000.0,0.0,0.8,0.6,12.0,9.0,3.0,31
384.4704284667969,122.61597442626953,24.523194885253908,1000.0,0.0,0.8,0.6666666666666666,12.0,10.0,3.0,31
437.3599548339844,106.73831939697266,21.34766387939453,1000.0,0.0,0.8,0.7333333333333333,12.0,11.0,3.0,31
404.8561706542969,75.1002426147461,15.020048522949219,1000.0,0.0,0.8,0.8,12.0,12.0,3.0,31
392.420166015625,105.2927017211914,21.05854034423828,1000.0,0.0,0.8,0.8666666666666667,12.0,13.0,3.0,31
397.441162109375,101.18690490722656,20.237380981445312,1000.0,0.0,0.8,0.9333333333333333,12.0,14.0,3.0,31
386.2419128417969,121.45098876953125,24.29019775390625,1000.0,0.0,0.8,1.0,12.0,15.0,3.0,31
272.5097961425781,60.09038543701172,12.018077087402343,1000.0,0.0,0.8666666666666667,-1.0,13.0,-15.0,3.0,31
264.0494079589844,54.560890197753906,10.912178039550781,1000.0,0.0,0.8666666666666667,-0.9333333333333333,13.0,-14.0,3.0,31
262.54901123046875,58.65171432495117,11.730342864990234,1000.0,0.0,0.8666666666666667,-0.8666666666666667,13.0,-13.0,3.0,31
260.5967102050781,55.898895263671875,11.179779052734375,1000.0,0.0,0.8666666666666667,-0.8,13.0,-12.0,3.0,31
262.1645812988281,59.57159423828125,11.91431884765625,1000.0,0.0,0.8666666666666667,-0.7333333333333333,13.0,-11.0,3.0,31
248.50367736816406,60.05415344238281,12.010830688476563,1000.0,0.0,0.8666666666666667,-0.6666666666666666,13.0,-10.0,3.0,31
241.07150268554688,50.86503982543945,10.17300796508789,1000.0,0.0,0.8666666666666667,-0.6,13.0,-9.0,3.0,31
243.73126220703125,55.042747497558594,11.00854949951172,1000.0,0.0,0.8666666666666667,-0.5333333333333333,13.0,-8.0,3.0,31
220.15115356445312,45.867210388183594,9.173442077636718,1000.0,0.0,0.8666666666666667,-0.4666666666666667,13.0,-7.0,3.0,31
235.88478088378906,43.53007125854492,8.706014251708984,1000.0,0.0,0.8666666666666667,-0.4,13.0,-6.0,3.0,31
235.90965270996094,43.753517150878906,8.750703430175781,1000.0,0.0,0.8666666666666667,-0.3333333333333333,13.0,-5.0,3.0,31
242.6483612060547,60.81538772583008,12.163077545166015,1000.0,0.0,0.8666666666666667,-0.26666666666666666,13.0,-4.0,3.0,31
258.6915283203125,53.34912872314453,10.669825744628906,1000.0,0.0,0.8666666666666667,-0.2,13.0,-3.0,3.0,31
321.79461669921875,81.1793212890625,16.2358642578125,1000.0,0.0,0.8666666666666667,-0.13333333333333333,13.0,-2.0,3.0,31
349.14898681640625,73.9902572631836,14.798051452636718,1000.0,0.0,0.8666666666666667,-0.06666666666666667,13.0,-1.0,3.0,31
384.7700500488281,57.08133316040039,11.416266632080077,1000.0,0.0,0.8666666666666667,0.0,13.0,0.0,3.0,31
382.75164794921875,71.02293395996094,14.204586791992188,1000.0,0.0,0.8666666666666667,0.06666666666666667,13.0,1.0,3.0,31
376.0965881347656,64.72433471679688,12.944866943359376,1000.0,0.0,0.8666666666666667,0.13333333333333333,13.0,2.0,3.0,31
358.0071105957031,89.07136535644531,17.814273071289062,1000.0,0.0,0.8666666666666667,0.2,13.0,3.0,3.0,31
332.9005432128906,100.3157730102539,20.06315460205078,1000.0,0.0,0.8666666666666667,0.26666666666666666,13.0,4.0,3.0,31
325.899658203125,87.38955688476562,17.477911376953124,1000.0,0.0,0.8666666666666667,0.3333333333333333,13.0,5.0,3.0,31
301.177001953125,78.8048324584961,15.760966491699218,1000.0,0.0,0.8666666666666667,0.4,13.0,6.0,3.0,31
346.0151672363281,81.42591857910156,16.285183715820313,1000.0,0.0,0.8666666666666667,0.4666666666666667,13.0,7.0,3.0,31
386.2758483886719,83.4661636352539,16.69323272705078,1000.0,0.0,0.8666666666666667,0.5333333333333333,13.0,8.0,3.0,31
424.7729187011719,85.62410736083984,17.12482147216797,1000.0,0.0,0.8666666666666667,0.6,13.0,9.0,3.0,31
399.4312744140625,102.52045440673828,20.504090881347658,1000.0,0.0,0.8666666666666667,0.6666666666666666,13.0,10.0,3.0,31
404.4586181640625,124.70646667480469,24.94129333496094,1000.0,0.0,0.8666666666666667,0.7333333333333333,13.0,11.0,3.0,31
364.2953186035156,128.75245666503906,25.750491333007812,1000.0,0.0,0.8666666666666667,0.8,13.0,12.0,3.0,31
421.7230224609375,87.83177185058594,17.56635437011719,1000.0,0.0,0.8666666666666667,0.8666666666666667,13.0,13.0,3.0,31
378.8090515136719,88.41055297851562,17.682110595703126,1000.0,0.0,0.8666666666666667,0.9333333333333333,13.0,14.0,3.0,31
383.12628173828125,98.23399353027344,19.64679870605469,1000.0,0.0,0.8666666666666667,1.0,13.0,15.0,3.0,31
250.71304321289062,52.017337799072266,10.403467559814453,1000.0,0.0,0.9333333333333333,-1.0,14.0,-15.0,3.0,31
259.1547546386719,65.12926483154297,13.025852966308594,1000.0,0.0,0.9333333333333333,-0.9333333333333333,14.0,-14.0,3.0,31
266.6312561035156,73.93540954589844,14.787081909179687,1000.0,0.0,0.9333333333333333,-0.8666666666666667,14.0,-13.0,3.0,31
240.91188049316406,46.110130310058594,9.222026062011718,1000.0,0.0,0.9333333333333333,-0.8,14.0,-12.0,3.0,31
253.4004669189453,57.68168258666992,11.536336517333984,1000.0,0.0,0.9333333333333333,-0.7333333333333333,14.0,-11.0,3.0,31
235.73150634765625,55.49102783203125,11.09820556640625,1000.0,0.0,0.9333333333333333,-0.6666666666666666,14.0,-10.0,3.0,31
239.69125366210938,54.3777961730957,10.875559234619141,1000.0,0.0,0.9333333333333333,-0.6,14.0,-9.0,3.0,31
244.7458038330078,44.63461685180664,8.926923370361328,1000.0,0.0,0.9333333333333333,-0.5333333333333333,14.0,-8.0,3.0,31
243.9640655517578,55.66549301147461,11.133098602294922,1000.0,0.0,0.9333333333333333,-0.4666666666666667,14.0,-7.0,3.0,31
223.7085723876953,45.63568115234375,9.12713623046875,1000.0,0.0,0.9333333333333333,-0.4,14.0,-6.0,3.0,31
236.76736450195312,47.86465072631836,9.572930145263673,1000.0,0.0,0.9333333333333333,-0.3333333333333333,14.0,-5.0,3.0,31
252.39950561523438,50.64048385620117,10.128096771240234,1000.0,0.0,0.9333333333333333,-0.26666666666666666,14.0,-4.0,3.0,31
264.0935363769531,86.33798217773438,17.267596435546874,1000.0,0.0,0.9333333333333333,-0.2,14.0,-3.0,3.0,31
317.33880615234375,73.32299041748047,14.664598083496093,1000.0,0.0,0.9333333333333333,-0.13333333333333333,14.0,-2.0,3.0,31
332.8344421386719,73.26314544677734,14.652629089355468,1000.0,0.0,0.9333333333333333,-0.06666666666666667,14.0,-1.0,3.0,31
353.4483642578125,72.35388946533203,14.470777893066407,1000.0,0.0,0.9333333333333333,0.0,14.0,0.0,3.0,31
385.5792236328125,40.94657516479492,8.189315032958984,1000.0,0.0,0.9333333333333333,0.06666666666666667,14.0,1.0,3.0,31
362.5010070800781,39.61025619506836,7.922051239013672,1000.0,0.0,0.9333333333333333,0.13333333333333333,14.0,2.0,3.0,31
347.702392578125,43.743255615234375,8.748651123046875,1000.0,0.0,0.9333333333333333,0.2,14.0,3.0,3.0,31
328.648681640625,63.8750114440918,12.77500228881836,1000.0,0.0,0.9333333333333333,0.26666666666666666,14.0,4.0,3.0,31
296.7066345214844,62.845333099365234,12.569066619873047,1000.0,0.0,0.9333333333333333,0.3333333333333333,14.0,5.0,3.0,31
296.0234069824219,73.01583862304688,14.603167724609374,1000.0,0.0,0.9333333333333333,0.4,14.0,6.0,3.0,31
291.6781311035156,86.89373016357422,17.378746032714844,1000.0,0.0,0.9333333333333333,0.4666666666666667,14.0,7.0,3.0,31
354.8932800292969,75.84410095214844,15.168820190429688,1000.0,0.0,0.9333333333333333,0.5333333333333333,14.0,8.0,3.0,31
389.556884765625,75.0337142944336,15.006742858886719,1000.0,0.0,0.9333333333333333,0.6,14.0,9.0,3.0,31
391.4562072753906,91.32449340820312,18.264898681640624,1000.0,0.0,0.9333333333333333,0.6666666666666666,14.0,10.0,3.0,31
395.1869812011719,97.46821594238281,19.49364318847656,1000.0,0.0,0.9333333333333333,0.7333333333333333,14.0,11.0,3.0,31
394.66387939453125,102.94898223876953,20.589796447753905,1000.0,0.0,0.9333333333333333,0.8,14.0,12.0,3.0,31
362.8564147949219,106.9505386352539,21.390107727050783,1000.0,0.0,0.9333333333333333,0.8666666666666667,14.0,13.0,3.0,31
398.4897766113281,101.91015625,20.38203125,1000.0,0.0,0.9333333333333333,0.9333333333333333,14.0,14.0,3.0,31
360.0781555175781,83.76811981201172,16.753623962402344,1000.0,0.0,0.9333333333333333,1.0,14.0,15.0,3.0,31
269.0758056640625,52.94769287109375,10.58953857421875,1000.0,0.0,1.0,-1.0,15.0,-15.0,3.0,31
264.8619384765625,63.11290740966797,12.622581481933594,1000.0,0.0,1.0,-0.9333333333333333,15.0,-14.0,3.0,31
255.30104064941406,64.92576599121094,12.985153198242188,1000.0,0.0,1.0,-0.8666666666666667,15.0,-13.0,3.0,31
241.306640625,47.62247848510742,9.524495697021484,1000.0,0.0,1.0,-0.8,15.0,-12.0,3.0,31
240.88604736328125,62.57741165161133,12.515482330322266,1000.0,0.0,1.0,-0.7333333333333333,15.0,-11.0,3.0,31
226.9563446044922,46.47710037231445,9.295420074462891,1000.0,0.0,1.0,-0.6666666666666666,15.0,-10.0,3.0,31
241.48756408691406,56.59210205078125,11.31842041015625,1000.0,0.0,1.0,-0.6,15.0,-9.0,3.0,31
253.6019744873047,56.45198440551758,11.290396881103515,1000.0,0.0,1.0,-0.5333333333333333,15.0,-8.0,3.0,31
232.12347412109375,41.98844528198242,8.397689056396484,1000.0,0.0,1.0,-0.4666666666666667,15.0,-7.0,3.0,31
228.08641052246094,51.260467529296875,10.252093505859374,1000.0,0.0,1.0,-0.4,15.0,-6.0,3.0,31
236.61181640625,49.05791091918945,9.81158218383789,1000.0,0.0,1.0,-0.3333333333333333,15.0,-5.0,3.0,31
248.4051971435547,50.70718765258789,10.141437530517578,1000.0,0.0,1.0,-0.26666666666666666,15.0,-4.0,3.0,31
253.52491760253906,58.34395217895508,11.668790435791015,1000.0,0.0,1.0,-0.2,15.0,-3.0,3.0,31
298.5268859863281,74.85920715332031,14.971841430664062,1000.0,0.0,1.0,-0.13333333333333333,15.0,-2.0,3.0,31
332.732421875,62.0516242980957,12.410324859619141,1000.0,0.0,1.0,-0.06666666666666667,15.0,-1.0,3.0,31
347.9609375,48.71955490112305,9.743910980224609,1000.0,0.0,1.0,0.0,15.0,0.0,3.0,31
349.4959411621094,44.52806854248047,8.905613708496094,1000.0,0.0,1.0,0.06666666666666667,15.0,1.0,3.0,31
351.5351867675781,56.669708251953125,11.333941650390624,1000.0,0.0,1.0,0.13333333333333333,15.0,2.0,3.0,31
329.128662109375,47.91368865966797,9.582737731933594,1000.0,0.0,1.0,0.2,15.0,3.0,3.0,31
324.2437744140625,34.73161697387695,6.946323394775391,1000.0,0.0,1.0,0.26666666666666666,15.0,4.0,3.0,31
330.62542724609375,62.00662612915039,12.401325225830078,1000.0,0.0,1.0,0.3333333333333333,15.0,5.0,3.0,31
287.3178405761719,73.7704849243164,14.754096984863281,1000.0,0.0,1.0,0.4,15.0,6.0,3.0,31
265.3206481933594,71.94253540039062,14.388507080078124,1000.0,0.0,1.0,0.4666666666666667,15.0,7.0,3.0,31
311.5174560546875,80.2872543334961,16.05745086669922,1000.0,0.0,1.0,0.5333333333333333,15.0,8.0,3.0,31
387.1072998046875,53.32876205444336,10.665752410888672,1000.0,0.0,1.0,0.6,15.0,9.0,3.0,31
427.45062255859375,80.44458770751953,16.088917541503907,1000.0,0.0,1.0,0.6666666666666666,15.0,10.0,3.0,31
371.8583679199219,106.08313751220703,21.216627502441405,1000.0,0.0,1.0,0.7333333333333333,15.0,11.0,3.0,31
391.5210266113281,100.2925033569336,20.058500671386717,1000.0,0.0,1.0,0.8,15.0,12.0,3.0,31
319.3752746582031,112.55852508544922,22.511705017089845,1000.0,0.0,1.0,0.8666666666666667,15.0,13.0,3.0,31
375.21759033203125,99.65544891357422,19.931089782714842,1000.0,0.0,1.0,0.9333333333333333,15.0,14.0,3.0,31
377.0732421875,91.2662582397461,18.25325164794922,1000.0,0.0,1.0,1.0,15.0,15.0,3.0,31
